Date,DBC,EFA,EMB,GLD,SPY,TLT,VNQ,XLF,XLK,XLV
2015-01-02,15.93104362487793,44.57394790649414,65.25965118408203,114.08000183105469,171.0936737060547,95.46892547607422,53.59623336791992,16.415618896484375,36.268455505371094,57.536380767822266
2015-01-05,15.70383071899414,43.52178192138672,64.84178161621094,115.80000305175781,168.0038299560547,96.9686279296875,53.889564514160156,16.070446014404297,35.71480178833008,57.242958068847656
2015-01-06,15.555272102355957,43.02880096435547,64.63886260986328,117.12000274658203,166.42135620117188,98.71573638916016,54.42409133911133,15.824838638305664,35.2841796875,57.05013656616211
2015-01-07,15.459142684936523,43.50706481933594,65.45069122314453,116.43000030517578,168.4951629638672,98.52079772949219,55.25847625732422,15.990793228149414,35.582984924316406,58.3914794921875
2015-01-08,15.520315170288086,44.0956916809082,65.73123931884766,115.94000244140625,171.48513793945312,97.21611785888672,55.46707534790039,16.229755401611328,36.36513137817383,59.389137268066406
2015-01-09,15.494097709655762,43.88231658935547,65.68948364257812,117.26000213623047,170.1109161376953,98.28084564208984,55.493125915527344,16.010709762573242,36.25087356567383,58.86098861694336
2015-01-12,15.153280258178711,43.77931213378906,65.30744171142578,118.55999755859375,168.77835083007812,98.84322357177734,55.91685485839844,15.877944946289062,35.82904052734375,58.886112213134766
2015-01-13,15.092110633850098,44.000038146972656,65.5163345336914,118.16000366210938,168.30364990234375,98.84322357177734,55.832122802734375,15.824838638305664,35.80268478393555,58.62624740600586
2015-01-14,15.258147239685059,43.87495803833008,66.01180267333984,117.97000122070312,167.28756713867188,99.59310150146484,56.314483642578125,15.599152565002441,35.60055160522461,58.53401565551758
2015-01-15,15.048412322998047,44.15456008911133,66.10139465332031,120.94000244140625,165.75506591796875,101.16016387939453,56.44487762451172,15.406656265258789,35.14356994628906,57.90526580810547
2015-01-16,15.336797714233398,44.72848129272461,66.14918518066406,122.5199966430664,167.92884826660156,99.87043762207031,56.93377685546875,15.592512130737305,35.48630905151367,58.9951171875
2015-01-20,15.127063751220703,44.88297653198242,66.13719940185547,124.19999694824219,168.28692626953125,101.19769287109375,56.48398971557617,15.526143074035645,35.78510284423828,58.9951171875
2015-01-21,15.223193168640137,45.23616027832031,66.0775375366211,124.2300033569336,169.13645935058594,100.02792358398438,56.44487762451172,15.565966606140137,35.84661865234375,59.11249542236328
2015-01-22,15.205716133117676,45.40538787841797,65.87458038330078,125.2300033569336,171.65174865722656,99.66803741455078,57.44874572753906,15.950969696044922,36.435420989990234,59.816707611083984
2015-01-23,15.109587669372559,45.147865295410156,66.65058898925781,124.2300033569336,170.71055603027344,101.05522155761719,57.285762786865234,15.778374671936035,36.4266242980957,59.47295379638672
2015-01-26,15.057154655456543,45.76592254638672,66.02973175048828,122.98999786376953,171.11036682128906,100.74778747558594,57.768157958984375,15.858036994934082,36.27722930908203,59.783172607421875
2015-01-27,15.135804176330566,45.83214569091797,66.50135803222656,124.4000015258789,168.85333251953125,100.90522003173828,57.78770446777344,15.685446739196777,35.231449127197266,59.355613708496094
2015-01-28,14.917330741882324,45.147865295410156,66.56698608398438,123.41999816894531,166.6878662109375,102.55490112304688,57.40311050415039,15.400012016296387,35.16994094848633,58.50047302246094
2015-01-29,14.847417831420898,45.76592254638672,66.65653991699219,120.76000213623047,168.2287139892578,101.88005065917969,57.60519027709961,15.526143074035645,35.50389099121094,58.9951171875
2015-01-30,15.205716133117676,45.04486083984375,66.71627807617188,123.44999694824219,166.11322021484375,103.6871337890625,56.418792724609375,15.273893356323242,35.06447982788086,58.07293701171875
2015-02-02,15.415447235107422,45.58934020996094,66.78158569335938,122.41999816894531,168.17042541503906,103.29566955566406,56.268863677978516,15.519501686096191,35.42479705810547,58.39989471435547
2015-02-03,15.843655586242676,46.317771911621094,67.14093780517578,121.05000305175781,170.6023406982422,101.10919952392578,56.757774353027344,15.778374671936035,35.82904052734375,58.79390335083008
2015-02-04,15.494097709655762,45.9351692199707,66.577880859375,121.58000183105469,169.95272827148438,101.28204345703125,56.523094177246094,15.738554000854492,35.89935302734375,58.056129455566406
2015-02-05,15.70383071899414,46.567928314208984,66.93124389648438,121.79000091552734,171.6683807373047,100.17005920410156,57.201026916503906,15.897860527038574,36.2332878112793,59.03704071044922
2015-02-06,15.747527122497559,45.98666000366211,66.75756072998047,118.63999938964844,171.19363403320312,98.39684295654297,55.53876495361328,16.023984909057617,36.119041442871094,58.50047302246094
2015-02-09,15.904828071594238,45.76592254638672,66.79352569580078,119.16999816894531,170.42745971679688,98.23906707763672,55.147666931152344,15.94432544708252,36.066322326660156,57.813018798828125
2015-02-10,15.70383071899414,46.18532180786133,66.3083724975586,118.47000122070312,172.2430419921875,97.45771789550781,55.32367706298828,16.070446014404297,36.60239791870117,58.785526275634766
2015-02-11,15.581489562988281,45.9351692199707,66.2484130859375,117.06999969482422,172.3429718017578,97.63800048828125,55.16069412231445,16.070446014404297,36.743011474609375,58.844215393066406
2015-02-12,15.817440032958984,46.64887619018555,66.7755355834961,117.33999633789062,174.00035095214844,97.31491088867188,55.819061279296875,16.229755401611328,37.243934631347656,59.053794860839844
2015-02-13,15.992216110229492,46.95790481567383,66.9372787475586,117.9800033569336,174.71664428710938,96.31560516357422,55.4474983215332,16.21647834777832,37.481197357177734,59.28852844238281
2015-02-17,16.00095558166504,47.06826400756836,66.82344818115234,116.01000213623047,174.99148559570312,94.86557006835938,55.31061553955078,16.26958465576172,37.49878692626953,59.71611785888672
2015-02-18,15.80870246887207,47.347869873046875,66.79951477050781,116.33999633789062,175.00808715820312,95.42903137207031,55.825599670410156,16.170015335083008,37.53394317626953,59.783172607421875
2015-02-19,15.756267547607422,47.406734466552734,66.60185241699219,115.94000244140625,174.88316345214844,94.79792022705078,54.626155853271484,16.103633880615234,37.66575241088867,59.88378143310547
2015-02-20,15.695093154907227,47.84819793701172,66.78752136230469,115.27999877929688,175.93263244628906,95.07588195800781,55.15418243408203,16.223119735717773,37.85910415649414,60.51255798339844
2015-02-23,15.590227127075195,47.67897415161133,66.69767761230469,115.43000030517578,175.90760803222656,96.16532897949219,55.59743881225586,16.183292388916016,37.88545227050781,60.789222717285156
2015-02-24,15.598966598510742,47.9732780456543,67.0091781616211,115.26000213623047,176.40737915039062,97.4276123046875,54.50231170654297,16.26294708251953,37.99970626831055,60.71376419067383
2015-02-25,15.834918975830078,48.01007843017578,67.31468963623047,115.69999694824219,176.25741577148438,97.84835815429688,54.51535415649414,16.26294708251953,37.762413024902344,60.6885871887207
2015-02-26,15.70383071899414,47.87763595581055,67.2427749633789,116.06999969482422,176.04916381835938,96.51095581054688,53.92214584350586,16.223119735717773,37.99970626831055,60.85626983642578
2015-02-27,15.878610610961914,47.89971160888672,67.35660552978516,116.16000366210938,175.4495849609375,97.32243347167969,54.34586715698242,16.163381576538086,37.867881774902344,60.56283187866211
2015-03-02,15.651397705078125,47.9732780456543,67.13185119628906,115.68000030517578,176.55723571777344,95.50968933105469,54.658775329589844,16.282865524291992,38.166683197021484,61.10779571533203
2015-03-03,15.747527122497559,47.67897415161133,67.25203704833984,115.47000122070312,175.83262634277344,95.16339111328125,54.55445098876953,16.23639678955078,37.91181564331055,60.55446243286133
2015-03-04,15.607705116271973,47.48767852783203,66.98764038085938,115.11000061035156,175.09141540527344,95.19348907470703,54.0329704284668,16.136831283569336,37.762413024902344,60.847877502441406
2015-03-05,15.546534538269043,47.59804153442383,66.98164367675781,115.0,175.28298950195312,95.07305145263672,54.189422607421875,16.203203201293945,37.718482971191406,61.065860748291016
2015-03-06,15.354276657104492,46.9505500793457,66.53095245361328,111.86000061035156,172.81771850585938,92.97273254394531,52.3902702331543,16.083723068237305,37.252708435058594,59.867027282714844
2015-03-09,15.310580253601074,47.02412033081055,66.48286437988281,111.97000122070312,173.53390502929688,93.83088684082031,52.80747604370117,16.15674591064453,37.42848587036133,60.23588180541992
2015-03-10,15.109587669372559,46.00138473510742,66.22450256347656,111.41999816894531,170.7189178466797,95.06552124023438,52.76837158203125,15.811573028564453,36.663917541503906,59.56520080566406
2015-03-11,15.18823528289795,46.119110107421875,66.33867645263672,110.75,170.31915283203125,95.75812530517578,52.813987731933594,15.911133766174316,36.4266242980957,59.531681060791016
2015-03-12,15.118324279785156,46.69301986694336,66.41680145263672,110.72000122070312,172.48458862304688,95.69032287597656,53.733123779296875,16.256311416625977,36.663917541503906,60.31971740722656
2015-03-13,14.812463760375977,46.42078399658203,65.93002319335938,110.87999725341797,171.42684936523438,95.39671325683594,53.700523376464844,16.143468856811523,36.46178436279297,60.20234680175781
2015-03-16,14.7949857711792,46.94318771362305,65.73776245117188,110.80999755859375,173.71719360351562,96.315185546875,54.25459289550781,16.342607498168945,36.892398834228516,61.535343170166016
2015-03-17,14.690117835998535,46.825462341308594,65.82791137695312,110.20999908447266,173.20082092285156,97.11318969726562,54.235050201416016,16.30277442932129,36.90119552612305,61.35929489135742
2015-03-18,15.092110633850098,47.826133728027344,66.69319152832031,112.37000274658203,175.28298950195312,98.98766326904297,55.36929702758789,16.395700454711914,37.402122497558594,62.15571212768555
2015-03-19,14.838679313659668,47.26694107055664,66.39275360107422,112.29000091552734,174.48345947265625,98.48326110839844,55.34321594238281,16.24302864074707,37.296653747558594,62.51622009277344
2015-03-20,15.039673805236816,48.31175231933594,67.11380004882812,113.56999969482422,176.02352905273438,99.00269317626953,56.731693267822266,16.46356773376465,37.537559509277344,62.96851348876953
2015-03-23,15.214454650878906,48.5545654296875,67.29410552978516,114.29000091552734,175.6805877685547,98.88230895996094,56.65998077392578,16.37029266357422,37.537559509277344,62.79195022583008
2015-03-24,15.092110633850098,48.4515495300293,67.33016204833984,114.56999969482422,174.6934356689453,99.83832550048828,56.177616119384766,16.23703384399414,37.41402053833008,62.24547576904297
2015-03-25,15.135804176330566,48.22345733642578,67.49838256835938,114.7300033569336,172.133544921875,98.99520874023438,55.208396911621094,15.977193832397461,36.452186584472656,61.11054992675781
2015-03-26,15.319323539733887,47.80405807495117,67.13185119628906,115.4800033569336,171.7235870361328,97.45191192626953,54.919857025146484,15.963871955871582,36.478668212890625,60.967620849609375
2015-03-27,15.013460159301758,47.92914581298828,67.24600982666016,115.05999755859375,172.1167449951172,98.66397857666016,54.99199295043945,15.94387435913086,36.50514221191406,61.404815673828125
2015-03-30,15.092110633850098,47.95856857299805,67.40223693847656,113.75,174.21653747558594,98.17464447021484,55.77888870239258,16.177074432373047,36.94633483886719,62.02693176269531
2015-03-31,14.917330741882324,47.21542739868164,67.37222290039062,113.66000366210938,172.69395446777344,98.38544464111328,55.28706741333008,16.063804626464844,36.56690979003906,60.95081329345703
2015-04-01,15.18823528289795,47.553890228271484,67.70262145996094,115.5999984741211,172.0833282470703,99.67768096923828,55.208396911621094,16.05048179626465,36.51396560668945,60.33712387084961
2015-04-02,15.109587669372559,47.9659309387207,68.04024505615234,115.27999877929688,172.70233154296875,98.62152099609375,55.628082275390625,16.130434036254883,36.50514221191406,60.52207565307617
2015-04-06,15.301843643188477,48.4515495300293,68.28744506835938,116.69000244140625,173.86521911621094,98.07086181640625,56.205135345458984,16.157085418701172,36.858097076416016,60.61454772949219
2015-04-07,15.380492210388184,48.38532638549805,68.16082000732422,116.11000061035156,173.40501403808594,98.89318084716797,55.214942932128906,16.070470809936523,36.77867889404297,60.75747299194336
2015-04-08,15.083370208740234,48.59134292602539,68.4803695678711,115.47000122070312,173.99069213867188,98.92330169677734,55.30018615722656,16.130434036254883,36.89339828491211,61.270301818847656
2015-04-09,15.083370208740234,48.657569885253906,68.49845123291016,114.66999816894531,174.7603302001953,97.64083862304688,54.15262985229492,16.157085418701172,36.99045944213867,61.73268127441406
2015-04-10,15.240673065185547,48.75322341918945,68.50447082519531,115.97000122070312,175.71400451660156,97.7841796875,54.11326217651367,16.150423049926758,37.131649017333984,62.26231002807617
2015-04-13,15.170760154724121,48.44419860839844,68.40804290771484,115.13999938964844,174.91929626464844,97.919921875,53.9690055847168,16.21039390563965,37.02574920654297,61.92604064941406
2015-04-14,15.240673065185547,48.80473327636719,68.48639678955078,114.44000244140625,175.25390625,98.61399841308594,54.159175872802734,16.21039390563965,36.911041259765625,62.02693176269531
2015-04-15,15.546534538269043,49.02546310424805,68.59489440917969,115.43000030517578,176.04029846191406,98.53096771240234,53.75260543823242,16.270355224609375,37.23754119873047,62.18665313720703
2015-04-16,15.71257209777832,49.15790557861328,68.44418334960938,115.02999877929688,175.99012756347656,98.0406723022461,53.890296936035156,16.29700469970703,37.10518264770508,62.15300750732422
2015-04-17,15.67761516571045,48.53984451293945,68.353759765625,115.5999984741211,173.96559143066406,99.16470336914062,53.64112854003906,16.07712745666504,36.59337615966797,61.61498260498047
2015-04-20,15.607705116271973,48.59134292602539,68.19098663330078,114.72000122070312,175.5550537109375,98.28960418701172,53.719825744628906,16.143760681152344,37.21989440917969,61.99330139160156
2015-04-21,15.494097709655762,49.02546310424805,68.25126647949219,115.37999725341797,175.34597778320312,97.84451293945312,53.811622619628906,16.063804626464844,37.20224380493164,62.405242919921875
2015-04-22,15.546534538269043,49.12111282348633,68.49845123291016,113.83000183105469,176.20758056640625,96.35083770751953,53.92312240600586,16.177074432373047,37.58168411254883,62.506107330322266
2015-04-23,15.738789558410645,49.30506896972656,68.65522003173828,114.66000366210938,176.65098571777344,96.76577758789062,54.06736755371094,16.20372772216797,37.73168182373047,62.741519927978516
2015-04-24,15.730050086975098,49.59202575683594,68.79991912841797,113.05000305175781,177.06085205078125,97.36920166015625,54.1788444519043,16.177074432373047,38.05816650390625,62.53976058959961
2015-04-27,15.730050086975098,49.83483123779297,68.87831115722656,115.33000183105469,176.32469177246094,97.36920166015625,54.10671615600586,16.11711311340332,38.164058685302734,61.404815673828125
2015-04-28,15.756267547607422,49.89369201660156,68.83009338378906,116.33000183105469,176.88522338867188,96.02645874023438,54.001792907714844,16.21039390563965,38.287593841552734,61.707462310791016
2015-04-29,15.86113452911377,49.45957565307617,68.39598083496094,115.51000213623047,176.15740966796875,94.84956359863281,52.91322326660156,16.20372772216797,38.102294921875,61.14419937133789
2015-04-30,15.983477592468262,48.93717575073242,68.20299530029297,113.47000122070312,174.39219665527344,95.01557159423828,52.054176330566406,16.07712745666504,37.572853088378906,60.28667449951172
2015-05-01,15.966002464294434,49.481651306152344,68.27078247070312,113.08000183105469,176.28285217285156,93.73650360107422,52.44764709472656,16.217056274414062,38.03170394897461,61.102142333984375
2015-05-04,15.95726203918457,49.43014907836914,68.1739730834961,114.0999984741211,176.7848358154297,92.85205078125,52.50010681152344,16.376956939697266,38.06698989868164,61.48887252807617
2015-05-05,16.088346481323242,48.694358825683594,68.07112121582031,114.41999816894531,174.7603302001953,92.7235336303711,51.359092712402344,16.23037338256836,37.47578048706055,60.715457916259766
2015-05-06,16.088346481323242,48.81943893432617,68.052978515625,114.36000061035156,174.04087829589844,91.13607025146484,51.260711669921875,16.150423049926758,37.158119201660156,60.48003005981445
2015-05-07,15.834918975830078,48.657569885253906,67.9500961303711,113.41999816894531,174.7352294921875,92.36066436767578,52.04764175415039,16.263689041137695,37.43166732788086,60.765872955322266
2015-05-08,15.922307014465332,49.7833251953125,68.32527923583984,113.97000122070312,177.03579711914062,92.61016082763672,52.7755241394043,16.496885299682617,37.969940185546875,61.749481201171875
2015-05-11,15.852395057678223,49.349205017089844,68.01065063476562,113.52999877929688,176.19085693359375,90.35747528076172,51.98204803466797,16.436920166015625,37.77579116821289,61.78310012817383
2015-05-12,16.018434524536133,49.31977844238281,67.6475601196289,114.5,175.66387939453125,90.59178161621094,52.13943099975586,16.376956939697266,37.572853088378906,61.38800048828125
2015-05-13,16.035911560058594,49.68766403198242,67.72018432617188,116.55000305175781,175.69729614257812,89.86609649658203,51.64107131958008,16.383617401123047,37.73168182373047,61.45525360107422
2015-05-14,16.13204002380371,50.283653259277344,67.94407653808594,117.18000030517578,177.52940368652344,90.10797882080078,52.637821197509766,16.530200958251953,38.340538024902344,62.304359436035156
2015-05-15,16.123302459716797,50.3425178527832,68.28289031982422,117.52999877929688,177.7218017578125,91.91468811035156,53.17552185058594,16.45690155029297,38.21701431274414,62.43047332763672
2015-05-18,16.079608917236328,50.17329025268555,68.10739135742188,117.5199966430664,178.27394104003906,90.37255859375,53.03781509399414,16.550188064575195,38.40229797363281,62.80037307739258
2015-05-19,15.738789558410645,49.98198699951172,67.77466583251953,115.88999938964844,178.21539306640625,89.57124328613281,52.854217529296875,16.64346694946289,38.305259704589844,63.09462356567383
2015-05-20,15.70383071899414,50.077632904052734,67.83514404296875,116.08000183105469,178.08987426757812,89.72242736816406,52.80829620361328,16.596824645996094,38.33171463012695,63.17868423461914
2015-05-21,15.89609146118164,50.3425178527832,68.1981430053711,115.69000244140625,178.6085662841797,90.977294921875,52.559104919433594,16.556848526000977,38.499385833740234,63.18711853027344
2015-05-22,15.721309661865234,50.01877212524414,68.28895568847656,115.5999984741211,178.1819305419922,91.01512908935547,52.493534088134766,16.563507080078125,38.4729118347168,63.03578186035156
2015-05-26,15.415447235107422,49.12111282348633,68.10135650634766,113.91000366210938,176.26614379882812,92.5723648071289,52.093544006347656,16.376956939697266,37.9169807434082,62.39681625366211
2015-05-27,15.205716133117676,49.5993766784668,67.98033905029297,113.88999938964844,177.93927001953125,92.78404235839844,52.605018615722656,16.556848526000977,38.63174819946289,63.11981964111328
2015-05-28,15.284364700317383,49.511085510253906,67.79280090332031,114.0199966430664,177.738525390625,92.55723571777344,52.50010681152344,16.5368595123291,38.55232238769531,63.16184616088867
2015-05-29,15.476621627807617,49.03282165527344,67.99249267578125,114.0999984741211,176.6342010498047,92.76133728027344,51.89681625366211,16.39028549194336,38.26994705200195,63.00214385986328
2015-06-01,15.441664695739746,48.9003791809082,67.6153335571289,114.0,176.99398803710938,91.76439666748047,52.53289031982422,16.403606414794922,38.3758430480957,63.25435256958008
2015-06-02,15.625182151794434,49.12846374511719,67.52418518066406,114.45999908447266,176.81832885742188,90.48407745361328,52.04764175415039,16.430255889892578,38.29642105102539,62.84238815307617
2015-06-03,15.424186706542969,49.40071105957031,67.2873764038086,113.63999938964844,177.2868194580078,89.02957153320312,51.30007553100586,16.570175170898438,38.3758430480957,62.96010208129883
2015-06-04,15.284364700317383,48.87094497680664,67.21444702148438,112.83999633789062,175.789306640625,90.18861389160156,51.20170593261719,16.423593521118164,38.02288055419922,62.52294921875
2015-06-05,15.354276657104492,48.2896728515625,66.85613250732422,112.23999786376953,175.4881591796875,89.0901870727539,50.631187438964844,16.516876220703125,37.89933395385742,62.49772644042969
2015-06-08,15.363016128540039,48.22345733642578,66.69216918945312,112.56999969482422,174.408935546875,88.99165344238281,50.53938674926758,16.416927337646484,37.47578048706055,62.18665313720703
2015-06-09,15.607705116271973,47.95856857299805,66.443115234375,112.81999969482422,174.3838348388672,88.2871322631836,50.17216110229492,16.45690155029297,37.387542724609375,62.169822692871094
2015-06-10,15.668877601623535,48.96659851074219,66.20629119873047,113.77999877929688,176.4752960205078,87.514404296875,50.52627182006836,16.69009780883789,37.969940185546875,62.934898376464844
2015-06-11,15.529056549072266,49.09904098510742,66.38238525390625,113.26000213623047,177.04417419433594,89.35530090332031,50.83448791503906,16.756729125976562,37.987579345703125,63.3636360168457
2015-06-12,15.37175464630127,48.70907211303711,66.47349548339844,113.2300033569336,175.68885803222656,89.35530090332031,50.788578033447266,16.683441162109375,37.65226745605469,62.5817756652832
2015-06-15,15.301843643188477,48.41476058959961,66.14551544189453,113.7300033569336,174.93605041503906,89.49923706054688,50.513145446777344,16.610153198242188,37.42284393310547,62.65745162963867
2015-06-16,15.345537185668945,48.40003967285156,66.13340759277344,113.31999969482422,175.8896942138672,90.20377349853516,50.91973114013672,16.703426361083984,37.66991424560547,62.96851348876953
2015-06-17,15.38923168182373,48.2896728515625,66.4249267578125,113.8499984741211,176.174072265625,89.50682067871094,51.35253143310547,16.683441162109375,37.68756866455078,63.02735900878906
2015-06-18,15.38923168182373,48.72380447387695,66.76504516601562,115.31999969482422,178.00621032714844,89.06744384765625,52.06074523925781,16.83668327331543,38.02288055419922,63.91849899291992
2015-06-19,15.249410629272461,48.60607147216797,66.93509674072266,115.12000274658203,177.216064453125,90.21138000488281,51.66072082519531,16.555622100830078,37.70644760131836,63.86872863769531
2015-06-22,15.301843643188477,49.52580261230469,67.03223419189453,113.63999938964844,178.12393188476562,88.37042999267578,51.12958526611328,16.809919357299805,38.01667785644531,64.36646270751953
2015-06-23,15.485359191894531,49.658233642578125,67.00797271728516,112.88999938964844,178.2500457763672,87.84013366699219,50.70331573486328,16.843374252319336,38.043270111083984,64.49297332763672
2015-06-24,15.380492210388184,49.231483459472656,67.0687255859375,112.58999633789062,176.9554443359375,88.59774017333984,50.42789077758789,16.70284652709961,37.86599349975586,63.84339904785156
2015-06-25,15.397972106933594,49.209781646728516,66.97761535644531,112.44000244140625,176.41741943359375,88.2871322631836,49.91641616821289,16.602466583251953,37.77735900878906,64.19774627685547
2015-06-26,15.46788215637207,49.18732833862305,66.76504516601562,112.55999755859375,176.38385009765625,87.29469299316406,50.27543640136719,16.656005859375,37.458248138427734,64.1049575805664
2015-06-29,15.397972106933594,47.67594909667969,66.58890533447266,113.06999969482422,172.68492126464844,89.60527801513672,49.49380111694336,16.254491806030273,36.6605224609375,62.53584671020508
2015-06-30,15.730050086975098,47.503875732421875,66.75894927978516,112.37000274658203,173.04647827148438,88.98411560058594,49.47393798828125,16.314712524414062,36.695980072021484,62.755191802978516
2015-07-01,15.53779411315918,47.810638427734375,67.00405883789062,111.9800033569336,174.43348693847656,87.78296661376953,50.28866958618164,16.562318801879883,36.94415283203125,63.4300537109375
2015-07-02,15.511577606201172,47.8704948425293,67.04673767089844,111.76000213623047,174.27377319335938,88.07150268554688,50.41453170776367,16.48870277404785,36.99733352661133,63.13481140136719
2015-07-06,15.004718780517578,46.90529251098633,66.7662582397461,112.05999755859375,173.7777862548828,89.70386505126953,50.73247146606445,16.421789169311523,36.84664535522461,63.10950469970703
2015-07-07,14.917330741882324,46.920265197753906,66.71746063232422,110.76000213623047,174.87066650390625,90.54660034179688,51.5273323059082,16.455245971679688,36.89984130859375,63.41317367553711
2015-07-08,14.847417831420898,45.8278694152832,66.58946228027344,111.08999633789062,171.936767578125,91.32861328125,51.3286247253418,16.167490005493164,36.29710388183594,62.32494354248047
2015-07-09,15.022198677062988,46.58355712890625,66.74188232421875,111.36000061035156,172.24781799316406,89.52924346923828,51.08353805541992,16.294645309448242,36.1552734375,62.66239929199219
2015-07-10,15.092110633850098,48.10992431640625,66.99182891845703,111.48999786376953,174.41668701171875,88.10945892333984,51.507476806640625,16.48870277404785,36.73142623901367,63.50597381591797
2015-07-13,15.100848197937012,48.28948974609375,66.88819885253906,110.98999786376953,176.34178161621094,87.83614349365234,51.58034133911133,16.68946075439453,37.28984069824219,64.0458984375
2015-07-14,15.048412322998047,48.693519592285156,66.66868591308594,110.73999786376953,177.10675048828125,88.12464141845703,51.68630599975586,16.729610443115234,37.431671142578125,64.68702697753906
2015-07-15,14.873635292053223,48.51395034790039,66.66868591308594,110.16000366210938,177.0478973388672,89.05846405029297,51.77242660522461,16.87013816833496,37.44053649902344,64.77136993408203
2015-07-16,14.803725242614746,48.932945251464844,66.84553527832031,109.76000213623047,178.4686279296875,89.67350769042969,52.189735412597656,17.037433624267578,37.919166564941406,65.0750961303711
2015-07-17,14.725075721740723,48.850643157958984,66.86991119384766,108.6500015258789,178.6198272705078,90.1366195678711,52.00426483154297,16.99059295654297,38.5041618347168,64.93167114257812
2015-07-20,14.48912525177002,48.97783660888672,66.7784423828125,105.69999694824219,178.7123565673828,89.75702667236328,52.06387710571289,17.010669708251953,38.70804977416992,65.14256286621094
2015-07-21,14.550294876098633,48.83567428588867,66.8211669921875,105.37000274658203,178.00621032714844,90.24291229248047,51.918148040771484,16.99059295654297,38.45100021362305,64.85572814941406
2015-07-22,14.34056282043457,48.46157455444336,66.86383819580078,104.80000305175781,177.68678283691406,90.80477142333984,52.143367767333984,17.117740631103516,37.830535888671875,64.9991683959961
2015-07-23,14.218217849731445,48.33438491821289,66.68697357177734,104.33000183105469,176.68643188476562,91.93601989746094,51.49421310424805,16.97052001953125,37.75076675415039,64.76292419433594
2015-07-24,14.104610443115234,47.80315017700195,66.44312286376953,105.3499984741211,174.8538360595703,92.163818359375,51.71282196044922,16.809919357299805,37.5468864440918,63.14321517944336
2015-07-27,13.83370590209961,47.45148849487305,66.18093872070312,104.86000061035156,173.8366241455078,92.65727996826172,51.805545806884766,16.68946075439453,37.2100715637207,63.08417510986328
2015-07-28,13.947310447692871,48.05006790161133,66.29683685302734,105.0199966430664,175.9718475341797,91.98155975341797,51.83867645263672,16.756376266479492,37.5468864440918,64.2230453491211
2015-07-29,13.991006851196289,48.222145080566406,66.63824462890625,105.16999816894531,177.18238830566406,91.63990783691406,52.17649459838867,16.92367935180664,37.795082092285156,64.33273315429688
2015-07-30,13.938570976257324,48.18473434448242,66.85163879394531,104.2699966430664,177.2244415283203,92.34601593017578,51.918148040771484,16.92367935180664,37.86599349975586,64.23991394042969
2015-07-31,13.746315956115723,48.46905517578125,66.85771942138672,104.93000030517578,176.9554443359375,93.02935028076172,52.328826904296875,16.87013816833496,37.74189376831055,64.61109924316406
2015-08-03,13.51910400390625,48.341861724853516,66.56333923339844,104.0999984741211,176.3585662841797,94.0085678100586,52.65339660644531,16.850067138671875,37.53800964355469,64.56045532226562
2015-08-04,13.59775447845459,48.3792724609375,66.66123962402344,104.30999755859375,176.01390075683594,93.262939453125,52.26921081542969,16.823299407958984,37.316436767578125,64.52674102783203
2015-08-05,13.545321464538574,48.633663177490234,66.59393310546875,103.93000030517578,176.59402465820312,92.56291198730469,51.92478561401367,16.890222549438477,37.67985534667969,65.0666275024414
2015-08-06,13.536581993103027,48.431644439697266,66.35525512695312,104.38999938964844,175.14805603027344,93.38465881347656,51.997642517089844,16.829994201660156,37.30757141113281,63.64938735961914
2015-08-07,13.484148979187012,48.341861724853516,66.38585662841797,104.6500015258789,174.8118133544922,94.6097183227539,52.189735412597656,16.86345100402832,37.334163665771484,63.53972625732422
2015-08-10,13.77253246307373,48.932945251464844,66.39807891845703,105.72000122070312,177.0143280029297,93.43791961669922,52.02412033081055,17.0240535736084,37.919166564941406,64.05432891845703
2015-08-11,13.58901596069336,48.18473434448242,66.41645812988281,106.26000213623047,175.41702270507812,94.92169952392578,52.368568420410156,16.87013816833496,37.35188293457031,63.514427185058594
2015-08-12,13.545321464538574,47.84056091308594,66.45315551757812,107.75,175.627197265625,94.404296875,52.53417205810547,16.716232299804688,37.520301818847656,63.55659484863281
2015-08-13,13.484148979187012,47.810638427734375,66.39807891845703,106.86000061035156,175.40866088867188,94.09990692138672,52.59379577636719,16.77645492553711,37.4139289855957,63.41317367553711
2015-08-14,13.396759986877441,47.88544845581055,66.43482208251953,106.8499984741211,176.04754638671875,94.32059478759766,52.87862014770508,16.896909713745117,37.600067138671875,63.59033966064453
2015-08-17,13.34432601928711,47.7956657409668,66.4776611328125,107.12999725341797,177.03109741210938,94.74665069580078,53.32904052734375,16.93036651611328,37.81279373168945,64.23149108886719
2015-08-18,13.2744140625,47.436527252197266,66.239013671875,107.11000061035156,176.51829528808594,94.0009765625,53.47477722167969,16.916982650756836,37.6178092956543,64.138671875
2015-08-19,13.125853538513184,47.01752853393555,66.06147003173828,108.55000305175781,175.12281799316406,94.92931365966797,53.15681457519531,16.76307487487793,37.3696174621582,63.87714767456055
2015-08-20,13.160809516906738,45.880252838134766,65.82279968261719,110.44000244140625,171.46600341796875,95.88801574707031,52.76602554321289,16.408401489257812,36.45664596557617,62.392425537109375
2015-08-21,12.94233512878418,44.832763671875,65.54127502441406,111.12999725341797,166.30450439453125,96.1771240234375,51.78567886352539,15.819524765014648,35.06503677368164,60.485904693603516
2015-08-24,12.618995666503906,43.283958435058594,64.59263610839844,110.52999877929688,159.3019561767578,96.14666748046875,49.36133575439453,15.14364242553711,33.682281494140625,57.91294479370117
2015-08-25,12.671429634094238,43.695472717285156,65.09447479248047,109.16000366210938,157.42730712890625,94.6020736694336,48.003414154052734,14.942893028259277,33.416385650634766,57.330848693847656
2015-08-26,12.592779159545898,44.72800064086914,65.0822982788086,107.66999816894531,163.47149658203125,92.77595520019531,49.301719665527344,15.505002975463867,35.10048294067383,59.751976013183594
2015-08-27,13.047203063964844,45.27419662475586,66.02477264404297,107.7300033569336,167.51502990722656,92.8292007446289,50.25556564331055,15.88644790649414,35.91596984863281,60.91614532470703
2015-08-28,13.388019561767578,45.20685958862305,66.06758117675781,108.69999694824219,167.52340698242188,93.10311889648438,50.18269729614258,15.812830924987793,35.98686218261719,60.57025146484375
2015-08-31,13.711359977722168,44.87016677856445,66.10435485839844,108.81999969482422,166.1699981689453,92.3878402709961,49.036746978759766,15.678995132446289,35.658897399902344,59.46516418457031
2015-09-01,13.256937026977539,43.36626434326172,66.15410614013672,109.19999694824219,161.2101593017578,93.05361938476562,48.102779388427734,15.170416831970215,34.51548385620117,57.90448760986328
2015-09-02,13.370542526245117,44.00972366333008,65.865234375,108.62000274658203,164.27017211914062,92.2529296875,48.59958267211914,15.377862930297852,35.34868240356445,59.09396743774414
2015-09-03,13.457932472229004,44.11446762084961,66.20942687988281,107.83999633789062,164.38780212402344,92.70281982421875,48.7320556640625,15.464859962463379,35.37525939941406,58.672183990478516
2015-09-04,13.291893005371094,43.10439682006836,66.16026306152344,107.48999786376953,161.89952087402344,93.54924011230469,47.824588775634766,15.157032012939453,34.8345832824707,57.93825149536133
2015-09-08,13.388019561767578,44.368858337402344,66.13568115234375,107.5199966430664,165.96820068359375,92.16903686523438,48.54657745361328,15.545158386230469,35.80959701538086,59.557952880859375
2015-09-09,13.213242530822754,44.189292907714844,66.35694885253906,106.12999725341797,163.74887084960938,92.6113510131836,47.99018096923828,15.331024169921875,35.339820861816406,58.63842010498047
2015-09-10,13.326848030090332,44.48109817504883,66.2585678100586,106.37999725341797,164.6400146484375,91.98600769042969,48.09615707397461,15.40462589263916,35.69435501098633,59.20365905761719
2015-09-11,13.309370040893555,44.47361373901367,66.27091217041016,106.16000366210938,165.38816833496094,92.56558990478516,49.01688003540039,15.471545219421387,35.86277770996094,59.58324432373047
2015-09-14,13.143330574035645,44.13692092895508,66.31388092041016,106.22000122070312,164.7744903564453,92.71040344238281,49.04337692260742,15.438094139099121,35.774139404296875,59.39767074584961
2015-09-15,13.187026023864746,44.43620300292969,66.23401641845703,105.9000015258789,166.83409118652344,90.93370819091797,49.52692413330078,15.658919334411621,36.23505401611328,60.24970245361328
2015-09-16,13.405497550964355,45.117069244384766,66.50445556640625,107.30999755859375,168.280029296875,90.5905990600586,50.05683517456055,15.759292602539062,36.3857421875,60.418426513671875
2015-09-17,13.318108558654785,45.139522552490234,66.89171600341797,108.41000366210938,167.90171813964844,91.69625091552734,50.626495361328125,15.538464546203613,36.137550354003906,60.966773986816406
2015-09-18,13.117115020751953,44.00972366333008,67.0638198852539,109.20999908447266,165.157958984375,93.10694122314453,50.540382385253906,15.237874031066895,35.66832733154297,60.036277770996094
2015-09-21,13.265676498413086,43.98728561401367,66.6888198852539,108.52999877929688,166.01144409179688,91.58953094482422,50.97093200683594,15.412717819213867,36.02448272705078,59.240440368652344
2015-09-22,13.187026023864746,42.939781188964844,66.15410614013672,107.79000091552734,163.85665893554688,92.86294555664062,50.32842254638672,15.217700004577637,35.41902160644531,58.87638473510742
2015-09-23,13.082158088684082,42.737770080566406,66.01893615722656,108.22000122070312,163.5946502685547,92.85530853271484,50.644195556640625,15.224424362182617,35.508060455322266,58.817108154296875
2015-09-24,13.160809516906738,42.61805725097656,65.79761505126953,110.48999786376953,163.003173828125,93.48821258544922,50.169189453125,15.116836547851562,35.508060455322266,58.215980529785156
2015-09-25,13.239458084106445,42.992156982421875,65.6439437866211,109.80999755859375,162.96092224121094,92.67993927001953,50.369895935058594,15.338748931884766,35.445735931396484,56.62425994873047
2015-09-28,13.055939674377441,42.14667892456055,65.07847595214844,108.41999816894531,158.8710479736328,94.26603698730469,49.587154388427734,14.982343673706055,34.6355094909668,54.431434631347656
2015-09-29,13.143330574035645,42.086830139160156,64.93097686767578,107.9800033569336,158.96395874023438,94.53292083740234,50.11566162109375,15.009238243103027,34.48413848876953,54.93095016479492
2015-09-30,13.239458084106445,42.88740539550781,65.39810180664062,106.86000061035156,161.9299774169922,94.20506286621094,50.537166595458984,15.237874031066895,35.16972351074219,56.07392501831055
2015-10-01,13.152070999145508,43.0220832824707,65.2129135131836,106.7300033569336,162.35252380371094,94.60697937011719,50.784671783447266,15.244597434997559,35.18751907348633,56.64120864868164
2015-10-02,13.239458084106445,43.755332946777344,65.95375061035156,108.98999786376953,164.77764892578125,95.18008422851562,51.152652740478516,15.264776229858398,35.68613052368164,57.818050384521484
2015-10-05,13.414237022399902,44.62325668334961,66.28093719482422,108.7699966430664,167.7098846435547,93.88865661621094,52.01566696166992,15.587554931640625,36.3895263671875,57.97042465209961
2015-10-06,13.676403045654297,44.675621032714844,66.49085235595703,109.86000061035156,167.13525390625,94.29370880126953,51.895233154296875,15.513583183288574,36.43404769897461,56.60733413696289
2015-10-07,13.650187492370605,45.236793518066406,66.70076751708984,109.69999694824219,168.50418090820312,93.98038482666016,52.49065017700195,15.634623527526855,36.60321807861328,57.513248443603516
2015-10-08,13.711359977722168,45.59592819213867,66.73162841796875,109.13999938964844,170.0252685546875,93.19335174560547,52.93220138549805,15.72877025604248,36.77238464355469,57.682586669921875
2015-10-09,13.77253246307373,45.67823028564453,67.0094223022461,110.87000274658203,170.12657165527344,93.43783569335938,52.84523010253906,15.627903938293457,36.932655334472656,57.945037841796875
2015-10-12,13.554059982299805,45.58845520019531,67.0958480834961,111.30999755859375,170.28717041015625,94.14847564697266,53.219886779785156,15.64134693145752,36.9771728515625,58.097442626953125
2015-10-13,13.466670036315918,45.012325286865234,66.62664794921875,111.86000061035156,169.2140350341797,94.30899810791016,52.80510330200195,15.52031135559082,36.89704513549805,57.36932373046875
2015-10-14,13.501626014709473,45.102108001708984,66.92915344238281,113.80999755859375,168.40277099609375,95.13420104980469,52.41039276123047,15.392538070678711,36.82582473754883,57.2592658996582
2015-10-15,13.466670036315918,45.87276840209961,67.26254272460938,113.29000091552734,170.98854064941406,94.66810607910156,53.1262092590332,15.74222469329834,37.29771423339844,58.53770065307617
2015-10-16,13.475409507751465,45.83535385131836,67.6268310546875,112.48999786376953,171.76596069335938,94.69867706298828,53.52762985229492,15.8363676071167,37.36894607543945,59.062625885009766
2015-10-19,13.230719566345215,45.67823028564453,67.63294982910156,112.0199966430664,171.85044860839844,94.43888854980469,54.27693176269531,15.822909355163574,37.51140213012695,59.274288177490234
2015-10-20,13.256937026977539,45.49117660522461,67.26254272460938,112.7300033569336,171.63076782226562,93.8581314086914,54.256858825683594,15.917057037353516,37.413455963134766,58.34299087524414
2015-10-21,13.143330574035645,45.46874237060547,67.02794647216797,111.7300033569336,170.56602478027344,94.79033660888672,54.05617141723633,15.802738189697266,37.1285400390625,57.818050384521484
2015-10-22,13.187026023864746,45.977508544921875,67.31195831298828,111.69000244140625,173.4475555419922,94.9508056640625,54.53114318847656,16.058279037475586,37.96549606323242,57.470924377441406
2015-10-23,13.10837459564209,46.43392562866211,67.44775390625,111.5,175.3488311767578,94.14086151123047,54.00263977050781,16.233112335205078,39.025028228759766,58.69855880737305
2015-10-26,13.073419570922852,46.261837005615234,67.48479461669922,111.43000030517578,174.91787719726562,94.76740264892578,53.9892578125,16.165864944458008,38.87366485595703,58.92718505859375
2015-10-27,13.012248039245605,45.85780334472656,67.29961395263672,111.68000030517578,174.57986450195312,95.00433349609375,53.96918869018555,16.071718215942383,38.651084899902344,60.01088333129883
2015-10-28,13.230719566345215,46.15708923339844,67.02178192138672,110.77999877929688,176.56561279296875,94.62224578857422,54.01601791381836,16.448293685913086,39.229820251464844,60.510414123535156
2015-10-29,13.152070999145508,45.820396423339844,67.12054443359375,109.72000122070312,176.4642333984375,93.11693572998047,53.94242477416992,16.428117752075195,39.12297821044922,60.78134536743164
2015-10-30,13.28315258026123,45.72312545776367,66.98473358154297,109.30000305175781,175.70372009277344,93.8199234008789,53.44733428955078,16.192768096923828,38.864768981933594,60.400325775146484
2015-11-02,13.213242530822754,46.15708923339844,67.03434753417969,108.58999633789062,177.78248596191406,93.38878631591797,54.58466339111328,16.414670944213867,39.212013244628906,61.687252044677734
2015-11-03,13.449193000793457,46.14211654663086,67.4062728881836,106.9800033569336,178.29794311523438,92.62297058105469,54.03606414794922,16.441577911376953,39.41679763793945,61.467124938964844
2015-11-04,13.221981048583984,45.88772964477539,67.39385986328125,105.97000122070312,177.757080078125,92.7302017211914,53.79524230957031,16.394502639770508,39.4613151550293,61.196205139160156
2015-11-05,13.117115020751953,45.8054313659668,67.47445678710938,105.63999938964844,177.57958984375,92.48512268066406,54.00933837890625,16.461742401123047,39.3455696105957,61.0014762878418
2015-11-06,13.038463592529297,45.59592819213867,67.06535339355469,104.0999984741211,177.48666381835938,91.12962341308594,52.3300895690918,16.62986183166504,39.4791259765625,60.747459411621094
2015-11-09,12.924857139587402,45.12456130981445,66.74301147460938,104.4000015258789,175.83050537109375,90.61654663085938,51.43362808227539,16.448293685913086,39.096256256103516,60.281803131103516
2015-11-10,12.898640632629395,45.094627380371094,66.82976531982422,104.18000030517578,176.23609924316406,90.88461303710938,52.022361755371094,16.52226448059082,38.838050842285156,60.688194274902344
2015-11-11,12.767556190490723,45.32657241821289,66.8483657836914,103.83000183105469,175.5431671142578,90.69317626953125,52.082557678222656,16.468475341796875,38.82024383544922,60.087074279785156
2015-11-12,12.584039688110352,44.73548889160156,66.97232818603516,103.8499984741211,173.09263610839844,91.12962341308594,51.727996826171875,16.219667434692383,38.481903076171875,59.045692443847656
2015-11-13,12.487911224365234,44.36137771606445,66.87317657470703,103.55999755859375,171.14906311035156,91.65040588378906,51.13926315307617,16.085172653198242,37.72508239746094,58.90176010131836
2015-11-16,12.549084663391113,44.922542572021484,66.91033172607422,103.70999908447266,173.75173950195312,91.56613159179688,51.727996826171875,16.280179977416992,38.303836822509766,59.63835906982422
2015-11-17,12.356827735900879,45.042259216308594,67.06535339355469,102.33999633789062,173.625,91.71936798095703,51.727996826171875,16.24656867980957,38.31272888183594,59.89234924316406
2015-11-18,12.409261703491211,45.45376205444336,67.22651672363281,102.43000030517578,176.3797149658203,91.9107666015625,52.18293762207031,16.535715103149414,38.89147186279297,61.060726165771484
2015-11-19,12.409261703491211,45.68572235107422,67.35049438476562,103.55999755859375,176.2275848388672,92.52342987060547,52.343475341796875,16.562618255615234,39.069557189941406,60.036277770996094
2015-11-20,12.391783714294434,45.580963134765625,67.56121826171875,103.08999633789062,176.8698272705078,92.24006652832031,52.99910354614258,16.589508056640625,39.354469299316406,60.55272674560547
2015-11-23,12.487911224365234,45.2966423034668,67.4930191040039,102.26000213623047,176.66702270507812,92.52342987060547,53.11283493041992,16.52226448059082,39.12297821044922,60.400325775146484
2015-11-24,12.688907623291016,45.30411911010742,67.4249038696289,102.94000244140625,176.90362548828125,92.5157470703125,52.83184814453125,16.47519874572754,39.13187789916992,60.586605072021484
2015-11-25,12.671429634094238,45.408878326416016,67.36287689208984,102.45999908447266,176.8782958984375,92.7302017211914,53.04594802856445,16.488643646240234,39.007225036621094,60.91680145263672
2015-11-27,12.479172706604004,45.416358947753906,67.36904907226562,101.25,177.08111572265625,92.63829040527344,53.50756072998047,16.528993606567383,39.096256256103516,61.035343170166016
2015-11-30,12.40052318572998,45.37895202636719,67.1893081665039,101.91999816894531,176.3459014892578,93.00592803955078,53.11283493041992,16.515546798706055,39.14078903198242,60.20561599731445
2015-12-01,12.540346145629883,45.85780334472656,67.38532257080078,102.27999877929688,178.0275115966797,94.26214599609375,53.84876251220703,16.697107315063477,39.4880256652832,61.221595764160156
2015-12-02,12.278177261352539,45.3714599609375,67.1675033569336,100.69000244140625,176.2107391357422,94.29283142089844,52.7515754699707,16.502098083496094,39.238712310791016,60.705135345458984
2015-12-03,12.418001174926758,45.15447998046875,66.70079040527344,101.76000213623047,173.74327087402344,91.72962951660156,51.922000885009766,16.233112335205078,38.73121643066406,59.37588119506836
2015-12-04,12.40052318572998,45.5211067199707,66.80036926269531,104.0199966430664,177.13177490234375,92.53544616699219,52.912139892578125,16.663484573364258,39.683895111083984,60.772884368896484
2015-12-07,12.042226791381836,45.22930145263672,66.63858795166016,102.66999816894531,176.0586395263672,93.43331909179688,52.76495361328125,16.50882339477539,39.4880256652832,60.43422317504883
2015-12-08,11.981054306030273,44.56340026855469,66.5327377319336,102.83999633789062,174.87557983398438,93.47936248779297,52.71812438964844,16.300355911254883,39.39008331298828,60.569679260253906
2015-12-09,11.98979377746582,44.36137771606445,66.64479064941406,102.63999938964844,173.51513671875,93.37960815429688,52.42374801635742,16.112071990966797,38.811336517333984,59.9600830078125
2015-12-10,11.946099281311035,44.368858337402344,66.54519653320312,102.55000305175781,173.9629364013672,93.50238800048828,52.04911804199219,16.12552261352539,38.91819381713867,60.40879821777344
2015-12-11,11.82375431060791,43.52338409423828,65.52458190917969,103.11000061035156,170.5913848876953,94.97584533691406,51.9554557800293,15.769119262695312,38.10794448852539,59.51981735229492
2015-12-14,11.745102882385254,43.590721130371094,65.78596496582031,101.79000091552734,171.45330810546875,93.74796295166016,52.1963005065918,15.802738189697266,38.40177917480469,59.90928268432617
2015-12-15,11.718887329101562,43.807708740234375,66.00375366210938,101.5199966430664,173.25315856933594,93.19542694091797,52.76495361328125,16.17259979248047,38.5709342956543,60.688194274902344
2015-12-16,11.666454315185547,44.69059753417969,66.0535659790039,102.75,175.78826904296875,92.99591064453125,53.79524230957031,16.43484878540039,39.096256256103516,61.4755859375
2015-12-17,11.544109344482422,44.1219482421875,66.10957336425781,100.5,173.10951232910156,94.04722595214844,53.52762985229492,16.199491500854492,38.481903076171875,60.81520080566406
2015-12-18,11.596542358398438,43.65806579589844,65.96023559570312,102.04000091552734,170.02557373046875,94.5691146850586,52.905460357666016,15.766425132751465,37.7356071472168,59.933509826660156
2015-12-21,11.544109344482422,43.860347747802734,65.84196472167969,103.1500015258789,171.42813110351562,94.54609680175781,53.11283493041992,15.922050476074219,38.120384216308594,60.4776496887207
2015-12-22,11.49167537689209,44.19245147705078,65.95401000976562,102.61000061035156,172.98367309570312,93.86307525634766,53.326934814453125,16.070920944213867,38.397789001464844,60.88577651977539
2015-12-23,11.701410293579102,44.93214416503906,66.2527084350586,102.30999755859375,175.12582397460938,93.1571044921875,53.875030517578125,16.26039695739746,38.71992492675781,61.540462493896484
2015-12-24,11.701410293579102,44.85666275024414,66.28270721435547,103.05000305175781,174.83685302734375,93.69075775146484,53.875030517578125,16.246862411499023,38.702030181884766,61.59999465942383
2015-12-28,11.535369873046875,44.750980377197266,66.09510040283203,102.2699966430664,174.43724060058594,93.9676284790039,54.17352294921875,16.233320236206055,38.675193786621094,61.31089782714844
2015-12-29,11.72762680053711,45.196311950683594,66.1576156616211,102.19999694824219,176.29885864257812,92.4064712524414,54.750125885009766,16.402488708496094,39.203147888183594,62.05910110473633
2015-12-30,11.614020347595215,44.924591064453125,66.29521179199219,101.41999816894531,175.04933166503906,92.31419372558594,54.5601806640625,16.287458419799805,38.87205123901367,61.795528411865234
2015-12-31,11.675192832946777,44.320762634277344,66.17011260986328,101.45999908447266,173.29818725585938,92.72950744628906,54.085323333740234,16.125057220458984,38.326202392578125,61.24288558959961
2016-01-04,11.587803840637207,43.641456604003906,66.10132598876953,102.88999938964844,170.87559509277344,93.39854431152344,53.43409729003906,15.813789367675781,37.82508087158203,60.13755798339844
2016-01-05,11.474197387695312,43.57352828979492,66.27645874023438,103.18000030517578,171.1645965576172,93.02169799804688,54.46521759033203,15.874682426452637,37.726654052734375,60.42662811279297
2016-01-06,11.290679931640625,42.85648727416992,66.2702407836914,104.66999816894531,169.0054931640625,94.27520751953125,54.315982818603516,15.631088256835938,37.26133346557617,59.933509826660156
2016-01-07,11.238245964050293,41.96583938598633,65.95743560791016,106.1500015258789,164.95083618164062,94.44444274902344,53.25773620605469,15.191251754760742,36.16067886352539,58.71765899658203
2016-01-08,11.185812950134277,41.46014404296875,65.90115356445312,105.68000030517578,163.14022827148438,94.86737823486328,52.54545593261719,14.954415321350098,35.87432098388672,57.833396911621094
2016-01-11,10.879950523376465,41.63373947143555,65.78857421875,104.73999786376953,163.3016815185547,93.82913970947266,52.84394454956055,14.974715232849121,36.106998443603516,57.14471435546875
2016-01-12,10.810040473937988,41.82998275756836,65.48202514648438,104.20999908447266,164.61929321289062,95.18268585205078,52.49117660522461,15.089754104614258,36.53651809692383,57.87591552734375
2016-01-13,10.74886703491211,41.180877685546875,65.22554016113281,104.72000122070312,160.51364135742188,96.12092590332031,51.73822784423828,14.697277069091797,35.55217742919922,56.15843200683594
2016-01-14,10.775084495544434,41.7092170715332,65.30060577392578,103.0199966430664,163.148681640625,95.22112274169922,51.61610412597656,14.825849533081055,36.22332000732422,57.6633415222168
2016-01-15,10.547872543334961,40.19965362548828,64.65631103515625,104.08000183105469,159.6465301513672,96.70533752441406,51.26336669921875,14.494285583496094,35.20320129394531,56.85563659667969
2016-01-19,10.460482597351074,40.56949996948242,64.89401245117188,103.9800033569336,159.85906982421875,96.40542602539062,51.53471374511719,14.48751449584961,35.23899459838867,56.847129821777344
2016-01-20,10.381834030151367,39.64866256713867,64.4999008178711,105.37000274658203,157.81040954589844,97.42057037353516,50.15085983276367,14.203313827514648,34.961585998535156,56.95765686035156
2016-01-21,10.521656036376953,39.94302749633789,64.79396057128906,105.48999786376953,158.6945037841797,96.75916290283203,50.428993225097656,14.142416000366211,35.15845489501953,56.78761291503906
2016-01-22,10.836256980895996,41.1204948425293,65.40066528320312,105.0,161.9501495361328,96.39006042480469,51.83319091796875,14.399548530578613,36.133827209472656,57.688873291015625
2016-01-25,10.600305557250977,40.56949996948242,65.10047149658203,106.08000183105469,159.50205993652344,96.9129867553711,51.50758743286133,14.108575820922852,35.7132453918457,57.153221130371094
2016-01-26,10.810040473937988,41.29408645629883,65.306884765625,107.29000091552734,161.67816162109375,96.95912170410156,52.58616638183594,14.34541130065918,36.06224060058594,57.58684158325195
2016-01-27,10.941123962402344,41.029911041259766,65.61963653564453,107.69000244140625,159.91854858398438,96.93602752685547,51.56863021850586,14.291276931762695,35.319515228271484,56.93213653564453
2016-01-28,11.063467979431152,41.150672912597656,65.96370697021484,106.54000091552734,160.7515869140625,97.07450103759766,51.175174713134766,14.298043251037598,35.77589797973633,55.60578155517578
2016-01-29,11.1683349609375,41.875274658203125,66.1951904296875,106.94999694824219,164.6702880859375,97.89730834960938,52.226646423339844,14.697277069091797,36.90339660644531,56.515533447265625
2016-02-01,10.958600997924805,41.82998275756836,65.86790466308594,108.05000305175781,164.61074829101562,97.59760284423828,52.3148078918457,14.636383056640625,37.03763198852539,56.60054016113281
2016-02-02,10.766345024108887,40.856319427490234,65.72349548339844,108.08999633789062,161.64414978027344,99.40829467773438,51.839969635009766,14.230378150939941,36.375450134277344,55.78432846069336
2016-02-03,11.037252426147461,41.19596481323242,66.01244354248047,109.25,162.6132049560547,98.58382415771484,52.18593215942383,14.243913650512695,36.33069610595703,56.14991760253906
2016-02-04,11.019774436950684,41.24879837036133,66.09402465820312,110.56999969482422,162.8681640625,99.06155395507812,52.21306610107422,14.365714073181152,36.36648941040039,55.84383773803711
2016-02-05,10.94986343383789,40.614784240722656,66.02494049072266,112.31999969482422,159.7655487060547,99.17707824707031,51.22267150878906,14.176246643066406,35.34637451171875,54.755531311035156
2016-02-08,10.897429466247559,39.860015869140625,65.72978210449219,113.83000183105469,157.61492919921875,101.3113784790039,49.75741195678711,13.81761360168457,34.8362922668457,54.00732421875
2016-02-09,10.617782592773438,39.39958953857422,65.5162353515625,113.58000183105469,157.62344360351562,101.41923522949219,48.841644287109375,13.797308921813965,34.67523956298828,54.40693664550781
2016-02-10,10.635260581970215,39.35429763793945,65.57904815673828,114.45999908447266,157.48744201660156,102.31302642822266,49.18081283569336,13.72287654876709,34.72893142700195,54.89156723022461
2016-02-11,10.766345024108887,38.780677795410156,65.503662109375,119.05999755859375,155.4388427734375,103.0295639038086,48.48211669921875,13.303339958190918,34.657344818115234,54.00732421875
2016-02-12,10.923645973205566,39.45997619628906,65.76118469238281,118.36000061035156,158.64353942871094,101.31909942626953,49.03835678100586,13.864975929260254,35.14055252075195,54.73002243041992
2016-02-16,10.801301002502441,40.26004409790039,65.97471618652344,114.7699966430664,161.32110595703125,100.24812316894531,49.940574645996094,14.088276863098145,35.766944885253906,55.75881576538086
2016-02-17,11.028512001037598,40.95442581176758,66.43944549560547,115.4800033569336,163.95623779296875,99.63169860839844,50.36793899536133,14.277746200561523,36.500728607177734,56.46453094482422
2016-02-18,10.967340469360352,40.74309539794922,66.6404037475586,118.29000091552734,163.2847137451172,100.85678100585938,50.87670135498047,14.19654655456543,36.357540130615234,56.11592483520508
2016-02-19,10.87121295928955,40.697818756103516,66.58391571044922,117.58000183105469,163.20822143554688,100.94156646728516,51.16839599609375,14.19654655456543,36.38439178466797,56.05641555786133
2016-02-22,11.037252426147461,41.158226013183594,66.91048431396484,115.48999786376953,165.57125854492188,100.88758850097656,51.65681457519531,14.41985034942627,36.86759567260742,56.85563659667969
2016-02-23,10.888689994812012,40.486480712890625,66.89794921875,117.22000122070312,163.480224609375,101.29595184326172,51.521148681640625,14.162715911865234,36.28594207763672,56.430503845214844
2016-02-24,11.028512001037598,40.34307098388672,66.91048431396484,117.61000061035156,164.228271484375,101.09563446044922,51.4600944519043,14.128881454467773,36.563358306884766,56.617549896240234
2016-02-25,11.019774436950684,40.82612609863281,67.14282989501953,117.91999816894531,166.2173614501953,101.45773315429688,52.51153564453125,14.325106620788574,37.01972961425781,57.32325744628906
2016-02-26,11.002296447753906,40.720455169677734,67.25590515136719,117.11000061035156,165.83489990234375,100.47923278808594,52.24019241333008,14.42661190032959,36.921295166015625,57.221248626708984
2016-02-29,11.142118453979492,40.47893524169922,67.3564224243164,118.63999938964844,164.5342559814453,100.9184799194336,52.03668212890625,14.270981788635254,36.66179656982422,56.31147003173828
2016-03-01,11.150857925415039,41.535621643066406,68.14401245117188,117.7699966430664,168.40194702148438,99.14136505126953,53.501949310302734,14.751415252685547,37.75349807739258,57.51881408691406
2016-03-02,11.212029457092285,41.82243347167969,67.98004150390625,118.68000030517578,169.15850830078125,99.55052185058594,53.88859558105469,14.913813591003418,37.860877990722656,57.612361907958984
2016-03-03,11.273201942443848,42.23001480102539,68.0620346069336,120.7300033569336,169.82150268554688,99.91331481933594,54.17352294921875,15.015311241149902,37.860877990722656,57.4508056640625
2016-03-04,11.49167537689209,42.539485931396484,68.22598266601562,120.54000091552734,170.37405395507812,99.2726058959961,54.1802978515625,15.076217651367188,37.95931625366211,57.31475067138672
2016-03-07,11.701410293579102,42.48664855957031,68.3584213256836,121.13999938964844,170.5100860595703,99.2417221069336,54.322750091552734,15.069448471069336,37.726654052734375,57.773887634277344
2016-03-08,11.544109344482422,42.071510314941406,68.08726501464844,120.58000183105469,168.64849853515625,100.33792877197266,53.766510009765625,14.825849533081055,37.49399948120117,57.06819534301758
2016-03-09,11.718887329101562,42.23001480102539,68.251220703125,119.58000183105469,169.48153686523438,99.72806549072266,54.06498718261719,14.846147537231445,37.816139221191406,57.17020034790039
2016-03-10,11.701410293579102,42.16209411621094,68.2134017944336,121.5,169.61753845214844,99.31896209716797,53.868247985839844,14.832616806030273,37.780338287353516,57.20423126220703
2016-03-11,11.745102882385254,43.264068603515625,68.63591003417969,119.41000366210938,172.3546905517578,98.31544494628906,55.07571792602539,15.218318939208984,38.36198806762695,58.31804275512695
2016-03-14,11.640235900878906,43.17349624633789,68.48455810546875,117.87000274658203,172.1337127685547,98.62417602539062,55.082523345947266,15.170954704284668,38.40673828125,58.07149887084961
2016-03-15,11.544109344482422,42.76591873168945,68.09986877441406,117.95999908447266,171.85317993164062,98.71678161621094,55.109642028808594,15.164182662963867,38.54993438720703,57.17020034790039
2016-03-16,11.745102882385254,43.1432991027832,68.7746353149414,120.58999633789062,172.8477020263672,99.01014709472656,55.77444076538086,15.130355834960938,38.99732971191406,57.0341911315918
2016-03-17,11.876188278198242,43.475406646728516,69.31066131591797,120.12999725341797,173.94424438476562,99.4193115234375,56.56132888793945,15.31304931640625,39.14051055908203,56.371002197265625
2016-03-18,11.867448806762695,43.39992141723633,69.367431640625,119.80000305175781,174.62779235839844,99.62771606445312,56.31711196899414,15.448988914489746,39.203460693359375,57.033992767333984
2016-03-21,11.902403831481934,43.33200454711914,69.62593841552734,118.95999908447266,174.87554931640625,98.86351013183594,55.80883026123047,15.421796798706055,39.33837127685547,57.366783142089844
2016-03-22,11.98979377746582,43.25652313232422,69.49354553222656,119.30999755859375,174.7816162109375,98.84033966064453,55.80883026123047,15.374222755432129,39.34735870361328,57.93849563598633
2016-03-23,11.73636531829834,42.81874084472656,69.05841064453125,116.61000061035156,173.6281280517578,99.95965576171875,55.50700759887695,15.25867748260498,39.12252426147461,57.528907775878906
2016-03-24,11.666454315185547,42.53194046020508,68.89447021484375,116.33000183105469,173.5512237548828,99.998291015625,55.527591705322266,15.163525581359863,39.23044204711914,57.503326416015625
2016-03-28,11.701410293579102,42.788551330566406,69.02691650390625,116.5999984741211,173.65379333496094,100.12948608398438,56.0283317565918,15.211100578308105,39.13151931762695,57.341190338134766
2016-03-29,11.675192832946777,43.24897384643555,69.38634490966797,118.76000213623047,175.2600860595703,101.17930603027344,57.242462158203125,15.238289833068848,39.74308395385742,58.00675964355469
2016-03-30,11.631497383117676,43.57352828979492,69.45569610595703,117.0999984741211,176.02906799316406,100.11407470703125,57.132720947265625,15.32664680480957,39.9769172668457,58.01529312133789
2016-03-31,11.614020347595215,43.1432991027832,69.5881118774414,117.63999938964844,175.6018524169922,100.82423400878906,57.4825553894043,15.292664527893066,39.895973205566406,57.83607864379883
2016-04-01,11.413025856018066,42.68288803100586,69.77110290527344,116.93000030517578,176.79808044433594,101.08723449707031,57.40708923339844,15.428597450256348,40.2017707824707,58.49313735961914
2016-04-04,11.255724906921387,42.592308044433594,69.75212097167969,116.1500015258789,176.2255859375,101.14912414550781,57.32477951049805,15.353827476501465,40.04886245727539,59.192832946777344
2016-04-05,11.229508399963379,41.75450897216797,69.56847381591797,117.66000366210938,174.46546936035156,102.25531768798828,56.947513580322266,15.136333465576172,39.66215133666992,58.42485046386719
2016-04-06,11.351851463317871,42.433815002441406,69.73309326171875,116.94000244140625,176.37081909179688,101.51271057128906,57.084693908691406,15.217902183532715,40.04886245727539,59.99492645263672
2016-04-07,11.316896438598633,41.81488800048828,69.44820404052734,118.61000061035156,174.26034545898438,102.76582336425781,56.72800064086914,14.932430267333984,39.47327423095703,59.3379020690918
2016-04-08,11.587803840637207,42.61495590209961,69.66979217529297,118.43000030517578,174.73031616210938,102.1160659790039,57.043540954589844,14.986806869506836,39.47327423095703,59.175758361816406
2016-04-11,11.675192832946777,42.63758850097656,69.97998046875,120.02999877929688,174.32020568847656,101.98456573486328,56.92693328857422,15.047983169555664,39.365352630615234,58.72351837158203
2016-04-12,11.928620338439941,43.27162170410156,70.07496643066406,120.05000305175781,175.9435577392578,101.2806396484375,57.33849334716797,15.238289833068848,39.63515853881836,59.20134353637695
2016-04-13,11.98979377746582,43.95846939086914,70.36617279052734,118.7699966430664,177.7208251953125,101.63652038574219,57.084693908691406,15.584924697875977,40.03987503051758,59.75601577758789
2016-04-14,11.893665313720703,44.10187911987305,70.45482635498047,117.11000061035156,177.72933959960938,101.14912414550781,56.7691650390625,15.618901252746582,40.0308837890625,59.79011917114258
2016-04-15,11.849971771240234,44.003761291503906,70.49278259277344,117.91999816894531,177.5328369140625,102.01549530029297,57.194454193115234,15.564528465270996,39.87799072265625,59.74744415283203
2016-04-18,11.902403831481934,44.381141662597656,70.53079223632812,117.73999786376953,178.78033447265625,101.57459259033203,57.46883773803711,15.680075645446777,40.04886245727539,60.30211639404297
2016-04-19,12.15583324432373,45.15101623535156,70.8029556274414,119.58000183105469,179.3441925048828,101.25745391845703,57.49626541137695,15.877182006835938,39.824012756347656,60.515419006347656
2016-04-20,12.391783714294434,45.188758850097656,70.85997772216797,118.97000122070312,179.5150909423828,100.14352416992188,56.5222282409668,15.999524116516113,39.90498352050781,60.83969497680664
2016-04-21,12.339349746704102,44.91703796386719,70.60675048828125,119.41999816894531,178.5496063232422,99.5478744506836,55.51385498046875,15.856789588928223,39.76108169555664,61.198062896728516
2016-04-22,12.286917686462402,44.9396858215332,70.49908447265625,117.88999938964844,178.5496063232422,99.29264068603516,56.11750793457031,16.00632095336914,39.06856155395508,61.32607650756836
2016-04-25,12.278177261352539,44.713253021240234,70.21424865722656,118.2300033569336,178.2420196533203,98.88262939453125,56.58394241333008,15.972334861755371,39.077552795410156,61.0871467590332
2016-04-26,12.435479164123535,44.87175369262695,70.27754974365234,118.69999694824219,178.50689697265625,98.43396759033203,56.8034553527832,16.07428741455078,38.88869857788086,60.85674285888672
2016-04-27,12.549084663391113,44.901947021484375,70.59406280517578,119.04000091552734,178.8743133544922,99.41639709472656,56.7691650390625,16.101470947265625,38.70881652832031,60.78849411010742
2016-04-28,12.618995666503906,44.29056930541992,70.73967742919922,121.29000091552734,177.25088500976562,99.82636260986328,56.65254211425781,15.93155574798584,38.2231559753418,60.498374938964844
2016-04-29,12.741340637207031,44.10187911987305,70.67005920410156,123.6500015258789,176.29393005371094,100.08163452148438,56.13124084472656,15.843196868896484,37.890384674072266,59.551212310791016
2016-05-02,12.56656265258789,44.51701354980469,70.65731048583984,123.23999786376953,177.69515991210938,99.07402038574219,57.002376556396484,15.985936164855957,38.169189453125,59.89252853393555
2016-05-03,12.374305725097656,43.78487014770508,70.4985122680664,122.95999908447266,176.14871215820312,100.3218765258789,57.091552734375,15.782029151916504,37.818443298339844,59.704795837402344
2016-05-04,12.383045196533203,43.27916717529297,70.333251953125,122.20999908447266,175.16604614257812,100.87223815917969,57.9078369140625,15.659683227539062,37.701515197753906,59.13309860229492
2016-05-05,12.260700225830078,43.1885871887207,70.4985122680664,122.06999969482422,175.13189697265625,101.54657745361328,58.07245635986328,15.65288257598877,37.71950912475586,59.38054275512695
2016-05-06,12.339349746704102,43.30936050415039,70.58746337890625,123.18000030517578,175.77268981933594,101.11251068115234,58.71040725708008,15.720853805541992,37.998313903808594,59.03073501586914
2016-05-09,12.068443298339844,43.218772888183594,70.40953826904297,120.6500015258789,175.91795349121094,101.43038177490234,59.35517120361328,15.680075645446777,37.998313903808594,59.704795837402344
2016-05-10,12.36556625366211,43.837703704833984,70.72088623046875,120.9800033569336,178.1053466796875,101.43807220458984,59.34833526611328,15.904365539550781,38.49296188354492,60.208251953125
2016-05-11,12.653950691223145,43.46031951904297,70.88607788085938,122.12000274658203,176.43917846679688,102.0115737915039,58.07931900024414,15.734453201293945,38.21415710449219,59.48292922973633
2016-05-12,12.671429634094238,43.445220947265625,71.02589416503906,121.16000366210938,176.49041748046875,101.54657745361328,58.41544723510742,15.741250038146973,38.106231689453125,59.13309860229492
2016-05-13,12.653950691223145,42.99989700317383,71.0703353881836,121.70999908447266,174.95245361328125,102.5309829711914,57.89412307739258,15.550938606262207,37.96232986450195,58.99657440185547
2016-05-16,12.793774604797363,43.513145446777344,71.10848236083984,121.80000305175781,176.678466796875,101.64735412597656,58.442867279052734,15.63249397277832,38.49296188354492,59.798667907714844
2016-05-17,12.88990306854248,43.19614791870117,71.05762481689453,122.22000122070312,175.02935791015625,101.8178939819336,57.359073638916016,15.544140815734863,38.106231689453125,59.175758361816406
2016-05-18,12.793774604797363,43.21123123168945,70.37141418457031,120.0999984741211,175.08067321777344,100.3684310913086,56.460479736328125,15.81601333618164,38.178199768066406,59.423213958740234
2016-05-19,12.758818626403809,42.90177917480469,70.12995147705078,119.87000274658203,174.4739990234375,100.80247497558594,55.82942581176758,15.666478157043457,37.97132110595703,58.919776916503906
2016-05-20,12.811250686645508,43.25652313232422,70.19983673095703,119.70999908447266,175.5762176513672,100.88001251220703,56.27528381347656,15.77522087097168,38.43001174926758,59.465885162353516
2016-05-23,12.741340637207031,43.11311340332031,70.20619201660156,119.37000274658203,175.33692932128906,101.10478973388672,56.28213882446289,15.761641502380371,38.35805892944336,59.22697067260742
2016-05-24,12.741340637207031,43.73957824707031,70.37141418457031,117.30000305175781,177.60972595214844,100.6552505493164,56.981807708740234,15.999524116516113,39.077552795410156,60.08026885986328
2016-05-25,12.88990306854248,44.19999694824219,70.56838989257812,116.9800033569336,178.8145294189453,100.27542114257812,56.981807708740234,16.169437408447266,39.34735870361328,60.4556999206543
2016-05-26,12.881162643432617,44.320762634277344,70.59380340576172,116.58000183105469,178.8657684326172,100.79472351074219,57.091552734375,16.07428741455078,39.47327423095703,60.464237213134766
2016-05-27,12.93359661102295,44.275482177734375,70.55565643310547,115.62000274658203,179.63473510742188,100.6474380493164,57.400230407714844,16.18303108215332,39.66215133666992,60.7372932434082
2016-05-31,12.854947090148926,44.06413650512695,70.51756286621094,116.05999755859375,179.29295349121094,100.88774108886719,57.393375396728516,16.142253875732422,39.74308395385742,60.88233947753906
2016-06-01,12.986029624938965,44.02640914916992,70.76254272460938,115.94000244140625,179.66033935546875,101.29704284667969,57.44139099121094,16.176239013671875,39.64414596557617,61.10420227050781
2016-06-02,13.012248039245605,44.02640914916992,70.89010620117188,115.66999816894531,180.20724487304688,102.02717590332031,57.736351013183594,16.210224151611328,39.60818862915039,61.889225006103516
2016-06-03,13.09963607788086,44.313209533691406,71.45152282714844,118.87999725341797,179.66891479492188,103.47957611083984,57.969566345214844,15.979132652282715,39.51823806762695,61.68445587158203
2016-06-06,13.256937026977539,44.562286376953125,71.58551788330078,118.91999816894531,180.5831298828125,102.71066284179688,57.523704528808594,16.07428741455078,39.5901985168457,62.017208099365234
2016-06-07,13.388019561767578,44.88685607910156,71.70030212402344,118.81999969482422,180.86512756347656,102.95919036865234,57.87351989746094,16.04029655456543,39.7520751953125,61.63325881958008
2016-06-08,13.615232467651367,44.977420806884766,72.07672882080078,120.58000183105469,181.4546661376953,103.51063537597656,58.243934631347656,16.053903579711914,39.83302688598633,61.84654998779297
2016-06-09,13.58901596069336,44.426429748535156,71.98741149902344,121.25,181.2068328857422,104.1786117553711,58.374263763427734,15.938355445861816,39.842018127441406,61.74416732788086
2016-06-10,13.42297649383545,43.13576126098633,71.71307373046875,121.73999786376953,179.489501953125,104.68347930908203,58.099910736083984,15.741250038146973,39.53623962402344,61.24925994873047
2016-06-13,13.42297649383545,42.50929260253906,71.45152282714844,122.63999938964844,178.1053466796875,105.14946746826172,58.113609313964844,15.63249397277832,39.09553909301758,60.76288604736328
2016-06-14,13.335586547851562,41.82998275756836,71.12619018554688,122.7699966430664,177.75502014160156,105.07179260253906,57.96271514892578,15.401407241821289,39.185489654541016,60.85674285888672
2016-06-15,13.265676498413086,42.109256744384766,71.4068603515625,123.68000030517578,177.50721740722656,105.4756851196289,58.511478424072266,15.421796798706055,39.08654022216797,60.43862533569336
2016-06-16,13.038463592529297,42.199825286865234,71.41963958740234,122.37999725341797,178.0369415283203,105.98834991455078,58.84071731567383,15.462577819824219,39.16749954223633,60.65195846557617
2016-06-17,13.34432601928711,42.61495590209961,71.34945678710938,123.94999694824219,177.37388610839844,105.32811737060547,58.74469757080078,15.449601173400879,38.90631103515625,60.02225875854492
2016-06-20,13.466670036315918,43.67164611816406,71.83430480957031,123.20999908447266,178.5162353515625,104.2019271850586,58.82701873779297,15.538424491882324,39.068992614746094,60.399227142333984
2016-06-21,13.361804008483887,44.02640914916992,71.77686309814453,120.83999633789062,179.02294921875,103.7203598022461,59.051246643066406,15.627257347106934,39.34010696411133,60.193603515625
2016-06-22,13.28315258026123,43.99943923950195,72.0894775390625,120.9000015258789,178.73092651367188,103.89124298095703,58.96128463745117,15.613590240478516,39.204551696777344,60.36495590209961
2016-06-23,13.388019561767578,45.21651077270508,72.26174926757812,120.11000061035156,181.0585174560547,102.70289611816406,59.25887680053711,15.941577911376953,39.737754821777344,61.15315246582031
2016-06-24,13.117115020751953,41.334205627441406,71.64932250976562,126.0,174.5568084716797,105.46016693115234,58.73286056518555,15.087442398071289,38.210426330566406,59.37971878051758
2016-06-27,13.090895652770996,40.540802001953125,71.8662109375,126.68000030517578,171.43052673339844,108.09320831298828,58.7744255065918,14.65695858001709,37.4422492980957,58.58294677734375
2016-06-28,13.300630569458008,41.60380172729492,72.39571380615234,125.31999969482422,174.52249145507812,108.31838989257812,60.01327896118164,15.032784461975098,38.18332290649414,59.7224006652832
2016-06-29,13.492886543273926,42.36640548706055,73.12296295166016,125.83999633789062,177.49415588378906,107.48733520507812,60.740013122558594,15.37443733215332,38.770751953125,60.86186218261719
2016-06-30,13.414237022399902,42.99805450439453,73.46112823486328,126.47000122070312,179.9161834716797,107.88348388671875,61.369842529296875,15.620427131652832,39.19551086425781,61.435855865478516
2016-07-01,13.580276489257812,42.99805450439453,73.74247741699219,128.41000366210938,180.29408264160156,109.3814468383789,61.39059829711914,15.538424491882324,39.285884857177734,61.82138442993164
2016-07-05,13.19576358795166,42.16613006591797,73.90914154052734,129.47000122070312,178.9971923828125,110.75086975097656,62.06886291503906,15.306100845336914,38.99668502807617,61.76142883300781
2016-07-06,13.248197555541992,42.0890998840332,74.01167297363281,130.22999572753906,180.0707550048828,110.9298095703125,61.798954010009766,15.347102165222168,39.2678108215332,62.455352783203125
2016-07-07,12.87242317199707,41.91962814331055,73.98600006103516,129.74000549316406,179.9591522216797,110.9220962524414,61.16221237182617,15.367603302001953,39.2678108215332,62.36112594604492
2016-07-08,13.003508567810059,42.558982849121094,74.57562255859375,130.52000427246094,182.63882446289062,111.73908233642578,62.15190505981445,15.661422729492188,39.882354736328125,63.13216781616211
2016-07-11,12.95107364654541,43.182926177978516,74.78709411621094,129.2899932861328,183.28297424316406,110.75863647460938,62.56721115112305,15.750251770019531,40.11731719970703,62.960819244384766
2016-07-12,13.19576358795166,43.76834487915039,74.53079986572266,127.1500015258789,184.6142120361328,108.93788146972656,62.56029510498047,15.948413848876953,40.44266891479492,63.26924514770508
2016-07-13,13.02972412109375,43.722129821777344,74.56924438476562,128.32000732421875,184.58843994140625,110.22173309326172,62.90633773803711,15.948413848876953,40.45171356201172,63.243534088134766
2016-07-14,13.082158088684082,44.099571228027344,74.60131072998047,127.33000183105469,185.61904907226562,108.61878204345703,62.34571838378906,16.098735809326172,40.713802337646484,63.517723083496094
2016-07-15,13.047203063964844,43.876190185546875,74.58203887939453,126.83999633789062,185.37002563476562,107.68504333496094,62.36650085449219,16.071409225463867,40.677650451660156,63.466285705566406
2016-07-18,12.986029624938965,43.98402786254883,74.47947692871094,127.04000091552734,185.86813354492188,107.58392333984375,62.53257369995117,16.126068115234375,40.948787689208984,63.49202346801758
2016-07-19,12.907380104064941,43.637393951416016,74.49873352050781,127.20999908447266,185.67916870117188,108.1908187866211,62.83708953857422,16.132904052734375,40.858402252197266,63.35493087768555
2016-07-20,12.819991111755371,44.030242919921875,74.46666717529297,125.38999938964844,186.4521942138672,107.59945678710938,62.84404373168945,16.160240173339844,41.39161682128906,63.92892837524414
2016-07-21,12.750079154968262,43.85307693481445,74.46666717529297,127.30000305175781,185.74789428710938,107.81732177734375,62.96861267089844,16.078235626220703,41.17472839355469,64.1174087524414
2016-07-22,12.72386360168457,43.937808990478516,74.47308349609375,126.3499984741211,186.5810546875,108.00411224365234,63.52231216430664,16.18073844909668,41.41873550415039,64.24591827392578
2016-07-25,12.584039688110352,43.883888244628906,74.28722381591797,125.47000122070312,186.07427978515625,107.92628479003906,63.40465545654297,16.146574020385742,41.364501953125,64.17737579345703
2016-07-26,12.531607627868652,44.06876754760742,74.07573699951172,126.0,186.1601104736328,108.09747314453125,63.09321594238281,16.160240173339844,41.45488739013672,64.06600952148438
2016-07-27,12.409261703491211,44.23052978515625,74.40896606445312,128.02999877929688,185.962646484375,109.44358825683594,62.60181427001953,16.15340232849121,41.798301696777344,64.35733032226562
2016-07-28,12.374305725097656,44.18430709838867,74.22953796386719,127.66000366210938,186.17733764648438,109.24129486083984,63.183162689208984,16.18756866455078,41.825408935546875,64.29731750488281
2016-07-29,12.479172706604004,44.70811080932617,74.46666717529297,128.97999572753906,186.4779510498047,110.1517562866211,63.98603057861328,16.160240173339844,41.97904586791992,64.42584991455078
2016-08-01,12.260700225830078,44.415401458740234,74.18412017822266,129.22000122070312,186.32333374023438,108.95745849609375,64.12447357177734,16.119239807128906,42.06038284301758,64.83705139160156
2016-08-02,12.2432222366333,44.1920166015625,74.01028442382812,130.27000427246094,185.1295623779297,107.83489227294922,63.100135803222656,15.982580184936523,41.74406051635742,64.588623046875
2016-08-03,12.444217681884766,44.03794860839844,74.11333465576172,129.64999389648438,185.6705780029297,107.89727020263672,62.733299255371094,16.146574020385742,41.888668060302734,64.40869903564453
2016-08-04,12.496650695800781,44.292144775390625,74.60892486572266,129.8699951171875,185.86813354492188,108.70793914794922,62.477210998535156,16.105575561523438,42.1146240234375,64.31446075439453
2016-08-05,12.549084663391113,44.492427825927734,74.41585540771484,127.55000305175781,187.38832092285156,107.57767486572266,62.51875305175781,16.413063049316406,42.52130126953125,64.4686508178711
2016-08-08,12.618995666503906,44.584869384765625,74.85993957519531,127.44000244140625,187.2766876220703,107.78040313720703,62.629478454589844,16.433563232421875,42.51225280761719,63.92036819458008
2016-08-09,12.584039688110352,44.939205169677734,75.20757293701172,127.95999908447266,187.38832092285156,108.84051513671875,62.96861267089844,16.447227478027344,42.60263442993164,64.07456970214844
2016-08-10,12.435479164123535,45.093257904052734,75.42642974853516,128.55999755859375,186.92454528808594,109.26144409179688,62.899410247802734,16.317401885986328,42.467079162597656,63.86039352416992
2016-08-11,12.627734184265137,45.416778564453125,75.31053924560547,127.66999816894531,187.7919921875,108.28701782226562,62.18653106689453,16.35157012939453,42.62070083618164,64.22877502441406
2016-08-12,12.72386360168457,45.301239013671875,75.63235473632812,127.4000015258789,187.62879943847656,109.19911193847656,62.44953918457031,16.30373191833496,42.57551193237305,64.06600952148438
2016-08-15,12.93359661102295,45.4784049987793,75.72252655029297,127.83999633789062,188.16989135742188,108.17012023925781,62.38725280761719,16.413063049316406,42.783382415771484,64.17737579345703
2016-08-16,13.038463592529297,45.40908432006836,75.52297973632812,128.47000122070312,187.1994171142578,107.88169860839844,61.6397705078125,16.372068405151367,42.467079162597656,63.60335922241211
2016-08-17,13.090895652770996,45.3936653137207,75.75467681884766,128.5,187.55154418945312,108.52867889404297,61.888912200927734,16.426729202270508,42.448997497558594,63.73186492919922
2016-08-18,13.256937026977539,45.6247673034668,75.93490600585938,129.11000061035156,187.9723663330078,108.70020294189453,61.660518646240234,16.413063049316406,42.467079162597656,63.7575798034668
2016-08-19,13.213242530822754,45.28583908081055,75.58090209960938,127.97000122070312,187.69754028320312,108.1311264038086,61.26603698730469,16.406232833862305,42.49419021606445,63.7061882019043
2016-08-22,13.090895652770996,45.33205795288086,75.67742919921875,127.77999877929688,187.68890380859375,109.04322052001953,61.598236083984375,16.406232833862305,42.49419021606445,63.83470153808594
2016-08-23,13.143330574035645,45.52463150024414,75.74181365966797,127.76000213623047,188.06683349609375,109.16014862060547,61.63285446166992,16.426729202270508,42.647823333740234,63.894649505615234
2016-08-24,12.986029624938965,45.416778564453125,75.48432159423828,126.33999633789062,187.10491943359375,108.90286254882812,61.3629264831543,16.419898986816406,42.41285705566406,62.892295837402344
2016-08-25,13.038463592529297,45.23191833496094,75.47793579101562,126.2300033569336,186.97607421875,108.48974609375,61.6397705078125,16.45406150817871,42.50321960449219,62.36112594604492
2016-08-26,12.994769096374512,44.962303161621094,75.3813705444336,126.05000305175781,186.6239471435547,107.8582992553711,61.03070831298828,16.47455406188965,42.52130126953125,62.60100555419922
2016-08-29,12.94233512878418,45.10096740722656,75.75467681884766,126.30000305175781,187.54293823242188,109.30046081542969,61.63285446166992,16.61805534362793,42.6839714050293,62.73809814453125
2016-08-30,12.819991111755371,45.039337158203125,75.72893524169922,125.02999877929688,187.23379516601562,108.87946319580078,61.51517868041992,16.76837921142578,42.53937530517578,62.523895263671875
2016-08-31,12.575301170349121,44.9468994140625,75.45215606689453,124.77999877929688,186.7012481689453,109.03536224365234,61.57746887207031,16.782052993774414,42.467079162597656,62.335418701171875
2016-09-01,12.435479164123535,45.25502395629883,75.35648345947266,125.29000091552734,186.70982360839844,109.15570831298828,61.42520523071289,16.713716506958008,42.60263442993164,62.172637939453125
2016-09-02,12.575301170349121,45.77882766723633,75.57625579833984,126.56999969482422,187.55154418945312,108.26538848876953,61.958126068115234,16.788881301879883,42.79242706298828,62.24117660522461
2016-09-06,12.662689208984375,46.086944580078125,76.04167938232422,128.7100067138672,188.1183624267578,109.05413055419922,62.43570327758789,16.76154899597168,43.00933074951172,62.46393966674805
2016-09-07,12.77629566192627,46.11005783081055,76.25495147705078,128.27000427246094,188.10118103027344,108.97604370117188,62.80944061279297,16.754714965820312,43.11777114868164,62.46393966674805
2016-09-08,13.003508567810059,45.979103088378906,75.90595245361328,127.58999633789062,187.6717987060547,107.60935974121094,62.041194915771484,16.741050720214844,42.76530456542969,62.515350341796875
2016-09-09,12.802512168884277,45.08555603027344,75.16252136230469,126.75,183.17991638183594,105.8365707397461,59.58418273925781,16.426729202270508,41.716957092285156,61.26451110839844
2016-09-12,12.802512168884277,45.45529556274414,75.149658203125,126.58999633789062,185.80801391601562,105.89122772216797,60.29012680053711,16.61121940612793,42.41285705566406,62.172637939453125
2016-09-13,12.636472702026367,44.53864288330078,74.32223510742188,125.75,183.13694763183594,104.68852996826172,58.776485443115234,16.317401885986328,42.1055793762207,61.341617584228516
2016-09-14,12.540346145629883,44.477027893066406,74.46446228027344,126.18000030517578,183.06825256347656,104.84476470947266,58.96462631225586,16.27640151977539,42.30438995361328,61.341617584228516
2016-09-15,12.601516723632812,44.8621711730957,74.77472686767578,125.37000274658203,184.89761352539062,104.39179229736328,59.187660217285156,16.372068405151367,43.00028610229492,61.9755859375
2016-09-16,12.618995666503906,44.28444290161133,74.5614013671875,125.05999755859375,184.18287658691406,105.23523712158203,59.21552276611328,16.216899871826172,42.842376708984375,62.01773452758789
2016-09-19,12.610257148742676,44.51554489135742,74.82646179199219,125.31999969482422,184.21743774414062,104.8916015625,59.752140045166016,16.320297241210938,42.76072311401367,61.79412078857422
2016-09-20,12.653950691223145,44.78514099121094,74.91043853759766,125.44000244140625,184.2260284423828,105.25868225097656,59.66154098510742,16.328750610351562,42.73347473144531,61.98332595825195
2016-09-21,12.811250686645508,45.57084655761719,75.72491455078125,127.2699966430664,186.29774475097656,106.10991668701172,60.428123474121094,16.43017578125,43.214447021484375,62.60255432128906
2016-09-22,12.881162643432617,46.03302764892578,76.02228546142578,127.56999969482422,187.47169494628906,106.95333099365234,61.50832748413086,16.463977813720703,43.47760772705078,63.075592041015625
2016-09-23,12.732600212097168,45.64787673950195,75.78307342529297,127.6500015258789,186.44447326660156,106.85179138183594,61.696468353271484,16.379467010498047,43.096473693847656,62.877784729003906
2016-09-26,12.819991111755371,45.224212646484375,75.55038452148438,127.55000305175781,184.9338836669922,107.53124237060547,61.842830657958984,16.117464065551758,42.842376708984375,62.1467399597168
2016-09-27,12.69764518737793,45.43989944458008,75.76370239257812,126.62000274658203,186.0819549560547,108.32003021240234,61.18775177001953,16.24423599243164,43.31428146362305,62.58537673950195
2016-09-28,12.994769096374512,45.7634162902832,75.84126281738281,126.22000122070312,187.00559997558594,108.08573913574219,61.68952941894531,16.320297241210938,43.39594268798828,62.490779876708984
2016-09-29,13.073419570922852,45.19340133666992,75.53746032714844,126.06999969482422,185.31369018554688,108.35908508300781,60.867164611816406,16.092103958129883,43.13278579711914,61.38991165161133
2016-09-30,13.117115020751953,45.547733306884766,75.76370239257812,125.63999938964844,186.7120819091797,107.39065551757812,60.44903564453125,16.31184959411621,43.359649658203125,62.01773452758789
2016-10-03,13.230719566345215,45.42449188232422,75.91431427001953,125.31999969482422,186.26324462890625,107.03627014160156,59.3200569152832,16.235788345336914,43.232601165771484,61.966148376464844
2016-10-04,13.19576358795166,45.416778564453125,75.58323669433594,120.97000122070312,185.31369018554688,105.78448486328125,58.51164627075195,16.30339813232422,43.07832717895508,61.84573745727539
2016-10-05,13.2744140625,45.601661682128906,75.60270690917969,120.77999877929688,186.1337127685547,105.29159545898438,57.326908111572266,16.565401077270508,43.232601165771484,62.0865592956543
2016-10-06,13.300630569458008,45.35516357421875,75.4858169555664,119.66000366210938,186.26324462890625,104.70478057861328,57.34782791137695,16.590763092041016,43.332420349121094,61.85432815551758
2016-10-07,13.265676498413086,45.12407684326172,75.53128051757812,119.73999786376953,185.6244659423828,104.77522277832031,57.250282287597656,16.582304000854492,43.214447021484375,61.81132888793945
2016-10-10,13.414237022399902,45.25502395629883,75.81045532226562,120.16000366210938,186.59120178222656,104.15714263916016,57.6057014465332,16.66682243347168,43.513919830322266,62.095149993896484
2016-10-11,13.335586547851562,44.615665435791016,75.20673370361328,119.55000305175781,184.23468017578125,103.92242431640625,57.04817199707031,16.514690399169922,43.02388381958008,60.5384521484375
2016-10-12,13.239458084106445,44.51554489135742,75.20673370361328,119.73999786376953,184.4763641357422,104.0241470336914,57.70326232910156,16.497787475585938,43.096473693847656,60.25465774536133
2016-10-13,13.326848030090332,44.346073150634766,75.38203430175781,120.02999877929688,183.8721160888672,104.41529083251953,58.15623474121094,16.33720588684082,42.82424545288086,60.28046798706055
2016-10-14,13.335586547851562,44.423099517822266,75.00550842285156,119.36000061035156,183.9671173095703,102.95223236083984,57.89839172363281,16.41327476501465,42.98760223388672,59.87621307373047
2016-10-17,13.353063583374023,44.292144775390625,75.02493286132812,119.68000030517578,183.32833862304688,103.60948181152344,58.023826599121094,16.33720588684082,42.896827697753906,59.678382873535156
2016-10-18,13.379281044006348,44.731224060058594,75.14179992675781,120.41999816894531,184.4763641357422,103.94587707519531,58.39317321777344,16.47243309020996,43.13278579711914,60.39225387573242
2016-10-19,13.466670036315918,44.85446548461914,75.23917388916016,121.11000061035156,184.96836853027344,104.03197479248047,58.51861572265625,16.616113662719727,43.214447021484375,60.16865158081055
2016-10-20,13.34432601928711,44.92379379272461,75.30408477783203,120.73999786376953,184.62313842773438,104.14148712158203,58.386226654052734,16.616113662719727,43.014801025390625,60.452476501464844
2016-10-21,13.396759986877441,44.82365417480469,75.6156997680664,120.83000183105469,184.70944213867188,104.29796600341797,58.17018127441406,16.6076602935791,43.13278579711914,59.95363235473633
2016-10-24,13.405497550964355,44.81595993041992,75.60921478271484,120.55999755859375,185.49496459960938,103.84418487548828,58.3026008605957,16.658374786376953,43.550228118896484,59.84184265136719
2016-10-25,13.34432601928711,44.78514099121094,75.64167022705078,121.47000122070312,184.87353515625,104.11797332763672,58.198062896728516,16.6414737701416,43.39594268798828,59.66981887817383
2016-10-26,13.256937026977539,44.584869384765625,75.2002182006836,120.79000091552734,184.5022735595703,103.41388702392578,57.43843460083008,16.74289321899414,43.15092849731445,59.30859375
2016-10-27,13.335586547851562,44.530941009521484,74.55752563476562,121.01000213623047,184.01026916503906,102.28729248046875,55.93312454223633,16.7851505279541,43.096473693847656,59.583805084228516
2016-10-28,13.248197555541992,44.51554489135742,74.37579345703125,121.58000183105469,183.4663543701172,102.06034851074219,56.06553268432617,16.709083557128906,43.051090240478516,58.29374694824219
2016-10-31,13.073419570922852,44.53864288330078,74.45370483398438,121.94000244140625,183.47503662109375,102.68624877929688,56.97847366333008,16.683725357055664,43.032955169677734,57.93253707885742
2016-11-01,13.134592056274414,44.346073150634766,74.37740325927734,122.7300033569336,182.1457061767578,102.69408416748047,55.73799514770508,16.616113662719727,42.660888671875,57.62291717529297
2016-11-02,12.977291107177734,44.045658111572266,74.29920959472656,123.63999938964844,181.04942321777344,103.14092254638672,54.92261505126953,16.506240844726562,42.388641357421875,57.3218994140625
2016-11-03,12.93359661102295,43.99943923950195,74.49474334716797,124.30000305175781,180.22076416015625,102.3492202758789,54.49750518798828,16.523143768310547,41.98027038574219,56.780067443847656
2016-11-04,12.846206665039062,43.57577896118164,74.31224822998047,124.38999938964844,180.0221710205078,103.26636505126953,54.929588317871094,16.47243309020996,41.90767288208008,57.17570495605469
2016-11-07,12.898640632629395,44.17660903930664,74.911865234375,122.1500015258789,183.9929962158203,102.38836669921875,55.89131546020508,16.886568069458008,42.81515121459961,58.63777542114258
2016-11-08,12.881162643432617,44.29984664916992,75.10739135742188,121.63999938964844,184.82168579101562,101.97300720214844,56.18401336669922,16.89501953125,43.02388381958008,58.8011589050293
2016-11-09,12.94233512878418,44.3383674621582,73.99286651611328,121.55999755859375,186.7811279296875,97.64606475830078,55.33380126953125,17.613420486450195,42.96942901611328,60.87388229370117
2016-11-10,12.837468147277832,44.21512222290039,71.26207733154297,119.75,187.24725341796875,96.2037124633789,54.40692138671875,18.264202117919922,42.27974319458008,61.54471206665039
2016-11-11,12.592779159545898,43.94551467895508,70.85147857666016,117.0999984741211,186.81568908691406,95.66287231445312,54.734466552734375,18.31491470336914,42.406795501708984,60.624473571777344
2016-11-14,12.56656265258789,43.706729888916016,70.49298858642578,116.11000061035156,186.96240234375,95.09062957763672,56.03070068359375,18.762855529785156,41.76247024536133,60.43525695800781
2016-11-15,12.846206665039062,43.89929962158203,71.70524597167969,117.12000274658203,188.42124938964844,95.56095886230469,55.56378173828125,18.745948791503906,42.35232925415039,60.607261657714844
2016-11-16,12.688907623291016,43.43711471557617,71.65966796875,116.7699966430664,188.0672607421875,96.4231948852539,55.40347671508789,18.475494384765625,42.742557525634766,60.34927749633789
2016-11-17,12.715124130249023,43.76834487915039,71.5097427368164,116.16999816894531,189.03408813476562,95.00439453125,54.83899688720703,18.729047775268555,43.014801025390625,60.59008026123047
2016-11-18,12.819991111755371,43.2907600402832,71.10564422607422,115.1500015258789,188.61111450195312,94.73007202148438,54.999290466308594,18.729047775268555,42.97850799560547,59.94502639770508
2016-11-21,13.1782865524292,43.66051483154297,71.4184799194336,115.58000183105469,190.0354461669922,94.96524047851562,54.832027435302734,18.79666519165039,43.414100646972656,60.16006088256836
2016-11-22,13.160809516906738,43.76834487915039,71.73130798339844,115.54000091552734,190.40658569335938,94.9338150024414,55.79374694824219,18.80510902404785,43.550228118896484,59.29140090942383
2016-11-23,13.213242530822754,43.61429214477539,71.1968765258789,113.25,190.51025390625,94.56544494628906,55.556800842285156,18.91498374938965,43.37778854370117,59.52362060546875
2016-11-25,13.117115020751953,43.745235443115234,71.24254608154297,112.61000061035156,191.2180633544922,94.7065200805664,55.87738037109375,18.94034194946289,43.559288024902344,59.75582504272461
2016-11-28,13.160809516906738,43.514137268066406,71.4902114868164,113.80000305175781,190.32028198242188,95.4041748046875,56.135215759277344,18.720592498779297,43.595584869384766,59.30859375
2016-11-29,12.898640632629395,43.79145050048828,71.4184799194336,113.2699966430664,190.69149780273438,95.80396270751953,56.67183303833008,18.771305084228516,43.62282180786133,59.69564437866211
2016-11-30,13.291893005371094,43.745235443115234,71.24254608154297,111.75,190.2339630126953,94.25190734863281,56.02372360229492,19.02485466003418,43.10556411743164,59.12799835205078
2016-12-01,13.536581993103027,43.57577896118164,70.84658813476562,111.54000091552734,189.53475952148438,93.25672149658203,55.20137023925781,19.354473114013672,42.216217041015625,58.697967529296875
2016-12-02,13.632710456848145,43.68361282348633,70.89241790771484,112.13999938964844,189.6297149658203,93.9400405883789,55.751922607421875,19.1431827545166,42.3704833984375,58.8355712890625
2016-12-05,13.702621459960938,44.11498260498047,71.19343566894531,111.54000091552734,190.7691650390625,93.83796691894531,56.1630973815918,19.37138557434082,42.778865814208984,58.73236846923828
2016-12-06,13.641448020935059,44.415401458740234,71.5402603149414,111.43000030517578,191.37342834472656,93.76731872558594,56.52548599243164,19.540414810180664,42.90590286254883,58.895774841308594
2016-12-07,13.536581993103027,45.077850341796875,71.95904541015625,111.83000183105469,193.87673950195312,94.56845092773438,57.65446472167969,19.844676971435547,43.72264099121094,58.388370513916016
2016-12-08,13.562799453735352,45.039337158203125,71.91329193115234,111.56999969482422,194.35147094726562,93.45309448242188,58.05171203613281,20.030616760253906,43.83155059814453,58.50016403198242
2016-12-09,13.632710456848145,45.23191833496094,71.61225891113281,110.4000015258789,195.52540588378906,92.29061889648438,57.98897171020508,20.072872161865234,44.1491584777832,59.213993072509766
2016-12-12,13.720100402832031,45.031639099121094,71.7955093383789,110.81999969482422,195.30101013183594,92.46344757080078,58.372276306152344,19.87848472595215,44.013031005859375,59.49782180786133
2016-12-13,13.755054473876953,45.51692581176758,72.01802825927734,110.44999694824219,196.6044464111328,92.79330444335938,58.34440231323242,19.929195404052734,44.56660461425781,59.97941589355469
2016-12-14,13.623970985412598,44.84676742553711,71.3897705078125,108.83000183105469,194.9816131591797,91.75650024414062,57.06906509399414,19.836217880249023,44.412330627441406,59.66981887817383
2016-12-15,13.606493949890137,44.74662780761719,71.25889587402344,107.33999633789062,195.78436279296875,92.21990966796875,56.73457336425781,20.00525665283203,44.61198425292969,60.05684280395508
2016-12-16,13.6676664352417,44.777435302734375,71.40284729003906,108.05000305175781,195.40147399902344,92.00785064697266,57.58478546142578,19.83291244506836,44.28931427001953,60.104366302490234
2016-12-19,13.58901596069336,44.70811080932617,71.7235107421875,108.58999633789062,195.82691955566406,92.99752807617188,58.205020904541016,19.841400146484375,44.60832977294922,59.853851318359375
2016-12-20,13.650187492370605,44.8621711730957,71.84783935546875,107.79000091552734,196.58238220214844,92.53411865234375,58.337432861328125,20.087614059448242,44.772396087646484,59.81065368652344
2016-12-21,13.571537971496582,44.8746223449707,72.0834732055664,107.8499984741211,196.03530883789062,92.9425277709961,57.45237731933594,20.036670684814453,44.681251525878906,59.473758697509766
2016-12-22,13.554059982299805,44.77344512939453,72.10509490966797,107.58999633789062,195.69668579101562,92.7763900756836,57.35630416870117,19.985733032226562,44.5900993347168,59.551509857177734
2016-12-23,13.580276489257812,44.89018630981445,72.21662139892578,107.93000030517578,195.98326110839844,92.96537780761719,57.50572967529297,20.019697189331055,44.63566970825195,60.000701904296875
2016-12-27,13.790009498596191,44.8357048034668,72.15097045898438,108.55999755859375,196.46946716308594,92.66614532470703,57.62668228149414,20.045166015625,44.817970275878906,60.12164306640625
2016-12-28,13.798748970031738,44.66448974609375,72.24937438964844,108.86000061035156,194.84576416015625,93.34342193603516,57.27803039550781,19.841400146484375,44.416927337646484,59.663818359375
2016-12-29,13.816227912902832,44.77344512939453,72.41993713378906,110.29000091552734,194.80235290527344,93.67413330078125,57.98957824707031,19.697072982788086,44.42603302001953,59.7674674987793
2016-12-30,13.84244441986084,44.929100036621094,72.3018798828125,109.61000061035156,194.09034729003906,93.81587219238281,58.722450256347656,19.73952293395996,44.07967758178711,59.551509857177734
2017-01-03,13.676403045654297,45.20927429199219,72.55117797851562,110.47000122070312,195.57522583007812,94.21748352050781,58.91455841064453,19.96026039123535,44.47161102294922,60.32893371582031
2017-01-04,13.781271934509277,45.722930908203125,73.00379943847656,110.86000061035156,196.7386932373047,94.57977294921875,59.775516510009766,20.12157440185547,44.62657165527344,60.80402755737305
2017-01-05,13.851183891296387,46.112056732177734,73.56790161132812,112.58000183105469,196.58238220214844,96.060302734375,59.967613220214844,19.917814254760742,44.69948196411133,61.11500549316406
2017-01-06,13.83370590209961,45.95640563964844,73.528564453125,111.75,197.2857208251953,95.17830657958984,59.97474670410156,19.985733032226562,45.027626037597656,61.28779602050781
2017-01-09,13.623970985412598,45.8863639831543,73.44329833984375,112.66999816894531,196.63446044921875,95.94218444824219,59.43396759033203,19.84988784790039,45.018497467041016,61.546905517578125
2017-01-10,13.562799453735352,45.89414978027344,73.32521057128906,113.1500015258789,196.63446044921875,95.87920379638672,58.92879104614258,19.892345428466797,45.027626037597656,61.76288986206055
2017-01-11,13.711359977722168,46.13539505004883,73.3973617553711,113.5,197.19017028808594,96.20204162597656,58.565895080566406,20.019697189331055,45.23725509643555,61.140933990478516
2017-01-12,13.912355422973633,46.20545959472656,73.54167175292969,113.91000366210938,196.6952667236328,95.98941802978516,58.86476135253906,19.84988784790039,45.127872467041016,61.20139694213867
2017-01-13,13.886138916015625,46.376670837402344,73.57447814941406,114.20999908447266,197.14678955078125,95.53266906738281,58.779361724853516,19.96026039123535,45.26459884643555,61.261863708496094
2017-01-17,13.877399444580078,46.20545959472656,73.8761978149414,115.8499984741211,196.45213317871094,96.53282928466797,59.2347412109375,19.484817504882812,45.091426849365234,60.95087814331055
2017-01-18,13.755054473876953,46.07315444946289,73.3580322265625,114.87000274658203,196.88629150390625,95.29642486572266,59.33435821533203,19.64613151550293,45.20991134643555,60.873146057128906
2017-01-19,13.711359977722168,45.95640563964844,73.18089294433594,114.7699966430664,196.1569061279297,94.64276123046875,58.72956466674805,19.56122589111328,45.14610290527344,60.484413146972656
2017-01-20,13.868659973144531,46.22101593017578,73.27273559570312,115.05000305175781,196.87762451171875,94.45377349853516,59.1564826965332,19.654619216918945,45.392215728759766,60.32893371582031
2017-01-23,13.868659973144531,46.33776092529297,73.62041473388672,115.79000091552734,196.36524963378906,95.3987808227539,59.65454864501953,19.527267456054688,45.4742431640625,60.07844543457031
2017-01-24,13.903615951538086,46.45449447631836,73.377685546875,115.2699966430664,197.62432861328125,94.7451171875,59.66875457763672,19.773473739624023,45.756805419921875,59.663818359375
2017-01-25,13.816227912902832,46.9370231628418,73.29239654541016,114.31999969482422,199.3348388671875,93.5560531616211,59.277427673339844,20.104589462280273,46.1943244934082,60.22529983520508
2017-01-26,13.877399444580078,46.750240325927734,73.23334503173828,113.26000213623047,199.1265106201172,93.87100219726562,59.16358947753906,20.15553092956543,46.066715240478516,59.75883483886719
2017-01-27,13.763792991638184,46.67240905761719,73.44985961914062,113.48999786376953,198.81394958496094,94.20964813232422,58.58725357055664,20.07912254333496,46.249019622802734,60.251182556152344
2017-01-30,13.685144424438477,46.33776092529297,73.28584289550781,113.97000122070312,197.58094787597656,93.9261703491211,58.18879699707031,19.917814254760742,45.875308990478516,59.95752716064453
2017-01-31,13.763792991638184,46.40780258178711,73.55477905273438,115.55000305175781,197.5635528564453,94.57977294921875,58.60860824584961,19.79045867919922,45.647438049316406,60.916324615478516
2017-02-01,13.912355422973633,46.59457778930664,73.56926727294922,115.19999694824219,197.64175415039062,93.99495697021484,57.904197692871094,19.815927505493164,45.99380874633789,61.44327163696289
2017-02-02,13.912355422973633,46.61792755126953,73.78659057617188,115.83999633789062,197.77203369140625,93.95552825927734,58.594356536865234,19.73952293395996,45.902652740478516,61.42598342895508
2017-02-03,13.903615951538086,46.804718017578125,74.21466827392578,116.12999725341797,199.1352081298828,93.91600036621094,58.91455841064453,20.1385555267334,46.203426361083984,61.69378662109375
2017-02-06,13.816227912902832,46.47005844116211,74.21466827392578,117.69999694824219,198.77914428710938,94.48429870605469,58.81494903564453,20.045166015625,46.23079299926758,61.76288986206055
2017-02-07,13.755054473876953,46.42336654663086,74.1224365234375,117.45999908447266,198.78787231445312,95.17880249023438,58.60860824584961,19.994216918945312,46.413082122802734,61.82334899902344
2017-02-08,13.807487487792969,46.501197814941406,74.41229248046875,118.19000244140625,199.04832458496094,96.47306823730469,59.071075439453125,19.858381271362305,46.495113372802734,61.728328704833984
2017-02-09,13.877399444580078,46.69575119018555,74.31346893310547,117.29000091552734,200.22923278808594,95.3603286743164,59.213401794433594,20.13006591796875,46.640953063964844,61.952919006347656
2017-02-10,14.025960922241211,46.804718017578125,74.42542266845703,117.5999984741211,201.01939392089844,95.30510711669922,59.63319396972656,20.189491271972656,46.77767562866211,62.0738639831543
2017-02-13,13.868659973144531,46.99149703979492,74.50447082519531,116.80000305175781,202.1134490966797,95.00517272949219,59.65454864501953,20.418729782104492,46.98731231689453,62.45393371582031
2017-02-14,13.886138916015625,46.92145538330078,74.42542266845703,116.93000030517578,202.92092895507812,94.31853485107422,59.341468811035156,20.656452178955078,47.142276763916016,62.9463005065918
2017-02-15,13.903615951538086,47.10044860839844,74.40567016601562,117.44999694824219,203.98025512695312,93.8844985961914,59.142250061035156,20.817764282226562,47.29722213745117,63.62873077392578
2017-02-16,13.816227912902832,47.20940399169922,74.36618041992188,118.08000183105469,203.8065948486328,94.39751434326172,59.49091720581055,20.766826629638672,47.40659713745117,63.542335510253906
2017-02-17,13.790009498596191,47.08488845825195,74.38591003417969,117.68000030517578,204.12789916992188,94.95782470703125,59.60474395751953,20.77531623840332,47.57067108154297,63.62873077392578
2017-02-21,13.77253246307373,47.24053192138672,74.49785614013672,117.75,205.34349060058594,94.79208374023438,60.366050720214844,20.877193450927734,47.816776275634766,63.91377258300781
2017-02-22,13.702621459960938,47.24053192138672,74.60326385498047,117.91000366210938,205.1611328125,94.94989013671875,60.166847229003906,20.8941707611084,47.87146759033203,63.81875228881836
2017-02-23,13.746315956115723,47.34172058105469,74.8205795288086,118.94000244140625,205.300048828125,95.23406219482422,60.47991943359375,20.8941707611084,47.86235046386719,64.28520965576172
2017-02-24,13.720100402832031,46.99927520751953,74.96543884277344,119.69999694824219,205.56060791015625,96.29158020019531,60.76454162597656,20.732858657836914,47.97173309326172,64.59619140625
2017-02-27,13.685144424438477,47.0304069519043,74.78764343261719,119.12000274658203,205.88182067871094,95.72338104248047,61.0847282409668,20.843229293823242,47.94438171386719,64.90719604492188
2017-02-28,13.737577438354492,46.96036911010742,74.78764343261719,119.2300033569336,205.3261260986328,96.0785140991211,60.6649284362793,20.834745407104492,47.716514587402344,64.77757263183594
2017-03-01,13.798748970031738,47.4506721496582,74.81472778320312,119.05999755859375,208.2002410888672,94.46857452392578,60.47991943359375,21.429052352905273,48.39101791381836,65.42548370361328
2017-03-02,13.580276489257812,47.139373779296875,74.46436309814453,117.58000183105469,206.88909912109375,94.1285629272461,60.152618408203125,21.097938537597656,48.07199478149414,65.2181625366211
2017-03-03,13.650187492370605,47.419532775878906,74.80814361572266,117.51000213623047,207.01931762695312,94.3736801147461,59.917808532714844,21.199819564819336,48.181373596191406,65.47730255126953
2017-03-06,13.632710456848145,47.27167892456055,74.78168487548828,116.72000122070312,206.40286254882812,93.92298126220703,59.647438049316406,21.038509368896484,48.10844039916992,65.22679901123047
2017-03-07,13.571537971496582,47.108238220214844,74.7287826538086,115.77999877929688,205.78627014160156,93.6383285522461,59.362815856933594,20.979074478149414,48.10844039916992,64.76898193359375
2017-03-08,13.265676498413086,46.9370231628418,74.14701080322266,115.05999755859375,205.4042510986328,93.1322250366211,58.26706314086914,20.987565994262695,48.163143157958984,65.02810668945312
2017-03-09,13.152070999145508,47.116024017333984,73.6842041015625,114.47000122070312,205.66476440429688,92.3889389038086,57.39189147949219,21.06397819519043,48.15402603149414,65.38228607177734
2017-03-10,13.02972412109375,47.512939453125,73.99494171142578,114.72000122070312,206.38546752929688,92.71312713623047,57.213985443115234,21.046993255615234,48.40924835205078,65.63278198242188
2017-03-13,13.012248039245605,47.76197814941406,73.87594604492188,114.73999786376953,206.48965454101562,92.12797546386719,57.35630416870117,21.097938537597656,48.454833984375,65.5809326171875
2017-03-14,12.95981216430664,47.39619827270508,73.65113830566406,114.12000274658203,205.69949340820312,92.57078552246094,57.342079162597656,21.038509368896484,48.3454475402832,65.33907318115234
2017-03-15,13.073419570922852,48.073280334472656,74.65608215332031,116.25,207.47950744628906,93.70156860351562,58.50188064575195,21.004549026489258,48.673587799072266,66.1596908569336
2017-03-16,13.055939674377441,48.306766510009766,74.43125915527344,116.7300033569336,207.07138061523438,93.22713470458984,58.38801956176758,21.038509368896484,48.700927734375,65.52045440673828
2017-03-17,13.09963607788086,48.431278228759766,74.73538208007812,116.98999786376953,206.70770263671875,93.81224822998047,58.65839767456055,20.832319259643555,48.8061408996582,65.15984344482422
2017-03-20,13.090895652770996,48.33010482788086,74.89410400390625,117.51000213623047,206.4810028076172,94.21551513671875,58.60860824584961,20.661911010742188,48.851898193359375,65.064453125
2017-03-21,13.02098560333252,48.11219787597656,74.90067291259766,118.54000091552734,203.82986450195312,94.99833679199219,58.35245132446289,20.082523345947266,48.13819122314453,64.55296325683594
2017-03-22,13.012248039245605,48.11997604370117,74.97340393066406,118.83000183105469,204.3095245361328,95.37786102294922,58.32020568847656,20.0399169921875,48.440155029296875,64.5703125
2017-03-23,12.986029624938965,48.22893524169922,75.08580780029297,118.66999816894531,204.0915069580078,95.24351501464844,58.750240325927734,20.082523345947266,48.31204605102539,64.37091827392578
2017-03-24,13.02972412109375,48.36125183105469,75.19822692871094,118.86000061035156,203.9433135986328,95.5835189819336,58.68571090698242,20.056961059570312,48.34865188598633,64.40558624267578
2017-03-27,13.012248039245605,48.48576354980469,75.19161224365234,119.52999877929688,203.73399353027344,96.0184097290039,58.15535354614258,19.98027801513672,48.34865188598633,64.5789794921875
2017-03-28,13.090895652770996,48.71923828125,75.16516876220703,119.04000091552734,205.21649169921875,95.37786102294922,58.40620040893555,20.25292205810547,48.69635772705078,64.62232208251953
2017-03-29,13.213242530822754,48.71923828125,75.4097671508789,119.33000183105469,205.40834045410156,95.947265625,58.73588562011719,20.125123977661133,48.778709411621094,64.63967895507812
2017-03-30,13.265676498413086,48.548030853271484,75.27754974365234,118.47000122070312,206.0624237060547,95.1723403930664,58.843414306640625,20.389253616333008,48.87018966674805,64.6483383178711
2017-03-31,13.291893005371094,48.47797393798828,75.17179107666016,118.72000122070312,205.582763671875,95.44908142089844,59.19459533691406,20.21885108947754,48.778709411621094,64.46627807617188
2017-04-03,13.239458084106445,48.40793228149414,75.37554168701172,119.3499984741211,205.2252197265625,96.41182708740234,59.36662673950195,20.17624282836914,48.73295974731445,64.51826477050781
2017-04-04,13.370542526245117,48.39237976074219,75.23611450195312,119.62000274658203,205.35601806640625,95.88887786865234,59.36662673950195,20.150686264038086,48.7695426940918,64.48361206054688
2017-04-05,13.396759986877441,48.13554382324219,75.51490783691406,119.62000274658203,204.74557495117188,96.18204498291016,59.452613830566406,19.997312545776367,48.56825637817383,64.2842025756836
2017-04-06,13.431714057922363,48.1433219909668,75.47505950927734,119.18000030517578,205.32115173339844,96.0394287109375,59.76797866821289,20.125123977661133,48.5774040222168,64.39691925048828
2017-04-07,13.466670036315918,48.11219787597656,75.42861938476562,119.45999908447266,205.11181640625,95.65113830566406,59.854007720947266,20.0399169921875,48.549957275390625,64.50962829589844
2017-04-10,13.571537971496582,48.05772399902344,75.42198181152344,119.45999908447266,205.2339630126953,96.09485626220703,60.226680755615234,19.98879623413086,48.458457946777344,64.38825225830078
2017-04-11,13.59775447845459,48.283409118652344,75.54806518554688,121.19000244140625,204.98974609375,97.00614929199219,60.64238357543945,19.929153442382812,48.27544403076172,64.30154418945312
2017-04-12,13.59775447845459,48.244503021240234,75.76709747314453,122.0199966430664,204.0915069580078,97.53707122802734,60.534881591796875,19.767269134521484,48.110748291015625,64.30154418945312
2017-04-13,13.641448020935059,47.933197021484375,75.73390197753906,122.5999984741211,202.76597595214844,97.83821105957031,60.398704528808594,19.511653900146484,47.91860580444336,64.13684844970703
2017-04-17,13.562799453735352,48.22893524169922,75.85334777832031,122.23999786376953,204.5624237060547,97.53707122802734,61.1297721862793,19.852466583251953,48.35779571533203,64.37091827392578
2017-04-18,13.51036548614502,48.011024475097656,75.99272155761719,122.81999969482422,203.9519805908203,98.81280517578125,61.29461669921875,19.66501808166504,48.34865188598633,63.66865539550781
2017-04-19,13.2744140625,47.81645965576172,75.77375030517578,121.7300033569336,203.5769805908203,98.27399444580078,61.2086181640625,19.605377197265625,48.31204605102539,63.859397888183594
2017-04-20,13.221981048583984,48.19780731201172,75.82683563232422,121.95999908447266,205.2339630126953,97.89366912841797,61.21577835083008,19.93767547607422,48.751251220703125,64.2582015991211
2017-04-21,13.090895652770996,48.22893524169922,76.01933288574219,122.30999755859375,204.57986450195312,97.89366912841797,60.99358367919922,19.733184814453125,48.650604248046875,63.87672805786133
2017-04-24,13.047203063964844,49.450801849365234,76.25157928466797,121.4800033569336,206.8298797607422,97.4102554321289,60.31986618041992,20.17624282836914,49.227046966552734,64.50962829589844
2017-04-25,13.10837459564209,49.801029205322266,76.05909729003906,120.25,208.03326416015625,96.2375259399414,60.570716857910156,20.35516929626465,49.4832649230957,64.78702545166016
2017-04-26,13.038463592529297,49.660945892333984,76.04582214355469,120.83999633789062,207.9024658203125,96.76846313476562,60.11918640136719,20.338130950927734,49.42835235595703,65.14250183105469
2017-04-27,12.96855354309082,49.7076301574707,76.2184066772461,120.38999938964844,208.07693481445312,96.7366943359375,59.96149444580078,20.24441146850586,49.62965393066406,65.28121948242188
2017-04-28,12.93359661102295,49.65315246582031,76.45732879638672,120.7699966430664,207.62344360351562,96.95069122314453,59.337955474853516,20.048442840576172,49.757755279541016,65.45458984375
2017-05-01,12.95981216430664,49.855499267578125,76.35340118408203,119.66999816894531,208.14666748046875,96.14474487304688,59.68913269042969,20.17624282836914,50.13290023803711,65.60197448730469
2017-05-02,12.819991111755371,50.112335205078125,76.62657928466797,119.6500015258789,208.22518920898438,96.63700866699219,59.588809967041016,20.150686264038086,50.24270248413086,65.7840347290039
2017-05-03,12.767556190490723,50.01116180419922,76.5333023071289,117.9800033569336,207.9722442626953,96.7005615234375,58.79322052001953,20.31257438659668,50.15119934082031,65.46326446533203
2017-05-04,12.461695671081543,50.485897064208984,76.1868667602539,116.79000091552734,208.21644592285156,96.22410583496094,58.506553649902344,20.346647262573242,50.114601135253906,65.89675903320312
2017-05-05,12.636472702026367,51.04624938964844,76.26676177978516,117.01000213623047,209.03614807128906,96.31143951416016,59.058414459228516,20.31257438659668,50.297603607177734,65.86205291748047
2017-05-08,12.584039688110352,50.66489791870117,76.06024932861328,116.75,209.0012969970703,95.78738403320312,58.64272689819336,20.2955322265625,50.5172004699707,65.45458984375
2017-05-09,12.522866249084473,50.54037857055664,75.98695373535156,116.05000305175781,208.8094482421875,95.77943420410156,58.32737731933594,20.21885108947754,50.58125686645508,65.5326156616211
2017-05-10,12.72386360168457,50.61820602416992,76.2068099975586,116.04000091552734,209.1844482421875,95.66822814941406,58.786067962646484,20.287010192871094,50.773406982421875,65.3418960571289
2017-05-11,12.77629566192627,50.493675231933594,76.33343505859375,116.5,208.75714111328125,95.66822814941406,58.492191314697266,20.159202575683594,50.709346771240234,65.37657165527344
2017-05-12,12.77629566192627,50.77385330200195,76.59990692138672,116.83000183105469,208.40830993652344,96.39089965820312,58.25569152832031,20.07400131225586,50.83744812011719,65.26386260986328
2017-05-15,12.846206665039062,51.03068542480469,76.65989685058594,117.13999938964844,209.55946350097656,96.1288070678711,58.42768478393555,20.227365493774414,51.12111282348633,65.68864440917969
2017-05-16,12.863686561584473,51.3575439453125,76.6732177734375,117.6500015258789,209.36756896972656,96.48615264892578,58.033504486083984,20.287010192871094,51.3590087890625,65.437255859375
2017-05-17,12.95107364654541,50.77385330200195,76.66653442382812,119.79000091552734,205.6525421142578,97.89166259765625,58.27001953125,19.64797592163086,49.95904541015625,64.5789794921875
2017-05-18,12.916118621826172,50.859466552734375,76.2734375,118.80999755859375,206.4810028076172,98.0027847290039,58.59254837036133,19.72466468811035,50.2518424987793,64.86505126953125
2017-05-19,13.169546127319336,51.4509391784668,76.56658935546875,119.4000015258789,207.82395935058594,98.23308563232422,58.907894134521484,19.89507293701172,50.54464340209961,65.04713439941406
2017-05-22,13.256937026977539,51.51321029663086,76.5333023071289,119.9000015258789,208.8792266845703,97.96307373046875,59.13726043701172,19.946197509765625,50.94724655151367,65.22049713134766
2017-05-23,13.213242530822754,51.5209846496582,76.57994079589844,119.13999938964844,209.34141540527344,97.30408477783203,59.187442779541016,20.099563598632812,51.03874969482422,65.437255859375
2017-05-24,13.187026023864746,51.55211639404297,76.87306213378906,119.61000061035156,209.82972717285156,97.85196685791016,59.667640686035156,20.091041564941406,51.249202728271484,65.60197448730469
2017-05-25,12.898640632629395,51.55211639404297,76.81314086914062,119.4800033569336,210.83262634277344,97.8836898803711,59.67481231689453,20.125123977661133,51.61520004272461,65.9140625
2017-05-26,12.994769096374512,51.40424346923828,76.9463882446289,120.54000091552734,210.7890625,98.05049896240234,59.244781494140625,20.11660385131836,51.58774948120117,65.79271697998047
2017-05-30,12.88990306854248,51.349769592285156,76.98636627197266,120.13999938964844,210.60589599609375,98.53483581542969,58.8720817565918,19.98027801513672,51.80735778808594,65.69732666015625
2017-05-31,12.750079154968262,51.41203308105469,77.03964233398438,120.62000274658203,210.5536346435547,98.78099060058594,58.907894134521484,19.809865951538086,51.724998474121094,65.95741271972656
2017-06-01,12.662689208984375,51.746681213378906,77.16938018798828,120.72000122070312,212.22799682617188,98.79135131835938,59.216129302978516,20.056961059570312,51.85309600830078,66.68565368652344
2017-06-02,12.601516723632812,52.3148193359375,77.59075927734375,121.61000061035156,212.93435668945312,99.96107482910156,59.82533264160156,19.98027801513672,52.32891082763672,67.11912536621094
2017-06-05,12.531607627868652,52.026851654052734,77.45701599121094,121.7300033569336,212.77740478515625,99.34038543701172,59.56731033325195,20.014358520507812,52.37465286254883,66.92841339111328
2017-06-06,12.618995666503906,51.878990173339844,77.61752319335938,123.0999984741211,212.09716796875,99.88147735595703,59.28059768676758,19.929153442382812,52.27401351928711,66.76371765136719
2017-06-07,12.444217681884766,51.894554138183594,77.55064392089844,122.44999694824219,212.4896240234375,99.404052734375,59.696319580078125,20.082523345947266,52.4387092590332,66.94573974609375
2017-06-08,12.444217681884766,51.8011589050293,77.43693542480469,121.6500015258789,212.59425354003906,99.14144134521484,59.552955627441406,20.31257438659668,52.557647705078125,66.75498962402344
2017-06-09,12.514128684997559,51.60659408569336,77.26973724365234,120.54000091552734,212.27159118652344,98.99028778076172,59.96867752075195,20.695987701416016,51.25835418701172,67.20581817626953
2017-06-12,12.40052318572998,51.41203308105469,77.26304626464844,120.36000061035156,212.22799682617188,98.95846557617188,60.506202697753906,20.738588333129883,50.9564094543457,67.11912536621094
2017-06-13,12.45295524597168,51.80894470214844,77.38341522216797,120.4800033569336,213.26573181152344,98.97434997558594,60.64238357543945,20.84935760498047,51.32240295410156,67.25784301757812
2017-06-14,12.234482765197754,51.770015716552734,77.55064392089844,119.81999969482422,212.9954071044922,100.502197265625,60.72838592529297,20.883438110351562,51.07535171508789,67.57859802246094
2017-06-15,12.286917686462402,51.233028411865234,77.30318450927734,119.31999969482422,212.58551025390625,100.3430404663086,61.03661346435547,20.798234939575195,50.846588134765625,67.50926971435547
2017-06-16,12.339349746704102,51.66885757446289,77.2964859008789,119.33999633789062,212.63197326660156,100.54196166992188,60.87890625,20.7751407623291,50.75749206542969,67.62068176269531
2017-06-19,12.260700225830078,51.878990173339844,77.21622467041016,118.43000030517578,214.40213012695312,100.39874267578125,60.886085510253906,20.988962173461914,51.51081848144531,68.32568359375
2017-06-20,12.13835620880127,51.46140670776367,76.85504150390625,118.18000030517578,212.9561767578125,101.29793548583984,60.74272155761719,20.809358596801758,51.097408294677734,68.55199432373047
2017-06-21,12.007270812988281,51.39814376831055,76.69451904296875,118.5199966430664,212.90367126464844,101.50479125976562,60.62089157104492,20.638290405273438,51.3822021484375,69.42237854003906
2017-06-22,12.024749755859375,51.390235900878906,76.86174774169922,118.91999816894531,212.8071746826172,101.72765350341797,60.678226470947266,20.509992599487305,51.40056228637695,70.14480590820312
2017-06-23,12.07718276977539,51.51677322387695,77.11587524414062,119.43000030517578,213.0614013671875,101.6799087524414,60.88875961303711,20.433021545410156,51.72211456298828,70.04035186767578
2017-06-26,12.103400230407715,51.60376739501953,77.25630950927734,118.36000061035156,213.20159912109375,102.06181335449219,61.32291030883789,20.544206619262695,51.44651412963867,69.97071075439453
2017-06-27,12.2432222366333,51.595855712890625,76.85504150390625,118.80999755859375,211.48402404785156,100.9716567993164,60.773014068603516,20.646841049194336,50.601322174072266,69.33534240722656
2017-06-28,12.321873664855957,52.046653747558594,76.9420166015625,118.9000015258789,213.3768310546875,100.63745880126953,60.91773986816406,20.971858978271484,51.23520278930664,69.7009048461914
2017-06-29,12.374305725097656,51.532596588134766,76.580810546875,118.31999969482422,211.5015106201172,99.79403686523438,60.22310256958008,21.117252349853516,50.31651306152344,69.06553649902344
2017-06-30,12.627734184265137,51.56422424316406,76.48719787597656,118.0199966430664,211.89584350585938,99.56317901611328,60.22310256958008,21.100149154663086,50.27058029174805,68.96977996826172
2017-07-03,12.758818626403809,51.50096130371094,76.24080657958984,116.08999633789062,212.255126953125,99.24264526367188,60.9901008605957,21.40806007385254,49.921485900878906,69.09162902832031
2017-07-05,12.56656265258789,51.50096130371094,76.17367553710938,116.5199966430664,212.74588012695312,99.26659393310547,60.129032135009766,21.4422664642334,50.41756820678711,69.5007095336914
2017-07-06,12.575301170349121,51.271610260009766,75.75736999511719,116.47000122070312,210.80044555664062,98.44525146484375,59.000267028808594,21.279762268066406,49.95823287963867,68.60420989990234
2017-07-07,12.45295524597168,51.279510498046875,75.80435180664062,115.27999877929688,212.1675567626953,97.85517883300781,59.33308410644531,21.425161361694336,50.537010192871094,68.95236206054688
2017-07-10,12.505390167236328,51.40604782104492,76.14005279541016,115.47000122070312,212.39535522460938,97.99873352050781,58.79042053222656,21.399505615234375,50.904476165771484,68.82182312011719
2017-07-11,12.627734184265137,51.52467727661133,76.21395874023438,115.62000274658203,212.2376251220703,98.16618347167969,58.725337982177734,21.211345672607422,51.01472091674805,68.74346160888672
2017-07-12,12.56656265258789,51.9359245300293,76.66380310058594,116.02999877929688,213.83253479003906,98.84397888183594,59.44887924194336,21.279762268066406,51.676177978515625,69.21347045898438
2017-07-13,12.557823181152344,52.08618927001953,76.67047119140625,115.81999969482422,214.1918182373047,98.22200775146484,59.5429573059082,21.40806007385254,51.7772331237793,69.2744140625
2017-07-14,12.69764518737793,52.44999313354492,76.86522674560547,116.7699966430664,215.19082641601562,98.34162139892578,60.11455535888672,21.313976287841797,52.2365837097168,69.74442291259766
2017-07-17,12.653950691223145,52.34718704223633,76.89208221435547,117.29000091552734,215.1645050048828,98.61272430419922,60.599342346191406,21.24555015563965,52.245758056640625,69.49201202392578
2017-07-18,12.706384658813477,52.39463424682617,77.1136245727539,118.11000061035156,215.27845764160156,99.47386932373047,60.46913146972656,21.211345672607422,52.48462677001953,69.54424285888672
2017-07-19,12.819991111755371,52.623985290527344,77.200927734375,118.08000183105469,216.4440460205078,99.51376342773438,60.92499542236328,21.219892501831055,52.751041412353516,70.10999298095703
2017-07-20,12.802512168884277,52.8375129699707,77.22779846191406,118.23999786376953,216.5404052734375,99.80085754394531,60.64277267456055,21.211345672607422,52.86128234863281,70.57129669189453
2017-07-21,12.627734184265137,52.63188171386719,77.40909576416016,119.26000213623047,216.34759521484375,100.22344207763672,60.599342346191406,21.211345672607422,52.79698181152344,70.49295806884766
2017-07-24,12.653950691223145,52.48954391479492,77.25462341308594,119.30999755859375,216.2950439453125,99.8327407836914,60.48359680175781,21.3054256439209,52.925594329833984,70.46683502197266
2017-07-25,12.793774604797363,52.560707092285156,77.02633666992188,118.91999816894531,216.82083129882812,98.53300476074219,60.56318664550781,21.570560455322266,52.82453918457031,69.9620361328125
2017-07-26,12.916118621826172,52.88496780395508,77.4426498413086,119.87999725341797,216.82958984375,98.69245147705078,60.98285675048828,21.425161361694336,53.02665328979492,69.72699737548828
2017-07-27,12.994769096374512,52.76633834838867,77.32848358154297,119.79000091552734,216.6280059814453,98.2060546875,61.055213928222656,21.3054256439209,52.82453918457031,69.248291015625
2017-07-28,13.064680099487305,52.821693420410156,77.32848358154297,120.69000244140625,216.37387084960938,98.78816986083984,60.88875961303711,21.3054256439209,52.769405364990234,69.59647369384766
2017-07-31,13.143330574035645,52.93241882324219,77.38896179199219,120.75,216.2511749267578,98.90774536132812,60.96839141845703,21.459373474121094,52.51218032836914,69.5355224609375
2017-08-01,12.994769096374512,53.22502899169922,77.47927856445312,120.6500015258789,216.7332305908203,99.6021957397461,61.24333953857422,21.613330841064453,52.77859878540039,69.37884521484375
2017-08-02,13.02098560333252,53.24876022338867,77.58708953857422,120.4000015258789,216.83839416503906,99.65813446044922,60.68619918823242,21.647541046142578,52.925594329833984,69.22216033935547
2017-08-03,12.924857139587402,53.28040313720703,77.85671997070312,120.58999633789062,216.417724609375,100.68894958496094,60.56318664550781,21.570560455322266,52.80615997314453,69.33534240722656
2017-08-04,12.95107364654541,53.35157775878906,77.67475891113281,119.6500015258789,216.81204223632812,99.83394622802734,60.76578140258789,21.71596336364746,52.925594329833984,69.17865753173828
2017-08-07,12.977291107177734,53.37530517578125,77.8162841796875,119.51000213623047,217.21514892578125,99.9458236694336,60.7006721496582,21.68174934387207,53.24713134765625,69.32662200927734
2017-08-08,12.986029624938965,53.0905876159668,77.65449523925781,119.86000061035156,216.68060302734375,99.58621215820312,60.41122817993164,21.621883392333984,53.173648834228516,69.00459289550781
2017-08-09,13.073419570922852,53.00358581542969,77.68148803710938,121.30999755859375,216.6718292236328,100.12962341308594,60.20863723754883,21.621883392333984,53.14607620239258,69.08292388916016
2017-08-10,12.87242317199707,52.25227737426758,77.35794067382812,122.20999908447266,213.6134490966797,100.98463439941406,59.77449035644531,21.236997604370117,52.098777770996094,68.22122192382812
2017-08-11,12.916118621826172,52.157371520996094,77.4994888305664,122.79000091552734,213.92892456054688,101.03257751464844,59.40547180175781,21.15146827697754,52.45705795288086,68.4127197265625
2017-08-14,12.802512168884277,52.536991119384766,77.67475891113281,121.91999816894531,216.0496368408203,100.51315307617188,60.39677047729492,21.4422664642334,53.293060302734375,68.87400817871094
2017-08-15,12.741340637207031,52.4974365234375,77.69498443603516,120.9800033569336,216.0233612060547,100.08967590332031,60.21586990356445,21.459373474121094,53.3757438659668,68.87400817871094
2017-08-16,12.706384658813477,52.79796600341797,77.76237487792969,121.87000274658203,216.40017700195312,100.45723724365234,60.45465087890625,21.41661262512207,53.53193283081055,69.06553649902344
2017-08-17,12.741340637207031,52.2048225402832,77.69498443603516,122.48999786376953,213.02633666992188,101.20841979980469,60.07837677001953,21.048828125,52.48462677001953,68.20384216308594
2017-08-18,12.96855354309082,52.34718704223633,77.89048767089844,122.30000305175781,212.69334411621094,101.1844482421875,59.47057342529297,21.05738639831543,52.42951202392578,67.8904800415039
2017-08-21,12.811250686645508,52.331356048583984,77.96459197998047,122.76000213623047,212.85977172851562,101.43217468261719,60.107337951660156,20.997516632080078,52.41111755371094,68.19514465332031
2017-08-22,12.846206665039062,52.584442138671875,77.9915542602539,122.20999908447266,215.08567810058594,101.04063415527344,59.933677673339844,21.228443145751953,53.19200134277344,69.02200317382812
2017-08-23,12.95981216430664,52.592342376708984,78.16009521484375,122.66999816894531,214.3144989013672,101.72785186767578,60.54872131347656,21.16002082824707,53.063392639160156,68.49976348876953
2017-08-24,12.95107364654541,52.473716735839844,78.240966796875,122.29000091552734,213.8150634765625,101.35225677490234,60.360572814941406,21.16002082824707,53.017459869384766,68.699951171875
2017-08-25,12.924857139587402,52.790061950683594,78.44993591308594,122.73999786376953,214.3144989013672,101.7438735961914,60.6500358581543,21.219892501831055,53.00827407836914,68.71735382080078
2017-08-28,12.93359661102295,52.790061950683594,78.32862091064453,124.69000244140625,214.32325744628906,101.67992401123047,60.18691635131836,21.08304786682129,53.10932540893555,69.08292388916016
2017-08-29,12.93359661102295,52.5765266418457,78.37577056884766,124.41999816894531,214.56866455078125,102.00752258300781,60.121795654296875,21.014625549316406,53.3390007019043,69.21347045898438
2017-08-30,12.837468147277832,52.505348205566406,78.63191986083984,124.36000061035156,215.5851593017578,101.9755630493164,60.461883544921875,21.100149154663086,53.724853515625,69.57035827636719
2017-08-31,13.19576358795166,52.908695220947266,78.92852020263672,125.81999969482422,216.88214111328125,102.27925109863281,60.8092155456543,21.125812530517578,54.046390533447266,70.75408172607422
2017-09-01,13.213242530822754,52.97987365722656,78.85478973388672,126.05999755859375,217.18885803222656,101.4969253540039,61.019039154052734,21.185686111450195,54.000457763671875,70.70185852050781
2017-09-05,13.239458084106445,52.623985290527344,79.11871337890625,127.45999908447266,215.6290283203125,103.10638427734375,60.852603912353516,20.732372283935547,53.52273941040039,70.39720153808594
2017-09-06,13.370542526245117,52.9482307434082,78.96981811523438,126.80999755859375,216.36514282226562,102.47379302978516,61.011817932128906,20.78369140625,53.56867599487305,70.73668670654297
2017-09-07,13.361804008483887,53.383209228515625,79.27437591552734,128.1300048828125,216.33885192871094,103.5228042602539,61.40251922607422,20.42446517944336,53.752410888671875,71.52001953125
2017-09-08,13.213242530822754,53.391117095947266,79.34874725341797,127.97000122070312,216.08473205566406,103.29859161376953,61.45317077636719,20.612632751464844,53.31143569946289,71.8420639038086
2017-09-11,13.239458084106445,53.810272216796875,79.21343231201172,126.19000244140625,218.38946533203125,102.06544494628906,62.01758575439453,20.971858978271484,54.06474685668945,72.39911651611328
2017-09-12,13.2744140625,53.97636032104492,79.05101013183594,126.55999755859375,219.12557983398438,101.52894592285156,61.286766052246094,21.219892501831055,54.19337844848633,72.55580139160156
2017-09-13,13.335586547851562,53.68373107910156,79.05101013183594,125.61000061035156,219.2307586669922,101.1285400390625,61.12758255004883,21.25411033630371,54.11989212036133,72.28596496582031
2017-09-14,13.34432601928711,53.778648376464844,79.10514068603516,126.16000366210938,219.16061401367188,101.54492950439453,61.63406753540039,21.211345672607422,53.93614959716797,72.38170623779297
2017-09-15,13.405497550964355,53.82609558105469,79.21343231201172,125.52999877929688,219.45559692382812,101.58492279052734,61.74983596801758,21.27404022216797,54.15650939941406,72.15019989013672
2017-09-18,13.388019561767578,53.897274017333984,79.05777740478516,124.36000061035156,219.92239379882812,101.00040435791016,61.41701126098633,21.52311134338379,54.20260238647461,72.1327133178711
2017-09-19,13.361804008483887,54.150352478027344,78.94276428222656,124.62000274658203,220.1425323486328,100.75218963623047,61.011817932128906,21.686296463012695,54.442298889160156,71.56488800048828
2017-09-20,13.475409507751465,54.03171157836914,78.43522644042969,123.62000274658203,220.2218475341797,100.82423400878906,60.845375061035156,21.815122604370117,54.22104263305664,71.6347885131836
2017-09-21,13.42297649383545,53.92099380493164,78.65852355957031,122.68000030517578,219.63177490234375,100.76815795898438,60.729610443115234,21.866657257080078,53.92601013183594,71.26788330078125
2017-09-22,13.475409507751465,54.08707809448242,78.7938461303711,123.23999786376953,219.67579650878906,101.05647277832031,60.30121612548828,21.84088897705078,53.95366668701172,71.26788330078125
2017-09-25,13.702621459960938,53.778648376464844,78.71940612792969,124.52999877929688,219.2266845703125,101.6890869140625,60.6521110534668,21.815122604370117,53.31751251220703,71.05819702148438
2017-09-26,13.580276489257812,53.660011291503906,78.6923599243164,123.13999938964844,219.3587646484375,101.50491333007812,60.75446701049805,21.806528091430664,53.5111198425293,70.94462585449219
2017-09-27,13.527841567993164,53.699562072753906,78.36079406738281,121.9800033569336,220.21302795410156,99.97544860839844,60.20621871948242,22.07278060913086,54.055084228515625,70.91842651367188
2017-09-28,13.527841567993164,53.8419189453125,78.52318572998047,122.20999908447266,220.4772186279297,99.67918395996094,60.61556625366211,22.107133865356445,54.119625091552734,70.9795913696289
2017-09-29,13.457932472229004,54.158260345458984,78.78032684326172,121.58000183105469,221.252197265625,99.90339660644531,60.739837646484375,22.210203170776367,54.48841094970703,71.39891815185547
2017-10-02,13.34432601928711,54.11080551147461,78.70699310302734,120.7699966430664,222.21218872070312,99.72045135498047,60.6521110534668,22.399152755737305,54.57139205932617,72.12400817871094
2017-10-03,13.353063583374023,54.292701721191406,78.68656921386719,120.83000183105469,222.6876983642578,99.8167495727539,60.564395904541016,22.476449966430664,54.700462341308594,72.10653686523438
2017-10-04,13.370542526245117,54.18988800048828,78.74771118164062,121.16999816894531,222.9519500732422,99.82476043701172,60.87141036987305,22.373376846313477,54.66358947753906,72.45597839355469
2017-10-05,13.51910400390625,54.158260345458984,78.78848266601562,120.5199966430664,224.27293395996094,99.44761657714844,61.09072494506836,22.60527801513672,55.18910598754883,72.50838470458984
2017-10-06,13.309370040893555,54.118717193603516,78.59147644042969,121.08999633789062,224.0175323486328,99.1667709350586,60.893341064453125,22.631040573120117,55.272090911865234,72.41228485107422
2017-10-09,13.318108558654785,54.134521484375,78.48278045654297,122.08000183105469,223.64764404296875,99.47969818115234,61.03955841064453,22.54515838623047,55.410369873046875,71.95801544189453
2017-10-10,13.475409507751465,54.64858627319336,78.62548065185547,122.4000015258789,224.23768615722656,99.64016723632812,61.222312927246094,22.648216247558594,55.4656982421875,72.12400817871094
2017-10-11,13.501626014709473,54.78302001953125,78.7137680053711,122.79000091552734,224.58998107910156,99.83277893066406,61.426998138427734,22.60527801513672,55.650089263916016,72.26377868652344
2017-10-12,13.484148979187012,54.7355842590332,78.86320495605469,122.88999938964844,224.2553253173828,100.25800323486328,61.821739196777344,22.433507919311523,55.51179122924805,72.18513488769531
2017-10-13,13.615232467651367,55.02028274536133,79.0874252319336,123.81999969482422,224.52835083007812,100.98016357421875,61.98255920410156,22.442094802856445,55.77915573120117,72.00167846679688
2017-10-16,13.650187492370605,54.980751037597656,78.94473266601562,122.97000122070312,224.8277587890625,100.90794372558594,61.675533294677734,22.58810043334961,55.98200988769531,71.68718719482422
2017-10-17,13.632710456848145,54.838382720947266,78.9854736328125,122.12999725341797,224.98629760742188,101.03636932373047,61.74866485595703,22.476449966430664,55.98200988769531,72.64816284179688
2017-10-18,13.623970985412598,54.99656295776367,78.99905395507812,121.66999816894531,225.2064208984375,100.37037658691406,61.682857513427734,22.5966854095459,56.12029266357422,72.75298309326172
2017-10-19,13.562799453735352,54.909576416015625,79.0874252319336,122.38999938964844,225.26808166503906,100.54692840576172,61.50008773803711,22.613862991333008,55.9543342590332,73.19851684570312
2017-10-20,13.632710456848145,54.838382720947266,78.82926940917969,121.61000061035156,226.4305419921875,99.47969818115234,61.14919662475586,22.880109786987305,56.33234786987305,73.2771224975586
2017-10-23,13.632710456848145,54.719764709472656,78.76129150390625,121.80000305175781,225.5498809814453,99.6562728881836,60.9152946472168,22.862937927246094,56.064971923828125,73.09368133544922
2017-10-24,13.77253246307373,54.80677032470703,78.65940856933594,121.33000183105469,225.94622802734375,99.03839111328125,60.54977798461914,23.0261173248291,56.221717834472656,72.60448455810547
2017-10-25,13.790009498596191,54.593223571777344,78.52357482910156,121.3499984741211,224.8277587890625,98.56499481201172,60.37433624267578,22.888704299926758,55.91745376586914,72.49966430664062
2017-10-26,13.851183891296387,54.58531951904297,78.29256439208984,120.33000183105469,225.1183624267578,98.23601531982422,59.87724304199219,23.017526626586914,56.14795684814453,71.77455139160156
2017-10-27,13.921093940734863,54.71186065673828,78.66622924804688,120.9000015258789,226.95896911621094,98.88595581054688,60.14773178100586,23.000349044799805,57.65998840332031,71.75708770751953
2017-10-30,13.956049919128418,54.838382720947266,78.89717864990234,121.12999725341797,226.1136016845703,99.83277893066406,60.0965461730957,22.9058780670166,57.789058685302734,70.98831939697266
2017-10-31,13.991006851196289,55.067745208740234,78.971923828125,120.66999816894531,226.46578979492188,99.86483764648438,60.08921813964844,22.84575653076172,58.03799057006836,70.8572998046875
2017-11-01,13.999744415283203,55.12310791015625,78.98895263671875,121.11000061035156,226.7652587890625,100.30952453613281,60.381649017333984,22.880109786987305,58.04719924926758,71.031982421875
2017-11-02,14.087133407592773,55.28919219970703,79.20718383789062,121.19000244140625,226.85328674316406,100.75177001953125,60.893341064453125,23.094829559326172,58.074867248535156,70.70880889892578
2017-11-03,14.174522399902344,55.202186584472656,78.70935821533203,120.62000274658203,227.6107177734375,101.02513122558594,60.739837646484375,23.000349044799805,58.535865783691406,71.2940902709961
2017-11-06,14.445429801940918,55.28127670288086,78.60023498535156,121.6500015258789,227.9629669189453,101.403076171875,61.14919662475586,22.974586486816406,58.66493225097656,71.07569885253906
2017-11-07,14.358041763305664,55.07566452026367,78.18428802490234,121.20999908447266,227.804443359375,101.8292465209961,61.64630126953125,22.656810760498047,58.69259262084961,71.22420501708984
2017-11-08,14.331822395324707,55.25755310058594,78.150146484375,121.62999725341797,228.19195556640625,101.60406494140625,61.95332336425781,22.54515838623047,59.01528549194336,71.39020538330078
2017-11-09,14.358041763305664,54.94120407104492,77.98650360107422,122.12999725341797,227.36410522460938,101.31462860107422,62.01911544799805,22.467864990234375,58.545082092285156,71.39891815185547
2017-11-10,14.331822395324707,54.79094314575195,78.04786682128906,121.12999725341797,227.2936553955078,99.78690338134766,62.08491897583008,22.399152755737305,58.545082092285156,70.9358901977539
2017-11-13,14.288130760192871,54.56159591674805,78.13651275634766,121.30999755859375,227.5050048828125,99.99593353271484,62.39924240112305,22.433507919311523,58.52663040161133,71.00579071044922
2017-11-14,14.095871925354004,54.522056579589844,78.07516479492188,121.55999755859375,226.9766082763672,100.67134094238281,62.267669677734375,22.42491340637207,58.40678405761719,70.71749877929688
2017-11-15,14.078394889831543,54.261077880859375,78.12970733642578,121.41000366210938,225.8405303955078,101.76493835449219,61.63898468017578,22.485036849975586,57.97344970703125,70.51658630371094
2017-11-16,14.034699440002441,54.69603729248047,78.44339752197266,121.4000015258789,227.76039123535156,100.88042449951172,62.15071105957031,22.49362564086914,58.784786224365234,71.25039672851562
2017-11-17,14.261911392211914,54.49832534790039,78.58660888671875,122.86000061035156,227.091064453125,101.62822723388672,61.88020706176758,22.467864990234375,58.40678405761719,70.97086334228516
2017-11-20,14.148305892944336,54.616947174072266,78.566162109375,121.30999755859375,227.47862243652344,101.58805084228516,61.69747543334961,22.570919036865234,58.62805938720703,70.67383575439453
2017-11-21,14.24443244934082,55.0282096862793,78.6752700805664,121.51000213623047,228.9669189453125,101.90966796875,62.15798568725586,22.639638900756836,59.24578094482422,71.2940902709961
2017-11-22,14.323083877563477,55.17845916748047,79.00941467285156,122.62999725341797,228.76437377929688,102.23932647705078,62.01911544799805,22.52797508239746,59.135135650634766,71.26788330078125
2017-11-24,14.366780281066895,55.62925338745117,78.98213195800781,122.31999969482422,229.2927703857422,101.9578857421875,62.09952163696289,22.51938819885254,59.467041015625,71.433837890625
2017-11-27,14.34056282043457,55.29710006713867,79.0162353515625,122.83000183105469,229.1782989501953,101.81314849853516,61.80711364746094,22.50221061706543,59.467041015625,71.49500274658203
2017-11-28,14.279389381408691,55.613441467285156,79.12535095214844,122.80999755859375,231.50326538085938,101.94982147216797,61.573204040527344,23.08623695373535,59.66067123413086,72.0191650390625
2017-11-29,14.18326187133789,55.39200210571289,78.83893585205078,122.04000091552734,231.36239624023438,100.94473266601562,61.59514236450195,23.48131561279297,58.34223937988281,72.37732696533203
2017-11-30,14.122089385986328,55.44736099243164,78.75709533691406,121.0999984741211,233.38787841796875,100.60700988769531,61.69015121459961,23.635913848876953,58.858543395996094,72.91898345947266
2017-12-01,14.24443244934082,55.22591781616211,79.0165786743164,121.58999633789062,232.903564453125,101.96466827392578,61.83638000488281,23.687440872192383,58.554298400878906,72.77046966552734
2017-12-04,14.069656372070312,55.0282096862793,79.06449890136719,121.18000030517578,232.6217498779297,102.01305389404297,61.52934646606445,24.048166275024414,57.61388397216797,71.87938690185547
2017-12-05,14.069656372070312,54.909576416015625,79.17401123046875,120.31999969482422,231.78514099121094,102.5206069946289,61.01762390136719,23.919336318969727,57.632320404052734,71.75708770751953
2017-12-06,13.83370590209961,54.79884338378906,79.24243927001953,120.06999969482422,231.82911682128906,102.87516021728516,60.95913314819336,23.833452224731445,58.00111389160156,71.69593811035156
2017-12-07,13.877399444580078,54.94120407104492,79.07817077636719,118.48999786376953,232.56007385253906,102.06938934326172,61.112648010253906,23.910751342773438,58.36067581176758,71.71341705322266
2017-12-08,13.947310447692871,55.233829498291016,79.0918197631836,118.4800033569336,233.8283233642578,102.07752227783203,61.426998138427734,24.0567569732666,58.637271881103516,72.51710510253906
2017-12-11,13.982266426086426,55.37617874145508,79.05078125,118.01000213623047,234.5328369140625,101.86799621582031,61.41967010498047,23.996631622314453,59.14435958862305,72.8228759765625
2017-12-12,13.859922409057617,55.44736099243164,79.07817077636719,118.1500015258789,234.94674682617188,101.82770538330078,61.71940231323242,24.23711585998535,59.12592315673828,73.11115264892578
2017-12-13,13.798748970031738,55.660884857177734,79.3040542602539,119.16999816894531,234.92031860351562,102.59317016601562,61.821739196777344,23.936513900756836,59.14435958862305,73.36451721191406
2017-12-14,13.84244441986084,55.35245132446289,79.34516906738281,118.93000030517578,233.96038818359375,103.02823638916016,61.80711364746094,23.78191375732422,59.07060241699219,72.62195587158203
2017-12-15,13.84244441986084,55.33663558959961,79.44783782958984,119.18000030517578,235.90870666503906,103.41497802734375,62.194541931152344,23.995901107788086,59.74429702758789,73.42096710205078
2017-12-18,13.903615951538086,55.99305725097656,79.530029296875,119.7300033569336,237.40460205078125,102.47227478027344,62.60393524169922,24.211618423461914,60.27177429199219,73.44730377197266
2017-12-19,14.00848388671875,55.78764343261719,79.35883331298828,119.81999969482422,236.49285888671875,101.14281463623047,61.27348327636719,24.108074188232422,59.9015998840332,73.35958099365234
2017-12-20,14.087133407592773,55.691734313964844,79.23563385009766,120.13999938964844,236.36892700195312,100.02289581298828,60.564395904541016,24.0649356842041,59.883113861083984,73.1227798461914
2017-12-21,14.095871925354004,55.89154052734375,79.22942352294922,120.30999755859375,236.85572814941406,100.6058578491211,60.32981872558594,24.272018432617188,59.76280212402344,72.95612335205078
2017-12-22,14.157045364379883,56.03541946411133,79.49044036865234,120.94000244140625,236.79385375976562,100.74312591552734,60.745521545410156,24.202987670898438,59.72578430175781,72.71929168701172
2017-12-26,14.366780281066895,56.01941680908203,79.53163146972656,121.7699966430664,236.5105743408203,101.04188537597656,61.049896240234375,24.13396453857422,59.32785415649414,72.7368392944336
2017-12-27,14.401734352111816,56.123329162597656,79.60716247558594,122.2300033569336,236.62567138671875,102.35796356201172,61.25031280517578,24.159847259521484,59.39263916015625,72.85966491699219
2017-12-28,14.47164535522461,56.155303955078125,79.6346664428711,122.8499984741211,237.11248779296875,102.26915740966797,61.57693862915039,24.2547607421875,59.49443817138672,72.96489715576172
2017-12-29,14.515340805053711,56.19525909423828,79.73767852783203,123.6500015258789,236.21847534179688,102.4306411743164,61.59921646118164,24.082191467285156,59.17979049682617,72.517578125
2018-01-02,14.585250854492188,56.61087417602539,79.9437484741211,125.1500015258789,237.90914916992188,101.32444763183594,61.36909103393555,24.0908203125,59.910858154296875,73.33325958251953
2018-01-03,14.67264461517334,56.88262176513672,79.90937805175781,124.81999969482422,239.4138946533203,101.80890655517578,61.19095230102539,24.220243453979492,60.410587310791016,74.03492736816406
2018-01-04,14.655163764953613,57.50603485107422,80.11542510986328,125.45999908447266,240.4230499267578,101.79275512695312,60.13682556152344,24.444583892822266,60.715965270996094,74.14019012451172
2018-01-05,14.602728843688965,57.82573699951172,80.16349029541016,125.33000183105469,242.02520751953125,101.5020751953125,60.166526794433594,24.51361656188965,61.354488372802734,74.77167510986328
2018-01-08,14.593990325927734,57.80975341796875,80.01927185058594,125.30999755859375,242.4677734375,101.43746185302734,60.4782829284668,24.479097366333008,61.58586120605469,74.49978637695312
2018-01-09,14.690117835998535,57.873695373535156,79.77202606201172,124.7300033569336,243.01657104492188,100.08098602294922,59.698814392089844,24.668928146362305,61.42852020263672,75.37687683105469
2018-01-10,14.742551803588867,57.76178741455078,79.53851318359375,125.02999877929688,242.64483642578125,99.95986938476562,59.030731201171875,24.876014709472656,61.21569061279297,75.24531555175781
2018-01-11,14.733814239501953,58.161407470703125,79.64149475097656,125.44000244140625,244.41526794433594,100.37166595458984,58.83030700683594,24.99681282043457,61.465545654296875,75.56983947753906
2018-01-12,14.829940795898438,58.74488067626953,79.75828552246094,126.95999908447266,246.0085906982422,100.54125213623047,58.35519027709961,25.221153259277344,61.82644271850586,76.1487045288086
2018-01-16,14.760029792785645,58.68891906738281,79.76515197753906,127.16999816894531,245.1675567626953,100.96107482910156,58.46656036376953,25.152122497558594,61.58586120605469,76.52584075927734
2018-01-17,14.777507781982422,58.99263381958008,79.7857666015625,126.13999938964844,247.50442504882812,100.82383728027344,58.874839782714844,25.341957092285156,62.51126480102539,77.2625961303711
2018-01-18,14.777507781982422,58.92070388793945,79.60033416748047,125.86000061035156,247.0885009765625,99.88720703125,58.117652893066406,25.30743980407715,62.6223258972168,77.2801742553711
2018-01-19,14.75129222869873,59.248409271240234,79.37367248535156,126.41999816894531,248.21263122558594,99.36241149902344,58.42942810058594,25.4886417388916,62.74260711669922,77.5696029663086
2018-01-22,14.786248207092285,59.552120208740234,79.38741302490234,126.6500015258789,250.23085021972656,99.45928192138672,58.96390151977539,25.695724487304688,63.353355407714844,78.07829284667969
2018-01-23,14.89111328125,59.743934631347656,79.53851318359375,127.27999877929688,250.76193237304688,99.88720703125,59.780487060546875,25.721609115600586,63.631011962890625,77.701171875
2018-01-24,15.048412322998047,59.847835540771484,79.4217758178711,128.8300018310547,250.66453552246094,99.34626007080078,59.46871566772461,25.89417839050293,63.140541076660156,77.92920684814453
2018-01-25,14.961027145385742,59.61605453491211,79.53163146972656,127.97000122070312,250.7707061767578,100.1617660522461,59.36479187011719,25.8424072265625,63.02949905395508,78.59579467773438
2018-01-26,15.074629783630371,60.14357376098633,79.68274688720703,128.07000732421875,253.67410278320312,99.79033660888672,59.15692138671875,26.032230377197266,64.02892303466797,80.2885513305664
2018-01-29,15.030937194824219,59.592071533203125,79.25006866455078,127.3499984741211,251.99240112304688,99.09599304199219,58.36264419555664,25.928693771362305,63.44593811035156,80.06930541992188
2018-01-30,14.926069259643555,59.0965461730957,79.11270904541016,126.80000305175781,249.40762329101562,98.51460266113281,57.93949890136719,25.592178344726562,62.872169494628906,78.38529968261719
2018-01-31,14.943549156188965,59.0166015625,79.22942352294922,127.6500015258789,249.53147888183594,99.09599304199219,58.978755950927734,25.661211013793945,63.3441162109375,77.2713851928711
2018-02-01,15.092110633850098,59.18445587158203,79.19503021240234,128.07000732421875,249.24826049804688,97.65977478027344,57.70936584472656,25.902803421020508,63.399662017822266,77.29772186279297
2018-02-02,14.847417831420898,57.98557662963867,78.58210754394531,126.38999938964844,243.82212829589844,96.75358581542969,57.21942901611328,25.333322525024414,61.521087646484375,76.21009063720703
2018-02-05,14.707596778869629,55.55586624145508,78.13447570800781,126.70999908447266,233.6248779296875,97.6678466796875,55.51947784423828,24.056299209594727,58.94845199584961,72.83332824707031
2018-02-06,14.620206832885742,56.65082550048828,78.27911376953125,125.37999725341797,238.22779846191406,97.06098937988281,55.52688217163086,24.496353149414062,60.64192581176758,73.64026641845703
2018-02-07,14.454168319702148,56.051395416259766,78.14138793945312,124.79000091552734,236.93551635742188,96.138671875,55.28933334350586,24.51361656188965,59.86460876464844,73.55252075195312
2018-02-08,14.3056058883667,54.58877944946289,77.2599105834961,124.9800033569336,228.04830932617188,96.03343200683594,53.70073699951172,23.43505096435547,57.38449478149414,71.00021362304688
2018-02-09,14.095871925354004,54.82054901123047,77.03264617919922,124.7699966430664,231.47389221191406,95.42662048339844,55.04438018798828,23.883729934692383,58.7911262512207,72.00885772705078
2018-02-12,14.18326187133789,55.6597785949707,77.15656280517578,125.37000274658203,234.87295532226562,95.84735870361328,55.06664276123047,24.220243453979492,59.84608840942383,72.6842269897461
2018-02-13,14.209479331970215,55.49192810058594,76.87423706054688,126.08000183105469,235.45724487304688,96.27617645263672,55.452640533447266,24.32379150390625,59.99415969848633,72.7368392944336
2018-02-14,14.42795181274414,56.475006103515625,76.70211029052734,128.22999572753906,238.635009765625,95.20813751220703,55.051795959472656,24.901901245117188,61.095394134521484,73.56128692626953
2018-02-15,14.454168319702148,56.82666778564453,77.20479583740234,128.3800048828125,241.67999267578125,95.53182220458984,55.58627700805664,25.039955139160156,62.26138687133789,74.37699127197266
2018-02-16,14.480382919311523,57.082435607910156,77.71441650390625,127.95999908447266,241.750732421875,96.04966735839844,55.890625,25.00543785095215,62.168853759765625,74.91204071044922
2018-02-20,14.524081230163574,56.546932220458984,77.20479583740234,126.23999786376953,240.23716735839844,95.62890625,55.22995376586914,24.927783966064453,62.22438430786133,74.0875473022461
2018-02-21,14.506600379943848,56.27519989013672,76.93624114990234,125.66000366210938,239.04220581054688,94.45569610595703,54.13870620727539,24.962299346923828,61.82644271850586,73.78058624267578
2018-02-22,14.637686729431152,56.57090377807617,77.01886749267578,126.30000305175781,239.3520050048828,94.73887634277344,54.75486755371094,24.755216598510742,61.90050506591797,73.66654205322266
2018-02-23,14.733814239501953,57.01847839355469,77.59732055664062,126.13999938964844,243.1670684814453,95.580322265625,55.630821228027344,25.126235961914062,63.19606399536133,74.84185028076172
2018-02-26,14.812463760375977,57.553985595703125,77.8108139038086,126.44999694824219,245.9907684326172,95.61272430419922,55.78670120239258,25.505895614624023,64.18626403808594,75.78912353515625
2018-02-27,14.663902282714844,56.69878387451172,77.66617584228516,125.12999725341797,242.91928100585938,95.47517395019531,54.48762512207031,25.264293670654297,63.538455963134766,74.99974822998047
2018-02-28,14.506600379943848,56.163291931152344,77.50096893310547,125.0,240.4584197998047,96.08202362060547,54.45050811767578,24.910526275634766,63.084999084472656,73.7981185913086
2018-03-01,14.532816886901855,55.22016525268555,77.21769714355469,124.72000122070312,236.96200561523438,96.73789978027344,54.50245666503906,24.479097366333008,62.03931427001953,72.6228256225586
2018-03-02,14.532816886901855,55.48393249511719,77.48021697998047,125.38999938964844,238.18359375,95.95145416259766,54.48019790649414,24.53949737548828,62.631561279296875,73.35958099365234
2018-03-05,14.620206832885742,55.7796516418457,77.36278533935547,125.18000030517578,240.9364013671875,95.69200134277344,55.096351623535156,24.884641647338867,63.27008819580078,74.02617645263672
2018-03-06,14.67264461517334,56.10734176635742,77.48021697998047,126.52999877929688,241.5472412109375,95.78123474121094,55.356163024902344,24.988183975219727,63.40890884399414,73.92091369628906
2018-03-07,14.515340805053711,56.09135437011719,77.3973159790039,125.72000122070312,241.45870971679688,95.6758041381836,55.697628021240234,24.94504737854004,63.760562896728516,74.29806518554688
2018-03-08,14.42795181274414,56.21125030517578,77.40422058105469,125.41999816894531,242.62716674804688,96.22711181640625,55.80154800415039,25.02269172668457,64.0381851196289,74.79801940917969
2018-03-09,14.567774772644043,56.57090377807617,77.55619812011719,125.54000091552734,246.8494110107422,95.5947494506836,56.10591506958008,25.62669563293457,65.25045013427734,75.87683868408203
2018-03-12,14.541556358337402,56.63486099243164,77.5423812866211,125.54000091552734,246.5396270751953,96.14604949951172,56.350894927978516,25.5404052734375,65.45405578613281,75.55229949951172
2018-03-13,14.49786376953125,56.25920104980469,77.41806030273438,125.77999877929688,244.94630432128906,96.63252258300781,56.40285110473633,25.25566864013672,64.7044677734375,75.64876556396484
2018-03-14,14.49786376953125,56.39507293701172,77.5907211303711,125.69999694824219,243.68934631347656,97.4837875366211,56.45480728149414,24.970932006835938,64.64895629882812,75.28038024902344
2018-03-15,14.48912525177002,56.363101959228516,77.5285415649414,124.9000015258789,243.423828125,97.4837875366211,56.43996810913086,24.979555130004883,64.68595123291016,75.1576156616211
2018-03-16,14.541556358337402,56.32314682006836,77.52167510986328,124.5999984741211,243.68772888183594,97.1351547241211,56.83341598510742,25.001203536987305,64.619140625,75.15760040283203
2018-03-19,14.445429801940918,55.86757278442383,77.197021484375,124.87000274658203,240.39059448242188,96.82707214355469,56.34345626831055,24.819345474243164,63.33808517456055,73.94297790527344
2018-03-20,14.541556358337402,55.859588623046875,77.03813171386719,124.30999755859375,240.79945373535156,96.43791961669922,56.15045166015625,24.879959106445312,63.31021499633789,74.048583984375
2018-03-21,14.803725242614746,55.94749450683594,77.27299499511719,126.4800033569336,240.33724975585938,96.54328918457031,55.73473358154297,24.871305465698242,62.92961502075195,73.73174285888672
2018-03-22,14.690117835998535,54.9084587097168,77.04505920410156,125.9800033569336,234.3294677734375,97.50001525878906,55.408119201660156,23.95335578918457,61.30507278442383,71.61053466796875
2018-03-23,14.821200370788574,54.30104446411133,76.73417663574219,127.61000061035156,229.3348388671875,97.4270248413086,54.42081069946289,23.225915908813477,59.6712760925293,70.1230239868164
2018-03-26,14.829940795898438,55.276126861572266,77.197021484375,128.27999877929688,235.6093292236328,97.05411529541016,55.03995132446289,23.979328155517578,61.93635559082031,71.57530212402344
2018-03-27,14.768768310546875,54.868507385253906,77.31441497802734,127.48999786376953,231.60113525390625,98.09184265136719,55.24980545043945,23.511699676513672,59.949771881103516,70.7303466796875
2018-03-28,14.707596778869629,55.18821334838867,77.5147705078125,125.7300033569336,230.91680908203125,98.35127258300781,56.636505126953125,23.554996490478516,59.55059814453125,71.10881042480469
2018-03-29,14.838679313659668,55.691734313964844,77.92916107177734,125.79000091552734,233.8673553466797,98.8296127319336,56.56904602050781,23.87541389465332,60.72953796386719,71.64571380615234
2018-04-02,14.637686729431152,54.924461364746094,77.77949523925781,127.26000213623047,228.81942749023438,99.02460479736328,55.80449295043945,23.347164154052734,59.28139114379883,70.01742553710938
2018-04-03,14.71633529663086,55.276126861572266,77.83494567871094,126.30000305175781,231.75222778320312,98.26090240478516,56.27669906616211,23.66758155822754,59.86622619628906,71.0824203491211
2018-04-04,14.655163764953613,55.46794509887695,77.925048828125,126.44999694824219,234.23175048828125,98.05776977539062,56.86884689331055,23.918718338012695,60.701690673828125,72.0946044921875
2018-04-05,14.725075721740723,55.835601806640625,77.89730834960938,125.80000305175781,236.08030700683594,97.32653045654297,56.84636306762695,24.10923957824707,60.952335357666016,72.04179382324219
2018-04-06,14.620206832885742,55.46794509887695,78.01509094238281,126.38999938964844,230.8190460205078,98.3908920288086,56.419124603271484,23.529016494750977,59.45777893066406,70.3078842163086
2018-04-09,14.803725242614746,55.923519134521484,77.93891143798828,126.81999969482422,231.95668029785156,98.5533676147461,56.23923110961914,23.65891456604004,59.92193603515625,71.00321197509766
2018-04-10,15.057154655456543,56.522953033447266,77.81412506103516,127.12000274658203,235.6448211669922,98.37461853027344,56.179256439208984,24.01396942138672,61.39791488647461,72.20023345947266
2018-04-11,15.170760154724121,56.30715560913086,77.84185791015625,128.11000061035156,234.4095001220703,98.7239990234375,56.2992057800293,23.728200912475586,61.035884857177734,71.61053466796875
2018-04-12,15.109587669372559,56.522953033447266,77.84185791015625,126.62000274658203,236.33804321289062,98.00088500976562,55.669586181640625,24.14387321472168,61.76923751831055,72.0946044921875
2018-04-13,15.118324279785156,56.57889938354492,77.90424346923828,127.44999694824219,235.6448211669922,98.22837829589844,55.961891174316406,23.7801570892334,61.56501007080078,72.05940246582031
2018-04-16,15.065892219543457,56.66682815551758,77.80718994140625,127.62999725341797,237.5822296142578,98.26090240478516,56.306705474853516,23.884069442749023,62.0384521484375,72.63150787353516
2018-04-17,15.074629783630371,56.922576904296875,77.64087677001953,127.75,240.1240234375,98.52898406982422,56.96630859375,23.884069442749023,63.18953323364258,73.1948471069336
2018-04-18,15.354276657104492,57.218292236328125,77.64087677001953,127.8499984741211,240.30174255371094,97.74088287353516,56.84636306762695,23.771495819091797,63.022430419921875,73.2564468383789
2018-04-19,15.293106079101562,57.002506256103516,77.37059783935547,127.5999984741211,238.9685821533203,96.94466400146484,56.02186965942383,24.135215759277344,62.32622528076172,72.64034271240234
2018-04-20,15.266888618469238,56.786720275878906,77.03099822998047,126.62999725341797,236.94232177734375,96.24593353271484,55.50465774536133,24.14387321472168,61.46291732788086,72.2530517578125
2018-04-23,15.258147239685059,56.71478271484375,76.8438949584961,125.62000274658203,236.9068145751953,96.2702865600586,55.4597053527832,24.117895126342773,61.24009704589844,72.53471374511719
2018-04-24,15.179497718811035,56.482994079589844,76.72606658935547,126.2300033569336,233.71621704101562,95.83157348632812,55.669586181640625,23.962017059326172,60.172576904296875,71.98899841308594
2018-04-25,15.205716133117676,56.38709259033203,76.4488296508789,125.41000366210938,234.29397583007812,95.18972778320312,55.56462860107422,23.944690704345703,60.181854248046875,72.31466674804688
2018-04-26,15.284364700317383,56.66682815551758,76.51126098632812,124.97000122070312,236.6757354736328,95.8559799194336,56.29170608520508,23.95335578918457,61.277244567871094,73.23004150390625
2018-04-27,15.275626182556152,56.72275924682617,76.57357025146484,125.5,236.89793395996094,96.59529876708984,57.25862121582031,23.987993240356445,61.16584396362305,73.5292739868164
2018-04-30,15.345537185668945,56.5389404296875,76.33103942871094,124.58999633789062,235.07608032226562,96.76590728759766,57.03376770019531,23.771495819091797,60.76667785644531,72.40267944335938
2018-05-01,15.258147239685059,56.339134216308594,76.19257354736328,123.70999908447266,235.49378967285156,96.41742706298828,57.55095672607422,23.7801570892334,61.52788162231445,72.36746978759766
2018-05-02,15.258147239685059,56.315155029296875,75.58739471435547,123.6500015258789,233.9118194580078,96.31155395507812,57.34108352661133,23.511699676513672,61.46291732788086,71.37288665771484
2018-05-03,15.354276657104492,56.490989685058594,75.50394439697266,124.27999877929688,233.39639282226562,96.74310302734375,57.30359649658203,23.312522888183594,61.60213851928711,70.7303466796875
2018-05-04,15.459142684936523,56.690799713134766,75.5665283203125,124.54000091552734,236.41799926757812,96.88972473144531,57.93321990966797,23.615615844726562,62.77181625366211,71.29365539550781
2018-05-07,15.450404167175293,56.69878387451172,75.2535171508789,124.56999969482422,237.2178497314453,96.73499298095703,58.322994232177734,23.771495819091797,63.20812225341797,71.18803405761719
2018-05-08,15.494097709655762,56.706783294677734,74.80831146240234,124.58999633789062,237.2178497314453,96.6453857421875,58.03068161010742,23.9360294342041,63.34736251831055,70.65113830566406
2018-05-09,15.633920669555664,56.84266662597656,74.67611694335938,124.33000183105469,239.5107421875,96.06731414794922,58.42044448852539,24.29109001159668,64.12713623046875,71.0560302734375
2018-05-10,15.71257209777832,57.21031188964844,75.62220764160156,125.18000030517578,241.75030517578125,96.84080505371094,58.87766647338867,24.49026870727539,64.96261596679688,72.0066146850586
2018-05-11,15.616446495056152,57.36217498779297,75.94219207763672,125.0,242.48800659179688,97.0851058959961,58.675270080566406,24.47294807434082,64.8697738647461,73.08040618896484
2018-05-14,15.730050086975098,57.46607208251953,75.81000518798828,124.48999786376953,242.60350036621094,96.57218170166016,58.1730842590332,24.45562744140625,64.86048126220703,73.5644760131836
2018-05-15,15.747527122497559,57.05046463012695,75.28829956054688,122.4800033569336,240.93275451660156,95.47282409667969,57.2286376953125,24.412334442138672,64.24783325195312,72.61390686035156
2018-05-16,15.834918975830078,57.13039779663086,75.44828796386719,122.29000091552734,241.94578552246094,95.10646057128906,57.05625534057617,24.45562744140625,64.53559875488281,73.01878356933594
2018-05-17,15.852395057678223,57.218292236328125,75.149169921875,122.36000061035156,241.74139404296875,94.6259994506836,56.771427154541016,24.403669357299805,64.20140075683594,73.04521179199219
2018-05-18,15.86113452911377,57.01050567626953,75.06565856933594,122.41000366210938,241.13710021972656,95.44029235839844,56.84636306762695,24.204492568969727,63.932193756103516,73.23004150390625
2018-05-21,15.983477592468262,57.37015914916992,75.07962799072266,122.4800033569336,242.95008850097656,95.48914337158203,57.52096939086914,24.377689361572266,64.48918151855469,73.30046844482422
2018-05-22,16.00095558166504,57.29822540283203,75.37179565429688,122.41000366210938,242.27462768554688,95.34256744384766,57.60342788696289,24.542232513427734,64.3963394165039,73.15961456298828
2018-05-23,16.088346481323242,56.66682815551758,75.83786010742188,122.54000091552734,242.94126892089844,96.03472137451172,58.18057632446289,24.386348724365234,64.8697738647461,73.39727020263672
2018-05-24,15.983477592468262,56.490989685058594,76.0674057006836,123.58999633789062,242.4434814453125,96.80010223388672,58.060638427734375,24.195833206176758,64.79552459716797,73.10680389404297
2018-05-25,15.747527122497559,56.123329162597656,76.2552490234375,123.20999908447266,241.86585998535156,97.40266418457031,58.26304244995117,24.117895126342773,64.74909210205078,73.00117492675781
2018-05-29,15.598966598510742,54.98040008544922,76.0465316772461,123.19000244140625,239.08419799804688,99.53602600097656,58.540382385253906,23.312522888183594,64.3963394165039,72.2530517578125
2018-05-30,15.799962043762207,55.819618225097656,76.0256576538086,123.37000274658203,242.27462768554688,98.86836242675781,59.33489990234375,23.73685646057129,64.8697738647461,73.33564758300781
2018-05-31,15.756267547607422,55.46794509887695,75.7126235961914,123.0999984741211,240.79046630859375,98.70549011230469,59.13252258300781,23.537681579589844,64.88833618164062,72.53471374511719
2018-06-01,15.651397705078125,55.94749450683594,75.44158935546875,122.48999786376953,243.154541015625,98.18399047851562,59.39485549926758,23.7974796295166,65.99301147460938,73.3708724975586
2018-06-04,15.46788215637207,56.115333557128906,75.41365051269531,122.37000274658203,244.30987548828125,97.47393798828125,59.91204833984375,23.87541389465332,66.52216339111328,73.64371490478516
2018-06-05,15.494097709655762,56.02742004394531,75.53241729736328,122.8499984741211,244.48757934570312,97.70247650146484,59.75467300415039,23.771495819091797,66.75422668457031,73.49409484863281
2018-06-06,15.546534538269043,56.53095245361328,75.3647689819336,122.91999816894531,246.53163146972656,96.9107437133789,59.89708709716797,24.204492568969727,67.19051361083984,74.32144927978516
2018-06-07,15.607705116271973,56.21125030517578,75.15521240234375,122.86000061035156,246.50502014160156,97.849365234375,59.89708709716797,24.282438278198242,66.65211486816406,74.41826629638672
2018-06-08,15.598966598510742,56.27519989013672,75.22505950927734,123.01000213623047,247.23374938964844,97.55552673339844,60.11443328857422,24.317075729370117,66.54073333740234,74.84956359863281
2018-06-11,15.590227127075195,56.63486099243164,75.07836151123047,123.2300033569336,247.5625457763672,97.37596893310547,60.02449417114258,24.265111923217773,66.61498260498047,74.9903564453125
2018-06-12,15.581489562988281,56.27519989013672,74.7640151977539,122.81999969482422,247.88255310058594,97.40045166015625,60.38428497314453,24.204492568969727,66.93989562988281,74.94635009765625
2018-06-13,15.642660140991211,56.35511016845703,74.52652740478516,123.19000244140625,247.09156799316406,97.35153198242188,59.20747756958008,24.117895126342773,66.5964126586914,74.96397399902344
2018-06-14,15.46788215637207,56.2352294921875,74.43571472167969,123.37999725341797,247.71365356445312,98.1595230102539,59.769657135009766,23.892738342285156,67.06983184814453,75.35123443603516
2018-06-15,15.092110633850098,55.94749450683594,74.58940887451172,121.33999633789062,247.39764404296875,98.24927520751953,59.73215103149414,23.891868591308594,66.81366729736328,75.4979248046875
2018-06-18,15.223193168640137,55.5478630065918,74.19122314453125,121.11000061035156,246.8887939453125,98.1595230102539,59.748802185058594,23.848379135131836,66.88818359375,74.7734603881836
2018-06-19,15.065892219543457,55.037593841552734,74.17028045654297,120.80000305175781,245.94248962402344,98.7308349609375,59.68828201293945,23.787500381469727,66.54352569580078,74.96784210205078
2018-06-20,15.048412322998047,55.0783576965332,74.33091735839844,120.26000213623047,246.3621368408203,97.86568450927734,60.35402297973633,23.726612091064453,66.6832275390625,75.12686920166016
2018-06-21,14.934808731079102,54.68708801269531,74.60335540771484,120.05000305175781,244.8176727294922,98.37985229492188,60.64148712158203,23.657039642333984,66.17085266113281,74.6939697265625
2018-06-22,15.231931686401367,55.26583480834961,75.02245330810547,120.33999633789062,245.26402282714844,98.3716812133789,61.118099212646484,23.54396629333496,65.95660400390625,75.02965545654297
2018-06-25,15.057154655456543,54.49961471557617,74.6801986694336,119.88999938964844,241.9253387451172,98.59207916259766,60.95920944213867,23.2917423248291,64.58717346191406,74.34060668945312
2018-06-26,15.205716133117676,54.59743118286133,74.5754165649414,119.26000213623047,242.46095275878906,98.7308349609375,61.15590286254883,23.213464736938477,64.8480224609375,74.11090850830078
2018-06-27,15.284364700317383,54.083900451660156,74.42870330810547,118.58000183105469,240.452392578125,99.66123962402344,60.92140197753906,22.92644691467285,63.96300506591797,73.48365783691406
2018-06-28,15.275626182556152,54.28768539428711,74.5754165649414,118.22000122070312,241.82711791992188,99.68571472167969,61.46607971191406,23.126493453979492,64.74553680419922,73.58082580566406
2018-06-29,15.450404167175293,54.58927536010742,74.5824203491211,118.6500015258789,242.1753387451172,99.34288787841797,61.61737060546875,23.126493453979492,64.71759033203125,73.73102569580078
2018-07-02,15.127063751220703,54.0920524597168,74.5795669555664,117.45999908447266,242.6930389404297,99.26519775390625,61.276947021484375,23.239553451538086,65.29517364501953,73.96070861816406
2018-07-03,15.109587669372559,54.255069732666016,74.81810760498047,118.6500015258789,241.8360595703125,99.79694366455078,61.73841857910156,23.03081512451172,64.52195739746094,74.13740539550781
2018-07-05,15.19697380065918,54.793060302734375,75.29508972167969,119.05000305175781,243.8088836669922,100.08325958251953,62.47222900390625,23.0830078125,65.43490600585938,74.906005859375
2018-07-06,15.266888618469238,55.08650588989258,75.94046783447266,118.86000061035156,245.8710479736328,100.41043853759766,62.805084228515625,23.19606590270996,66.19881439208984,75.98377990722656
2018-07-09,15.345537185668945,55.616336822509766,76.15089416503906,119.1500015258789,248.08499145507812,99.76419067382812,62.305809020996094,23.726612091064453,66.70186614990234,76.54032897949219
2018-07-10,15.310580253601074,55.591880798339844,76.28416442871094,118.93000030517578,248.97772216796875,99.75604248046875,62.43439483642578,23.639636993408203,66.8602294921875,76.83187866210938
2018-07-11,14.777507781982422,54.66263961791992,75.9684829711914,117.63999938964844,247.1566619873047,100.1404800415039,62.230140686035156,23.526573181152344,66.59940338134766,76.22230529785156
2018-07-12,14.856158256530762,55.08650588989258,76.11581420898438,118.12999725341797,249.39735412597656,100.13230895996094,62.41927719116211,23.570058822631836,67.65208435058594,77.07038116455078
2018-07-13,14.882375717163086,55.25768280029297,76.50862884521484,117.61000061035156,249.59375,100.38587188720703,62.230140686035156,23.46569061279297,67.57755279541016,77.21174621582031
2018-07-16,14.567774772644043,55.233238220214844,76.31221008300781,117.55000305175781,249.37051391601562,99.96871185302734,61.89729309082031,23.883169174194336,67.41918182373047,76.74353790283203
2018-07-17,14.585250854492188,55.33103561401367,76.30516815185547,116.27999877929688,250.37936401367188,99.78054809570312,61.488765716552734,23.909257888793945,67.92225646972656,77.1675796508789
2018-07-18,14.71633529663086,55.33919143676758,76.23502349853516,116.30999755859375,250.9060516357422,99.37971496582031,61.21640396118164,24.29194450378418,67.81046295166016,77.22942352294922
2018-07-19,14.698858261108398,55.225074768066406,76.22103118896484,115.80999755859375,249.959716796875,100.0096206665039,61.93510437011719,23.926654815673828,67.56826782226562,76.7965316772461
2018-07-20,14.803725242614746,55.48591232299805,76.15089416503906,116.55999755859375,249.67408752441406,98.78260803222656,61.337467193603516,23.970144271850586,67.58687591552734,76.64635467529297
2018-07-23,14.856158256530762,55.48591232299805,76.05265808105469,116.0,250.1383819580078,97.56375122070312,61.2088508605957,24.300649642944336,67.93155670166016,76.80534362792969
2018-07-24,14.934808731079102,55.811981201171875,75.98252868652344,116.04000091552734,251.39697265625,97.89912414550781,60.898712158203125,24.370227813720703,68.30420684814453,77.50325775146484
2018-07-25,15.135804176330566,56.227691650390625,76.66297149658203,116.68000030517578,253.53952026367188,97.74370574951172,61.38286209106445,24.422412872314453,69.1612777709961,78.49272155761719
2018-07-26,15.135804176330566,55.97499465942383,76.72605895996094,115.7699966430664,252.94142150878906,97.55558776855469,61.58712387084961,24.413713455200195,68.09925079345703,78.27184295654297
2018-07-27,15.074629783630371,56.08097839355469,76.85934448242188,115.83000183105469,251.2274169921875,97.71916961669922,60.92896270751953,24.465898513793945,66.93478393554688,77.70648193359375
2018-07-30,15.162019729614258,56.072811126708984,76.64189910888672,115.6500015258789,249.91513061523438,97.38380432128906,60.9667854309082,24.483287811279297,65.89140319824219,77.75062561035156
2018-07-31,15.074629783630371,56.146175384521484,76.50159454345703,115.98999786376953,251.14697265625,97.91551971435547,61.988040924072266,24.309343338012695,66.06839752197266,78.5633773803711
2018-08-01,14.856158256530762,55.86088180541992,76.17835235595703,115.13999938964844,250.7275390625,97.1177749633789,62.426822662353516,24.309343338012695,66.66462707519531,78.5810546875
2018-08-02,14.943549156188965,55.49407958984375,76.11492919921875,114.5199966430664,252.0933380126953,97.25714874267578,62.17720031738281,24.318038940429688,67.50304412841797,78.87257385253906
2018-08-03,14.995981216430664,55.52668762207031,76.28397369384766,114.91999816894531,253.17352294921875,97.74088287353516,62.85049057006836,24.45720100402832,67.74524688720703,79.34081268310547
2018-08-06,15.022198677062988,55.29029846191406,76.1572036743164,114.33000183105469,254.1018829345703,97.79823303222656,62.76725769042969,24.587665557861328,68.10857391357422,79.482177734375
2018-08-07,15.135804176330566,55.722320556640625,76.0445327758789,114.58999633789062,254.94110107421875,97.28996276855469,62.65378189086914,24.700727462768555,68.36943054199219,79.49100494384766
2018-08-08,14.952286720275879,55.67341232299805,76.0445327758789,114.91000366210938,254.8339385986328,97.38833618164062,62.29066848754883,24.76161003112793,68.55573272705078,79.61466979980469
2018-08-09,14.89111328125,55.51036834716797,75.7768325805664,114.73999786376953,254.48582458496094,98.20816802978516,62.32091522216797,24.613750457763672,68.58368682861328,79.52631378173828
2018-08-10,14.89111328125,54.40179443359375,74.9176025390625,114.69000244140625,252.78074645996094,98.92144012451172,61.844329833984375,24.32674217224121,68.03402709960938,79.18177032470703
2018-08-13,14.812463760375977,54.20616912841797,74.58657836914062,112.95999908447266,251.8344268798828,98.71649169921875,61.7232780456543,24.091909408569336,67.94087982177734,79.20829772949219
2018-08-14,14.838679313659668,54.19801330566406,75.07256317138672,113.06999969482422,253.4413299560547,98.49514770507812,62.025901794433594,24.318038940429688,68.36009979248047,79.57933807373047
2018-08-15,14.515340805053711,53.415489196777344,74.9176025390625,111.19000244140625,251.54873657226562,99.06898498535156,62.502479553222656,24.126699447631836,67.74524688720703,79.44683837890625
2018-08-16,14.628946304321289,53.790443420410156,75.07256317138672,111.0999984741211,253.5841827392578,99.06084442138672,63.00933837890625,24.448501586914062,68.0433578491211,80.2242202758789
2018-08-17,14.690117835998535,54.10834884643555,75.37541198730469,112.12999725341797,254.4769287109375,99.18378448486328,63.59185028076172,24.500686645507812,68.14584350585938,80.47158813476562
2018-08-20,14.71633529663086,54.40179443359375,75.27678680419922,112.69000244140625,255.02145385742188,99.84785461425781,63.63724136352539,24.578964233398438,68.0433578491211,80.73661041259766
2018-08-21,14.742551803588867,54.736000061035156,75.48809814453125,113.0199966430664,255.61952209472656,99.5117416381836,63.251426696777344,24.674633026123047,68.1551284790039,80.73661041259766
2018-08-22,14.952286720275879,54.94794464111328,75.81912994384766,113.2699966430664,255.4678497314453,99.90525817871094,62.8958854675293,24.587665557861328,68.36009979248047,80.81612396240234
2018-08-23,14.926069259643555,54.556678771972656,75.44583892822266,112.19999694824219,255.12855529785156,100.0610122680664,62.73701858520508,24.474592208862305,68.50920104980469,80.7896499633789
2018-08-24,15.039673805236816,54.874576568603516,75.64302825927734,114.16000366210938,256.66412353515625,100.25775146484375,63.10768508911133,24.561567306518555,69.19852447509766,81.17833709716797
2018-08-27,15.092110633850098,55.608192443847656,75.74162292480469,114.58999633789062,258.6904296875,99.68387603759766,62.88076400756836,24.892070770263672,69.83201599121094,81.46987915039062
2018-08-28,15.030937194824219,55.55928039550781,75.60077667236328,113.68000030517578,258.81549072265625,99.08541107177734,63.72802734375,24.86598014831543,69.95314025878906,81.51404571533203
2018-08-29,15.19697380065918,55.86088180541992,75.37541198730469,114.19999694824219,260.20806884765625,99.21656799316406,63.7431640625,24.85727882385254,70.58660888671875,82.0440902709961
2018-08-30,15.170760154724121,55.33103561401367,74.95988464355469,113.63999938964844,259.15478515625,99.42974090576172,63.334659576416016,24.665939331054688,70.37234497070312,81.98226928710938
2018-08-31,15.18823528289795,54.890869140625,74.7274398803711,113.51000213623047,259.16351318359375,99.20018005371094,63.58429718017578,24.639841079711914,70.42825317382812,81.9645767211914
2018-09-04,15.100848197937012,54.426246643066406,74.49834442138672,112.93000030517578,258.7171630859375,98.62665557861328,62.82780075073242,24.76161003112793,70.15808868408203,81.31087493896484
2018-09-05,15.039673805236816,53.92902755737305,74.54779052734375,113.31999969482422,258.02093505859375,98.36372375488281,63.190895080566406,24.779006958007812,69.28240203857422,81.63774108886719
2018-09-06,14.952286720275879,53.76599884033203,74.88020324707031,113.54000091552734,257.24432373046875,98.72525787353516,63.37247085571289,24.665939331054688,68.77931213378906,81.63774108886719
2018-09-07,14.987242698669434,53.33397674560547,74.68215942382812,113.2300033569336,256.74432373046875,97.88714599609375,62.684059143066406,24.639841079711914,68.54642486572266,81.76142120361328
2018-09-10,15.039673805236816,53.66002655029297,74.54073333740234,113.1500015258789,257.19073486328125,98.24867248535156,62.96396255493164,24.613750457763672,68.76069641113281,81.54937744140625
2018-09-11,15.18823528289795,53.70893478393555,74.39930725097656,113.22000122070312,258.03875732421875,97.50093841552734,62.95641326904297,24.639841079711914,69.34759521484375,81.47872924804688
2018-09-12,15.293106079101562,53.93716812133789,74.63975524902344,114.16999816894531,258.1012878417969,97.73101806640625,62.98664855957031,24.413713455200195,69.05878448486328,81.88508605957031
2018-09-13,15.127063751220703,54.33659744262695,75.36820983886719,113.76000213623047,259.62774658203125,97.8789291381836,63.29683303833008,24.37891960144043,69.86927795410156,82.9010238647461
2018-09-14,15.030937194824219,54.418094635009766,75.45305633544922,113.0199966430664,259.6725158691406,97.41056823730469,62.8958854675293,24.552871704101562,69.81336975097656,82.62715148925781
2018-09-17,15.013460159301758,54.46700668334961,75.21967315673828,113.61000061035156,258.2977600097656,97.41056823730469,63.100128173828125,24.448501586914062,68.93769073486328,82.32682800292969
2018-09-18,15.153280258178711,55.037593841552734,74.98628997802734,113.44000244140625,259.69927978515625,96.39167022705078,62.797523498535156,24.570261001586914,69.37555694580078,82.80386352539062
2018-09-19,15.249410629272461,55.233238220214844,75.2550277709961,113.87999725341797,259.97601318359375,95.81647491455078,62.06370544433594,24.98774528503418,69.19852447509766,82.68900299072266
2018-09-20,15.249410629272461,55.917945861816406,75.67935943603516,114.2699966430664,262.0827941894531,96.26017761230469,62.64622116088867,25.205175399780273,70.01831817626953,83.49292755126953
2018-09-21,15.284364700317383,55.94239044189453,75.84195709228516,113.48999786376953,261.84332275390625,96.21912384033203,62.623531341552734,25.107336044311523,69.74166107177734,83.60555267333984
2018-09-24,15.511577606201172,55.689701080322266,75.76424407958984,113.47000122070312,260.9734802246094,95.97261810302734,61.49892807006836,24.827781677246094,70.0875244140625,83.77409362792969
2018-09-25,15.546534538269043,55.966854095458984,75.82075500488281,113.6500015258789,260.73138427734375,95.87399291992188,61.50662612915039,24.731689453125,70.00337219238281,83.51688385009766
2018-09-26,15.476621627807617,55.99130630493164,76.1673355102539,113.05000305175781,259.9512634277344,96.5477523803711,60.77018737792969,24.434659957885742,69.74166107177734,83.703125
2018-09-27,15.546534538269043,55.8771858215332,76.43610382080078,112.05000305175781,260.6775207519531,96.61351776123047,61.061668395996094,24.347307205200195,70.1529312133789,84.12882995605469
2018-09-28,15.70383071899414,55.42070770263672,76.24514770507812,112.76000213623047,260.7044982910156,96.35881042480469,61.89017105102539,24.093957901000977,70.41466522216797,84.385986328125
2018-10-01,16.00095558166504,55.48591232299805,76.2451171875,112.56999969482422,261.6101379394531,95.65140533447266,61.31483459472656,24.19005012512207,70.7511978149414,84.8028335571289
2018-10-02,16.053388595581055,55.20063400268555,76.32322692871094,113.87000274658203,261.4577331542969,96.23612976074219,61.176780700683594,24.19005012512207,70.76052856445312,84.70529174804688
2018-10-03,16.201953887939453,55.10280990600586,75.92552185058594,113.41999816894531,261.6011962890625,94.56439208984375,60.52471923828125,24.417190551757812,70.97550964355469,84.54564666748047
2018-10-04,16.027172088623047,54.4588623046875,75.39292907714844,113.4800033569336,259.55657958984375,93.89728546142578,60.018428802490234,24.583171844482422,69.69493865966797,83.7208480834961
2018-10-05,15.992216110229492,54.132808685302734,75.1656494140625,113.80000305175781,258.1038818359375,93.09030151367188,59.98773956298828,24.460866928100586,68.81624603271484,83.6233139038086
2018-10-08,15.948522567749023,53.87196731567383,75.14433288574219,112.54000091552734,258.1038818359375,92.77732849121094,60.85457229614258,24.626855850219727,68.0404052734375,83.58782958984375
2018-10-09,16.06212615966797,53.73338317871094,75.1727523803711,112.5999984741211,257.7272033691406,93.71615600585938,60.938968658447266,24.53075408935547,68.28345489501953,83.72972869873047
2018-10-10,15.747527122497559,52.59220504760742,74.86023712158203,112.87999725341797,249.5668182373047,93.46082305908203,60.033782958984375,23.770721435546875,64.97442626953125,81.75199890136719
2018-10-11,15.511577606201172,51.85859298706055,74.97393798828125,115.77999877929688,244.06968688964844,94.59734344482422,58.315467834472656,23.063106536865234,64.15184020996094,79.54369354248047
2018-10-12,15.633920669555664,52.04606628417969,75.14433288574219,115.2300033569336,247.45944213867188,94.26790618896484,58.162010192871094,23.089311599731445,66.20829010009766,80.76756286621094
2018-10-15,15.668877601623535,51.92380905151367,75.15855407714844,116.0,246.0694580078125,94.22673034667969,58.55324935913086,22.984485626220703,65.1240005493164,80.20883178710938
2018-10-16,15.738789558410645,52.81229782104492,75.44263458251953,115.80000305175781,251.4500274658203,94.44083404541016,59.757598876953125,23.368864059448242,67.08695220947266,82.40828704833984
2018-10-17,15.598966598510742,52.51070022583008,75.26508331298828,115.79000091552734,251.49476623535156,93.88085174560547,59.52749252319336,23.604740142822266,66.77850341796875,82.84286499023438
2018-10-18,15.424186706542969,51.6629524230957,74.98103332519531,115.91999816894531,247.8629608154297,93.84789276123047,59.41240692138672,23.211620330810547,65.46984100341797,81.90277099609375
2018-10-19,15.511577606201172,51.95640182495117,74.89580535888672,116.01000213623047,247.7284393310547,93.64204406738281,59.9263801574707,23.298973083496094,65.44181823730469,81.15779113769531
2018-10-22,15.529056549072266,51.728172302246094,74.81767272949219,115.70999908447266,246.61651611328125,93.51848602294922,59.09024429321289,22.801023483276367,65.9839096069336,80.49264526367188
2018-10-23,15.18823528289795,51.23908996582031,74.8389663696289,116.38999938964844,245.36097717285156,93.81494903564453,59.35105895996094,22.617563247680664,65.73157501220703,80.05805969238281
2018-10-24,15.083370208740234,49.78815841674805,74.54776763916016,116.66000366210938,237.9269561767578,94.52316284179688,59.91103744506836,22.049724578857422,62.7871208190918,77.4151840209961
2018-10-25,15.14454174041748,50.41581726074219,74.78214263916016,116.4000015258789,242.19541931152344,94.12792205810547,60.67815399169922,22.390430450439453,64.94639587402344,78.41734313964844
2018-10-26,15.258147239685059,50.07345199584961,74.88157653808594,116.7699966430664,237.93589782714844,94.69613647460938,59.22064971923828,22.06719970703125,63.6470947265625,77.53048706054688
2018-10-29,15.100848197937012,49.93487548828125,74.56199645996094,116.30999755859375,236.6176300048828,94.48200225830078,59.97241973876953,22.25939178466797,62.572120666503906,77.7255859375
2018-10-30,15.022198677062988,50.538082122802734,74.64010620117188,115.80000305175781,240.1239471435547,94.01261138916016,60.7932243347168,22.643775939941406,63.273197174072266,78.55926513671875
2018-10-31,14.821200370788574,50.91304016113281,74.32764434814453,115.1500015258789,242.68869018554688,93.53501892089844,60.07980728149414,22.95827293395996,64.77812194824219,78.66568756103516
2018-11-01,14.71633529663086,51.56514358520508,74.68499755859375,116.62999725341797,245.27139282226562,93.62165832519531,60.3636474609375,23.063106536865234,65.53528594970703,79.65896606445312
2018-11-02,14.681379318237305,51.63850402832031,74.59941864013672,116.6500015258789,243.81863403320312,92.45768737792969,59.865028381347656,23.045629501342773,64.25466918945312,79.16232299804688
2018-11-05,14.67264461517334,51.63850402832031,74.7777328491211,116.37000274658203,245.16375732421875,92.82093048095703,60.754852294921875,23.412546157836914,64.1892318725586,79.86294555664062
2018-11-06,14.611467361450195,51.85044479370117,74.68499755859375,116.04000091552734,246.715087890625,92.76309967041016,61.061668395996094,23.534849166870117,64.59117889404297,80.27091979980469
2018-11-07,14.576512336730957,52.543296813964844,74.86334991455078,116.02999877929688,251.99696350097656,92.88693237304688,61.790443420410156,23.84061622619629,66.48873138427734,82.62998962402344
2018-11-08,14.48912525177002,52.0297737121582,74.58514404296875,115.77999877929688,251.5396270751953,92.87869262695312,61.83648681640625,23.91049575805664,66.43263244628906,82.67434692382812
2018-11-09,14.331822395324707,51.68741226196289,74.62081909179688,114.4800033569336,249.08251953125,93.57212829589844,61.82881164550781,23.692096710205078,65.28289031982422,82.43489074707031
2018-11-12,14.296866416931152,50.83967590332031,74.34976959228516,113.66000366210938,244.42845153808594,94.1830062866211,61.95154571533203,23.220354080200195,62.983394622802734,81.31743621826172
2018-11-13,13.903615951538086,51.05976104736328,74.25701904296875,113.69999694824219,243.9710235595703,94.12518310546875,61.89017105102539,23.351388931274414,63.05819320678711,80.74981689453125
2018-11-14,14.025960922241211,51.100521087646484,74.39966583251953,114.63999938964844,242.30307006835938,94.1830062866211,61.73674774169922,23.036897659301758,62.30104064941406,80.1023941040039
2018-11-15,13.999744415283203,51.2635498046875,74.09297943115234,114.7699966430664,244.8318634033203,94.14171600341797,61.31483459472656,23.37759780883789,63.862083435058594,80.81190490722656
2018-11-16,14.087133407592773,51.32060241699219,74.20709228515625,115.62000274658203,245.46861267089844,94.68656921386719,61.97456359863281,23.4038143157959,63.759254455566406,81.62784576416016
2018-11-19,14.087133407592773,50.872283935546875,73.94316864013672,115.66999816894531,241.316650390625,94.95079040527344,62.05894088745117,23.395076751708984,61.32891845703125,80.59017944335938
2018-11-20,13.658926010131836,49.991947174072266,73.3439712524414,115.66999816894531,236.85079956054688,94.98374938964844,61.42225646972656,22.87965202331543,60.01090621948242,79.83634948730469
2018-11-21,13.77253246307373,50.69295883178711,73.67923736572266,115.86000061035156,237.65786743164062,94.95079040527344,61.47593307495117,22.897119522094727,60.450233459472656,79.38404083251953
2018-11-23,13.370542526245117,50.35874557495117,73.42240905761719,115.7699966430664,236.07066345214844,95.04979705810547,61.35320281982422,22.71367073059082,59.89874267578125,79.49934387207031
2018-11-26,13.431714057922363,51.116825103759766,73.52943420410156,115.63999938964844,239.8818359375,94.8351821899414,61.4682731628418,23.17667579650879,61.254112243652344,80.27091979980469
2018-11-27,13.379281044006348,50.92118835449219,73.0158462524414,114.94999694824219,240.6888885498047,94.94245147705078,61.729087829589844,23.19414710998535,61.37564468383789,81.10459899902344
2018-11-28,13.335586547851562,51.64665985107422,73.9288558959961,115.37999725341797,246.23081970214844,94.48014068603516,62.281402587890625,23.63968276977539,63.52557373046875,83.05570983886719
2018-11-29,13.42297649383545,51.38581848144531,73.80049133300781,115.73999786376953,245.69281005859375,94.85166931152344,62.296749114990234,23.438758850097656,62.90863037109375,83.33062744140625
2018-11-30,13.361804008483887,51.16572952270508,73.96456146240234,115.54000091552734,247.1903076171875,95.2066650390625,62.887413024902344,23.561058044433594,63.50687026977539,85.0245590209961
2018-12-03,13.6676664352417,51.84228515625,74.48328399658203,116.41000366210938,250.4635467529297,95.88265991210938,63.22492980957031,23.709571838378906,64.90901947021484,84.61660766601562
2018-12-04,13.676403045654297,50.49732208251953,74.26834106445312,117.12000274658203,242.34793090820312,97.48784637451172,62.28907775878906,22.67871856689453,62.45058822631836,82.7275619506836
2018-12-06,13.562799453735352,50.02454376220703,74.49044799804688,117.13999938964844,241.98023986816406,97.79400634765625,63.830955505371094,22.364225387573242,62.59083938598633,82.41715240478516
2018-12-07,13.720100402832031,49.519168853759766,74.56204986572266,118.08999633789062,236.3576202392578,97.97608184814453,62.99480438232422,21.936155319213867,60.38481521606445,80.31525421142578
2018-12-10,13.501626014709473,49.13606262207031,74.56204986572266,117.68000030517578,236.80601501464844,98.38147735595703,62.58824157714844,21.63039207458496,61.21672821044922,80.62566375732422
2018-12-11,13.580276489257812,49.290931701660156,74.61224365234375,117.54000091552734,236.85977172851562,98.36492919921875,62.618927001953125,21.420730590820312,61.291534423828125,80.87398529052734
2018-12-12,13.536581993103027,50.01641082763672,74.74837493896484,117.79000091552734,238.05245971679688,97.9263916015625,61.652366638183594,21.54303741455078,61.768253326416016,81.56574249267578
2018-12-13,13.711359977722168,49.92673110961914,74.96330261230469,117.52999877929688,237.9717559814453,97.69473266601562,62.00868225097656,21.38578987121582,61.87104797363281,81.64555358886719
2018-12-14,13.501626014709473,49.282779693603516,74.9776611328125,117.05999755859375,233.57760620117188,98.03395080566406,61.830142974853516,21.176122665405273,60.35676956176758,78.89624786376953
2018-12-17,13.34432601928711,48.89151382446289,75.07798767089844,117.87000274658203,228.99525451660156,98.60488891601562,59.50131607055664,20.966449737548828,59.07615661621094,77.32649230957031
2018-12-18,13.064680099487305,48.93105697631836,75.15769958496094,118.1500015258789,228.74412536621094,99.19541931152344,60.11457824707031,20.887834548950195,59.543540954589844,76.65247344970703
2018-12-19,13.117115020751953,48.461448669433594,75.05618286132812,117.43000030517578,225.3185577392578,100.50584411621094,59.45473861694336,20.625757217407227,58.365745544433594,75.65029907226562
2018-12-20,12.994769096374512,48.26371383666992,74.9183349609375,119.23999786376953,221.6508331298828,100.14096069335938,58.56203842163086,20.442298889160156,57.31882095336914,74.5860595703125
2018-12-21,12.881162643432617,47.42333984375,74.67896270751953,118.72000122070312,217.10928344726562,100.12434387207031,57.74692916870117,20.033536911010742,55.57735061645508,73.65953826904297
2018-12-24,12.738639831542969,46.87133026123047,74.6427001953125,120.0199966430664,211.3726043701172,100.62200927734375,55.689815521240234,19.61159324645996,54.09402847290039,71.89553833007812
2018-12-26,13.021917343139648,47.958866119384766,74.75149536132812,119.66000366210938,222.05218505859375,99.5438003540039,57.55287170410156,20.499435424804688,57.361080169677734,75.03150177001953
2018-12-27,12.897981643676758,48.09892272949219,75.06343078613281,120.56999969482422,223.7569580078125,99.56036376953125,57.545108795166016,20.74557113647461,57.77414321899414,75.86005401611328
2018-12-28,12.791752815246582,48.354339599609375,75.11420440673828,121.05999755859375,223.46836853027344,100.3980484008789,57.731414794921875,20.73677635192871,57.64271545410156,75.94912719726562
2018-12-31,12.827162742614746,48.42848587036133,75.37535095214844,121.25,225.42564392089844,100.77957153320312,57.88667297363281,20.9389591217041,58.18722152709961,77.07167053222656
2019-01-02,12.862573623657227,48.329620361328125,75.37535095214844,121.33000183105469,225.66014099121094,101.31038665771484,56.629119873046875,21.114774703979492,58.224788665771484,75.90457916259766
2019-01-03,12.968801498413086,47.8929557800293,75.69452667236328,122.43000030517578,220.27529907226562,102.46324157714844,57.02500534057617,20.64008331298828,55.286319732666016,74.36333465576172
2019-01-04,13.145851135253906,49.3594856262207,76.2675552368164,121.44000244140625,227.65357971191406,101.2771987915039,57.69258499145508,21.325742721557617,57.73659133911133,76.5816650390625
2019-01-07,13.2432279586792,49.54898452758789,76.5940170288086,121.86000061035156,229.4485321044922,100.97863006591797,58.25930404663086,21.352115631103516,58.25294494628906,76.87566375732422
2019-01-08,13.37601375579834,49.87030029296875,76.53596496582031,121.52999877929688,231.60426330566406,100.71318054199219,59.462501525878906,21.369699478149414,58.74112319946289,77.47257995605469
2019-01-09,13.641586303710938,50.43054962158203,76.67376708984375,122.30999755859375,232.68666076660156,100.55565643310547,59.37712097167969,21.475177764892578,59.501556396484375,77.8200454711914
2019-01-10,13.606176376342773,50.6282844543457,76.53596496582031,121.58999633789062,233.5074920654297,99.90870666503906,60.18445587158203,21.48396873474121,59.7644157409668,77.97148132324219
2019-01-11,13.561914443969727,50.282249450683594,76.54322814941406,121.80000305175781,233.59768676757812,100.29850769042969,60.355220794677734,21.53671646118164,59.65176773071289,78.2298355102539
2019-01-14,13.446832656860352,50.05156326293945,76.45614624023438,122.08999633789062,232.17254638671875,99.92530822753906,60.153385162353516,21.68614959716797,59.09786605834961,77.36565399169922
2019-01-15,13.553062438964844,50.315208435058594,76.71732330322266,121.87999725341797,234.83335876464844,99.56036376953125,60.72783660888672,21.879545211791992,59.98973846435547,78.75545501708984
2019-01-16,13.623882293701172,50.45527267456055,76.7825927734375,122.2699966430664,235.40167236328125,99.65986633300781,61.15476608276367,22.345441818237305,60.04606628417969,78.61290740966797
2019-01-17,13.632734298706055,50.63652038574219,77.04371643066406,122.11000061035156,237.18759155273438,99.68476867675781,61.44976806640625,22.468507766723633,60.430973052978516,79.30782318115234
2019-01-18,13.774373054504395,51.147342681884766,77.4136734008789,121.0199966430664,240.34457397460938,99.1622543334961,61.65935134887695,22.85529327392578,61.35100555419922,80.25218200683594
2019-01-22,13.676996231079102,50.35640335083008,77.43548583984375,121.44999694824219,237.09738159179688,99.83406829833984,61.473052978515625,22.59157371520996,60.31831741333008,79.69982147216797
2019-01-23,13.659292221069336,50.58709716796875,77.81990814208984,121.27999877929688,237.59352111816406,99.7925796508789,61.48080825805664,22.61794090270996,60.52486038208008,79.78889465332031
2019-01-24,13.694700241088867,50.6447639465332,78.19712829589844,121.08999633789062,237.71975708007812,100.44776153564453,61.69039535522461,22.67068862915039,61.03181838989258,79.1207275390625
2019-01-25,13.765521049499512,51.22148513793945,78.12458038330078,122.86000061035156,239.73121643066406,99.96675109863281,62.45891571044922,22.85529327392578,61.895511627197266,79.21873474121094
2019-01-28,13.579619407653809,50.94136428833008,77.76913452148438,123.29000091552734,237.90924072265625,99.86724090576172,63.072174072265625,22.784963607788086,61.06937026977539,78.31893920898438
2019-01-29,13.71240520477295,51.05671691894531,77.83443450927734,123.9800033569336,237.59352111816406,100.37318420410156,63.5689697265625,22.705852508544922,60.41219711303711,78.7020034790039
2019-01-30,13.809782981872559,51.6169548034668,78.38568878173828,124.69000244140625,241.35476684570312,100.29850769042969,64.0813217163086,22.837705612182617,62.2898063659668,79.7800064086914
2019-01-31,13.738965034484863,51.64167785644531,78.98052978515625,124.75,243.4745330810547,101.1611328125,64.74893188476562,22.80254554748535,62.224090576171875,80.77779388427734
2019-02-01,13.862897872924805,51.62519454956055,79.09125518798828,124.5,243.59178161621094,100.55007934570312,64.33749389648438,22.899242401123047,62.59023666381836,80.84908294677734
2019-02-04,13.871750831604004,51.8146858215332,78.82174682617188,123.95999908447266,245.30551147460938,100.10124206542969,64.81878662109375,22.995935440063477,63.59474563598633,80.6174545288086
2019-02-05,13.809782981872559,52.21840286254883,79.34616088867188,124.27999877929688,246.3338165283203,100.55842590332031,65.19139099121094,22.93440055847168,64.12986755371094,80.50162506103516
2019-02-06,13.827486991882324,51.95475387573242,78.93830871582031,123.44000244140625,246.0090789794922,100.60830688476562,64.76445770263672,22.90802764892578,64.34580993652344,80.86688995361328
2019-02-07,13.694700241088867,51.26268768310547,78.79261016845703,123.73999786376953,243.66397094726562,101.2733154296875,65.30008697509766,22.67947769165039,63.46331787109375,79.97599029541016
2019-02-08,13.71240520477295,51.09790802001953,78.4429931640625,124.20999908447266,243.96151733398438,101.70558166503906,65.30008697509766,22.565196990966797,63.8294563293457,80.12744903564453
2019-02-11,13.632734298706055,51.04847717285156,78.26091003417969,123.5999984741211,244.09686279296875,101.30657958984375,65.47863006591797,22.63552474975586,63.801292419433594,80.02945709228516
2019-02-12,13.71240520477295,51.64167785644531,78.55227661132812,123.86000061035156,247.23580932617188,101.04881286621094,65.06717681884766,22.969566345214844,64.64620971679688,81.12525177001953
2019-02-13,13.792078018188477,51.6499137878418,78.55956268310547,123.37000274658203,248.03860473632812,100.66646575927734,65.40098571777344,23.03110122680664,64.73069763183594,81.30342864990234
2019-02-14,13.827486991882324,51.6663932800293,78.76347351074219,124.05999755859375,247.48834228515625,101.24006652832031,65.61058044433594,22.749797821044922,64.84336853027344,81.49050903320312
2019-02-15,14.084207534790039,52.4161376953125,78.82904815673828,124.80000305175781,250.185302734375,101.39800262451172,66.05305480957031,23.233280181884766,65.3597183227539,82.71997833251953
2019-02-19,14.119617462158203,52.613868713378906,78.77801513671875,126.69999694824219,250.61827087402344,101.65571594238281,66.03753662109375,23.268444061279297,65.37847900390625,82.52396392822266
2019-02-20,14.163880348205566,52.762168884277344,78.78534698486328,126.4800033569336,251.1233673095703,101.36473846435547,65.6261215209961,23.417877197265625,65.4535903930664,82.42597198486328
2019-02-21,14.20814037322998,52.655067443847656,78.73434448242188,125.05000305175781,250.2304229736328,100.45867156982422,65.68819427490234,23.294818878173828,65.48175048828125,81.704345703125
2019-02-22,14.243552207946777,52.82808303833008,79.22233581542969,125.5,251.7819061279297,101.05718994140625,66.07634735107422,23.25965118408203,66.31729125976562,82.45269012451172
2019-02-25,14.031094551086426,52.984619140625,79.09125518798828,125.37000274658203,252.1245574951172,100.7579345703125,65.55624389648438,23.35634422302246,66.6364974975586,82.56851959228516
2019-02-26,14.093060493469238,53.24003601074219,79.32429504394531,125.58000183105469,251.94424438476562,101.25669860839844,65.35441589355469,23.2860164642334,66.77731323242188,82.27452087402344
2019-02-27,14.163880348205566,53.02581787109375,79.34616088867188,124.69000244140625,251.83595275878906,100.10953521728516,65.02838134765625,23.37392807006836,66.71159362792969,81.89142608642578
2019-02-28,14.128469467163086,52.951663970947266,79.2951889038086,123.98999786376953,251.36685180664062,99.76870727539062,65.19915771484375,23.312395095825195,66.52384185791016,81.65087890625
2019-03-01,13.969125747680664,53.24003601074219,79.01216125488281,121.87999725341797,252.93638610839844,98.8465347290039,64.99732208251953,23.46183204650879,66.9744644165039,82.80903625488281
2019-03-04,14.013388633728027,53.04229736328125,78.96829986572266,121.55999755859375,252.01634216308594,99.62126922607422,65.29229736328125,23.312395095825195,66.72098541259766,81.68653869628906
2019-03-05,14.084207534790039,53.09172821044922,79.00486755371094,121.72000122070312,251.673583984375,99.82955169677734,65.47086334228516,23.224489212036133,66.52384185791016,81.6419677734375
2019-03-06,14.004535675048828,52.95990753173828,78.93903350830078,121.61000061035156,250.1492919921875,100.196044921875,65.16810607910156,23.07505226135254,66.17647552490234,80.44818115234375
2019-03-07,13.969125747680664,52.28430938720703,78.75617980957031,121.51000213623047,248.05667114257812,100.84580993652344,65.02838134765625,22.837705612182617,65.5474624633789,79.81562042236328
2019-03-08,13.960273742675781,52.29254913330078,78.9756088256836,122.83999633789062,247.56048583984375,101.27066802978516,65.09825134277344,22.828916549682617,65.53805541992188,79.64636993408203
2019-03-11,13.977978706359863,52.745689392089844,79.26811218261719,122.23999786376953,251.15042114257812,100.9708023071289,66.05305480957031,23.066261291503906,66.94630432128906,80.55508422851562
2019-03-12,14.066503524780273,52.71274185180664,79.51678466796875,122.9800033569336,252.09747314453125,101.6788558959961,66.35580444335938,23.119001388549805,67.34059143066406,81.14307403564453
2019-03-13,14.15502643585205,53.1658821105957,79.5387191772461,123.83999633789062,253.7661895751953,101.48724365234375,66.68184661865234,23.277233123779297,67.78179168701172,82.01615905761719
2019-03-14,14.093060493469238,53.15764236450195,79.42171478271484,122.41000366210938,253.60386657714844,100.75416564941406,66.78277587890625,23.365137100219727,67.92265319824219,81.88253784179688
2019-03-15,14.093060493469238,53.73436737060547,79.74348449707031,122.97000122070312,254.85678100585938,101.42060089111328,66.57316589355469,23.528593063354492,68.74486541748047,82.25897216796875
2019-03-18,14.163880348205566,53.92386245727539,79.81660461425781,123.04000091552734,255.78089904785156,101.36229705810547,66.23936462402344,23.76714515686035,69.03682708740234,82.13379669189453
2019-03-19,14.19929027557373,54.030967712402344,79.87511444091797,123.37999725341797,255.84425354003906,101.1373519897461,66.03753662109375,23.581602096557617,69.17810821533203,82.78656005859375
2019-03-20,14.305519104003906,54.055686950683594,80.58451080322266,124.18000030517578,255.07415771484375,102.1953353881836,66.23936462402344,23.09565544128418,68.98973846435547,82.21427917480469
2019-03-21,14.234699249267578,54.02273178100586,80.56256103515625,123.68000030517578,257.9552307128906,102.42021942138672,67.4193115234375,23.024972915649414,70.72274017333984,82.53620147705078
2019-03-22,14.110764503479004,52.984619140625,80.02871704101562,123.97000122070312,252.99050903320312,104.0113296508789,66.93025207519531,22.388832092285156,69.05567169189453,81.0339126586914
2019-03-25,14.163880348205566,53.05877685546875,80.47480773925781,124.91999816894531,252.80029296875,104.17791748046875,67.01563262939453,22.29163932800293,68.7542724609375,80.98919677734375
2019-03-26,14.190437316894531,53.322418212890625,80.54793548583984,124.30000305175781,254.68470764160156,104.10291290283203,67.55126190185547,22.556699752807617,69.13101196289062,81.54360961914062
2019-03-27,14.110764503479004,53.347129821777344,80.24810028076172,123.6500015258789,253.3529052734375,105.06090545654297,67.35720825195312,22.459514617919922,68.7354736328125,80.8639907836914
2019-03-28,14.066503524780273,53.21530532836914,80.41631317138672,121.9000015258789,254.31326293945312,105.42742919921875,68.01081848144531,22.653888702392578,69.01802062988281,81.06968688964844
2019-03-29,14.07535457611084,53.43776321411133,80.48945617675781,122.01000213623047,255.91680908203125,105.32750701904297,67.94823455810547,22.715736389160156,69.69612884521484,82.04437255859375
2019-04-01,14.20814037322998,54.12160110473633,80.63189697265625,121.52999877929688,258.95172119140625,103.8314208984375,67.90917205810547,23.272369384765625,70.64738464355469,82.16954040527344
2019-04-02,14.243552207946777,54.13806915283203,80.68330383300781,121.9800033569336,259.07861328125,104.0234375,68.38607788085938,23.25469398498535,70.89227294921875,81.98177337646484
2019-04-03,14.261256217956543,54.558265686035156,80.49974060058594,121.80000305175781,259.4862365722656,103.1218032836914,68.30789947509766,23.32538414001465,71.46678924560547,81.87448120117188
2019-04-04,14.270109176635742,54.442909240722656,80.4776840209961,122.11000061035156,260.1747131347656,103.41395568847656,68.19844818115234,23.466745376586914,71.16539764404297,81.70460510253906
2019-04-05,14.314370155334473,54.58298110961914,80.79344177246094,121.9800033569336,261.4341125488281,103.54753875732422,68.67534637451172,23.502084732055664,71.50447082519531,82.26792907714844
2019-04-08,14.367486000061035,54.615928649902344,80.4703369140625,122.51000213623047,261.6333923339844,103.18021392822266,68.29225158691406,23.528593063354492,71.77760314941406,82.25003814697266
2019-04-09,14.34092903137207,54.26990509033203,80.52175903320312,123.1500015258789,260.29266357421875,103.50582122802734,67.93263244628906,23.334213256835938,71.43852233886719,82.0354232788086
2019-04-10,14.464861869812012,54.47587966918945,80.68330383300781,123.52999877929688,261.1804504394531,103.75629425048828,68.55809020996094,23.40489387512207,71.9377212524414,82.06226348876953
2019-04-11,14.39404296875,54.360530853271484,80.3895492553711,121.94999694824219,261.1078796386719,103.1468276977539,68.51117706298828,23.5462589263916,71.84349822998047,81.05180358886719
2019-04-12,14.43830394744873,54.739524841308594,80.38219451904297,121.83000183105469,262.8746032714844,102.41213989257812,68.83953857421875,23.97920036315918,72.34270477294922,80.3095932006836
2019-04-15,14.411746978759766,54.76423263549805,80.43363952636719,121.5999984741211,262.7024230957031,102.67094421386719,68.48771667480469,23.82899284362793,72.3144302368164,80.63150787353516
2019-04-16,14.358633041381836,54.805416107177734,80.27940368652344,120.51000213623047,262.8746032714844,102.02812957763672,66.93970489501953,24.164735794067383,72.68174743652344,78.97721862792969
2019-04-17,14.305519104003906,54.96196746826172,80.35284423828125,120.27999877929688,262.2314147949219,102.0698471069336,66.32989501953125,24.226591110229492,73.08676147460938,76.70592498779297
2019-04-18,14.349780082702637,54.92900848388672,80.4189453125,120.37000274658203,262.74774169921875,102.60414123535156,66.83807373046875,24.155902862548828,73.29396057128906,76.83109283447266
2019-04-22,14.420600891113281,54.83837890625,80.36019134521484,120.37000274658203,262.9742736816406,102.11161041259766,66.10315704345703,24.085220336914062,73.4635009765625,76.87580871582031
2019-04-23,14.43830394744873,54.94549560546875,80.60252380371094,120.12000274658203,265.33880615234375,102.32864379882812,66.97879028320312,24.23542022705078,74.2640380859375,78.0919189453125
2019-04-24,14.3851900100708,54.566497802734375,80.37489318847656,120.47000122070312,264.74993896484375,103.16353607177734,67.47134399414062,24.20891571044922,74.29230499267578,78.00249481201172
2019-04-25,14.358633041381836,54.525306701660156,80.48504638671875,120.56999969482422,264.5867614746094,103.01324462890625,67.33061981201172,24.253089904785156,74.27346801757812,78.80730438232422
2019-04-26,14.190437316894531,54.74775314331055,80.43363952636719,121.37000274658203,265.8189392089844,103.36390686035156,67.86225891113281,24.473976135253906,73.99092102050781,79.59424591064453
2019-04-29,14.19929027557373,54.97021484375,80.51441192626953,120.83000183105469,266.2357177734375,102.704345703125,67.19770812988281,24.721364974975586,74.009765625,79.4511489868164
2019-04-30,14.243552207946777,55.00315856933594,80.63189697265625,121.19999694824219,266.3716125488281,103.23031616210938,67.83880615234375,24.7567081451416,74.1322021484375,79.81777954101562
2019-05-01,14.19929027557373,54.69007873535156,80.60904693603516,120.4000015258789,264.36944580078125,103.6561279296875,67.89352416992188,24.553495407104492,73.9438247680664,79.6747055053711
2019-05-02,14.039946556091309,54.607696533203125,80.48369598388672,119.94000244140625,263.79864501953125,103.16252136230469,67.96390533447266,24.580001831054688,73.55767059326172,80.01451110839844
2019-05-03,14.048798561096191,55.192657470703125,80.94084930419922,120.6500015258789,266.38067626953125,103.45538330078125,68.5424575805664,24.800884246826172,74.254638671875,80.62259674072266
2019-05-06,14.093060493469238,54.566497802734375,80.9261245727539,120.80999755859375,265.2845153808594,103.73981475830078,68.32353210449219,24.633014678955078,73.68010711669922,81.0339126586914
2019-05-07,13.916011810302734,53.610774993896484,80.49840545654297,121.20999908447266,260.854248046875,104.53457641601562,67.08824920654297,24.226591110229492,72.09783172607422,79.47798156738281
2019-05-08,13.933716773986816,53.67669677734375,80.58692169189453,120.91000366210938,260.49188232421875,104.08282470703125,67.01789093017578,24.173572540283203,72.0130615234375,79.64787292480469
2019-05-09,13.862897872924805,53.429527282714844,80.34357452392578,121.19999694824219,259.7036437988281,104.50947570800781,67.18989562988281,24.12055778503418,71.5232925415039,79.47798156738281
2019-05-10,13.889453887939453,53.824989318847656,80.61641693115234,121.43000030517578,261.0083312988281,104.36724853515625,67.90917205810547,24.279600143432617,71.74935150146484,79.50480651855469
2019-05-13,13.818634033203125,52.57267761230469,79.96756744384766,122.66999816894531,254.44915771484375,105.18717956542969,67.83880615234375,23.57276725769043,69.0462646484375,78.01145935058594
2019-05-14,14.004535675048828,53.0999641418457,80.2182388305664,122.45999908447266,256.75030517578125,104.87760162353516,68.08897399902344,23.758310317993164,70.15762329101562,78.40492248535156
2019-05-15,14.128469467163086,53.28947067260742,80.51313781738281,122.38999938964844,258.2541809082031,105.52178192138672,68.5502700805664,23.66996192932129,70.92052459716797,78.63742065429688
2019-05-16,14.20814037322998,53.71788787841797,80.52791595458984,121.51000213623047,260.6459655761719,105.17041778564453,68.82389831542969,23.908510208129883,71.57037353515625,79.25440979003906
2019-05-17,14.07535457611084,53.36360549926758,80.34357452392578,120.6500015258789,258.9607849121094,105.40470886230469,68.69097900390625,23.74947738647461,70.99588012695312,79.08451080322266
2019-05-20,14.137322425842285,53.149410247802734,80.70491790771484,120.63999938964844,257.2485656738281,105.18717956542969,67.69807434082031,23.775983810424805,69.76203918457031,79.04874420166016
2019-05-21,14.146174430847168,53.50367736816406,80.80078125,120.36000061035156,259.56781005859375,105.01981353759766,68.27662658691406,24.02337074279785,70.61915588378906,79.79096221923828
2019-05-22,13.9425687789917,53.28947067260742,80.75651550292969,120.23999786376953,258.77056884765625,105.62223815917969,68.47989654541016,23.88200569152832,70.25183868408203,80.24698638916016
2019-05-23,13.650439262390137,52.80335235595703,80.64593505859375,121.16999816894531,255.6087646484375,106.8101577758789,68.6362533569336,23.5462589263916,69.01802062988281,79.96980285644531
2019-05-24,13.836339950561523,53.37184524536133,80.72698211669922,121.30000305175781,256.1885986328125,106.90217590332031,68.84735107421875,23.731809616088867,69.03682708740234,80.0860366821289
2019-05-28,13.951421737670898,52.85280227661133,80.83026123046875,120.83000183105469,253.80581665039062,107.67185974121094,68.16717529296875,23.457910537719727,68.83905029296875,78.94145202636719
2019-05-29,13.898306846618652,52.51499938964844,80.7859878540039,120.87000274658203,252.1026611328125,107.9981689453125,67.26026153564453,23.41373634338379,68.43407440185547,78.18135833740234
2019-05-30,13.756668090820312,52.71274185180664,81.02932739257812,121.69000244140625,252.7911834716797,108.92681121826172,67.54170227050781,23.334213256835938,68.85790252685547,78.61058807373047
2019-05-31,13.393717765808105,52.23487854003906,81.02932739257812,123.33000183105469,249.384765625,110.2905044555664,67.93263244628906,22.980802536010742,67.7088394165039,78.04722595214844
2019-06-03,13.349456787109375,52.53971862792969,80.99896240234375,125.11000061035156,248.75059509277344,111.02819061279297,68.0968017578125,23.131000518798828,66.52214813232422,78.23500061035156
2019-06-04,13.429129600524902,53.14116287231445,81.48770141601562,125.1500015258789,254.15008544921875,109.76229858398438,67.79187774658203,23.758310317993164,68.74486541748047,79.5316162109375
2019-06-05,13.154703140258789,53.12468338012695,81.74681091308594,125.47000122070312,256.3515319824219,109.14195251464844,69.20697784423828,23.908510208129883,69.63961791992188,80.13076782226562
2019-06-06,13.384865760803223,53.338897705078125,82.05782318115234,125.87999725341797,258.0186767578125,109.49406433105469,69.33991241455078,23.99686622619629,70.44961547851562,80.54208374023438
2019-06-07,13.429129600524902,54.01449203491211,82.5539321899414,126.58999633789062,260.60064697265625,110.4413833618164,69.59791564941406,23.96152687072754,71.7587661743164,81.38265991210938
2019-06-10,13.393717765808105,54.16278076171875,82.45028686523438,125.33000183105469,261.7964782714844,109.40184783935547,69.37117767333984,24.164735794067383,72.49341583251953,81.62409210205078
2019-06-11,13.482242584228516,54.43467330932617,82.33921813964844,125.18000030517578,261.7330627441406,109.46891021728516,69.55879211425781,24.173572540283203,72.49341583251953,81.48994445800781
2019-06-12,13.296342849731445,54.030967712402344,82.27256774902344,125.83000183105469,261.2710266113281,109.55279541015625,69.7933578491211,23.935016632080078,72.08842468261719,81.8833999633789
2019-06-13,13.46453857421875,54.08040237426758,82.45769500732422,126.5999984741211,262.34912109375,109.92999267578125,70.09044647216797,24.014541625976562,72.30501556396484,81.7850341796875
2019-06-14,13.51765251159668,53.684932708740234,82.39103698730469,126.55999755859375,262.0592956542969,110.2066421508789,70.12955474853516,24.067550659179688,71.67399597167969,81.5972671508789
2019-06-17,13.45568561553955,53.723655700683594,82.42800903320312,126.4800033569336,262.158935546875,110.39947509765625,70.88009643554688,23.84666633605957,71.73049926757812,81.96390533447266
2019-06-18,13.615029335021973,54.43906784057617,83.26481628417969,127.12000274658203,264.9039611816406,110.95275115966797,70.80970001220703,24.164735794067383,73.03023529052734,82.661376953125
2019-06-19,13.588472366333008,54.775733947753906,83.99044036865234,127.88999938964844,265.5018615722656,111.11200714111328,71.19281768798828,24.12055778503418,73.29396057128906,83.40357208251953
2019-06-20,13.862897872924805,55.2554931640625,84.3680648803711,131.11000061035156,268.0385437011719,111.40546417236328,71.55247497558594,24.226591110229492,74.36764526367188,83.77021026611328
2019-06-21,13.898306846618652,55.01982116699219,83.54618072509766,131.97999572753906,267.64892578125,110.18146514892578,70.54389953613281,24.17241859436035,74.01607513427734,84.17253875732422
2019-06-24,13.960273742675781,55.13764572143555,83.70906066894531,133.94000244140625,267.3211669921875,111.00305938720703,70.30155181884766,24.074731826782227,74.15784454345703,83.73248291015625
2019-06-25,14.004535675048828,54.809410095214844,83.27960968017578,134.1999969482422,264.6993713378906,111.34676361083984,69.26172637939453,23.994808197021484,72.79680633544922,83.39125061035156
2019-06-26,14.07535457611084,54.87672805786133,83.4202880859375,132.97000122070312,264.43536376953125,110.63420104980469,67.87789916992188,23.950408935546875,73.58125305175781,82.34056091308594
2019-06-27,14.07535457611084,55.01140213012695,83.76091003417969,132.83999633789062,265.3730163574219,111.41382598876953,68.75170135498047,24.16353988647461,73.77031707763672,82.91529083251953
2019-06-28,13.924864768981934,55.32282257080078,83.88676452636719,133.1999969482422,266.738525390625,111.33837127685547,68.98849487304688,24.509870529174805,73.7608642578125,83.19368743896484
2019-07-01,13.916011810302734,55.583740234375,84.31640625,130.6199951171875,269.16009521484375,111.07801055908203,68.9569320678711,24.80292320251465,74.932861328125,83.60677337646484
2019-07-02,13.6858491897583,55.743656158447266,84.4651107788086,133.41000366210938,269.86102294921875,111.93476104736328,70.15672302246094,24.74076271057129,75.13134765625,84.0557861328125
2019-07-03,13.818634033203125,56.122398376464844,84.69550323486328,133.6300048828125,272.0187072753906,112.73274993896484,70.99344635009766,24.936132431030273,75.70790100097656,84.77420806884766
2019-07-05,13.845192909240723,55.693145751953125,84.25696563720703,132.13999938964844,271.70916748046875,111.23760986328125,70.74083709716797,25.007173538208008,75.56613159179688,84.19049072265625
2019-07-08,13.827486991882324,55.37331771850586,84.13802337646484,131.2899932861328,270.2161865234375,111.38876342773438,70.99344635009766,24.88285255432129,74.98957061767578,83.56188201904297
2019-07-09,13.871750831604004,55.13764572143555,83.93730163574219,131.75,270.5530700683594,111.34678649902344,71.230224609375,24.927248001098633,75.25422668457031,83.64269256591797
2019-07-10,14.172733306884766,55.33123016357422,84.07111358642578,133.8300018310547,271.8457336425781,110.733642578125,71.64067840576172,24.838449478149414,75.84968566894531,83.93008422851562
2019-07-11,14.181585311889648,55.31440353393555,83.82583618164062,132.6999969482422,272.4830017089844,109.25523376464844,70.70926666259766,24.980531692504883,76.13323211669922,83.9480209350586
2019-07-12,14.21699333190918,55.381736755371094,83.99678802490234,133.52999877929688,273.702880859375,109.38123321533203,70.61454772949219,25.149259567260742,76.6908950805664,83.01406860351562
2019-07-15,14.066503524780273,55.43223571777344,84.16773223876953,133.52999877929688,273.7939453125,110.01123046875,70.55928802490234,25.007173538208008,76.94607543945312,83.19368743896484
2019-07-16,13.916011810302734,55.204986572265625,84.12313842773438,132.39999389648438,272.910888671875,109.68362426757812,70.3935317993164,24.945011138916016,76.2277603149414,82.78059387207031
2019-07-17,13.792078018188477,55.12923812866211,84.21979522705078,134.5800018310547,271.0537414550781,110.86800384521484,70.15672302246094,24.73188591003418,76.0292739868164,82.79853820800781
2019-07-18,13.694700241088867,55.29757308959961,84.37591552734375,136.47999572753906,272.0460205078125,110.87641906738281,70.15672302246094,24.918371200561523,76.59635925292969,83.26551818847656
2019-07-19,13.774373054504395,55.13764572143555,84.2495346069336,134.47000122070312,270.53485107421875,110.61602020263672,69.01216125488281,24.811809539794922,76.26554107666016,82.4034194946289
2019-07-22,13.730112075805664,55.19656753540039,84.546875,134.4499969482422,271.1993408203125,110.82596588134766,68.94902038574219,24.865089416503906,77.14456939697266,82.2327651977539
2019-07-23,13.818634033203125,55.54165267944336,84.8070068359375,133.69000244140625,273.1385192871094,110.22119140625,69.73046875,25.12261962890625,77.56986999511719,82.74466705322266
2019-07-24,13.756668090820312,55.583740234375,85.00029754638672,134.3699951171875,274.42205810546875,110.69998168945312,69.7857437133789,25.380151748657227,78.21260833740234,82.7895736694336
2019-07-25,13.70355224609375,55.01982116699219,84.87391662597656,133.4199981689453,273.1112060546875,110.17082977294922,69.37528228759766,25.202537536621094,77.89125061035156,82.38545989990234
2019-07-26,13.721258163452148,55.12923812866211,84.82933044433594,133.63999938964844,274.9410400390625,110.4312515258789,69.69102478027344,25.477832794189453,78.06136322021484,82.68180084228516
2019-07-29,13.774373054504395,55.24706268310547,84.82185363769531,134.52999877929688,274.44036865234375,110.46485900878906,69.8804702758789,25.282466888427734,78.01411437988281,83.0230712890625
2019-07-30,13.854043960571289,54.60739517211914,84.6806411743164,134.97999572753906,273.7666015625,110.733642578125,70.44088745117188,25.211421966552734,77.51316833496094,82.66384887695312
2019-07-31,13.765521049499512,54.2454833984375,84.50228118896484,133.2100067138672,270.771484375,111.62397766113281,70.16461944580078,25.08709716796875,76.34115600585938,81.84663391113281
2019-08-01,13.384865760803223,54.0939826965332,84.8663101196289,136.41000366210938,268.41363525390625,113.84088897705078,70.16461944580078,24.518754959106445,75.95364379882812,81.95438385009766
2019-08-02,13.402570724487305,53.61423873901367,84.81411743164062,135.88999938964844,266.3926696777344,114.8929443359375,70.50403594970703,24.509870529174805,74.71549224853516,81.76580810546875
2019-08-05,13.287489891052246,52.275978088378906,83.9785385131836,137.7899932861328,258.3813171386719,116.87919616699219,69.11479187011719,23.692873001098633,71.59642791748047,79.84403228759766
2019-08-06,13.216670036315918,52.62947463989258,84.56792449951172,138.91000366210938,262.0046691894531,117.81344604492188,69.8804702758789,24.074731826782227,72.78732299804688,80.87675476074219
2019-08-07,13.048474311828613,52.831485748291016,84.9931869506836,141.02000427246094,262.159423828125,117.85548400878906,70.55928802490234,23.755033493041992,73.24102783203125,80.90367126464844
2019-08-08,13.119293212890625,53.34489822387695,85.41844177246094,141.72999572753906,267.3029479980469,118.10802459716797,71.79853057861328,24.207937240600586,75.0368423461914,81.9813232421875
2019-08-09,13.234375,52.97456741333008,85.3736572265625,141.25999450683594,265.4822082519531,117.87229919433594,71.71173858642578,24.128013610839844,74.18619537353516,82.08012390136719
2019-08-12,13.136999130249023,52.553733825683594,84.47832489013672,142.6300048828125,262.2504577636719,120.32994079589844,71.52229309082031,23.666229248046875,73.2126693725586,81.28089141845703
2019-08-13,13.446832656860352,53.050315856933594,84.35901641845703,141.77999877929688,266.3289489746094,119.91751861572266,71.62490844726562,23.95928955078125,75.04630279541016,82.34056091308594
2019-08-14,13.2432279586792,51.594234466552734,84.24708557128906,142.75,258.4542236328125,122.61923217773438,70.53560638427734,23.071247100830078,72.74008178710938,80.05055236816406
2019-08-15,13.136999130249023,51.770973205566406,84.5828628540039,143.6999969482422,259.136962890625,123.98265838623047,71.23811340332031,23.18669319152832,72.60775756835938,80.32896423339844
2019-08-16,13.128146171569824,52.39381790161133,85.06774139404297,142.77999877929688,262.9605712890625,122.98957061767578,71.97219848632812,23.595190048217773,73.9876937866211,81.31678771972656
2019-08-19,13.190113067626953,52.713653564453125,84.724609375,141.11000061035156,266.1286926269531,121.23051452636719,72.49317932128906,23.8349666595459,75.11245727539062,82.09808349609375
2019-08-20,13.2255220413208,52.53689956665039,84.74697875976562,142.2100067138672,264.0894470214844,122.48450469970703,71.98011016845703,23.515268325805664,74.73435974121094,81.39762115478516
2019-08-21,13.269783973693848,52.90723419189453,84.9931869506836,141.75999450683594,266.23779296875,121.66815185546875,72.28003692626953,23.62183380126953,75.6133804321289,81.99929809570312
2019-08-22,13.207817077636719,52.806236267089844,85.03794860839844,141.39999389648438,266.1558532714844,120.86022186279297,72.611572265625,23.78167724609375,75.43379974365234,81.59518432617188
2019-08-23,13.110441207885742,52.14973449707031,85.07520294189453,144.1699981689453,259.31903076171875,122.84647369384766,71.59333038330078,23.177814483642578,72.93856048583984,79.70933532714844
2019-08-26,13.101588249206543,52.578983306884766,85.00064086914062,144.19000244140625,262.18670654296875,122.34989166259766,72.1458740234375,23.399822235107422,73.94989776611328,80.54449462890625
2019-08-27,13.190113067626953,52.53689956665039,85.23938751220703,145.57000732421875,261.1579895019531,124.23519134521484,71.94064331054688,23.257741928100586,73.83647155761719,80.06851196289062
2019-08-28,13.305194854736328,52.53689956665039,85.33638000488281,145.16000366210938,262.9969787597656,124.39514923095703,72.17744445800781,23.470863342285156,73.90264129638672,80.6522445678711
2019-08-29,13.340603828430176,52.99139404296875,85.53034210205078,144.1199951171875,266.3562316894531,123.9238052368164,72.73786926269531,23.826080322265625,75.18806457519531,81.26294708251953
2019-08-30,13.128146171569824,53.20181655883789,85.81388854980469,143.75,266.23779296875,123.95746612548828,72.7931137084961,23.906005859375,75.16917419433594,81.3616943359375
2019-09-03,13.057327270507812,53.10081481933594,86.01082611083984,145.75,264.68115234375,124.11764526367188,73.51932525634766,23.657352447509766,74.25234985351562,80.88573455810547
2019-09-04,13.367161750793457,53.84990310668945,86.5499038696289,146.66000366210938,267.6852722167969,124.30308532714844,74.135009765625,23.888242721557617,75.51886749267578,80.93961334228516
2019-09-05,13.349456787109375,54.13606262207031,86.08564758300781,143.13999938964844,271.1266174316406,122.05199432373047,73.59825134277344,24.376667022705078,77.09729766845703,81.73886108398438
2019-09-06,13.384865760803223,54.31281280517578,86.39266204833984,141.9199981689453,271.3359069824219,122.92037200927734,73.76402282714844,24.367786407470703,77.03113555908203,81.96337127685547
2019-09-09,13.50879955291748,54.47273635864258,85.68130493164062,141.38999938964844,271.4724426269531,120.73664093017578,73.4088134765625,24.74076271057129,76.45457458496094,81.20901489257812
2019-09-10,13.526504516601562,54.56532669067383,85.04487609863281,140.17999267578125,271.40875244140625,118.62044525146484,72.65105438232422,24.82956886291504,76.06707000732422,81.44252014160156
2019-09-11,13.429129600524902,54.86832046508789,85.13472747802734,141.02999877929688,273.3387451171875,118.40962219238281,72.72998046875,24.97165298461914,76.86102294921875,82.25071716308594
2019-09-12,13.37601375579834,55.18815231323242,85.2994613647461,141.32000732421875,274.2855224609375,117.6339340209961,73.11675262451172,25.104856491088867,77.27687072753906,82.22380828857422
2019-09-13,13.37601375579834,55.49957275390625,84.3185806274414,140.14999389648438,274.1034240722656,115.12139892578125,72.3353271484375,25.30022621154785,76.70978546142578,82.17888641357422
2019-09-16,13.969125747680664,55.00298309326172,84.67798614501953,141.32000732421875,273.2568359375,116.58849334716797,72.966796875,25.211421966552734,76.52074432373047,81.99929809570312
2019-09-17,13.70355224609375,55.18815231323242,84.94757080078125,141.60000610351562,273.9486389160156,117.22086334228516,73.75611877441406,25.238065719604492,76.8326416015625,82.12503051757812
2019-09-18,13.615029335021973,55.12080764770508,84.95503234863281,140.7100067138672,274.11260986328125,117.7182846069336,73.50353240966797,25.32686996459961,76.8232192993164,82.11603546142578
2019-09-19,13.6858491897583,55.30598449707031,85.32940673828125,141.27999877929688,274.09429931640625,118.07238006591797,73.76402282714844,25.211421966552734,76.99334716796875,82.50218963623047
2019-09-20,13.70355224609375,55.17972946166992,85.7112808227539,142.9499969482422,272.7993469238281,119.63217163085938,73.76402282714844,25.063257217407227,76.09547424316406,82.96207427978516
2019-09-23,13.738965034484863,55.03665542602539,85.5165786743164,143.75,272.7352600097656,119.60688018798828,73.8824234008789,25.107887268066406,76.3324966430664,82.52021789550781
2019-09-24,13.579619407653809,54.826236724853516,84.96997833251953,144.50999450683594,270.59521484375,121.04864501953125,73.71853637695312,24.866891860961914,75.5929946899414,81.76273345947266
2019-09-25,13.499947547912598,54.666316986083984,84.72291564941406,141.8300018310547,272.1957702636719,119.2780532836914,73.86174011230469,25.072179794311523,76.4936752319336,81.36595916748047
2019-09-26,13.499947547912598,54.86832046508789,84.8951416015625,141.7899932861328,271.62872314453125,120.04530334472656,74.48237609863281,24.95615005493164,76.57901000976562,80.91510772705078
2019-09-27,13.446832656860352,54.68315505981445,84.78277587890625,141.05999755859375,270.1653137207031,120.34040069580078,74.06861114501953,25.054325103759766,75.5550537109375,80.55438232421875
2019-09-30,13.314046859741211,54.88515090942383,84.8726806640625,138.8699951171875,271.4183044433594,120.63549041748047,74.19590759277344,24.991853713989258,76.35145568847656,81.27579498291016
2019-10-01,13.305194854736328,54.34648132324219,84.4668960571289,139.6300048828125,268.18988037109375,120.99869537353516,73.49571228027344,24.465238571166992,75.640380859375,80.48224639892578
2019-10-02,13.190113067626953,53.23548126220703,84.45186614990234,141.25999450683594,263.4524230957031,121.2942886352539,73.1854248046875,23.965402603149414,74.21822357177734,79.3099594116211
2019-10-03,13.172408103942871,53.58898162841797,84.85762786865234,141.89999389648438,265.61077880859375,122.40069580078125,73.89356231689453,24.063583374023438,75.1283950805664,80.02232360839844
2019-10-04,13.278636932373047,54.00981521606445,85.60151672363281,141.89999389648438,269.2050476074219,123.304443359375,74.3391342163086,24.50986099243164,76.37043762207031,81.27579498291016
2019-10-07,13.260931015014648,53.942481994628906,85.12063598632812,140.69000244140625,268.0435485839844,122.28241729736328,74.18000030517578,24.384906768798828,76.04805755615234,81.00526428222656
2019-10-08,13.252079963684082,53.43748092651367,85.03797149658203,141.9199981689453,263.8822326660156,122.6119155883789,73.79012298583984,23.90291976928711,74.65435028076172,79.4632568359375
2019-10-09,13.287489891052246,53.824649810791016,85.0455093383789,142.0500030517578,266.3881530761719,121.9192886352539,73.93335723876953,24.12606430053711,75.76362609863281,80.04039764404297
2019-10-10,13.37601375579834,54.20340347290039,84.90271759033203,140.80999755859375,268.18988037109375,120.10335540771484,74.05268859863281,24.3759822845459,76.28511047363281,80.43714141845703
2019-10-11,13.535357475280762,55.171329498291016,84.84262084960938,140.02999877929688,270.97021484375,118.61689758300781,74.0208511352539,24.67945098876953,77.33748626708984,81.1044692993164
2019-10-14,13.473390579223633,54.94407272338867,84.88018798828125,140.58999633789062,270.66845703125,119.47835540771484,74.05268859863281,24.71515464782715,77.29008483886719,81.06838989257812
2019-10-15,13.437982559204102,55.583740234375,85.0605239868164,139.61000061035156,273.34808349609375,118.03409576416016,74.1481704711914,25.072179794311523,78.14338684082031,82.54727935791016
2019-10-16,13.45568561553955,55.66788864135742,84.9252700805664,140.41000366210938,272.9090576171875,118.17764282226562,74.1561279296875,25.009708404541016,77.60298156738281,82.43907165527344
2019-10-17,13.50879955291748,55.80256271362305,85.0455093383789,140.61000061035156,273.71392822265625,117.8905258178711,74.64148712158203,25.027555465698242,77.45125579833984,83.05227661132812
2019-10-18,13.499947547912598,55.77731704711914,85.12063598632812,140.4600067138672,272.5157775878906,117.8905258178711,75.21436309814453,25.09003257751465,76.71173858642578,82.74567413330078
2019-10-21,13.482242584228516,56.080326080322266,84.81255340576172,139.7899932861328,274.3632507324219,117.003662109375,75.78724670410156,25.438133239746094,77.53659057617188,82.6554946899414
2019-10-22,13.499947547912598,55.945648193359375,85.12063598632812,140.1999969482422,273.4669494628906,117.6878433227539,75.564453125,25.366729736328125,76.4936752319336,82.83584594726562
2019-10-23,13.668143272399902,56.248661041259766,85.2708969116211,140.52999877929688,274.2626647949219,117.8060073852539,75.73155212402344,25.47383689880371,76.56004333496094,83.34986114501953
2019-10-24,13.738965034484863,56.34965133666992,85.2708969116211,141.52999877929688,274.71075439453125,117.56953430175781,75.54058837890625,25.438133239746094,77.67882537841797,82.92601013183594
2019-10-25,13.818634033203125,56.4085693359375,85.2484130859375,141.86000061035156,275.83575439453125,116.9952163696289,74.89610290527344,25.563091278076172,78.61744689941406,83.01618957519531
2019-10-28,13.765521049499512,56.66106414794922,85.11309814453125,140.63999938964844,277.3905029296875,115.93097686767578,74.44258117675781,25.696983337402344,79.61297607421875,83.87287902832031
2019-10-29,13.738965034484863,56.64423370361328,84.88772583007812,140.25,277.3082275390625,116.00701904296875,74.89610290527344,25.759456634521484,78.89239501953125,85.06318664550781
2019-10-30,13.650439262390137,56.879905700683594,84.97785186767578,141.02000427246094,278.15875244140625,117.70468139648438,75.1666259765625,25.741605758666992,79.37592315673828,85.5411148071289
2019-10-31,13.570767402648926,56.745235443115234,85.36109924316406,142.42999267578125,277.4179382324219,119.29251861572266,75.03136444091797,25.61665153503418,79.32853698730469,85.44193267822266
2019-11-01,13.818634033203125,57.25023651123047,85.6664810180664,142.55999755859375,279.9878845214844,118.92534637451172,75.01544952392578,25.991525650024414,80.27664947509766,85.55015563964844
2019-11-04,13.907158851623535,57.54482650756836,85.4854736328125,142.14999389648438,281.11279296875,117.360107421875,74.49030303955078,26.214672088623047,80.6938247680664,85.28863525390625
2019-11-05,13.9425687789917,57.4354133605957,84.86715698242188,139.85000610351562,280.8018493652344,116.04023742675781,73.2251968383789,26.312847137451172,80.59901428222656,84.6844482421875
2019-11-06,13.792078018188477,57.410152435302734,84.90483093261719,140.4499969482422,280.86578369140625,116.74249267578125,73.38434600830078,26.446733474731445,80.56107330322266,84.9730224609375
2019-11-07,13.783225059509277,57.58690643310547,84.61076354980469,138.27000427246094,281.853515625,114.62728881835938,72.65230560302734,26.643098831176758,81.1962890625,85.16239929199219
2019-11-08,13.818634033203125,57.553226470947266,84.73139190673828,137.38999938964844,282.5487060546875,114.14501953125,72.4772720336914,26.634174346923828,81.65140533447266,85.78459167480469
2019-11-11,13.730112075805664,57.47748947143555,84.66353607177734,137.05999755859375,282.00909423828125,114.22117614746094,72.63640594482422,26.562772750854492,81.68933868408203,85.43291473388672
2019-11-12,13.738965034484863,57.50273513793945,84.49009704589844,137.42999267578125,282.603515625,114.74575805664062,72.08738708496094,26.59847068786621,81.96427154541016,85.94691467285156
2019-11-13,13.765521049499512,57.30073547363281,84.36188507080078,137.97999572753906,282.69500732421875,115.490234375,72.74781799316406,26.428882598876953,82.14442443847656,86.04610443115234
2019-11-14,13.721258163452148,57.14082336425781,84.80680847167969,138.55999755859375,283.1065979003906,116.6832275390625,73.31272888183594,26.482437133789062,82.04960632324219,86.05511474609375
2019-11-15,13.792078018188477,57.50273513793945,84.87472534179688,138.2100067138672,285.15521240234375,116.55630493164062,73.7105484008789,26.553842544555664,82.71329498291016,87.88570404052734
2019-11-18,13.650439262390137,57.570068359375,84.47501373291016,138.6199951171875,285.36553955078125,116.7678451538086,74.06861114501953,26.607391357421875,82.9598159790039,87.58812713623047
2019-11-19,13.526504516601562,57.49430847167969,84.28646850585938,138.69000244140625,285.2833251953125,117.7408676147461,74.19590759277344,26.66094970703125,83.12097930908203,88.18327331542969
2019-11-20,13.70355224609375,57.13239669799805,84.42974090576172,138.75999450683594,284.2223205566406,118.959228515625,74.1561279296875,26.535991668701172,82.61849212646484,88.06604766845703
2019-11-21,13.827486991882324,57.0566520690918,84.43730926513672,138.0,283.76513671875,118.21465301513672,73.11380767822266,26.509214401245117,82.2013168334961,88.29149627685547
2019-11-22,13.818634033203125,57.216575622558594,84.66353607177734,137.74000549316406,284.3960876464844,118.36689758300781,72.84327697753906,26.705577850341797,82.0970230102539,88.60711669921875
2019-11-25,13.818634033203125,57.67107391357422,84.65599822998047,137.0800018310547,286.6002197265625,118.7138442993164,73.07401275634766,26.875165939331055,83.29163360595703,89.64414978027344
2019-11-26,13.898306846618652,57.63741683959961,84.8822021484375,137.74000549316406,287.2496643066406,119.4075927734375,74.04472351074219,26.848390579223633,83.36749267578125,89.57200622558594
2019-11-27,13.827486991882324,57.788902282714844,84.76156616210938,137.00999450683594,288.5299987792969,119.06071472167969,74.39481353759766,26.955493927001953,83.83206939697266,90.03190612792969
2019-11-29,13.553062438964844,57.38490295410156,84.5504150390625,137.86000061035156,287.4599914550781,118.80689239501953,74.05268859863281,26.91086769104004,83.58557891845703,89.7162857055664
2019-12-02,13.535357475280762,57.0903205871582,84.20832061767578,137.7899932861328,285.0180358886719,117.22280883789062,72.93079376220703,26.741283416748047,82.39093780517578,89.31951904296875
2019-12-03,13.544210433959961,56.879905700683594,84.37483978271484,139.11000061035156,283.1065979003906,119.68071746826172,73.40025329589844,26.366403579711914,81.66089630126953,89.12113952636719
2019-12-04,13.756668090820312,57.4017333984375,84.57162475585938,138.9199981689453,284.8534240722656,118.48568725585938,73.70259857177734,26.61631965637207,81.99270629882812,89.95072937011719
2019-12-05,13.783225059509277,57.29232406616211,84.82137298583984,139.0,285.36553955078125,117.90937042236328,73.74237823486328,26.741283416748047,82.296142578125,89.95072937011719
2019-12-06,13.871750831604004,57.814151763916016,84.9954605102539,137.6199951171875,287.97210693359375,117.25680541992188,73.89356231689453,27.098310470581055,83.20629119873047,90.5458984375
2019-12-09,13.854043960571289,57.51115036010742,85.22250366210938,137.5800018310547,287.0667419433594,117.51102447509766,74.03678894042969,27.035823822021484,82.77017211914062,89.9146728515625
2019-12-10,13.916011810302734,57.536407470703125,85.22250366210938,137.97000122070312,286.74658203125,117.5195083618164,73.60711669921875,27.044757843017578,82.8365478515625,90.11306762695312
2019-12-11,13.854043960571289,57.83940505981445,85.79015350341797,138.9199981689453,287.5605773925781,118.44328308105469,72.85919952392578,26.982271194458008,83.39591979980469,90.19422912597656
2019-12-12,13.977978706359863,58.22657775878906,85.79769897460938,138.42999267578125,290.03912353515625,116.4939956665039,71.87257385253906,27.508882522583008,84.28717041015625,91.0328598022461
2019-12-13,14.048798561096191,58.630577087402344,86.11561584472656,139.0500030517578,290.2127990722656,117.84159851074219,71.88847351074219,27.410703659057617,84.84654998779297,90.9697265625
2019-12-16,14.146174430847168,59.25701904296875,86.16859436035156,139.0399932861328,292.20672607421875,116.78214263916016,72.40567016601562,27.508882522583008,85.60504150390625,91.95264434814453
2019-12-17,14.20814037322998,58.916561126708984,86.48646545410156,139.00999450683594,292.27056884765625,116.62110137939453,71.72138214111328,27.615995407104492,85.40592956542969,91.85346984863281
2019-12-18,14.21699333190918,58.83995056152344,86.65296173095703,139.02000427246094,292.2889404296875,115.66339111328125,72.59554290771484,27.499958038330078,85.39645385742188,91.97970581054688
2019-12-19,14.278960227966309,58.83995056152344,86.35743713378906,139.3800048828125,293.487060546875,115.84844970703125,73.23892211914062,27.49103546142578,86.01272583007812,92.34040832519531
2019-12-20,14.261256217956543,58.88250732421875,86.57017517089844,139.52000427246094,294.773681640625,116.00122833251953,73.64103698730469,27.523330688476562,86.51212310791016,92.99417114257812
2019-12-23,14.264854431152344,58.976131439208984,86.66893005371094,139.9499969482422,295.22412109375,115.83143615722656,73.27108764648438,27.460535049438477,86.7594223022461,93.36541748046875
2019-12-24,14.327815055847168,58.916561126708984,86.82088470458984,141.27000427246094,295.23333740234375,116.16254425048828,73.46409606933594,27.523330688476562,86.78795623779297,93.24771118164062
2019-12-26,14.43574333190918,59.17190170288086,86.94245910644531,142.3800048828125,296.80487060546875,116.44268798828125,73.7857894897461,27.67584228515625,87.43478393554688,93.18433380126953
2019-12-27,14.462727546691895,59.27404022216797,87.17798614501953,142.3300018310547,296.7312927246094,116.57003021240234,74.01900482177734,27.60407829284668,87.4252700805664,93.21147918701172
2019-12-30,14.43574333190918,58.831443786621094,87.03367614746094,142.6300048828125,295.0953369140625,116.14556121826172,74.09137725830078,27.523330688476562,86.92113494873047,92.65189361572266
2019-12-31,14.345802307128906,59.10380935668945,87.04122924804688,142.89999389648438,295.812255859375,115.0080795288086,74.62213897705078,27.6130428314209,87.19699096679688,92.83418273925781
2020-01-02,14.363791465759277,59.699607849121094,87.1476058959961,143.9499969482422,298.57861328125,116.30683898925781,73.74556732177734,27.882177352905273,88.83305358886719,93.08024597167969
2020-01-03,14.534680366516113,58.95911407470703,86.92727661132812,145.86000061035156,296.31781005859375,118.0980224609375,74.20396423339844,27.586132049560547,87.83426666259766,92.26911163330078
2020-01-06,14.561664581298828,59.18891906738281,86.75251770019531,147.38999938964844,297.4482727050781,117.42742919921875,74.29243469238281,27.56818962097168,88.0435562133789,92.84329986572266
2020-01-07,14.5526704788208,59.0272102355957,86.88929748535156,147.97000122070312,296.61187744140625,116.85009765625,73.46409606933594,27.38876724243164,88.0054931640625,92.6610107421875
2020-01-08,14.336808204650879,59.197444915771484,87.11720275878906,146.86000061035156,298.1927185058594,116.07762908935547,73.68928527832031,27.56818962097168,88.94719696044922,93.26250457763672
2020-01-09,14.273848533630371,59.333621978759766,87.05644989013672,146.02999877929688,300.21453857421875,116.48506164550781,73.64906311035156,27.7386417388916,89.9554672241211,93.66353607177734
2020-01-10,14.273848533630371,59.11232376098633,87.07160949707031,146.91000366210938,299.35064697265625,117.52079010009766,74.2120132446289,27.532304763793945,89.7461929321289,93.69088745117188
2020-01-13,14.16591739654541,59.418724060058594,87.15522003173828,145.82000732421875,301.409423828125,117.16422271728516,75.10466003417969,27.720693588256836,90.86863708496094,93.36280059814453
2020-01-14,14.228877067565918,59.478309631347656,87.1324462890625,145.69000244140625,300.94989013671875,117.76698303222656,74.82318878173828,27.666868209838867,90.4405746459961,93.92784881591797
2020-01-15,14.156922340393066,59.478309631347656,87.4591064453125,146.5399932861328,301.6300048828125,118.54795837402344,75.49872589111328,27.514360427856445,90.54521179199219,94.73897552490234
2020-01-16,14.138935089111328,59.72514724731445,87.6414566040039,146.30999755859375,304.13897705078125,118.17440795898438,76.10188293457031,27.756580352783203,91.76277160644531,95.23112487792969
2020-01-17,14.183906555175781,59.90389633178711,87.53511047363281,146.5800018310547,305.08575439453125,117.16422271728516,76.17427062988281,27.83732032775879,92.38102722167969,95.23112487792969
2020-01-21,14.102958679199219,59.42724609375,87.4591064453125,146.74000549316406,304.4882507324219,118.39517211914062,76.89806365966797,27.60407829284668,92.34300994873047,95.3313980102539
2020-01-22,13.914078712463379,59.54640197753906,87.52747344970703,146.7899932861328,304.5250549316406,118.81108856201172,76.38337707519531,27.684816360473633,92.6759262084961,95.44987487792969
2020-01-23,13.797154426574707,59.40171813964844,87.3223648071289,147.1199951171875,304.87432861328125,119.64297485351562,77.02671813964844,27.6130428314209,93.11348724365234,94.96683502197266
2020-01-24,13.590287208557129,59.146366119384766,87.20840454101562,147.97999572753906,302.1630554199219,120.6107406616211,76.76133728027344,27.263168334960938,92.6759262084961,93.38099670410156
2020-01-27,13.338447570800781,57.92071533203125,87.10200500488281,148.99000549316406,297.3194580078125,122.48680877685547,76.39140319824219,26.841527938842773,90.4691162109375,92.67013549804688
2020-01-28,13.401408195495605,58.46544647216797,87.5123062133789,147.66000366210938,300.4352111816406,121.52751159667969,76.69701385498047,27.155515670776367,92.20033264160156,93.12582397460938
2020-01-29,13.338447570800781,58.47396469116211,87.91500091552734,148.4600067138672,300.1870422363281,122.71598052978516,76.41552734375,27.110666275024414,92.43811798095703,92.8706283569336
2020-01-30,13.22152328491211,58.42289733886719,87.85420227050781,148.47000122070312,301.1612854003906,122.73299407958984,76.4718246459961,27.451566696166992,93.23711395263672,92.19621276855469
2020-01-31,13.113592147827148,57.4355583190918,88.1201400756836,149.3300018310547,295.69281005859375,123.85350799560547,75.5389404296875,26.877418518066406,90.6783676147461,90.3552017211914
2020-02-03,12.870748519897461,57.571746826171875,88.09803771972656,148.36000061035156,297.8893127441406,123.75321960449219,75.78824615478516,27.065811157226562,91.87689971923828,91.1754379272461
2020-02-04,12.888736724853516,58.533538818359375,87.99125671386719,146.42999267578125,302.4295654296875,122.08657836914062,76.5683364868164,27.325965881347656,94.28345489501953,92.77950286865234
2020-02-05,13.086609840393066,59.09529495239258,88.02178955078125,146.61000061035156,305.92193603515625,120.7515640258789,76.61658477783203,27.873210906982422,94.83514404296875,94.56582641601562
2020-02-06,13.140575408935547,59.25701904296875,88.23526763916016,147.39999389648438,306.951416015625,121.29578399658203,76.8739242553711,27.83732032775879,95.70073699951172,94.6478500366211
2020-02-07,13.068621635437012,58.69526672363281,88.23526763916016,147.7899932861328,305.3154296875,122.80926513671875,76.85784149169922,27.7386417388916,94.82564544677734,93.90962219238281
2020-02-10,12.951696395874023,58.81441879272461,88.25050354003906,148.1699981689453,307.5947265625,123.14946746826172,77.71833801269531,27.819377899169922,96.10978698730469,94.4108657836914
2020-02-11,12.99666690826416,59.21445846557617,88.21238708496094,147.66000366210938,308.1278381347656,122.5287857055664,78.30542755126953,27.918058395385742,95.78636169433594,94.9759521484375
2020-02-12,13.176551818847656,59.418724060058594,88.34201049804688,147.5399932861328,310.1130676269531,121.90802764892578,78.77184295654297,27.936004638671875,96.82317352294922,95.09442138671875
2020-02-13,13.185545921325684,59.00168228149414,88.36491394042969,148.3800048828125,309.7821350097656,122.37569427490234,79.24632263183594,27.927032470703125,96.56633758544922,94.6478500366211
2020-02-14,13.176551818847656,58.8995246887207,88.71563720703125,149.0,310.2785339355469,122.91136169433594,80.06661987304688,27.96291732788086,96.9848861694336,94.72074127197266
2020-02-18,13.27548885345459,58.52503204345703,88.7918930053711,150.91000366210938,309.4789123535156,123.75321960449219,79.97815704345703,27.720693588256836,96.62340545654297,94.38356018066406
2020-02-19,13.401408195495605,58.72079086303711,88.9672622680664,151.7899932861328,310.95855712890625,123.74464416503906,78.90052795410156,27.927032470703125,97.77438354492188,94.82099151611328
2020-02-20,13.347442626953125,58.37181854248047,89.02063751220703,152.41000366210938,309.6810607910156,124.71395874023438,79.84143829345703,27.873210906982422,96.75659942626953,94.21039581298828
2020-02-21,13.293477058410645,58.09945297241211,89.21887969970703,154.6999969482422,306.4918518066406,125.87887573242188,80.07467651367188,27.60407829284668,94.58784484863281,94.26506805419922
2020-02-24,13.041638374328613,55.775814056396484,88.83000946044922,156.08999633789062,296.3270263671875,127.75816345214844,78.98095703125,26.70696258544922,90.6783676147461,91.2939224243164
2020-02-25,12.79879379272461,54.856571197509766,88.28101348876953,153.3000030517578,287.34759521484375,128.4383544921875,76.84178161621094,25.80088996887207,87.77720642089844,88.52330780029297
2020-02-26,12.67287540435791,54.92466735839844,88.23526763916016,153.97000122070312,286.2906188964844,127.75816345214844,76.01341247558594,25.612489700317383,88.17672729492188,88.51420593261719
2020-02-27,12.457013130187988,53.29897689819336,87.1373062133789,154.0,273.43292236328125,129.14402770996094,71.96826934814453,24.518016815185547,83.4206771850586,85.50660705566406
2020-02-28,12.241151809692383,52.97553634643555,87.01531982421875,148.3800048828125,272.28399658203125,132.06060791015625,70.231201171875,23.854154586791992,84.05799865722656,84.40382385253906
2020-03-02,12.519972801208496,53.656455993652344,87.717041015625,149.1999969482422,284.0758361816406,131.0889892578125,73.23088073730469,25.07422637939453,88.91867065429688,88.35926055908203
2020-03-03,12.546956062316895,53.22236251831055,88.73491668701172,153.88999938964844,275.9419860839844,133.124267578125,73.06200408935547,24.13225746154785,85.54187774658203,86.1628189086914
2020-03-04,12.555949211120605,54.81402587890625,89.39302062988281,154.16000366210938,287.5406494140625,131.71067810058594,75.82041931152344,24.93069076538086,89.2135238647461,91.1298828125
2020-03-05,12.421036720275879,53.358551025390625,88.6047592163086,157.49000549316406,277.9822692871094,134.9892120361328,74.19593811035156,23.728557586669922,86.39796447753906,89.01544189453125
2020-03-06,12.016295433044434,52.558475494384766,88.23746490478516,157.5500030517578,273.3869323730469,142.01449584960938,72.91724395751953,22.921159744262695,84.5716552734375,88.5415267944336
2020-03-09,11.08089542388916,48.48146438598633,81.08966064453125,157.80999755859375,252.0369110107422,145.86358642578125,67.29585266113281,20.463075637817383,78.1510238647461,83.93901824951172
2020-03-10,11.431671142578125,50.26887512207031,82.03097534179688,154.47999572753906,265.07855224609375,138.38690185546875,70.1390151977539,21.665210723876953,83.36363220214844,86.81900787353516
2020-03-11,11.22480297088623,47.70691680908203,78.31937408447266,153.92999267578125,252.15635681152344,133.29457092285156,65.92449188232422,20.489990234375,79.42562103271484,83.50155639648438
2020-03-12,10.775091171264648,42.463836669921875,74.46233367919922,147.7899932861328,228.03074645996094,134.1205596923828,59.24614715576172,18.274131774902344,71.6733169555664,77.26763916015625
2020-03-13,10.892017364501953,45.0343132019043,76.57449340820312,143.27999877929688,247.52427673339844,131.0889892578125,64.41702270507812,20.678382873535156,80.08195495605469,82.62661743164062
2020-03-16,10.235438346862793,40.38704299926758,73.03887939453125,141.63999938964844,220.439208984375,139.57899475097656,52.997352600097656,17.843517303466797,69.0194320678711,74.47877502441406
2020-03-17,10.073540687561035,42.35319519042969,72.32715606689453,143.55999755859375,232.34120178222656,130.27149963378906,56.06096649169922,18.812393188476562,73.7184066772461,79.15420532226562
2020-03-18,9.740755081176758,39.92741394042969,65.66150665283203,140.6999969482422,220.57705688476562,122.92255401611328,50.727996826171875,17.21554183959961,70.94088745117188,76.5294189453125
2020-03-19,9.947622299194336,40.54875183105469,67.32980346679688,138.0399932861328,221.04576110839844,126.26912689208984,50.90631103515625,17.592327117919922,71.19770812988281,74.96183776855469
2020-03-20,9.839691162109375,40.046573638916016,69.70988464355469,140.11000061035156,211.5199737548828,135.7640380859375,48.36949920654297,16.9643497467041,67.93506622314453,72.08181762695312
2020-03-23,9.956615447998047,39.57844161987305,69.90885162353516,146.3000030517578,206.11178588867188,141.3588104248047,46.12446594238281,15.977302551269531,67.31452178955078,68.3379898071289
2020-03-24,10.172477722167969,42.931968688964844,72.08992004394531,153.39999389648438,224.78622436523438,138.72747802734375,50.274131774902344,17.958627700805664,74.20851135253906,73.60392761230469
2020-03-25,10.343368530273438,44.32786178588867,74.98268127441406,151.3000030517578,228.15135192871094,138.41244506835938,52.98114776611328,18.44717788696289,74.11290740966797,74.58384704589844
2020-03-26,10.307392120361328,46.311038970947266,76.22247314453125,153.24000549316406,241.47305297851562,139.0936737060547,56.71745300292969,19.6052188873291,78.7025146484375,79.53836822509766
2020-03-27,10.271415710449219,44.99175262451172,74.65364837646484,152.25,234.2805938720703,142.8064727783203,56.77418518066406,19.008106231689453,75.14555358886719,77.83495330810547
2020-03-30,10.24443244934082,45.902488708496094,74.55414581298828,152.9199981689453,241.88905334472656,141.63136291503906,58.01421356201172,19.36998748779297,78.31048583984375,81.47990417480469
2020-03-31,10.118513107299805,45.502445220947266,73.98783874511719,148.0500030517578,238.2835693359375,140.48171997070312,56.61208724975586,18.83620834350586,76.84757232666016,81.12274169921875
2020-04-01,9.830697059631348,43.4852180480957,72.127197265625,149.4499969482422,227.55967712402344,142.4499053955078,52.89198684692383,17.687213897705078,73.18539428710938,78.03644561767578
2020-04-02,10.019576072692871,44.33637237548828,73.60277557373047,151.89999389648438,232.81069946289062,143.3539276123047,53.070281982421875,18.130531311035156,74.89695739746094,80.19774627685547
2020-04-03,10.271415710449219,43.32350158691406,73.47216033935547,152.64999389648438,229.44561767578125,143.6949920654297,52.300331115722656,17.76863670349121,73.74000549316406,79.4742660522461
2020-04-06,10.325379371643066,45.62160110473633,74.95541381835938,156.8800048828125,244.8565673828125,143.31979370117188,56.17443084716797,19.044296264648438,80.03158569335938,83.6412124633789
2020-04-07,10.397334098815918,45.876949310302734,75.38578796386719,156.0399932861328,245.10618591308594,141.81887817382812,56.69313049316406,19.234285354614258,79.31446838378906,82.95436096191406
2020-04-08,10.370351791381836,46.25144958496094,75.70857238769531,154.64999389648438,253.33409118652344,140.78697204589844,60.55912399291992,20.07567024230957,81.44673919677734,86.370361328125
2020-04-09,10.397334098815918,47.298370361328125,77.89125061035156,158.69000244140625,257.1891784667969,141.0428009033203,63.955047607421875,21.15228271484375,81.46585845947266,86.84658813476562
2020-04-13,10.577218055725098,46.847259521484375,77.73754119873047,161.41000366210938,254.84097290039062,139.755126953125,61.264244079589844,20.383275985717773,81.64752197265625,86.08646392822266
2020-04-14,10.487276077270508,47.68138885498047,78.25244903564453,162.67999267578125,262.3569641113281,139.72097778320312,62.98246765136719,20.473745346069336,85.07063293457031,88.94379425048828
2020-04-15,10.271415710449219,46.19187545776367,76.70002746582031,161.85000610351562,256.7822570800781,143.42210388183594,60.486183166503906,19.587125778198242,83.21566009521484,88.48588562011719
2020-04-16,10.24443244934082,46.2174072265625,76.20046997070312,161.7100067138672,258.0211486816406,145.05099487304688,59.797271728515625,19.243328094482422,84.22920227050781,90.4182357788086
2020-04-17,10.289402961730957,47.44306945800781,76.73841857910156,158.57000732421875,264.99169921875,143.10659790039062,61.68569564819336,20.25661849975586,85.34791564941406,92.29566192626953
2020-04-20,10.118513107299805,46.736610412597656,76.2542724609375,159.6999969482422,260.3231201171875,144.2578887939453,59.39204025268555,19.903770446777344,83.9805908203125,91.5630111694336
2020-04-21,9.641818046569824,45.82588195800781,75.1860122680664,158.61000061035156,252.4188232421875,146.0743408203125,58.3140869140625,19.261428833007812,80.46188354492188,88.77893829345703
2020-04-22,9.776731491088867,46.600425720214844,75.24745178222656,161.72999572753906,258.0211486816406,144.58192443847656,59.205623626708984,19.469512939453125,83.55987548828125,90.13433837890625
2020-04-23,9.749750137329102,46.45573043823242,75.608642578125,163.33999633789062,258.0026550292969,145.34945678710938,58.711238861083984,19.388084411621094,82.98616790771484,90.62887573242188
2020-04-24,9.62382984161377,46.9919548034668,75.2781982421875,162.63999938964844,261.598876953125,145.6905517578125,58.96248245239258,19.66854476928711,84.74553680419922,91.84689331054688
2020-04-27,9.44394588470459,47.6132926940918,75.14754486083984,161.55999755859375,265.37066650390625,142.97866821289062,60.980587005615234,20.338041305541992,85.47222900390625,93.0283203125
2020-04-28,9.452939987182617,47.97077560424805,75.88536071777344,160.83999633789062,264.1503601074219,144.62457275390625,61.48307800292969,20.5551700592041,84.3343734741211,91.15090942382812
2020-04-29,9.62382984161377,49.170902252197266,77.09961700439453,161.72999572753906,271.06549072265625,143.87408447265625,62.40702819824219,21.15228271484375,87.79572296142578,91.75534057617188
2020-04-30,9.80371379852295,48.14952087402344,77.23796844482422,158.8000030517578,268.54168701171875,142.19403076171875,61.68569564819336,20.618499755859375,87.4037094116211,91.33406829833984
2020-05-01,9.67779541015625,47.102603912353516,76.90548706054688,159.77999877929688,261.43243408203125,143.4117431640625,59.60276412963867,19.95805549621582,85.00371551513672,89.59400939941406
2020-05-04,9.794719696044922,47.0855827331543,76.90548706054688,160.33999633789062,262.1535339355469,142.7371826171875,59.310997009277344,19.777116775512695,86.1319808959961,89.54821014404297
2020-05-05,10.04655933380127,47.17070007324219,77.746337890625,161.02000427246094,264.5757141113281,141.8235626220703,59.60276412963867,19.713783264160156,87.31764221191406,91.48976135253906
2020-05-06,9.848686218261719,46.864288330078125,77.39922332763672,158.9499969482422,262.7821960449219,139.53512573242188,58.53292465209961,19.2885684967041,87.99652099609375,90.58309173583984
2020-05-07,9.911645889282227,47.57073974609375,78.01636505126953,161.38999938964844,265.953125,141.86622619628906,59.36772537231445,19.740921020507812,89.31602478027344,90.57392883300781
2020-05-08,10.118513107299805,48.37932586669922,78.41751861572266,160.4199981689453,270.3537292480469,140.0218048095703,60.7779541015625,20.16614532470703,90.6259765625,91.0409927368164
2020-05-11,9.983599662780762,48.3367805480957,78.84954833984375,159.4199981689453,270.40911865234375,138.9287872314453,59.89453887939453,19.777116775512695,91.2283935546875,92.60704803466797
2020-05-12,9.902650833129883,47.72394561767578,78.70293426513672,160.0399932861328,265.0194396972656,140.35482788085938,57.17132568359375,19.261428833007812,89.34473419189453,91.19670104980469
2020-05-13,9.80371379852295,47.35794448852539,78.23236846923828,161.5800018310547,260.3323974609375,141.3367919921875,55.785400390625,18.691452026367188,87.80528259277344,90.20759582519531
2020-05-14,9.974605560302734,46.90684127807617,78.59496307373047,163.00999450683594,263.44775390625,142.7200927734375,55.97991180419922,19.170948028564453,88.92401123046875,91.19670104980469
2020-05-15,10.073540687561035,46.94939422607422,78.81096649169922,163.92999267578125,264.6588439941406,142.35296630859375,55.7610969543457,19.044296264648438,89.37340545654297,91.9659423828125
2020-05-18,10.361356735229492,48.84746170043945,80.18412780761719,162.69000244140625,272.7203369140625,139.2277069091797,59.059749603271484,20.021387100219727,91.56304931640625,92.72610473632812
2020-05-19,10.334373474121094,48.175052642822266,80.24585723876953,164.25999450683594,269.9192199707031,139.7486114501953,58.265464782714844,19.532840728759766,91.2283935546875,91.60880279541016
2020-05-20,10.51425838470459,49.179412841796875,81.78874969482422,164.64999389648438,274.50457763671875,140.16688537597656,58.78417205810547,19.967103958129883,93.22679901123047,91.71868896484375
2020-05-21,10.469287872314453,48.6091423034668,81.76556396484375,162.25,272.609375,140.51707458496094,58.832820892333984,19.903770446777344,91.9263687133789,91.0409927368164
2020-05-22,10.38833999633789,48.47294998168945,81.39527893066406,163.2100067138672,273.1271057128906,141.36245727539062,59.62706756591797,19.831396102905273,92.26103973388672,91.23330688476562
2020-05-26,10.496271133422852,49.860328674316406,81.89674377441406,160.88999938964844,276.4921569824219,139.46681213378906,61.85589599609375,20.86277961730957,92.16543579101562,91.06847381591797
2020-05-27,10.361356735229492,50.46464538574219,82.03559112548828,161.17999267578125,280.6061096191406,139.2105712890625,63.08783721923828,21.76749610900879,92.69132232666016,92.01177215576172
2020-05-28,10.415322303771973,50.9412841796875,81.80416107177734,161.72000122070312,280.08837890625,138.69827270507812,63.3877067565918,21.423702239990234,92.50963592529297,93.21146392822266
2020-05-29,10.595206260681152,50.762550354003906,82.08191680908203,162.91000366210938,281.33648681640625,139.68878173828125,62.755531311035156,21.179424285888672,93.67619323730469,94.33792877197266
2020-06-01,10.658166885375977,51.89457702636719,82.48194885253906,163.66000366210938,282.4735107421875,138.74839782714844,64.206298828125,21.423702239990234,93.6474838256836,93.40379333496094
2020-06-02,10.775091171264648,52.379730224609375,83.27909851074219,162.60000610351562,284.8124084472656,138.2438201904297,64.72500610351562,21.595598220825195,94.52717590332031,93.94412231445312
2020-06-03,10.775091171264648,53.630916595458984,83.65057373046875,159.60000610351562,288.6028137207031,136.40562438964844,66.79983520507812,22.40079689025879,95.2634048461914,93.76094818115234
2020-06-04,10.865034103393555,53.4011116027832,83.25592041015625,161.27999877929688,287.84466552734375,134.43060302734375,66.1352310180664,22.88933563232422,94.47936248779297,93.01917266845703
2020-06-05,11.08089542388916,54.320350646972656,83.9369125366211,158.00999450683594,295.2220153808594,133.47300720214844,68.6396255493164,23.739774703979492,96.96540832519531,94.5210952758789
2020-06-08,11.008941650390625,55.02680587768555,84.5328140258789,159.72000122070312,298.79052734375,133.98599243164062,70.34163665771484,24.19213104248047,97.45305633544922,95.17131805419922
2020-06-09,11.04491901397705,54.31184387207031,84.30840301513672,161.25999450683594,296.5625305175781,135.50784301757812,69.17455291748047,23.67644500732422,97.91202545166016,94.18221282958984
2020-06-10,11.11687183380127,54.19268035888672,84.3161392211914,163.57000732421875,294.9076843261719,137.51705932617188,67.41580200195312,22.78982162475586,99.54708099365234,94.03570556640625
2020-06-11,10.757102966308594,51.290260314941406,82.38138580322266,162.38999938964844,277.9066162109375,140.1162872314453,63.08783721923828,20.926101684570312,93.8387222290039,88.80640411376953
2020-06-12,10.802074432373047,52.17544937133789,83.34100341796875,162.6199951171875,281.2347412109375,138.76541137695312,65.34907531738281,21.559410095214844,95.05308532714844,89.38336181640625
2020-06-15,10.90101146697998,52.3895378112793,83.7821273803711,162.3300018310547,283.8601989746094,138.8423614501953,66.27302551269531,21.85796356201172,95.97100067138672,89.58485412597656
2020-06-16,10.99095344543457,53.03696060180664,84.17678833007812,162.25,289.3238830566406,136.71340942382812,67.57789611816406,22.201753616333008,98.0171890258789,91.79196166992188
2020-06-17,10.93698787689209,53.23550033569336,84.06074523925781,162.55999755859375,288.1220703125,137.27769470214844,66.59722900390625,21.867008209228516,97.99807739257812,91.70038604736328
2020-06-18,10.999946594238281,52.95063018798828,83.96782684326172,162.24000549316406,288.2330322265625,138.73118591308594,65.8677749633789,21.83987045288086,98.43791198730469,91.38900756835938
2020-06-19,11.089890480041504,52.691673278808594,84.15363311767578,164.02999877929688,286.5858459472656,138.8423614501953,64.91140747070312,21.695110321044922,97.75904083251953,92.2681884765625
2020-06-22,11.206815719604492,53.32183074951172,84.30061340332031,165.08999633789062,288.4242248535156,138.85948181152344,64.84657287597656,21.58767318725586,99.60089874267578,91.91410064697266
2020-06-23,11.152849197387695,53.615325927734375,84.4709243774414,166.47999572753906,289.7520751953125,137.91041564941406,64.57911682128906,21.687829971313477,100.31999206542969,92.30956268310547
2020-06-24,10.874027252197266,52.24278259277344,84.20777893066406,165.89999389648438,282.36090087890625,139.3895263671875,62.73933792114258,20.92302131652832,98.05721282958984,89.89997100830078
2020-06-25,10.9729642868042,52.985172271728516,84.26193237304688,165.8000030517578,285.3879699707031,139.79136657714844,63.5406379699707,21.478418350219727,99.3132553100586,90.78289031982422
2020-06-26,10.838050842285156,52.21689224243164,84.09166717529297,166.5399932861328,278.6095886230469,141.28761291503906,62.32107162475586,20.55882453918457,97.35726928710938,89.67925262451172
2020-06-29,11.017935752868652,52.63987350463867,84.20002746582031,166.6300048828125,282.7044372558594,140.84300231933594,63.524288177490234,20.78644561767578,98.42155456542969,90.48857879638672
2020-06-30,11.07190227508545,52.54491424560547,84.52508544921875,167.3699951171875,286.3258056640625,140.15904235839844,64.27729797363281,21.06869888305664,100.18577575683594,92.03366088867188
2020-07-01,11.161844253540039,52.74346160888672,84.7191390991211,166.6199951171875,288.3314208984375,139.8867950439453,65.7587890625,20.886600494384766,100.34879302978516,92.7418212890625
2020-07-02,11.206815719604492,53.32183074951172,85.1693344116211,166.97999572753906,289.91925048828125,140.03228759765625,65.57054901123047,20.913911819458008,100.93363189697266,93.44080352783203
2020-07-06,11.296757698059082,54.19368362426758,85.69719696044922,167.97999572753906,294.3948059082031,139.4587860107422,65.53780364990234,21.314529418945312,102.69784545898438,94.38805389404297
2020-07-07,11.30575180053711,53.39952087402344,85.2159423828125,169.0399932861328,291.3584899902344,141.41909790039062,64.23638916015625,20.877492904663086,101.62398529052734,93.5695571899414
2020-07-08,11.44965934753418,53.84839630126953,85.58078002929688,170.08999633789062,293.5869445800781,140.85411071777344,64.14633178710938,21.09601402282715,103.28273010253906,93.57874298095703
2020-07-09,11.314745903015137,53.23550033569336,85.20816040039062,169.6300048828125,291.9156188964844,143.09683227539062,63.745269775390625,20.649877548217773,103.65666961669922,92.84297943115234
2020-07-10,11.386699676513672,53.80523681640625,85.20043182373047,169.19000244140625,294.896240234375,142.37770080566406,63.941715240478516,21.36005401611328,103.62789154052734,92.62226104736328
2020-07-13,11.269774436950684,53.45994567871094,85.02962493896484,169.39999389648438,292.3428039550781,142.84861755371094,63.18050003051758,21.45110511779785,101.48017120361328,93.14647674560547
2020-07-14,11.323740005493164,54.245487213134766,85.2314453125,170.19000244140625,296.1312255859375,143.0540313720703,63.712528228759766,21.560365676879883,102.64990997314453,94.99507141113281
2020-07-15,11.458653450012207,54.858375549316406,85.58078002929688,170.33999633789062,298.8518371582031,142.38636779785156,64.33460998535156,21.98829460144043,103.20602416992188,96.22745513916016
2020-07-16,11.368711471557617,54.504459381103516,85.73600769042969,168.72999572753906,297.8675842285156,143.06256103515625,63.5651969909668,21.98829460144043,101.9308090209961,96.07110595703125
2020-07-17,11.386699676513672,54.82384490966797,85.93009185791016,170.1199951171875,298.7310791015625,142.7629852294922,64.39189910888672,21.806196212768555,102.42937469482422,97.38627624511719
2020-07-20,11.377704620361328,55.09145736694336,86.50450897216797,170.94000244140625,301.14532470703125,143.11392211914062,63.62250900268555,21.70603370666504,105.04693603515625,97.36788177490234
2020-07-21,11.53960132598877,55.203670501708984,86.97026824951172,173.0,301.78607177734375,143.19952392578125,63.77802276611328,22.133968353271484,103.99224090576172,97.30350494384766
2020-07-22,11.611556053161621,55.350425720214844,87.2186279296875,175.6300048828125,303.5038146972656,143.62753295898438,64.75202941894531,22.133968353271484,104.8263931274414,98.17721557617188
2020-07-23,11.584572792053223,54.91017150878906,87.1798324584961,177.17999267578125,299.8824462890625,145.30528259277344,64.48193359375,22.152179718017578,102.1033935546875,97.73576354980469
2020-07-24,11.602560997009277,54.608036041259766,87.241943359375,178.6999969482422,297.9512023925781,145.29669189453125,64.00719451904297,22.097551345825195,100.86653900146484,96.65969848632812
2020-07-27,11.710493087768555,55.32451629638672,87.38943481445312,182.22999572753906,300.1239318847656,144.7574462890625,64.61289978027344,21.915451049804688,102.45813751220703,97.38627624511719
2020-07-28,11.64753246307373,54.97060012817383,87.09442901611328,183.75,298.220458984375,145.75901794433594,65.89796447753906,21.860822677612305,101.2596435546875,97.2759017944336
2020-07-29,11.710493087768555,55.54896545410156,87.60676574707031,185.1300048828125,301.8881530761719,145.5107421875,67.17481231689453,22.27054214477539,102.72663116455078,98.29676055908203
2020-07-30,11.575578689575195,54.7288932800293,87.58345031738281,183.75999450683594,300.81103515625,146.4694366455078,66.74100494384766,21.869930267333984,103.3018798828125,97.61619567871094
2020-07-31,11.638537406921387,53.56352996826172,87.78528594970703,185.42999267578125,303.1881103515625,146.37527465820312,66.61822509765625,21.87903594970703,105.88109588623047,97.05517578125
2020-08-03,11.755462646484375,54.608036041259766,88.11073303222656,185.63999938964844,305.2958984375,145.6383056640625,65.73423767089844,21.942766189575195,108.48905944824219,98.05764770507812
2020-08-04,11.8184232711792,54.91017150878906,88.56222534179688,189.58999633789062,306.47515869140625,147.02651977539062,66.71644592285156,21.851715087890625,108.76709747314453,97.62538146972656
2020-08-05,11.9173583984375,55.09145736694336,88.84249114990234,191.35000610351562,308.3786315917969,145.7411651611328,66.38085174560547,22.152179718017578,109.16979217529297,98.07604217529297
2020-08-06,12.007302284240723,55.15187454223633,89.0682601928711,193.88999938964844,310.4400329589844,146.55519104003906,66.48726654052734,22.143075942993164,110.70390319824219,97.55180358886719
2020-08-07,11.845405578613281,54.92744064331055,88.88142395019531,190.80999755859375,310.66290283203125,145.5783233642578,67.4367446899414,22.616525650024414,109.05474090576172,97.86451721191406
2020-08-10,11.908365249633789,55.10871505737305,89.01376342773438,190.14999389648438,311.5914611816406,144.92703247070312,67.54312896728516,22.78041648864746,108.74790954589844,97.533447265625
2020-08-11,11.719486236572266,55.3072624206543,88.92033386230469,179.94000244140625,309.0194396972656,143.20458984375,66.56912994384766,23.04445457458496,106.79194641113281,96.91722106933594
2020-08-12,11.845405578613281,56.533042907714844,88.81912231445312,179.10000610351562,313.32781982421875,141.90199279785156,67.24029541015625,22.980728149414062,109.2177505493164,98.54510498046875
2020-08-13,11.908365249633789,56.28270721435547,88.61675262451172,183.3300018310547,312.76141357421875,140.38516235351562,66.4135971069336,22.835044860839844,109.26567077636719,98.41632080078125
2020-08-14,11.908365249633789,55.93741989135742,88.2197036743164,182.5399932861328,312.7706604003906,139.83676147460938,66.4217758178711,22.92609214782715,109.18896484375,98.22319793701172
2020-08-17,12.10623836517334,56.36039733886719,88.32089233398438,186.5,313.7642517089844,140.18809509277344,66.96200561523438,22.543691635131836,109.91766357421875,98.80260467529297
2020-08-18,12.133220672607422,56.32587814331055,88.2041244506836,188.17999267578125,314.4421081542969,141.1907501220703,66.64277648925781,22.398012161254883,110.3299560546875,98.77500915527344
2020-08-19,12.097244262695312,56.07553482055664,88.001708984375,182.24000549316406,313.1328125,140.30807495117188,65.4723129272461,22.3889102935791,110.19572448730469,98.45313262939453
2020-08-20,12.079255104064941,55.894256591796875,88.2041244506836,183.5,314.10784912109375,141.57635498046875,66.09437561035156,22.17949104309082,111.66271209716797,98.14041137695312
2020-08-21,11.96233081817627,55.60939407348633,88.4843978881836,182.02999877929688,315.2220153808594,142.42471313476562,66.20079040527344,22.133968353271484,113.08173370361328,98.2416000366211
2020-08-24,12.025290489196777,56.3431396484375,88.6634521484375,181.0,318.4162902832031,142.1934051513672,66.62641906738281,22.662050247192383,114.05970001220703,97.79094696044922
2020-08-25,12.124226570129395,56.377662658691406,88.22748565673828,181.22000122070312,319.530517578125,141.1050262451172,66.79830932617188,22.72579002380371,114.63501739501953,98.45313262939453
2020-08-26,12.151209831237793,56.70569610595703,88.0250473022461,183.36000061035156,322.7339782714844,140.56517028808594,66.1844253540039,22.616525650024414,116.96489715576172,98.33356475830078
2020-08-27,12.10623836517334,56.12733459472656,87.6124496459961,181.24000549316406,323.43963623046875,138.17425537109375,67.15843963623047,22.998939514160156,117.06077575683594,99.10608673095703
2020-08-28,12.187186241149902,56.5244140625,88.42991638183594,184.38999938964844,325.5289001464844,138.07150268554688,67.60043334960938,23.089981079101562,118.08671569824219,99.32682800292969
2020-08-31,12.178191184997559,56.092803955078125,88.42211151123047,184.8300018310547,324.3497009277344,138.98838806152344,66.91289520263672,22.816835403442383,118.46063995361328,99.56595611572266
2020-09-01,12.19618034362793,56.153228759765625,89.01783752441406,185.0500030517578,327.404541015625,140.5780792236328,66.96200561523438,22.880565643310547,120.72342681884766,98.6738510131836
2020-09-02,12.034283638000488,56.90423583984375,89.38484954833984,182.6199951171875,332.14007568359375,141.91641235351562,68.20613861083984,23.208351135253906,121.79729461669922,100.65119934082031
2020-09-03,11.926353454589844,55.618019104003906,88.93196868896484,181.13999938964844,320.7098083496094,142.3197021484375,67.38762664794922,22.853254318237305,114.85552215576172,97.9104995727539
2020-09-04,11.8184232711792,55.69571304321289,88.54939270019531,181.63999938964844,318.09124755859375,139.6172332763672,67.0356674194336,23.0262451171875,113.25431823730469,97.21151733398438
2020-09-08,11.530607223510742,55.01375961303711,88.1980209350586,181.2899932861328,309.4000549316406,140.47511291503906,66.21714782714844,22.434431076049805,108.13426971435547,95.61126708984375
2020-09-09,11.638537406921387,56.04100799560547,88.64307403564453,183.0500030517578,315.50982666015625,140.09765625,66.8719711303711,22.662050247192383,111.66271209716797,97.30350494384766
2020-09-10,11.521613121032715,55.38496017456055,88.39322662353516,182.4600067138672,310.0315246582031,140.80978393554688,66.053466796875,22.343381881713867,109.14103698730469,95.81360626220703
2020-09-11,11.602560997009277,55.93741989135742,88.4244613647461,182.4499969482422,310.18939208984375,141.11001586914062,65.68512725830078,22.4981632232666,108.30685424804688,96.19066619873047
2020-09-14,11.611556053161621,56.23955154418945,88.51034545898438,183.88999938964844,314.27496337890625,141.10140991210938,67.2894058227539,22.80773162841797,110.57923889160156,97.57019805908203
2020-09-15,11.674513816833496,56.60210418701172,88.65867614746094,183.4499969482422,315.86279296875,140.75831604003906,68.0997314453125,22.4981632232666,111.67227935791016,97.698974609375
2020-09-16,11.890377044677734,56.60210418701172,88.44788360595703,183.97000122070312,314.60919189453125,140.337890625,68.45987701416016,22.753097534179688,109.94641876220703,97.533447265625
2020-09-17,12.025290489196777,56.67980194091797,88.0809097290039,182.9600067138672,311.8421630859375,140.766845703125,67.12571716308594,22.516376495361328,109.03556060791016,97.21151733398438
2020-09-18,12.079255104064941,56.2222785949707,87.67487335205078,183.1999969482422,308.2519226074219,140.32931518554688,65.61145782470703,22.470849990844727,107.15631103515625,97.06438446044922
2020-09-21,11.782445907592773,54.797950744628906,86.81600189208984,179.52000427246094,304.8212585449219,141.0413818359375,63.63887023925781,21.907819747924805,108.04708099365234,95.27123260498047
2020-09-22,11.72848129272461,54.780696868896484,86.63644409179688,178.64999389648438,307.9257507324219,140.92987060546875,64.40007781982422,21.72471809387207,109.75755310058594,95.06809997558594
2020-09-23,11.59356689453125,54.32316970825195,85.51988983154297,174.7899932861328,300.7846374511719,141.1185760498047,62.460227966308594,21.2395076751709,106.33663177490234,94.08934783935547
2020-09-24,11.64753246307373,54.2713737487793,85.7463150024414,175.44000244140625,301.5863037109375,141.6590576171875,62.79581069946289,21.285280227661133,106.93240356445312,93.6184310913086
2020-09-25,11.64753246307373,54.45266342163086,86.16015625,174.94000244140625,306.4620666503906,141.6590576171875,64.0908203125,21.505002975463867,109.48849487304688,95.12349700927734
2020-09-28,11.746469497680664,55.27272415161133,86.3553695678711,176.6999969482422,311.55224609375,141.25579833984375,65.40233612060547,22.017677307128906,111.58331298828125,95.98221588134766
2020-09-29,11.611556053161621,55.212303161621094,86.16015625,178.19000244140625,309.8555603027344,141.41885375976562,64.93217468261719,21.743026733398438,111.20854949951172,95.86219787597656
2020-09-30,11.746469497680664,54.944705963134766,86.58179473876953,177.1199951171875,312.2048034667969,140.06333923339844,65.13014221191406,22.035985946655273,112.1406478881836,97.39492797851562
2020-10-01,11.602560997009277,55.264095306396484,86.74315643310547,178.6999969482422,314.2091979980469,140.29432678222656,66.43339538574219,22.07261085510254,113.32258605957031,97.06253814697266
2020-10-02,11.458653450012207,55.15187454223633,86.4376449584961,178.5399932861328,311.2259216308594,139.7705535888672,67.57991790771484,22.24654769897461,110.44942474365234,96.17613220214844
2020-10-05,11.755462646484375,55.98921203613281,86.77450561523438,179.41000366210938,316.744873046875,137.03952026367188,67.96759033203125,22.612754821777344,112.87095642089844,98.152099609375
2020-10-06,11.800434112548828,55.393585205078125,86.8371810913086,177.3000030517578,312.2420959472656,137.778076171875,67.52218627929688,22.383880615234375,111.12205505371094,96.85018920898438
2020-10-07,11.845405578613281,55.86836624145508,87.025146484375,177.22000122070312,317.67718505859375,136.77322387695312,67.62117004394531,22.75922966003418,113.15924835205078,98.67841339111328
2020-10-08,11.96233081817627,56.256813049316406,87.87120819091797,177.85000610351562,320.4926452636719,137.51187133789062,68.75121307373047,23.07050132751465,113.74539947509766,99.1585464477539
2020-10-09,11.998307228088379,56.69706344604492,88.08271789550781,181.0800018310547,323.3546447753906,137.48605346679688,68.47900390625,23.09796714782715,115.48468017578125,100.05419921875
2020-10-12,11.87238883972168,57.02508544921875,88.3099136352539,180.55999755859375,328.556640625,137.92405700683594,68.80072021484375,23.354305267333984,118.63654327392578,100.7374496459961
2020-10-13,11.899370193481445,56.386295318603516,88.0905532836914,177.72000122070312,326.4125061035156,138.9116668701172,67.62117004394531,22.905712127685547,117.87740325927734,99.97109985351562
2020-10-14,11.980319023132324,56.291343688964844,88.05921173095703,178.27000427246094,324.3615417480469,139.2294464111328,66.79631042480469,22.68599510192871,117.25277709960938,99.38936614990234
2020-10-15,12.016295433044434,55.62665557861328,87.70672607421875,178.9199981689453,323.9605407714844,138.98899841308594,67.14276885986328,22.85993194580078,116.72430419921875,98.66915893554688
2020-10-16,11.935347557067871,55.885616302490234,87.83987426757812,178.3000030517578,323.7648010253906,138.60255432128906,66.66433715820312,22.878246307373047,116.38795471191406,99.64794158935547
2020-10-19,11.944341659545898,55.67844772338867,87.3306655883789,178.38999938964844,318.8424987792969,138.07870483398438,65.6250228881836,22.530357360839844,114.25469970703125,98.06898498535156
2020-10-20,12.079255104064941,55.954681396484375,87.37771606445312,179.25,320.11962890625,136.7647247314453,66.09520721435547,22.71345329284668,114.648681640625,98.19824981689453
2020-10-21,11.980319023132324,55.68708801269531,86.93115234375,180.60000610351562,319.5137939453125,136.29237365722656,65.8972396850586,22.594438552856445,114.4757080078125,97.70887756347656
2020-10-22,12.016295433044434,55.73024368286133,86.52381134033203,178.8300018310547,321.2663879394531,134.87533569335938,65.88898468017578,23.043039321899414,113.9375991821289,99.18623352050781
2020-10-23,11.926353454589844,56.092803955078125,86.93115234375,178.63999938964844,322.35711669921875,135.69979858398438,66.28491973876953,23.116273880004883,113.81266784667969,99.55559539794922
2020-10-26,11.755462646484375,55.08282470703125,86.61779022216797,178.5500030517578,316.4000549316406,136.96218872070312,65.33633422851562,22.594438552856445,111.34306335449219,98.44755554199219
2020-10-27,11.836411476135254,54.65120315551758,87.13485717773438,179.02000427246094,315.30926513671875,137.8811492919922,64.2887954711914,22.18246841430664,111.90040588378906,97.77352142333984
2020-10-28,11.521613121032715,53.01970291137695,86.39064025878906,176.1300048828125,304.5322570800781,138.00991821289062,62.754554748535156,21.614864349365234,107.15341186523438,94.67106628417969
2020-10-29,11.377704620361328,53.27003479003906,86.42195892333984,175.39999389648438,307.6274108886719,136.6702117919922,63.59588623046875,21.77965545654297,108.94076538085938,93.89546203613281
2020-10-30,11.377704620361328,52.993797302246094,86.18695831298828,176.1999969482422,304.42041015625,135.3218994140625,63.17523193359375,21.84373664855957,106.52882385253906,93.86774444580078
2020-11-02,11.584572792053223,53.68438720703125,86.32533264160156,177.91000366210938,307.83251953125,136.33551025390625,64.6847152709961,22.255708694458008,106.79788208007812,95.55747985839844
2020-11-03,11.656525611877441,55.09145736694336,87.0250473022461,178.9199981689453,313.267578125,135.54454040527344,65.93022918701172,22.750072479248047,108.68130493164062,96.95173645019531
2020-11-04,11.782445907592773,55.69571304321289,88.70755004882812,178.82000732421875,320.26885986328125,138.4847869873047,66.04572296142578,22.484582901000977,112.9094009399414,101.25454711914062
2020-11-05,11.836411476135254,57.03372573852539,89.04556274414062,182.92999267578125,326.5150451660156,138.7255859375,66.35916137695312,23.03388023376465,116.41680145263672,101.45768737792969
2020-11-06,11.7914400100708,57.15457534790039,88.65249633789062,183.19000244140625,326.4403991699219,137.04908752441406,65.9054946899414,22.850784301757812,116.83000183105469,101.49462127685547
2020-11-09,11.935347557067871,58.82061767578125,89.07704162597656,175.0800018310547,330.5423889160156,134.1689910888672,68.23979949951172,24.72754669189453,115.984375,102.44569396972656
2020-11-10,12.169198036193848,59.347190856933594,88.98271179199219,175.66000366210938,330.0576477050781,133.39523315429688,69.23786926269531,24.85572052001953,113.82227325439453,102.74113464355469
2020-11-11,12.16020393371582,59.847862243652344,89.32078552246094,174.89999389648438,332.50946044921875,133.87667846679688,69.50182342529297,24.755016326904297,116.52249908447266,102.61187744140625
2020-11-12,12.061266899108887,58.97599792480469,89.14778900146484,175.9600067138672,329.2838134765625,136.15496826171875,68.59449768066406,24.343042373657227,115.48468017578125,102.23326873779297
2020-11-13,12.007302284240723,59.88238525390625,89.49374389648438,177.16000366210938,333.8426208496094,135.97442626953125,70.42567443847656,24.745861053466797,116.46483612060547,103.5259780883789
2020-11-16,12.115232467651367,60.50391387939453,89.69029235839844,177.14999389648438,338.0097351074219,135.647705078125,71.21752166748047,25.295154571533203,117.589111328125,103.35054779052734
2020-11-17,12.151209831237793,60.443485260009766,89.53306579589844,176.5,336.1918640136719,136.53323364257812,71.28351593017578,25.258535385131836,116.93569946289062,102.676513671875
2020-11-18,12.169198036193848,60.12409210205078,89.45442962646484,175.49000549316406,332.1459045410156,136.92874145507812,69.89775085449219,25.0205078125,115.68648529052734,100.76516723632812
2020-11-19,12.169198036193848,60.54706954956055,89.65882873535156,175.16000366210938,333.54425048828125,137.63365173339844,70.16996765136719,25.102903366088867,116.61858367919922,100.6913070678711
2020-11-20,12.232158660888672,60.728355407714844,89.72174835205078,175.69000244140625,331.26019287109375,138.8544464111328,69.79053497314453,24.883182525634766,115.41743469238281,100.46044921875
2020-11-23,12.268135070800781,60.650672912597656,89.65099334716797,172.22999572753906,333.2459411621094,138.21832275390625,69.9225082397461,25.350088119506836,115.38861083984375,100.2019271850586
2020-11-24,12.52896785736084,61.55705261230469,89.77676391601562,169.58999633789062,338.61566162109375,136.84278869628906,70.29369354248047,26.238115310668945,116.99333953857422,100.49739074707031
2020-11-25,12.636898040771484,61.47936248779297,89.70600891113281,169.50999450683594,338.09368896484375,136.42141723632812,70.33492279052734,26.146570205688477,117.24320220947266,100.1280746459961
2020-11-27,12.609916687011719,61.902347564697266,89.9969253540039,167.7899932861328,339.0353088378906,137.7454833984375,70.02147674560547,26.06417465209961,117.86781311035156,101.05142974853516
2020-11-30,12.53796100616455,60.555721282958984,89.82395935058594,166.6699981689453,337.5342712402344,137.5735626220703,69.28736877441406,25.524028778076172,118.65576934814453,101.32841491699219
2020-12-01,12.501984596252441,61.980045318603516,90.04960632324219,170.17999267578125,341.22607421875,135.54510498046875,70.1781997680664,25.917692184448242,120.17403411865234,102.17790222167969
2020-12-02,12.555949211120605,61.988677978515625,90.0969009399414,171.4600067138672,341.9439392089844,134.4693603515625,69.62556457519531,26.201494216918945,119.991455078125,102.94429016113281
2020-12-03,12.57393741607666,62.092262268066406,90.4756088256836,172.80999755859375,341.8507080078125,135.5537109375,70.2112045288086,26.210651397705078,119.91460418701172,102.81500244140625
2020-12-04,12.627903938293457,62.61883544921875,90.55451202392578,172.32000732421875,344.7966613769531,133.565673828125,71.28351593017578,26.53107452392578,121.1157455444336,103.9137954711914
2020-12-07,12.627903938293457,62.109519958496094,90.53872680664062,174.88999938964844,344.0881042480469,134.77059936523438,70.66486358642578,26.347976684570312,121.46167755126953,103.27667999267578
2020-12-08,12.645893096923828,62.3253173828125,90.38882446289062,175.5,345.094970703125,135.40740966796875,70.41741180419922,26.33881950378418,121.85565948486328,104.06153106689453
2020-12-09,12.654886245727539,62.41166305541992,90.16792297363281,172.5,341.9998779296875,134.95989990234375,69.98023986816406,26.27474021911621,119.52059173583984,103.701416015625
2020-12-10,12.843765258789062,62.497982025146484,90.61761474609375,172.1699981689453,341.8880310058594,136.15615844726562,69.67505645751953,26.320510864257812,119.69359588623047,103.5259780883789
2020-12-11,12.807788848876953,62.308074951171875,90.66497039794922,172.49000549316406,341.4871826171875,136.63804626464844,69.60906982421875,26.05501365661621,119.44373321533203,103.11971282958984
2020-12-14,12.843765258789062,62.346412658691406,90.66497039794922,171.5399932861328,339.9582214355469,136.2593536376953,69.30387115478516,25.75290298461914,119.87613677978516,102.34408569335938
2020-12-15,12.942702293395996,62.982704162597656,90.97264099121094,173.94000244140625,344.5542907714844,135.80331420898438,70.72261810302734,26.192340850830078,121.87489318847656,103.45211029052734
2020-12-16,13.014656066894531,63.22674560546875,91.03575897216797,174.89999389648438,345.094970703125,135.4417266845703,70.80509185791016,26.238115310668945,122.70128631591797,103.14740753173828
2020-12-17,13.167558670043945,63.67127227783203,91.33262634277344,176.74000549316406,347.02471923828125,135.08338928222656,71.48971557617188,26.311355590820312,123.67179107666016,104.25543212890625
2020-12-18,13.212529182434082,63.34005355834961,91.21389770507812,176.44000244140625,345.6390686035156,134.67848205566406,70.05447387695312,26.08248519897461,123.23941802978516,104.33854675292969
2020-12-21,13.077614784240723,62.529449462890625,90.95264434814453,175.8800048828125,344.40325927734375,135.21263122558594,69.6585464477539,26.43407440185547,123.36268615722656,103.2945556640625
2020-12-22,12.933707237243652,62.372554779052734,91.06348419189453,174.49000549316406,343.82275390625,135.9104461669922,70.14521789550781,26.176361083984375,124.43180084228516,102.97932434082031
2020-12-23,13.095603942871094,63.043704986572266,91.19803619384766,175.64999389648438,344.1317138671875,134.97142028808594,69.6915512084961,26.60895538330078,123.48790740966797,103.05351257324219
2020-12-24,13.13158130645752,63.069862365722656,91.42762756347656,176.35000610351562,345.4706115722656,135.5055389404297,70.30169677734375,26.645771026611328,124.30656433105469,103.35018920898438
2020-12-28,13.050633430480957,63.584110260009766,91.45136260986328,175.7100067138672,348.4384460449219,135.5658721923828,70.72076416015625,26.774625778198242,125.71281433105469,103.60979461669922
2020-12-29,13.086609840393066,63.99375915527344,91.5859603881836,176.35000610351562,347.7737121582031,135.3935546875,70.11731719970703,26.682592391967773,125.11565399169922,104.10118865966797
2020-12-30,13.167558670043945,64.08094024658203,91.70469665527344,177.6999969482422,348.2698669433594,135.68646240234375,70.50285339355469,26.8022403717041,125.0482406616211,104.0826416015625
2020-12-31,13.22152328491211,63.59282302856445,91.76013946533203,178.36000061035156,350.03936767578125,135.88458251953125,71.18173217773438,27.13358497619629,125.23125457763672,105.17668914794922
2021-01-04,13.149569511413574,63.92403030395508,91.25347137451172,182.3300018310547,345.2740173339844,135.72093200683594,68.86852264404297,26.765422821044922,123.18931579589844,104.72238159179688
2021-01-05,13.518332481384277,64.58647155761719,91.3167953491211,182.8699951171875,347.65203857421875,134.7129364013672,68.96907806396484,26.885074615478516,123.98873138427734,105.48263549804688
2021-01-06,13.536321640014648,65.32733917236328,90.65974426269531,179.89999389648438,349.73046875,131.9475860595703,69.08643341064453,28.072402954101562,121.85049438476562,106.92900848388672
2021-01-07,13.59928035736084,65.39704895019531,90.6280517578125,179.47999572753906,354.92657470703125,130.78451538085938,68.95233154296875,28.477380752563477,125.13491821289062,108.31974792480469
2021-01-08,13.7072114944458,66.00718688964844,90.6755599975586,173.33999633789062,356.9488525390625,130.36239624023438,69.62283325195312,28.458972930908203,125.9439697265625,108.8389663696289
2021-01-11,13.608275413513184,65.14430236816406,89.96308135986328,173.0,354.542724609375,130.14695739746094,68.70088958740234,28.551010131835938,124.90375518798828,109.34889221191406
2021-01-12,13.869108200073242,65.44064331054688,89.5355453491211,174.1199951171875,354.61761474609375,130.0436553955078,68.8601303100586,28.845544815063477,124.30656433105469,108.16213989257812
2021-01-13,13.833131790161133,65.35347747802734,89.95516967773438,173.3699951171875,355.5725402832031,131.5082244873047,69.6982421875,28.82713508605957,125.09639739990234,108.45883178710938
2021-01-14,13.959051132202148,65.87644958496094,89.69390869140625,173.27999877929688,354.327392578125,130.27626037597656,70.10893249511719,28.955991744995117,123.99835968017578,108.11576080322266
2021-01-15,13.761177062988281,64.84795379638672,89.79679107666016,171.1300048828125,351.7433776855469,130.79312133789062,70.91353607177734,28.477380752563477,122.72698211669922,108.44953918457031
2021-01-19,13.80614948272705,65.3186264038086,89.92349243164062,172.5800018310547,354.5052185058594,131.21531677246094,70.71235656738281,28.551010131835938,124.32587432861328,109.26545715332031
2021-01-20,13.815142631530762,65.76314544677734,90.02639770507812,175.38999938964844,359.41119384765625,131.34449768066406,72.06177520751953,28.43135643005371,126.79154205322266,109.86808776855469
2021-01-21,13.80614948272705,65.81543731689453,90.08971405029297,175.27999877929688,359.73883056640625,130.42266845703125,71.7181167602539,28.12762451171875,128.428955078125,109.34889221191406
2021-01-22,13.572299003601074,65.50165557861328,90.12930297851562,173.89999389648438,358.46551513671875,130.84478759765625,71.88574981689453,27.92513656616211,127.93773651123047,109.02438354492188
2021-01-25,13.716205596923828,65.42320251464844,90.48554992675781,174.0500030517578,359.87921142578125,132.38697814941406,72.43053436279297,27.72264862060547,129.0068817138672,109.73828887939453
2021-01-26,13.743188858032227,65.51908874511719,90.3668212890625,173.6199951171875,359.3175048828125,132.13714599609375,72.94178771972656,27.501745223999023,129.09353637695312,109.33033752441406
2021-01-27,13.7072114944458,64.01991271972656,89.94721984863281,172.52000427246094,350.53558349609375,132.47314453125,71.65107727050781,26.691789627075195,126.65672302246094,106.01111602783203
2021-01-28,13.644251823425293,64.4295654296875,90.13722229003906,172.67999267578125,353.5503234863281,131.74081420898438,72.0365982055664,27.18880844116211,127.17682647705078,107.55949401855469
2021-01-29,13.662240028381348,63.09600067138672,90.12930297851562,172.61000061035156,346.47235107421875,130.94818115234375,71.20685577392578,26.645771026611328,124.18135833740234,106.65086364746094
2021-02-01,13.923072814941406,63.84559631347656,90.57565307617188,174.22999572753906,352.23956298828125,131.09999084472656,72.83281707763672,26.99552345275879,127.2924575805664,107.05882263183594
2021-02-02,14.031004905700684,64.49058532714844,90.57565307617188,172.11000061035156,357.22027587890625,130.25482177734375,73.26863861083984,27.649015426635742,129.0164794921875,107.36479187011719
2021-02-03,14.1299409866333,64.64746856689453,90.3453140258789,171.85000610351562,357.5011901855469,129.09906005859375,73.08425903320312,27.805479049682617,128.5734100341797,106.60450744628906
2021-02-04,14.201894760131836,64.71720123291016,90.60739135742188,168.14999389648438,361.5644836425781,128.75404357910156,73.58715057373047,28.422155380249023,130.62501525878906,107.04955291748047
2021-02-05,14.273848533630371,65.1181411743164,90.71063232421875,169.80999755859375,362.98760986328125,127.67587280273438,73.84696197509766,28.43135643005371,130.33607482910156,107.24424743652344
2021-02-08,14.49870491027832,65.5713882446289,90.71063232421875,171.52000427246094,365.6090087890625,128.2364959716797,74.24925231933594,28.799522399902344,131.7037353515625,107.3740463256836
2021-02-09,14.5526704788208,65.92874908447266,90.38505554199219,172.0800018310547,365.36566162109375,128.33140563964844,74.50907135009766,28.808727264404297,131.54965209960938,107.53166961669922
2021-02-10,14.525687217712402,65.70211791992188,90.56768035888672,172.7100067138672,365.20648193359375,129.18528747558594,74.911376953125,28.808727264404297,131.3569793701172,107.72637939453125
2021-02-11,14.49870491027832,66.14665222167969,90.623291015625,171.2100067138672,365.79620361328125,128.47802734375,75.07060241699219,28.71668815612793,132.8017120361328,107.93035888671875
2021-02-12,14.6785888671875,66.51273345947266,90.12296295166016,170.69000244140625,367.6031494140625,126.88243103027344,75.0873794555664,29.011219024658203,133.48562622070312,108.73697662353516
2021-02-16,14.87646198272705,66.99211120605469,89.01904296875,168.24000549316406,367.28485107421875,124.95040130615234,74.50907135009766,29.50823974609375,133.0521240234375,107.66146087646484
2021-02-17,14.921433448791504,66.5998764038086,89.51144409179688,166.3300018310547,367.369140625,125.743896484375,74.41687774658203,29.65550422668457,131.87709045410156,108.05087280273438
2021-02-18,14.86746883392334,66.2686767578125,89.41617584228516,166.32000732421875,365.8055725097656,125.2350082397461,74.09839630126953,29.480619430541992,131.2317657470703,107.3740463256836
2021-02-19,14.858473777770996,66.46041870117188,88.93965911865234,167.00999450683594,365.15966796875,123.57038879394531,74.52584075927734,29.830379486083984,131.03915405273438,106.07603454589844
2021-02-22,15.19126033782959,66.29481506347656,88.33611297607422,169.50999450683594,362.35089111328125,122.63025665283203,75.14604949951172,30.106502532958984,128.14964294433594,105.82569122314453
2021-02-23,15.263212203979492,66.35582733154297,88.43931579589844,169.1199951171875,362.7908935546875,122.27664184570312,75.61540222167969,30.29058074951172,127.79328918457031,105.6495361328125
2021-02-24,15.497062683105469,66.56502532958984,88.5743408203125,169.0,366.7886047363281,121.47456359863281,76.19371032714844,30.87964630126953,129.7484893798828,106.38200378417969
2021-02-25,15.371146202087402,65.43192291259766,86.99391174316406,165.82000732421875,357.9505615234375,119.49079895019531,74.73536682128906,30.318191528320312,125.21196746826172,105.31575012207031
2021-02-26,15.047351837158203,64.50801849365234,87.38306427001953,161.80999755859375,356.10614013671875,123.44100189208984,73.64579010009766,29.73834228515625,125.8765640258789,104.40715026855469
2021-03-01,14.921433448791504,65.71955871582031,87.869873046875,161.52999877929688,364.7382507324219,121.8106689453125,73.97268676757812,30.667940139770508,129.93150329589844,105.77008056640625
2021-03-02,14.984393119812012,65.64981842041016,87.8140869140625,162.41000366210938,361.8922424316406,121.81929779052734,73.26028442382812,30.557506561279297,127.87030792236328,105.46408081054688
2021-03-03,15.074335098266602,65.2488784790039,87.28826904296875,160.6199951171875,357.09857177734375,120.49805450439453,72.84123229980469,30.796804428100586,124.65330505371094,104.12901306152344
2021-03-04,15.308186531066895,64.63004302978516,86.53934478759766,159.0399932861328,352.6795654296875,119.72087860107422,72.01146697998047,30.447052001953125,121.89867401123047,102.72900390625
2021-03-05,15.62298583984375,65.04840087890625,86.52339935302734,159.13999938964844,359.167724609375,119.95407104492188,72.79930877685547,31.026914596557617,124.20063018798828,104.78727722167969
2021-03-08,15.407120704650879,64.8218002319336,85.02557373046875,157.49000549316406,357.3794860839844,119.02141571044922,73.42788696289062,31.42267417907715,121.19554138183594,104.52767944335938
2021-03-09,15.407120704650879,65.69340515136719,86.0294189453125,160.83999633789062,362.48199462890625,120.67080688476562,73.91400909423828,31.137351989746094,125.31791687011719,105.13961029052734
2021-03-10,15.506058692932129,65.97232818603516,86.86597442626953,161.66000366210938,364.7382507324219,120.9125747680664,74.65155029296875,31.772432327270508,124.81704711914062,105.38066864013672
2021-03-11,15.739909172058105,66.32097625732422,87.51130676269531,161.52000427246094,368.4364013671875,120.04039764404297,75.5232162475586,31.68039321899414,127.48506927490234,106.02039337158203
2021-03-12,15.667954444885254,66.48658752441406,86.41182708740234,161.49000549316406,368.9326171875,117.49299621582031,76.78877258300781,32.002532958984375,126.57002258300781,106.25218963623047
2021-03-15,15.61398983001709,66.53887176513672,86.9775390625,162.1999969482422,371.13275146484375,118.1838150024414,77.92861938476562,31.818458557128906,127.91848754882812,106.9846420288086
2021-03-16,15.551031112670898,66.65218353271484,87.2802734375,162.35000610351562,370.6647033691406,117.70880889892578,77.610107421875,31.487110137939453,128.88165283203125,106.91975402832031
2021-03-17,15.551031112670898,67.0444107055664,88.01321411132812,163.50999450683594,371.9285888671875,116.82804870605469,77.67717742919922,31.69880485534668,128.77572631835938,106.53034973144531
2021-03-18,14.813502311706543,66.43426513671875,86.81818389892578,162.55999755859375,366.5171203613281,115.64500427246094,76.88935089111328,31.864486694335938,125.20234680175781,106.30783081054688
2021-03-19,15.13729476928711,66.61731719970703,87.07315063476562,163.24000549316406,365.8389892578125,116.36175537109375,75.8416976928711,31.496313095092773,124.82671356201172,106.68795013427734
2021-03-22,15.110311508178711,66.67832946777344,87.26435089111328,163.0,368.7602233886719,117.6656494140625,76.37808990478516,31.090463638305664,127.28125762939453,107.6164779663086
2021-03-23,14.687582969665527,65.75443267822266,86.95361328125,161.80999755859375,365.8577575683594,118.72781372070312,76.26913452148438,30.655963897705078,126.48977661132812,106.52792358398438
2021-03-24,15.074335098266602,65.42320251464844,87.14483642578125,162.3699951171875,363.9979553222656,119.3668441772461,75.8416976928711,30.766889572143555,124.95507049560547,106.406982421875
2021-03-25,14.73255443572998,65.91132354736328,87.01737213134766,161.77999877929688,366.0456848144531,118.42555236816406,76.61389923095703,31.284608840942383,124.87788391113281,106.85356903076172
2021-03-26,15.083331108093262,66.76548767089844,87.04927062988281,162.24000549316406,371.9443664550781,118.01107788085938,78.2662124633789,31.77458381652832,128.0533447265625,108.87248229980469
2021-03-29,15.101319313049316,66.50402069091797,86.59512329101562,160.30999755859375,371.7565612792969,117.00936889648438,77.81100463867188,31.497243881225586,127.3873519897461,109.38419342041016
2021-03-30,14.858473777770996,66.41683959960938,86.63494873046875,157.57000732421875,370.7703857421875,117.62250518798828,77.91216278076172,31.719118118286133,126.1808853149414,108.39798736572266
2021-03-31,14.939421653747559,66.12921142578125,86.74647521972656,159.9600067138672,372.2731628417969,116.96620178222656,77.4400634765625,31.478748321533203,128.1884765625,108.6119613647461
2021-04-01,15.19126033782959,66.99211120605469,87.43223571777344,161.97999572753906,376.2933349609375,118.90748596191406,78.84790802001953,31.867034912109375,130.76560974121094,108.28634643554688
2021-04-05,14.966404914855957,67.96831512451172,87.3283920288086,161.9199981689453,381.6943664550781,118.38865661621094,79.1513900756836,32.11664962768555,133.46815490722656,109.03993225097656
2021-04-06,15.020370483398438,67.24488067626953,87.62406921386719,163.22000122070312,381.4688720703125,119.1928482055664,79.35372161865234,32.05192565917969,132.89869689941406,108.62126159667969
2021-04-07,15.06534194946289,67.38434600830078,87.32038116455078,162.75999450683594,381.9104309082031,118.3627700805664,79.41273498535156,32.2090950012207,133.603271484375,108.3793716430664
2021-04-08,15.146288871765137,67.7678451538086,87.82389831542969,164.50999450683594,383.7233581542969,119.33982849121094,79.11767578125,32.21833801269531,135.53372192382812,108.54683685302734
2021-04-09,15.092324256896973,67.97704315185547,87.5841293334961,163.27000427246094,386.512939453125,118.90748596191406,79.02494812011719,32.495689392089844,136.83673095703125,109.73773193359375
2021-04-12,15.101319313049316,67.60224914550781,87.72798919677734,162.27999877929688,386.6539306640625,118.85560607910156,79.48860931396484,32.63435745239258,136.1803741455078,109.84935760498047
2021-04-13,15.263212203979492,67.99446868896484,88.19157409667969,163.42999267578125,387.79986572265625,119.74626159667969,79.88483428955078,32.32927703857422,137.464111328125,110.30524444580078
2021-04-14,15.61398983001709,68.04676818847656,88.11162567138672,162.72000122070312,386.4754638671875,119.36576080322266,79.46332550048828,32.523414611816406,136.00662231445312,110.29594421386719
2021-04-15,15.71292495727539,68.6133041381836,89.18266296386719,165.35000610351562,390.6271057128906,121.36331176757812,80.85430145263672,32.495689392089844,138.34243774414062,112.18461608886719
2021-04-16,15.685943603515625,69.1101303100586,88.89494323730469,166.35000610351562,391.9328308105469,120.42074584960938,81.03134155273438,32.726806640625,138.31344604492188,113.02194213867188
2021-04-19,15.703930854797363,68.98810577392578,88.83097076416016,165.88999938964844,390.0072021484375,120.07486724853516,81.19152069091797,32.63435745239258,137.1648712158203,113.04985809326172
2021-04-20,15.676949501037598,67.75041961669922,88.607177734375,166.47999572753906,387.1517028808594,120.62825012207031,81.85749816894531,32.02419662475586,135.94874572753906,113.48713684082031
2021-04-21,15.61398983001709,68.44771575927734,88.77503204345703,168.1300048828125,390.81494140625,120.87039184570312,82.39704132080078,32.467952728271484,137.3193359375,114.82688903808594
2021-04-22,15.739909172058105,68.22107696533203,88.91092681884766,167.0399932861328,387.2457580566406,121.39791107177734,81.95023345947266,32.10740280151367,135.7074432373047,114.3151626586914
2021-04-23,15.865826606750488,68.91837310791016,89.06275939941406,166.39999389648438,391.4442443847656,121.112548828125,82.43074798583984,32.70831298828125,137.73434448242188,115.06877136230469
2021-04-26,15.973758697509766,68.9706802368164,88.6551284790039,166.83999633789062,392.2615051269531,120.9395980834961,82.67523193359375,32.83774948120117,138.43893432617188,114.67800903320312
2021-04-27,16.108673095703125,68.74405670166016,88.17554473876953,166.4199981689453,392.1769714355469,119.88462829589844,82.66680908203125,33.09659957885742,138.10113525390625,114.0174560546875
2021-04-28,16.135656356811523,68.91837310791016,88.4713134765625,166.91000366210938,392.0642395019531,119.96244812011719,82.4897689819336,33.22602462768555,136.8173828125,113.6732177734375
2021-04-29,16.24358558654785,68.94451141357422,88.57523345947266,166.22000122070312,394.5628662109375,119.60791778564453,83.19792175292969,33.81769561767578,136.7015838623047,113.2173080444336
2021-04-30,16.108673095703125,68.08161926269531,88.83097076416016,165.66000366210938,391.9703369140625,119.88462829589844,83.52667999267578,33.521854400634766,134.83872985839844,112.88239288330078
2021-05-03,16.288557052612305,68.83121490478516,88.70912170410156,167.80999755859375,392.815673828125,119.95653533935547,83.36652374267578,33.68826675415039,134.46231079101562,114.16629028320312
2021-05-04,16.540393829345703,67.81141662597656,88.78926849365234,166.5800018310547,390.3923034667969,120.77052307128906,82.82697296142578,33.95637130737305,132.04931640625,114.28724670410156
2021-05-05,16.60335350036621,68.7353515625,88.90953826904297,167.27000427246094,390.514404296875,120.96968841552734,81.45286560058594,34.23371505737305,131.7307891845703,114.491943359375
2021-05-06,16.684303283691406,69.3018798828125,89.07792663574219,170.05999755859375,393.63299560546875,121.16889190673828,81.90808868408203,34.742183685302734,133.0531463623047,114.64080047607422
2021-05-07,16.8461971282959,70.08633422851562,89.47885131835938,171.58999633789062,396.49774169921875,120.57135772705078,82.98714447021484,34.92708969116211,134.19204711914062,115.4316177368164
2021-05-10,16.72927474975586,69.7115478515625,89.27836608886719,172.11000061035156,392.5715026855469,119.350341796875,82.96187591552734,34.899349212646484,130.80418395996094,115.58047485351562
2021-05-11,16.909156799316406,68.7963638305664,89.06993103027344,172.13999938964844,389.06787109375,118.67481994628906,81.91651916503906,34.27993392944336,130.40846252441406,114.33378601074219
2021-05-12,16.891172409057617,67.69811248779297,88.26013946533203,170.42999267578125,380.802001953125,117.42784118652344,79.8426742553711,33.928646087646484,126.74069213867188,113.25453186035156
2021-05-13,16.423471450805664,68.20365905761719,88.71712493896484,171.1300048828125,385.3764343261719,117.60968017578125,80.87959289550781,34.474082946777344,128.42019653320312,114.27793884277344
2021-05-14,16.55838394165039,69.345458984375,89.18218231201172,172.69000244140625,391.29400634765625,118.70945739746094,81.84062957763672,35.01953887939453,131.2482147216797,114.85477447509766
2021-05-17,16.765249252319336,69.2147216796875,89.13407135009766,174.6999969482422,390.29840087890625,118.45836639404297,81.92493438720703,35.08424377441406,130.28297424316406,114.64080047607422
2021-05-18,16.684303283691406,69.36289978027344,89.12606048583984,175.0399932861328,386.9356384277344,118.15528106689453,81.94180297851562,34.59426498413086,129.24058532714844,114.67800903320312
2021-05-19,16.34252166748047,68.75276947021484,88.70912170410156,175.16000366210938,385.921142578125,117.86943817138672,81.68046569824219,34.38163375854492,129.6942138671875,114.48263549804688
2021-05-20,16.171630859375,69.65924072265625,89.32647705078125,175.9600067138672,390.0728759765625,118.83938598632812,82.599365234375,34.400123596191406,132.17478942871094,115.68281555175781
2021-05-21,16.324533462524414,69.75511169433594,89.15010833740234,176.0399932861328,389.7535400390625,119.22038269042969,82.51506042480469,34.742183685302734,131.45086669921875,115.70142364501953
2021-05-24,16.549388885498047,70.18220520019531,89.24633026123047,176.35000610351562,393.726806640625,119.66203308105469,83.54353332519531,34.90858840942383,133.7866973876953,115.81306457519531
2021-05-25,16.495424270629883,70.19963836669922,89.67925262451172,177.9499969482422,392.853271484375,120.77052307128906,83.51825714111328,34.557289123535156,133.82528686523438,115.4688491821289
2021-05-26,16.52240753173828,70.15606689453125,89.67127990722656,177.63999938964844,393.63299560546875,120.56271362304688,83.88919830322266,34.65898132324219,133.8156280517578,114.7989501953125
2021-05-27,16.783241271972656,70.28681182861328,89.50289154052734,177.7100067138672,393.8395080566406,120.07778930664062,83.69528198242188,35.05651092529297,133.11102294921875,114.54776000976562
2021-05-28,16.72927474975586,70.4524154663086,89.6872787475586,178.3800048828125,394.5440368652344,119.88720703125,84.20111083984375,35.12122344970703,133.58395385742188,114.99434661865234
2021-06-01,17.026084899902344,70.70518493652344,89.80631256103516,177.89999389648438,394.1965026855469,119.86041259765625,85.7185287475586,35.33386993408203,132.92762756347656,113.10566711425781
2021-06-02,17.11602783203125,70.94050598144531,89.94307708740234,178.77000427246094,394.8163757324219,120.13787078857422,86.72174072265625,35.38931655883789,133.84458923339844,112.88239288330078
2021-06-03,16.972118377685547,70.59185791015625,89.50066375732422,175.27000427246094,393.3511657714844,119.6868896484375,86.4013900756836,35.472530364990234,132.59950256347656,113.22662353515625
2021-06-04,17.16099739074707,71.19328308105469,90.0959243774414,177.16000366210938,396.9486389160156,121.32598114013672,86.44355010986328,35.56498336791992,135.14759826660156,113.5894546508789
2021-06-07,17.1879825592041,71.4286117553711,89.89480590820312,177.8699951171875,396.5635070800781,120.95304107666016,87.46360778808594,35.33386993408203,135.11866760253906,113.99884033203125
2021-06-08,17.358869552612305,71.39375305175781,90.24873352050781,177.32000732421875,396.6480712890625,121.8029556274414,88.18859100341797,35.24140548706055,135.12828063964844,113.64530944824219
2021-06-09,17.277921676635742,71.20198822021484,90.57047271728516,176.97999572753906,396.05633544921875,122.87834167480469,88.30662536621094,34.90858840942383,135.224853515625,114.74313354492188
2021-06-10,17.340883255004883,71.39814758300781,90.70719909667969,177.74000549316406,397.8973388671875,123.61547088623047,88.93889617919922,34.501827239990234,136.21897888183594,116.70622253417969
2021-06-11,17.286914825439453,71.5660171508789,90.811767578125,175.74000549316406,398.55487060546875,123.41602325439453,88.58482360839844,34.72370147705078,137.0297393798828,115.87818145751953
2021-06-14,17.1879825592041,71.68970489501953,90.26485443115234,174.7100067138672,399.4471435546875,122.47073364257812,88.93045806884766,34.36314392089844,138.41961669921875,115.98052978515625
2021-06-15,17.11602783203125,71.77806091308594,90.46592712402344,174.0500030517578,398.71453857421875,122.32329559326172,87.97785186767578,34.42786407470703,137.5702667236328,116.01774597167969
2021-06-16,17.01708984375,71.33628845214844,89.69373321533203,171.11000061035156,396.48834228515625,122.21922302246094,87.40459442138672,34.39088439941406,136.82705688476562,115.57117462158203
2021-06-17,16.576372146606445,70.84151458740234,90.04764556884766,165.85000610351562,396.35687255859375,124.04911804199219,87.29500579833984,33.37395095825195,138.4099884033203,116.45502471923828
2021-06-18,16.74726104736328,69.37484741210938,90.30502319335938,164.92999267578125,391.0098571777344,126.38191223144531,85.81127166748047,32.56964111328125,137.14559936523438,115.12459564208984
2021-06-21,16.954132080078125,70.284912109375,90.24873352050781,166.9499969482422,396.6075439453125,124.2658920288086,87.58162689208984,33.32979965209961,138.61537170410156,116.50784301757812
2021-06-22,16.981111526489258,70.29371643066406,90.20850372314453,166.25,398.7279052734375,124.56944274902344,87.12638854980469,33.38549041748047,139.8724365234375,116.76004028320312
2021-06-23,17.08904457092285,69.84312438964844,90.3131103515625,166.13999938964844,398.2472839355469,124.24859619140625,86.97465515136719,33.45045471191406,139.71774291992188,116.27434539794922
2021-06-24,17.152002334594727,70.51461029052734,90.3452377319336,166.0399932861328,400.60321044921875,124.44799041748047,86.78700256347656,33.868125915527344,140.59765625,116.87210845947266
2021-06-25,17.080049514770508,70.6648178100586,90.19242095947266,166.58999633789062,402.0261535644531,123.15584564208984,87.37285614013672,34.276512145996094,140.4332733154297,117.40448760986328
2021-06-28,17.071054458618164,70.21420288085938,90.3613510131836,166.5800018310547,402.8366394042969,124.4219970703125,87.11813354492188,34.02590560913086,141.90306091308594,117.58196258544922
2021-06-29,17.152002334594727,70.23188018798828,90.33719635009766,164.8300018310547,403.0533752441406,124.63011169433594,86.88040161132812,33.90524673461914,142.93772888183594,117.71271514892578
2021-06-30,17.313899993896484,69.69292449951172,90.45783996582031,165.6300048828125,403.3926086425781,125.18519592285156,86.42192840576172,34.05375289916992,142.7830352783203,117.63799285888672
2021-07-01,17.376859664916992,69.86080169677734,90.36505126953125,166.1999969482422,405.6260986328125,125.19212341308594,86.7955093383789,34.32291793823242,143.02474975585938,118.68407440185547
2021-07-02,17.538755416870117,70.0993423461914,90.4699478149414,167.2899932861328,408.72650146484375,125.94761657714844,87.05870819091797,34.28578567504883,144.91036987304688,119.82357788085938
2021-07-06,17.06205940246582,69.6399154663086,90.57487487792969,168.1199951171875,407.9819641113281,127.42377471923828,87.69548034667969,33.74747085571289,145.46151733398438,119.71147155761719
2021-07-07,16.855194091796875,70.01981353759766,90.70396423339844,168.75999450683594,409.42376708984375,128.55264282226562,88.00111389160156,33.79387283325195,146.25445556640625,120.468017578125
2021-07-08,16.999099731445312,69.1186294555664,90.51838684082031,168.64999389648438,406.0877990722656,129.05636596679688,87.75491333007812,33.1163330078125,144.87168884277344,119.80490112304688
2021-07-09,17.19697380065918,70.29371643066406,90.49417877197266,169.2100067138672,410.4226989746094,127.24137115478516,89.19823455810547,34.072303771972656,146.20606994628906,120.21585845947266
2021-07-12,17.223957061767578,70.59413146972656,90.5506591796875,169.0,411.892822265625,127.07645416259766,89.96235656738281,34.406455993652344,146.32215881347656,120.4493637084961
2021-07-13,17.367862701416016,70.22303771972656,90.22791290283203,169.22000122070312,410.4886779785156,126.10395812988281,88.705810546875,34.035194396972656,146.92166137695312,120.3372573852539
2021-07-14,17.19697380065918,70.38208770751953,90.6152114868164,171.0399932861328,411.1012878417969,127.5367202758789,89.32559204101562,33.877403259277344,148.00465393066406,120.2252197265625
2021-07-15,17.107032775878906,69.7105941772461,90.89761352539062,171.07000732421875,409.6971130371094,128.94346618652344,89.46991729736328,33.98878860473633,146.7863006591797,119.80490112304688
2021-07-16,17.107032775878906,69.19815063476562,90.7765884399414,169.41000366210938,406.4836120605469,128.70030212402344,89.41049194335938,33.524715423583984,145.33583068847656,120.13179016113281
2021-07-19,16.423471450805664,67.94354248046875,90.792724609375,169.61000061035156,400.4806823730469,131.52249145507812,87.7803726196289,32.5872802734375,143.33421325683594,118.87088775634766
2021-07-20,16.666316986083984,68.43830871582031,91.04285430908203,169.38999938964844,406.2197570800781,130.25466918945312,89.85198974609375,33.394771575927734,145.46151733398438,120.31859588623047
2021-07-21,16.999099731445312,69.48088073730469,90.69590759277344,168.75999450683594,409.5086669921875,128.6047821044922,89.84349822998047,33.970218658447266,146.86363220214844,120.5147476196289
2021-07-22,17.13401222229004,69.50737762451172,90.89761352539062,169.08999633789062,410.3662414550781,129.82052612304688,89.13033294677734,33.59896469116211,147.94664001464844,121.40205383300781
2021-07-23,17.223957061767578,69.99333190917969,90.90570068359375,168.55999755859375,414.5879821777344,128.95213317871094,89.86897277832031,33.654640197753906,149.41644287109375,122.80305480957031
2021-07-26,17.349876403808594,70.09052276611328,90.65554809570312,168.16000366210938,415.6058044433594,128.570068359375,89.91141510009766,33.84956359863281,149.33905029296875,122.00914764404297
2021-07-27,17.250940322875977,69.80778503417969,90.4134750366211,168.44000244140625,413.7117004394531,129.94210815429688,90.42085266113281,33.84027862548828,147.9273223876953,122.57889556884766
2021-07-28,17.33188819885254,70.10820007324219,90.63941192626953,169.2899932861328,413.5420227050781,129.9507293701172,90.10669708251953,33.79387283325195,147.7435760498047,123.01788330078125
2021-07-29,17.637693405151367,70.59413146972656,90.7201156616211,171.1699981689453,415.2571716308594,129.22999572753906,90.12368774414062,34.16512680053711,148.43016052246094,123.3167495727539
2021-07-30,17.538755416870117,70.23188018798828,90.962158203125,169.82000732421875,413.24041748046875,129.83782958984375,90.24253845214844,33.895973205566406,148.33343505859375,123.42882537841797
2021-08-02,17.349876403808594,70.58529663085938,91.08356475830078,169.61000061035156,412.37347412109375,130.9959259033203,90.04727172851562,33.90524673461914,147.80160522460938,123.59696197509766
2021-08-03,17.2689266204834,71.08891296386719,91.12407684326172,169.49000549316406,415.7283630371094,131.0654754638672,90.15763854980469,34.28578567504883,148.74925231933594,125.31550598144531
2021-08-04,16.9901065826416,70.87686920166016,91.16452026367188,169.52999877929688,413.683349609375,131.33497619628906,89.8774642944336,33.99806594848633,149.04896545410156,124.78311157226562
2021-08-05,17.241947174072266,71.22142791748047,91.10785675048828,168.86000061035156,416.3031311035156,130.66554260253906,90.93024444580078,34.44357681274414,149.8709259033203,124.26943969726562
2021-08-06,17.098037719726562,70.95637512207031,90.62223052978516,164.63999938964844,416.9910583496094,128.48330688476562,90.7689208984375,35.139686584472656,149.74522399902344,124.16671752929688
2021-08-09,16.855194091796875,70.92103576660156,90.32273864746094,161.72000122070312,416.65179443359375,128.02247619628906,90.28498077392578,35.232505798339844,149.26171875,124.64302825927734
2021-08-10,17.16099739074707,71.08006286621094,90.30651092529297,161.77000427246094,417.17010498046875,127.43128967285156,89.42748260498047,35.60376739501953,148.18838500976562,124.35352325439453
2021-08-11,17.313899993896484,71.5660171508789,90.36319732666016,164.0,418.20672607421875,127.35308837890625,89.9538803100586,36.01214599609375,148.20773315429688,123.12061309814453
2021-08-12,17.250940322875977,71.50416564941406,90.484619140625,164.0399932861328,419.4600524902344,127.14441680908203,90.1491470336914,36.07711410522461,149.0586700439453,124.09197235107422
2021-08-13,17.152002334594727,71.93708801269531,90.91361236572266,166.38999938964844,420.2234191894531,129.15277099609375,90.64156341552734,35.807952880859375,149.8709259033203,124.8672103881836
2021-08-16,17.107032775878906,71.5660171508789,90.9297866821289,167.22000122070312,421.21295166015625,129.46575927734375,90.53120422363281,35.71513748168945,150.54779052734375,126.28685760498047
2021-08-17,16.918153762817383,70.89453887939453,90.8488540649414,166.97000122070312,418.4518127441406,129.41358947753906,90.43782043457031,35.46453857421875,149.30038452148438,127.78131103515625
2021-08-18,16.72028160095215,70.62063598632812,90.77601623535156,167.10000610351562,413.8717956542969,129.8483428955078,89.6142578125,35.02831268310547,147.2407684326172,125.83855438232422
2021-08-19,16.48642921447754,69.92263793945312,90.86503601074219,166.61000061035156,414.5126647949219,130.80462646484375,90.04727172851562,34.768428802490234,148.6815643310547,126.4083251953125
2021-08-20,16.09967803955078,70.196533203125,90.73551940917969,166.6999969482422,417.81097412109375,130.89161682128906,90.49724578857422,34.98189926147461,150.59617614746094,127.12748718261719
2021-08-23,16.684303283691406,70.85034942626953,91.07548522949219,168.72999572753906,421.4862365722656,130.80462646484375,90.32743835449219,35.26962661743164,152.5397491455078,127.17420196533203
2021-08-24,17.035079956054688,71.00054168701172,91.13212585449219,168.64999389648438,422.15533447265625,129.78746032714844,89.92837524414062,35.48310470581055,152.36570739746094,126.72588348388672
2021-08-25,17.1879825592041,71.02705383300781,91.06741333007812,167.47999572753906,423.0411682128906,128.70936584472656,89.86897277832031,35.90076446533203,152.27867126464844,126.38029479980469
2021-08-26,17.05306625366211,70.65596008300781,90.92169189453125,167.6699981689453,420.5439147949219,129.06585693359375,89.9029312133789,35.72441864013672,151.32139587402344,125.88526916503906
2021-08-27,17.2689266204834,71.30094146728516,91.50447082519531,170.19000244140625,424.303955078125,129.9439239501953,90.8453369140625,36.197776794433594,152.78150939941406,125.74519348144531
2021-08-30,17.33188819885254,71.28327941894531,91.74729919433594,169.35000610351562,426.16986083984375,130.28298950195312,91.7538070678711,35.68729019165039,154.42535400390625,126.45500183105469
2021-08-31,17.250940322875977,71.2479476928711,91.77967834472656,169.69000244140625,425.53839111328125,129.39622497558594,92.1867904663086,35.64088821411133,153.61309814453125,126.28685760498047
2021-09-01,17.169992446899414,71.8929214477539,91.9404296875,169.6999969482422,425.76458740234375,129.61297607421875,93.66410064697266,35.43669891357422,153.65179443359375,126.3242416381836
2021-09-02,17.367862701416016,72.18448638916016,92.19213104248047,169.25,427.0744934082031,130.17881774902344,94.15650939941406,35.55734634399414,153.48739624023438,127.67852783203125
2021-09-03,17.385852813720703,72.51139068603516,91.8917465209961,171.05999755859375,426.9708251953125,128.9948272705078,94.17350006103516,35.3345947265625,154.09661865234375,127.81867980957031
2021-09-07,17.1879825592041,72.56439971923828,91.64004516601562,167.7100067138672,425.4441833496094,127.9067153930664,93.11222076416016,35.12112045288086,154.13526916503906,127.07146453857422
2021-09-08,17.313899993896484,71.99010467529297,91.80239868164062,167.2899932861328,424.9258728027344,128.7772216796875,93.57918548583984,35.03759002685547,153.54541015625,127.01541137695312
2021-09-09,17.1879825592041,71.86641693115234,91.9566650390625,168.02999877929688,423.10711669921875,130.33551025390625,91.67739868164062,35.139686584472656,152.96522521972656,125.54901885986328
2021-09-10,17.412837982177734,71.70738983154297,91.66439056396484,167.17999267578125,419.7711181640625,129.1864013671875,90.33592987060547,34.87980270385742,151.4567413330078,124.40019989013672
2021-09-13,17.54775047302246,72.27283477783203,91.78617858886719,167.74000549316406,420.8454284667969,129.96983337402344,90.94721221923828,35.278907775878906,151.505126953125,123.63431549072266
2021-09-14,17.538755416870117,71.97241973876953,91.96480560302734,168.82000732421875,418.5743103027344,131.54556274414062,90.78591918945312,34.80555725097656,151.31167602539062,123.6156234741211
2021-09-15,17.826570510864258,72.18448638916016,91.94853973388672,167.8300018310547,422.0705261230469,131.0841522216797,91.07456970214844,35.139686584472656,152.63645935058594,124.41886901855469
2021-09-16,17.700653076171875,72.06962585449219,91.64004516601562,164.02999877929688,421.4014587402344,130.48345947265625,91.15099334716797,35.03759002685547,152.72349548339844,124.10131072998047
2021-09-17,17.556743621826172,71.1242446899414,91.3396224975586,163.77000427246094,417.29656982421875,129.8567352294922,90.33592987060547,34.87980270385742,150.34471130371094,124.22271728515625
2021-09-20,17.349876403808594,69.80778503417969,90.91744232177734,164.94000244140625,410.3384094238281,131.46714782714844,89.78406524658203,34.070682525634766,147.6063232421875,122.92644500732422
2021-09-21,17.367862701416016,70.49694061279297,91.08793640136719,166.0399932861328,409.9508056640625,131.35397338867188,89.8265151977539,34.02407455444336,147.66441345214844,123.11392974853516
2021-09-22,17.565736770629883,70.85034942626953,91.144775390625,165.4199981689453,413.9498291015625,132.13743591308594,90.70100402832031,34.59270095825195,149.6889190673828,123.32013702392578
2021-09-23,17.8355655670166,71.6190185546875,90.44652557373047,163.50999450683594,418.9793395996094,129.15151977539062,90.52271270751953,35.44095993041992,151.6941375732422,124.2105484008789
2021-09-24,17.916513442993164,70.9475326538086,90.07305145263672,163.3000030517578,419.66949462890625,127.88931274414062,89.55480194091797,35.62740707397461,151.80067443847656,123.70441436767578
2021-09-27,18.159358978271484,70.90337371826172,89.80510711669922,163.63999938964844,418.46881103515625,127.41922760009766,88.35025787353516,36.112125396728516,150.32826232910156,121.94229125976562
2021-09-28,18.01544952392578,69.35719299316406,89.29361724853516,162.0500030517578,410.0359191894531,125.43443298339844,87.75225067138672,35.515541076660156,145.8723907470703,119.85211944580078
2021-09-29,18.033437728881836,69.19815063476562,89.37481689453125,161.32000732421875,410.72607421875,125.65205383300781,88.4100570678711,35.543514251708984,145.68832397460938,120.7988052368164
2021-09-30,18.15036392211914,68.92426300048828,89.35856628417969,164.22000122070312,405.7060241699219,125.63459014892578,86.94923400878906,34.98420715332031,144.64218139648438,119.31785583496094
2021-10-01,18.393207550048828,69.09212493896484,89.33821868896484,164.58999633789062,410.52752685546875,126.69190216064453,88.17941284179688,35.56215286254883,146.82168579101562,119.3459701538086
2021-10-04,18.690017700195312,68.36761474609375,88.90657806396484,165.36000061035156,405.2333068847656,126.3694076538086,88.19649505615234,35.25453567504883,143.42161560058594,117.52763366699219
2021-10-05,18.92386817932129,68.83590698242188,88.96355438232422,164.58999633789062,409.4497375488281,125.1491470336914,87.58995056152344,35.9443473815918,145.4654998779297,118.23059844970703
2021-10-06,18.60906982421875,68.37646484375,88.7762451171875,165.02999877929688,411.15142822265625,125.85517883300781,88.4271469116211,35.98162078857422,146.41481018066406,118.0150146484375
2021-10-07,18.842920303344727,68.90657806396484,88.87396240234375,164.16000366210938,414.7062072753906,124.53900909423828,88.66633605957031,36.19602584838867,147.75160217285156,119.58030700683594
2021-10-08,18.905879974365234,68.89773559570312,88.65406799316406,164.22999572753906,413.9498291015625,123.6673583984375,87.82913970947266,36.37312316894531,147.199462890625,118.98043823242188
2021-10-11,19.031797409057617,68.67686462402344,88.40975189208984,163.9199981689453,410.952880859375,123.35356140136719,88.05125427246094,36.00959014892578,146.3857421875,118.05249786376953
2021-10-12,19.031797409057617,68.71221160888672,88.69479370117188,164.66000366210938,409.9413146972656,125.46292114257812,89.20455169677734,35.897727966308594,145.63018798828125,117.48076629638672
2021-10-13,19.139728546142578,69.39252471923828,89.25677490234375,167.58999633789062,411.4161682128906,126.68319702148438,89.85380554199219,35.69265365600586,146.52137756347656,117.66820526123047
2021-10-14,19.337602615356445,70.08168029785156,89.63955688476562,168.0,418.3363952636719,127.15386199951172,90.94728088378906,36.289241790771484,149.8245391845703,119.35533905029297
2021-10-15,19.499500274658203,70.6648178100586,89.5336685180664,165.3300018310547,421.52239990234375,126.41300201416016,90.87893676757812,36.82990264892578,151.0257110595703,119.94585418701172
2021-10-18,19.382572174072266,70.36441802978516,89.24044799804688,164.9199981689453,422.7703552246094,127.00566101074219,91.10961151123047,36.83921813964844,152.3043975830078,119.1303939819336
2021-10-19,19.42754554748535,70.78850555419922,89.17530822753906,165.4499969482422,426.0319519042969,125.2538070678711,91.15231323242188,37.20276641845703,153.81549072265625,120.69568634033203
2021-10-20,19.64340591430664,71.03589630126953,89.22419738769531,166.89999389648438,427.7052917480469,124.40824890136719,92.58750915527344,37.50104904174805,153.38925170898438,122.42032623291016
2021-10-21,19.34659767150879,70.70014953613281,88.84137725830078,166.75,428.8208312988281,124.26008605957031,92.71565246582031,37.34259033203125,153.9801788330078,122.91708374023438
2021-10-22,19.436538696289062,71.1242446899414,89.19159698486328,167.77000427246094,428.3766174316406,125.6285629272461,93.1513442993164,37.86459732055664,153.4473876953125,123.41384887695312
2021-10-25,19.53547477722168,70.98287200927734,89.25677490234375,168.92999267578125,430.67376708984375,125.43677520751953,93.45033264160156,37.81798553466797,153.9510955810547,123.56381225585938
2021-10-26,19.56245994567871,71.1242446899414,89.444091796875,167.67999267578125,431.06146240234375,126.4740219116211,93.70662689208984,37.845947265625,154.38699340820312,124.17305755615234
2021-10-27,19.20269012451172,70.84151458740234,89.97349548339844,168.1199951171875,429.1517639160156,128.77513122558594,92.91214752197266,37.22140884399414,154.25140380859375,123.18888854980469
2021-10-28,19.301624298095703,71.53067779541016,89.80245208740234,168.0800018310547,433.2925720214844,128.33937072753906,94.21066284179688,37.678165435791016,155.80123901367188,124.21992492675781
2021-10-29,19.20269012451172,71.11540985107422,89.50110626220703,166.64999389648438,434.1717529296875,128.7315216064453,93.1513442993164,37.52901840209961,156.4696502685547,125.4290542602539
2021-11-01,19.34659767150879,71.8045654296875,89.25432586669922,167.52000427246094,434.9186706542969,127.80470275878906,93.6126708984375,37.54766082763672,156.2371826171875,125.27906799316406
2021-11-02,19.400562286376953,71.65436553955078,89.36871337890625,167.16000366210938,436.67706298828125,128.3720245361328,94.056884765625,37.64087677001953,157.61268615722656,126.06639862060547
2021-11-03,18.905879974365234,72.23749542236328,89.22981262207031,165.77000427246094,439.3431091308594,127.0453872680664,94.37296295166016,37.78070068359375,158.53292846679688,126.8068618774414
2021-11-04,18.78895378112793,72.19330596923828,89.87532806396484,167.64999389648438,441.41351318359375,128.38072204589844,93.47596740722656,37.28666305541992,161.01275634765625,125.9351577758789
2021-11-05,19.049787521362305,72.29936218261719,90.55354309082031,169.83999633789062,442.94500732421875,130.30075073242188,93.95438385009766,37.305301666259766,161.8457794189453,124.52921295166016
2021-11-08,19.166709899902344,72.29051208496094,90.47188568115234,170.4499969482422,443.32318115234375,130.05641174316406,93.87750244140625,37.5103759765625,162.71759033203125,125.2696762084961
2021-11-09,19.319612503051758,72.13147735595703,90.63528442382812,171.2899932861328,441.85791015625,131.74951171875,94.03980255126953,37.305301666259766,162.04920959472656,124.81043243408203
2021-11-10,19.07676887512207,71.25677490234375,89.3115463256836,173.14999389648438,438.3031311035156,129.3406982421875,93.6041259765625,37.240047454833984,159.37564086914062,125.16657257080078
2021-11-11,19.21168327331543,71.51300811767578,89.3115463256836,174.1199951171875,438.4449462890625,129.14874267578125,93.75790405273438,37.34259033203125,160.12155151367188,124.80103302001953
2021-11-12,19.18470001220703,71.90176391601562,89.54032135009766,174.4499969482422,441.75384521484375,128.58143615722656,93.68953704833984,37.42648696899414,162.06857299804688,125.4196548461914
2021-11-15,19.193695068359375,71.76922607421875,89.30333709716797,174.17999267578125,441.90509033203125,126.96684265136719,94.34735870361328,37.42648696899414,161.90390014648438,124.64168548583984
2021-11-16,19.166709899902344,71.61018371582031,89.0990982055664,172.9199981689453,443.6540832519531,126.64392852783203,93.72370147705078,37.38920211791992,163.6087646484375,125.16657257080078
2021-11-17,18.995820999145508,71.52184295654297,89.19715881347656,174.5,442.5763244628906,127.6476058959961,94.01417541503906,36.96039581298828,163.11474609375,125.34466552734375
2021-11-18,19.058780670166016,71.5925064086914,89.42594909667969,173.94000244140625,444.07952880859375,128.12759399414062,94.03125,36.773963928222656,164.74212646484375,125.39153289794922
2021-11-19,18.752979278564453,70.98287200927734,89.40142822265625,172.61000061035156,443.2853698730469,129.48037719726562,93.47596740722656,36.37312316894531,165.94325256347656,124.63233947753906
2021-11-22,18.88789176940918,70.567626953125,88.47804260253906,168.74000549316406,442.0374450683594,127.96179962158203,93.01465606689453,36.88582229614258,164.09307861328125,124.0699462890625
2021-11-23,19.22966957092285,70.49694061279297,87.92240905761719,167.27999877929688,442.6236267089844,126.11156463623047,93.76644134521484,37.46376419067383,163.71533203125,124.20116424560547
2021-11-24,19.157716751098633,70.02867126464844,88.06130981445312,167.1199951171875,443.8052978515625,128.1363525390625,94.90262603759766,37.37987518310547,164.90679931640625,124.15432739257812
2021-11-26,18.01544952392578,68.1467514038086,87.08076477050781,166.85000610351562,433.9071044921875,131.3741912841797,92.26290130615234,36.14010238647461,160.78994750976562,123.69500732421875
2021-11-29,18.01544952392578,68.49132537841797,87.83252716064453,166.6199951171875,439.2296142578125,130.3182373046875,92.9463119506836,36.251953125,164.80990600585938,124.03246307373047
2021-11-30,17.52076530456543,67.89051055908203,87.81619262695312,165.5,430.68328857421875,132.29930114746094,91.18649291992188,35.38504409790039,163.43441772460938,121.5954818725586
2021-12-01,17.367862701416016,67.50177001953125,88.42862701416016,166.16000366210938,425.8996276855469,133.11546325683594,89.68294525146484,34.993534088134766,161.19677734375,121.37991333007812
2021-12-02,17.52076530456543,68.34112548828125,88.95331573486328,165.24000549316406,432.4228820800781,133.281494140625,92.37394714355469,36.037559509277344,162.67884826660156,121.97041320800781
2021-12-03,17.538755416870117,68.05838012695312,89.0680923461914,166.6300048828125,428.66015625,134.87181091308594,92.06640625,35.450279235839844,159.9568634033203,122.19535827636719
2021-12-06,17.844560623168945,68.71221160888672,89.15007019042969,166.22000122070312,433.7368469238281,133.01931762695312,93.68101501464844,35.990943908691406,161.47769165039062,122.88896942138672
2021-12-07,18.1143856048584,70.16119384765625,89.62560272216797,166.80999755859375,442.708740234375,131.94459533691406,95.03077697753906,36.63414001464844,167.1153564453125,124.47298431396484
2021-12-08,18.35723114013672,70.29371643066406,89.49443817138672,166.89999389648438,443.8809814453125,129.66390991210938,95.71420288085938,36.438392639160156,167.880615234375,125.41030883789062
2021-12-09,18.07840919494629,69.7105941772461,89.43701171875,165.8800048828125,440.88409423828125,130.38919067382812,94.33026885986328,36.36381530761719,166.06919860839844,125.70083618164062
2021-12-10,18.285276412963867,69.86080169677734,89.45343780517578,166.5800018310547,445.0343933105469,130.07461547851562,94.6207275390625,36.40109634399414,169.4014129638672,126.14141082763672
2021-12-13,18.19533348083496,69.2063980102539,89.82237243652344,167.0,441.0920715332031,131.99697875976562,95.50919342041016,36.00959014892578,166.8828887939453,127.33173370361328
2021-12-14,18.033437728881836,68.83785247802734,89.5927963256836,165.44000244140625,438.05731201171875,131.6824188232422,94.28754425048828,36.2239875793457,164.1415557861328,126.81623840332031
2021-12-15,18.123380661010742,69.77271270751953,89.30586242675781,166.14999389648438,444.90203857421875,130.41542053222656,95.6116943359375,36.32652282714844,168.4908905029297,129.41256713867188
2021-12-16,18.231313705444336,69.78170013427734,89.39469146728516,168.16000366210938,440.9786376953125,130.46615600585938,95.57750701904297,36.78329086303711,163.71533203125,130.18112182617188
2021-12-17,18.01544952392578,68.9007797241211,89.23839569091797,167.8000030517578,436.2853088378906,131.9445343017578,95.4579086303711,35.9723014831543,162.62071228027344,129.27195739746094
2021-12-20,17.889528274536133,68.74796295166016,88.76129913330078,167.08999633789062,431.64617919921875,130.95596313476562,94.71469116210938,35.27356719970703,160.68653869628906,128.4890899658203
2021-12-21,18.267288208007812,69.51203155517578,89.02455139160156,167.02000427246094,439.3117370605469,130.4573516845703,95.78256225585938,36.004146575927734,164.75291442871094,129.02545166015625
2021-12-22,18.483150482177734,70.15923309326172,89.12324523925781,168.58999633789062,443.7043151855469,131.06103515625,96.76496124267578,36.17274475097656,166.90745544433594,130.53086853027344
2021-12-23,18.58208656311035,70.5727310180664,89.25485229492188,168.97000122070312,446.465087890625,129.92376708984375,96.66246795654297,36.36007308959961,167.8391571044922,131.0671844482422
2021-12-27,18.815937042236328,71.12106323242188,89.58390808105469,169.3699951171875,452.7835388183594,130.2387237548828,98.30343627929688,36.734718322753906,171.439697265625,132.45034790039062
2021-12-28,18.779958724975586,71.14802551269531,89.50165557861328,168.63999938964844,452.4135437011719,129.72254943847656,98.66561126708984,36.753456115722656,170.5468292236328,132.10215759277344
2021-12-29,18.86989974975586,71.12106323242188,89.4111557006836,168.58999633789062,452.9921875,128.30535888671875,99.32957458496094,36.706626892089844,170.69241333007812,132.85488891601562
2021-12-30,18.779958724975586,70.93460083007812,89.83070373535156,169.8000030517578,451.73992919921875,129.38140869140625,99.76074981689453,36.64105224609375,169.5666046142578,133.12777709960938
2021-12-31,18.690017700195312,70.87155151367188,89.71551513671875,170.9600067138672,450.6014709472656,129.63510131835938,100.03670501708984,36.57549285888672,168.74166870117188,132.56321716308594
2022-01-03,18.76197052001953,71.3309326171875,88.82709503173828,168.3300018310547,453.2104187011719,126.232177734375,99.25198364257812,37.02507019042969,170.343017578125,131.19888305664062
2022-01-04,18.986825942993164,71.73627471923828,88.77774810791016,169.57000732421875,453.0585632324219,125.70726013183594,99.13125610351562,37.999176025390625,168.53790283203125,129.4676513671875
2022-01-05,18.905879974365234,71.10574340820312,87.93042755126953,169.05999755859375,444.3589172363281,125.02495574951172,96.29425811767578,37.5589599609375,163.35540771484375,128.54556274414062
2022-01-06,19.067773818969727,70.74544525146484,87.8481674194336,166.99000549316406,443.9414367675781,125.3486328125,96.38050079345703,38.111568450927734,162.53048706054688,127.0589370727539
2022-01-07,19.10375213623047,70.95260620117188,87.6754150390625,167.75,442.18634033203125,124.4476089477539,95.74238586425781,38.5611572265625,161.03585815429688,126.40975189208984
2022-01-10,19.022804260253906,70.2950668334961,87.37926483154297,168.25999450683594,441.6361389160156,124.75376892089844,95.19050598144531,38.430023193359375,161.06503295898438,127.70819091796875
2022-01-11,19.391565322875977,71.06070709228516,87.56023406982422,170.2899932861328,445.6586608886719,125.58486938476562,95.33709716796875,38.767215728759766,162.99632263183594,128.72434997558594
2022-01-12,19.544469833374023,71.7542953491211,87.37926483154297,170.74000549316406,446.863525390625,125.1036605834961,95.44918823242188,38.79531478881836,163.76300048828125,128.35739135742188
2022-01-13,19.337602615356445,71.23184204101562,87.08312225341797,170.16000366210938,440.7063293457031,126.21466064453125,95.25947570800781,38.64544677734375,159.52191162109375,126.36270141601562
2022-01-14,19.589439392089844,71.1597900390625,86.31808471679688,169.6699981689453,440.8866271972656,124.30764770507812,94.39717102050781,38.24270248413086,160.87088012695312,126.14630126953125
2022-01-18,19.742341995239258,70.11490631103516,85.5201416015625,169.38999938964844,433.0786437988281,122.55807495117188,93.40550994873047,37.390357971191406,157.00828552246094,124.37740325927734
2022-01-19,19.85027313232422,70.0518569946289,86.09596252441406,172.0800018310547,428.581787109375,123.40654754638672,92.14656066894531,36.76282501220703,154.81494140625,123.86930847167969
2022-01-20,19.778318405151367,69.70957946777344,86.40035247802734,171.64999389648438,423.83819580078125,124.16764831542969,90.96517944335938,36.52866744995117,152.81573486328125,123.06013488769531
2022-01-21,19.796308517456055,68.7637710571289,86.86100769042969,171.08999633789062,415.5179748535156,125.6460189819336,90.74098205566406,35.77935791015625,149.77804565429688,121.81815338134766
2022-01-24,19.75133514404297,68.0792007446289,86.27694702148438,172.02999877929688,417.2826232910156,124.61378479003906,90.91343688964844,35.882381439208984,150.55442810058594,121.41355895996094
2022-01-25,19.93122100830078,67.66486358642578,86.4085922241211,172.5800018310547,412.18798828125,124.4126205444336,90.55126953125,36.03224563598633,147.07032775878906,120.63263702392578
2022-01-26,19.9761905670166,67.40364074707031,85.95611572265625,169.7899932861328,411.1539001464844,122.907958984375,89.1370849609375,36.12590408325195,147.93405151367188,120.00221252441406
2022-01-27,20.07512855529785,67.08837890625,86.44147491455078,167.60000610351562,409.12359619140625,125.16493225097656,87.66252136230469,35.798095703125,146.9150390625,120.31271362304688
2022-01-28,20.09311866760254,67.31356048583984,86.71292114257812,167.10000610351562,419.2843933105469,125.20864868164062,90.49952697753906,36.26640701293945,153.33978271484375,122.76844787597656
2022-01-31,20.165071487426758,68.2953872680664,86.68827056884766,168.08999633789062,426.8360900878906,124.5613021850586,91.6119155883789,36.584861755371094,157.1927032470703,123.47412872314453
2022-02-01,20.24601936340332,68.94392395019531,86.91364288330078,168.22999572753906,429.7202453613281,124.14788055419922,91.28423309326172,37.09064483642578,157.6002960205078,123.8034439086914
2022-02-02,20.326967239379883,69.45735931396484,87.30992126464844,168.83999633789062,433.8945617675781,124.56834411621094,92.44835662841797,37.343528747558594,158.88137817382812,125.46881866455078
2022-02-03,20.371938705444336,68.35843658447266,86.55863952636719,168.60000610351562,423.6959533691406,123.59590911865234,91.46532440185547,36.931419372558594,154.271484375,124.93254852294922
2022-02-04,20.53383445739746,68.52057647705078,86.14588165283203,168.86000061035156,425.688232421875,121.77387237548828,90.55989837646484,37.5589599609375,154.89260864257812,124.48091125488281
2022-02-07,20.578805923461914,68.63766479492188,86.04680633544922,170.11000061035156,424.3220520019531,121.85272216796875,90.4305419921875,37.67135238647461,153.86387634277344,124.2645034790039
2022-02-08,20.398921966552734,68.98896789550781,85.82393646240234,170.6300048828125,427.8133239746094,121.03802490234375,90.00801849365234,38.195865631103516,155.7660675048828,125.28064727783203
2022-02-09,20.605789184570312,70.10591888427734,86.12935638427734,171.2100067138672,434.0748291015625,121.26578521728516,92.0430679321289,38.43938446044922,159.2210235595703,126.2497787475586
2022-02-10,20.49785804748535,69.21414947509766,84.99835968017578,170.55999755859375,426.2763671875,119.33856201171875,89.87004852294922,38.102203369140625,155.05760192871094,124.27388763427734
2022-02-11,20.803661346435547,68.16927337646484,84.50303649902344,173.80999755859375,417.87078857421875,121.10811614990234,89.05084991455078,37.56832504272461,150.321533203125,122.55207061767578
2022-02-14,20.91159439086914,67.72791290283203,84.82498168945312,174.74000549316406,416.5046691894531,119.60139465332031,88.24028778076172,37.14683532714844,150.27296447753906,121.30064392089844
2022-02-15,20.56981086730957,68.97095489501953,85.14696502685547,173.0800018310547,423.2215270996094,118.2435073852539,89.03360748291016,37.652618408203125,154.2229461669922,122.66496276855469
2022-02-16,20.59679412841797,69.232177734375,85.3946304321289,174.86000061035156,423.6959533691406,118.94438171386719,89.44750213623047,37.68071365356445,154.06765747070312,122.85311889648438
2022-02-17,20.767684936523438,68.115234375,84.99835968017578,177.25,414.64520263671875,119.82909393310547,88.49896240234375,36.74409484863281,149.45774841308594,120.87725067138672
2022-02-18,20.8486328125,67.8270034790039,85.0313720703125,177.1199951171875,411.96026611328125,121.090576171875,87.96434020996094,36.734718322753906,147.94375610351562,119.97399139404297
2022-02-22,21.145442962646484,67.0343246459961,83.95818328857422,177.49000549316406,407.5393371582031,121.40593719482422,87.64527893066406,36.547393798828125,146.5753936767578,119.67289733886719
2022-02-23,21.34331512451172,66.48485565185547,82.5464859008789,178.2899932861328,400.3101501464844,119.73277282714844,86.19659423828125,35.91048812866211,142.9068603515625,119.07073211669922
2022-02-24,21.433259963989258,65.5931167602539,81.71269226074219,177.13999938964844,406.33441162109375,119.81159973144531,87.64527893066406,35.47964096069336,147.7884979248047,119.55058288574219
2022-02-25,21.109464645385742,67.23249053955078,82.69508361816406,176.5500030517578,415.2997741699219,119.89916229248047,89.7579345703125,36.62232971191406,149.79747009277344,123.21068572998047
2022-02-28,21.469236373901367,65.95341491699219,81.89430236816406,178.3800048828125,414.2372741699219,122.5272445678711,88.42135620117188,36.07907485961914,149.52569580078125,122.27921295166016
2022-03-01,22.33268165588379,64.51220703125,80.63164520263672,181.6199951171875,407.9283447265625,123.94384002685547,87.95571899414062,34.749053955078125,146.53652954101562,121.60174560546875
2022-03-02,23.061214447021484,65.32288360595703,80.4576416015625,179.72999572753906,415.4326171875,119.70714569091797,89.60273742675781,35.648231506347656,149.71006774902344,123.43649291992188
2022-03-03,23.313051223754883,64.0347900390625,80.10968017578125,180.8000030517578,413.3643493652344,120.92643737792969,90.335693359375,35.53582763671875,147.9243621826172,124.06689453125
2022-03-04,24.293424606323242,62.17924880981445,78.38636779785156,183.67999267578125,410.0059814453125,123.0140609741211,90.74958038330078,34.87083053588867,145.3331298828125,124.6878890991211
2022-03-07,24.824085235595703,60.206581115722656,77.77326202392578,186.41000366210938,397.9192810058594,122.07549285888672,88.95600891113281,33.59700012207031,140.01475524902344,122.5144271850586
2022-03-08,25.24681282043457,60.72902297973633,78.4526138305664,191.50999450683594,394.90240478515625,120.847412109375,88.52484893798828,33.40031051635742,139.33538818359375,120.01163482666016
2022-03-09,23.241098403930664,63.26915740966797,79.21489715576172,185.82000732421875,405.49005126953125,119.66326141357422,89.88729858398438,34.627296447753906,144.8478240966797,122.27921295166016
2022-03-10,22.962278366088867,62.51252746582031,79.33087158203125,186.39999389648438,403.6590881347656,117.94401550292969,90.11148071289062,34.336944580078125,142.31483459472656,122.23214721679688
2022-03-11,23.35802459716797,61.83695983886719,78.71776580810547,185.08999633789062,398.5265197753906,118.33877563476562,89.3957748413086,34.093414306640625,139.81094360351562,121.3194808959961
2022-03-14,22.674461364746094,62.40443420410156,78.55206298828125,182.3000030517578,395.6139221191406,115.57564544677734,88.69729614257812,34.52427291870117,137.21969604492188,122.17569732666016
2022-03-15,22.116819381713867,62.998931884765625,79.02428436279297,178.88999938964844,404.3136291503906,115.37391662597656,89.29228973388672,35.01131820678711,141.82958984375,124.61261749267578
2022-03-16,21.927940368652344,65.25982666015625,80.63993835449219,180.00999450683594,413.27899169921875,116.5054702758789,90.35293579101562,35.99477767944336,146.43948364257812,126.10867309570312
2022-03-17,22.980266571044922,65.80929565429688,81.15359497070312,180.88999938964844,418.4494934082031,115.6370620727539,91.7498779296875,36.444374084472656,147.4779510498047,128.10336303710938
2022-03-18,23.08819580078125,66.4488296508789,80.82221984863281,179.3000030517578,423.03271484375,117.0493392944336,91.7498779296875,36.52866744995117,150.49620056152344,128.89373779296875
2022-03-21,23.951642990112305,66.03448486328125,79.40543365478516,180.6699981689453,422.9089660644531,114.33885955810547,91.18937683105469,36.49293518066406,150.2104034423828,128.7955780029297
2022-03-22,23.89767837524414,66.65601348876953,79.26455688476562,179.36000061035156,427.85760498046875,112.87397003173828,91.42218780517578,37.08531951904297,152.36886596679688,128.82388305664062
2022-03-23,24.491296768188477,65.7912826538086,79.33087158203125,181.80999755859375,422.34747314453125,115.34761810302734,90.3965072631836,36.398902893066406,150.025634765625,126.51145935058594
2022-03-24,24.24845314025879,66.40380096435547,79.64567565917969,183.1300048828125,428.714111328125,114.44410705566406,90.96873474121094,36.69039535522461,153.92454528808594,128.0216064453125
2022-03-25,24.42833709716797,66.4398193359375,79.46342468261719,182.3800048828125,430.8077697753906,112.85641479492188,92.10456085205078,37.16054153442383,153.83702087402344,128.61622619628906
2022-03-28,23.36701774597168,66.22364807128906,80.23395538330078,179.05999755859375,433.8721008300781,113.82134246826172,93.08430480957031,37.05710983276367,155.66494750976562,129.5506134033203
2022-03-29,23.45696258544922,67.6918716430664,81.02103424072266,179.13999938964844,439.2394714355469,114.68099212646484,95.81546020507812,37.14173889160156,158.97076416015625,130.31512451171875
2022-03-30,23.879690170288086,67.41265106201172,81.07903289794922,180.5800018310547,436.52728271484375,115.57564544677734,95.12181091308594,36.87845230102539,156.8511505126953,130.56996154785156
2022-03-31,23.43897247314453,66.29570770263672,80.9961929321289,180.64999389648438,429.8085021972656,115.85636138916016,93.96000671386719,36.03218078613281,154.52735900878906,129.2957763671875
2022-04-01,23.591875076293945,66.91722869873047,81.28980255126953,179.5,431.0267028808594,116.29737854003906,95.78943634033203,35.93815994262695,154.07037353515625,130.31512451171875
2022-04-04,24.041587829589844,67.18745422363281,81.60588836669922,180.3699951171875,434.7191162109375,115.4891586303711,95.32123565673828,35.77830123901367,156.9969940185547,129.22972106933594
2022-04-05,23.843713760375977,66.2776870727539,80.29166412353516,179.24000549316406,429.22802734375,112.87995910644531,94.85303497314453,35.552635192871094,153.69117736816406,129.50341796875
2022-04-06,23.654834747314453,65.48501586914062,80.05046081542969,179.66000366210938,424.9360656738281,111.96630859375,95.98017120361328,35.30815505981445,150.05479431152344,131.47601318359375
2022-04-07,23.735780715942383,65.62915802001953,79.81755828857422,180.33999633789062,427.0772399902344,111.12290954589844,95.02644348144531,35.27054214477539,150.28814697265625,134.00550842285156
2022-04-08,24.032590866088867,65.65616607666016,79.127197265625,181.47000122070312,425.9352722167969,109.91938781738281,95.1825180053711,35.62785720825195,148.18797302246094,134.8077850341797
2022-04-11,23.834716796875,64.96257781982422,78.18727111816406,182.3699951171875,418.655029296875,108.1799087524414,94.15943145751953,35.4680061340332,144.454345703125,132.12728881835938
2022-04-12,24.545263290405273,64.47618103027344,78.47840118408203,183.77000427246094,417.1038513183594,108.03060913085938,94.02068328857422,35.08249282836914,143.81263732910156,130.84365844726562
2022-04-13,25.084918975830078,65.16975402832031,78.67803192138672,184.64999389648438,421.8811340332031,108.2502212524414,94.68830871582031,35.08249282836914,146.126708984375,131.4854736328125
2022-04-14,25.27379608154297,64.87251281738281,77.9460678100586,184.0399932861328,416.62799072265625,106.08029174804688,94.28079986572266,34.68756866455078,142.5778045654297,130.85311889648438
2022-04-18,25.56161117553711,64.49419403076172,77.90447998046875,184.61000061035156,416.7992858886719,105.55318450927734,93.89930725097656,34.8944206237793,143.04454040527344,129.40907287597656
2022-04-19,24.905033111572266,64.80046081542969,77.59669494628906,181.82000732421875,423.5274963378906,104.76251983642578,95.94550323486328,35.37397766113281,145.72804260253906,130.64544677734375
2022-04-20,24.93201446533203,65.2328109741211,78.12907409667969,182.7100067138672,423.2135009765625,106.8709487915039,97.54082489013672,35.618465423583984,145.59194946289062,132.40097045898438
2022-04-21,24.896038055419922,64.53021240234375,77.42205047607422,182.05999755859375,416.8849792480469,106.08029174804688,96.86454772949219,35.05427169799805,143.12229919433594,130.93801879882812
2022-04-22,24.419343948364258,63.476341247558594,76.59856414794922,180.2899932861328,405.4460144042969,105.41259765625,95.1651840209961,34.01054382324219,139.11643981933594,126.1622543334961
2022-04-25,24.239459991455078,63.170074462890625,77.49693298339844,177.0500030517578,407.796630859375,106.46684265136719,94.92239379882812,34.06695556640625,141.20687866210938,127.01173400878906
2022-04-26,24.572246551513672,61.40459442138672,76.96455383300781,177.32000732421875,395.9864807128906,107.53860473632812,93.36175537109375,33.21129608154297,135.94677734375,124.77479553222656
2022-04-27,24.743135452270508,61.6838264465332,76.75660705566406,175.97999572753906,397.09991455078125,106.15934753417969,92.74616241455078,33.18308639526367,137.95941162109375,124.50108337402344
2022-04-28,24.950002670288086,62.557552337646484,76.89802551269531,176.92999267578125,407.1304016113281,106.31745910644531,94.45421600341797,33.606224060058594,143.4820556640625,126.21888732910156
2022-04-29,24.761125564575195,61.827938079833984,75.59212493896484,176.91000366210938,392.08465576171875,104.9382095336914,90.11906433105469,32.44964599609375,137.5023956298828,122.97209167480469
2022-05-02,25.138883590698242,61.674827575683594,75.17792510986328,173.6300048828125,394.44476318359375,103.11924743652344,87.94281768798828,32.45905303955078,139.5928497314453,122.20758819580078
2022-05-03,24.78810691833496,62.13420867919922,75.49523162841797,174.08999633789062,396.2529296875,103.81443786621094,89.03527069091797,32.88219451904297,139.83592224121094,122.59456634521484
2022-05-04,25.56161117553711,63.22412109375,76.78971099853516,175.8000030517578,408.3199768066406,104.38644409179688,90.05836486816406,33.8883056640625,144.74603271484375,125.31280517578125
2022-05-05,25.426698684692383,61.188411712646484,75.63722229003906,175.1300048828125,393.80718994140625,101.52640533447266,87.65670013427734,32.900997161865234,137.7843780517578,122.87770080566406
2022-05-06,25.45368003845215,60.593910217285156,74.61836242675781,175.4199981689453,391.4565734863281,100.03040313720703,86.61624908447266,32.665924072265625,136.6759490966797,122.49073791503906
2022-05-09,24.302419662475586,58.765380859375,73.9585952758789,172.8800048828125,378.9231262207031,100.9104232788086,82.80132293701172,31.88547706604004,131.3866424560547,119.3194580078125
2022-05-10,24.158510208129883,59.20674514770508,74.32608795166016,171.4199981689453,379.7986755371094,101.82563781738281,81.2927017211914,31.603382110595703,133.38961791992188,119.74419403076172
2022-05-11,24.75213050842285,58.85544967651367,74.65177917480469,172.82000732421875,373.7651672363281,103.78804779052734,81.11929321289062,31.31189727783203,129.1795196533203,118.95135498046875
2022-05-12,24.869056701660156,58.71133804321289,74.70186614990234,170.1699981689453,373.3749694824219,103.59443664550781,81.75220489501953,31.076820373535156,127.84750366210938,120.10283660888672
2022-05-13,25.21083641052246,60.341697692871094,74.57660675048828,168.7899932861328,382.3015441894531,102.06324005126953,83.91111755371094,31.52816390991211,132.09645080566406,121.37701416015625
2022-05-16,25.624570846557617,60.395755767822266,74.17574310302734,170.39999389648438,380.7503356933594,101.95762634277344,83.38224029541016,31.264881134033203,130.92971801757812,122.27367401123047
2022-05-17,25.34575080871582,61.52169418334961,74.44298553466797,169.3300018310547,388.58251953125,100.7256088256836,84.51805114746094,32.101741790771484,134.72164916992188,123.95369720458984
2022-05-18,24.797101974487305,60.05345916748047,73.96695709228516,169.4199981689453,372.9181823730469,102.8728256225586,82.06434631347656,31.217864990234375,128.5572509765625,120.75408172607422
2022-05-19,25.11189842224121,60.62994384765625,74.36782836914062,171.91000366210938,370.6341552734375,103.11924743652344,81.70021057128906,31.01099967956543,127.14742279052734,121.01834869384766
2022-05-20,25.14787483215332,61.044288635253906,74.85221099853516,172.02999877929688,370.7959899902344,104.28964233398438,82.22042846679688,30.95458221435547,127.42937469482422,122.49073791503906
2022-05-23,25.336753845214844,62.08015441894531,74.90230560302734,172.8300018310547,377.7336730957031,102.57363891601562,83.17415618896484,31.960708618164062,130.35604858398438,123.56668853759766
2022-05-24,25.318767547607422,61.981075286865234,75.5537109375,174.1300048828125,374.85009765625,104.59765625,83.8764419555664,31.894880294799805,128.42117309570312,123.9347915649414
2022-05-25,25.4986515045166,61.99909210205078,76.22179412841797,173.0800018310547,378.1618957519531,105.01124572753906,84.5874252319336,32.148765563964844,129.91848754882812,123.89704895019531
2022-05-26,25.77747344970703,62.68366622924805,76.47232055664062,172.75999450683594,385.718017578125,104.5360336303711,84.69145202636719,32.8915901184082,133.0395965576172,124.42559051513672
2022-05-27,26.083276748657227,63.4403076171875,76.59762573242188,172.85000610351562,395.1871337890625,104.791259765625,86.96306610107422,33.446372985839844,137.5413055419922,126.49256134033203
2022-05-31,25.903392791748047,63.06199264526367,76.2051010131836,171.13999938964844,392.9697265625,102.57363891601562,85.89661407470703,33.35234069824219,136.5592803955078,124.80314636230469
2022-06-01,26.029312133789062,62.39542770385742,76.06678009033203,172.22999572753906,389.7911682128906,102.45638275146484,85.18566131591797,32.81637954711914,136.15093994140625,123.00984191894531
2022-06-02,26.62293243408203,63.69251251220703,76.80441284179688,174.35000610351562,397.214111328125,102.50926208496094,86.35614013671875,33.26771545410156,139.44699096679688,123.98200225830078
2022-06-03,26.87476921081543,62.782752990722656,76.28472900390625,172.5800018310547,390.6952819824219,102.28889465332031,85.2030029296875,32.78816223144531,136.11203002929688,122.52848815917969
2022-06-06,26.991695404052734,63.034969329833984,75.27887725830078,171.82000732421875,391.8847961425781,100.4023208618164,84.9342269897461,32.88219451904297,136.12173461914062,122.54734802246094
2022-06-07,27.17157745361328,63.22412109375,75.7231216430664,172.94000244140625,395.6438293457031,101.4866714477539,86.10470581054688,33.13606643676758,137.74551391601562,124.1424560546875
2022-06-08,27.4144229888916,62.34138870239258,74.97714233398438,172.77999877929688,391.3423767089844,100.58745574951172,84.11920928955078,32.55308532714844,136.1898193359375,123.1608657836914
2022-06-09,27.459394454956055,61.032169342041016,74.35687255859375,172.22999572753906,382.0351257324219,100.92245483398438,82.12503051757812,31.735029220581055,132.5533905029297,120.37654876708984
2022-06-10,27.18956756591797,59.559078216552734,73.10795593261719,174.5399932861328,370.957763671875,100.29651641845703,80.30427551269531,30.587865829467773,127.45858001708984,118.44168090820312
2022-06-13,26.883764266967773,57.588809967041016,71.17170715332031,169.92999267578125,356.8731994628906,97.14934539794922,76.28992462158203,29.675777435302734,121.80952453613281,114.85511779785156
2022-06-14,26.58695411682129,57.04560470581055,71.13816833496094,168.57000732421875,355.79779052734375,95.9239273071289,75.70902252197266,29.42190170288086,122.57763671875,113.76028442382812
2022-06-15,26.604942321777344,58.11360168457031,73.26719665527344,170.77000427246094,360.8701477050781,97.71351623535156,77.50377655029297,29.75099754333496,125.1639404296875,114.9117431640625
2022-06-16,26.72186851501465,56.8338508605957,71.64110565185547,172.69000244140625,348.9267883300781,98.48929595947266,75.46624755859375,28.998762130737305,120.06909942626953,113.22228240966797
2022-06-17,25.768478393554688,56.603675842285156,72.02667999267578,171.27000427246094,349.6789855957031,98.80667877197266,76.03849792480469,29.083391189575195,121.16781616210938,113.15621948242188
2022-06-21,25.70551872253418,57.45991134643555,71.81712341308594,170.6300048828125,358.48162841796875,97.1316909790039,77.09627532958984,29.66381072998047,124.25117492675781,116.20250701904297
2022-06-22,25.24681282043457,57.07322692871094,71.92606353759766,171.30999755859375,357.8318176269531,99.80284118652344,78.07601928710938,29.597637176513672,123.72476959228516,117.81379699707031
2022-06-23,24.68017578125,57.0087776184082,72.40386199951172,170.25999450683594,361.33941650390625,100.62271881103516,79.55935668945312,29.484203338623047,125.57696533203125,120.45821380615234
2022-06-24,24.914026260375977,58.71204376220703,72.49606323242188,170.08999633789062,372.82781982421875,99.22981262207031,81.25211334228516,30.57131004333496,130.09036254882812,122.45811462402344
2022-06-27,24.860061645507812,58.463462829589844,71.50697326660156,169.89999389648438,371.4036865234375,98.38350677490234,81.12996673583984,30.467321395874023,129.2130584716797,122.91307067871094
2022-06-28,25.156871795654297,58.06756591796875,70.96217346191406,169.6199951171875,363.8148498535156,98.8419189453125,80.14396667480469,30.164825439453125,125.34297180175781,120.77099609375
2022-06-29,24.725149154663086,57.84660720825195,71.22200012207031,169.49000549316406,363.51861572265625,100.38470458984375,79.6466064453125,29.99466896057129,125.59644317626953,121.82306671142578
2022-06-30,23.96063804626465,57.5335693359375,71.5153579711914,168.4600067138672,360.565185546875,101.26626586914062,79.49827575683594,29.729984283447266,123.91975402832031,121.5482177734375
2022-07-01,24.077564239501953,57.67167282104492,72.51790618896484,168.32000732421875,364.3787841796875,102.30591583251953,80.92926025390625,30.13646697998047,124.20244598388672,122.91307067871094
2022-07-05,22.458600997924805,56.43795394897461,71.94551849365234,164.75,365.0669250488281,103.10974884033203,80.70238494873047,30.032482147216797,125.76216888427734,122.20219421386719
2022-07-06,22.12581443786621,56.483985900878906,71.36468505859375,162.13999938964844,366.2998046875,101.37843322753906,80.5540542602539,29.956859588623047,126.8442153930664,123.02682495117188
2022-07-07,23.04322624206543,57.3402214050293,71.57512664794922,162.22999572753906,371.7860412597656,100.48629760742188,80.772216796875,30.391700744628906,129.46649169921875,123.54811096191406
2022-07-08,23.447965621948242,57.40467071533203,71.2384262084961,162.3000030517578,371.4801940917969,99.37332153320312,80.34465026855469,30.325531005859375,129.5249786376953,123.91775512695312
2022-07-11,23.402996063232422,56.47478485107422,70.64075469970703,161.42999267578125,367.23663330078125,101.08695220947266,80.17015075683594,30.079744338989258,127.74108123779297,123.60496520996094
2022-07-12,22.341676712036133,56.465576171875,70.43875885009766,160.8300018310547,363.9869384765625,101.68759155273438,79.85601806640625,29.890689849853516,125.9961166381836,122.03157806396484
2022-07-13,22.467594146728516,56.43795394897461,70.15254974365234,161.60000610351562,362.07537841796875,102.85359954833984,79.47210693359375,29.626001358032227,125.6646728515625,120.8468246459961
2022-07-14,22.26072883605957,55.64616394042969,68.923583984375,159.3300018310547,361.1960754394531,102.01444244384766,78.75660705566406,29.058813095092773,126.8149642944336,120.49612426757812
2022-07-15,22.54854393005371,56.530025482177734,69.61381530761719,159.00999450683594,368.09674072265625,102.58858489990234,80.09161376953125,30.041934967041016,129.04734802246094,123.40591430664062
2022-07-18,22.97127342224121,56.760196685791016,69.6474838256836,159.16000366210938,365.0574035644531,101.51978302001953,79.52445983886719,29.928497314453125,127.7995376586914,120.79943084716797
2022-07-19,23.061214447021484,58.30694580078125,70.66603088378906,159.5399932861328,374.9208984375,100.97210693359375,81.58367919921875,30.8265380859375,131.6988525390625,122.85619354248047
2022-07-20,23.04322624206543,57.920257568359375,71.2215805053711,158.0399932861328,377.3103942871094,101.23709869384766,81.3917236328125,30.939983367919922,133.75572204589844,121.64299011230469
2022-07-21,22.65647315979004,58.518699645996094,71.61724853515625,160.27000427246094,381.1526184082031,102.986083984375,82.03740692138672,31.138492584228516,135.6371307373047,123.5670394897461
2022-07-22,22.386646270751953,58.37139129638672,72.4000244140625,160.6699981689453,377.61627197265625,104.7173843383789,82.4649658203125,30.95888328552246,133.7654571533203,123.05522918701172
2022-07-25,22.791385650634766,58.82252502441406,72.4505844116211,160.22999572753906,378.0750427246094,103.69271850585938,82.60456848144531,31.15739631652832,132.91737365722656,123.69973754882812
2022-07-26,22.83635902404785,58.00312042236328,71.77713775634766,160.0399932861328,373.6020202636719,103.77223205566406,82.69181823730469,30.72255516052246,130.76300048828125,124.33478546142578
2022-07-27,23.35802459716797,59.37493896484375,72.863037109375,161.6699981689453,383.3030700683594,103.18924713134766,83.18916320800781,31.195213317871094,136.38775634765625,125.11199188232422
2022-07-28,23.376012802124023,59.67876434326172,73.80581665039062,163.63999938964844,388.110595703125,104.01074981689453,85.88536071777344,31.42209243774414,138.46412658691406,125.90815734863281
2022-07-29,23.483943939208984,60.50737762451172,74.09199523925781,164.10000610351562,393.7687683105469,103.72805786132812,86.34781646728516,31.86637306213379,140.58921813964844,125.49112701416016
2022-08-01,23.00724983215332,60.59023666381836,74.4266586303711,165.02999877929688,392.6026611328125,106.2262191772461,85.6497802734375,31.6016902923584,140.2870635986328,124.56226348876953
2022-08-02,22.890323638916016,59.6235237121582,73.34497833251953,164.0500030517578,390.01263427734375,103.97850799560547,84.55036163330078,31.251928329467773,139.292724609375,124.11680603027344
2022-08-03,22.69244956970215,59.9733772277832,74.75621795654297,164.4499969482422,396.12005615234375,105.61561584472656,84.82085418701172,31.724586486816406,142.99708557128906,125.25416564941406
2022-08-04,22.44960594177246,60.277217864990234,74.91679382324219,167.1699981689453,395.8523864746094,105.5802230834961,84.68997192382812,31.62060546875,143.65017700195312,124.63809204101562
2022-08-05,22.3686580657959,59.85369110107422,74.76468658447266,165.2899932861328,395.183349609375,103.0670394897461,84.92556762695312,31.847476959228516,143.3187713623047,124.59070587158203
2022-08-08,22.638486862182617,59.99179458618164,75.87174987792969,166.69000244140625,394.724609375,104.73069763183594,85.6846694946289,31.828569412231445,142.10020446777344,124.88450622558594
2022-08-09,22.827363967895508,59.669551849365234,74.60411834716797,167.1999969482422,393.1571044921875,104.32361602783203,86.1558609008789,31.98926544189453,140.677001953125,124.50540161132812
2022-08-10,23.142162322998047,61.013755798339844,75.93936920166016,166.77999877929688,401.4150085449219,103.64224243164062,87.46468353271484,32.707698822021484,144.51779174804688,125.86078643798828
2022-08-11,23.591875076293945,60.99534225463867,75.62667846679688,166.33999633789062,401.4150085449219,101.22638702392578,87.2552719116211,33.09528732299805,143.95240783691406,125.04563903808594
2022-08-12,23.465953826904297,61.46489334106445,76.20133209228516,167.8699951171875,408.2105407714844,102.25291442871094,88.75606536865234,33.61520767211914,146.81842041015625,126.64745330810547
2022-08-15,23.178138732910156,61.096622467041016,76.05769348144531,165.7100067138672,409.8927001953125,102.16439056396484,89.11380767822266,33.605743408203125,147.7444610595703,127.28250122070312
2022-08-16,22.917306900024414,61.07820510864258,75.39851379394531,165.4199981689453,410.6955871582031,102.58915710449219,88.87822723388672,33.85153579711914,147.34478759765625,126.94127655029297
2022-08-17,23.00724983215332,60.59023666381836,74.5703353881836,164.35000610351562,407.7803649902344,101.51842498779297,88.34597778320312,33.681373596191406,146.29193115234375,126.20197296142578
2022-08-18,23.35802459716797,60.38768768310547,74.48580932617188,163.9199981689453,408.9656066894531,101.66886138916016,87.76134490966797,33.71918869018555,147.05233764648438,125.64277648925781
2022-08-19,23.349027633666992,59.559078216552734,73.35340881347656,162.72000122070312,403.46990966796875,100.03175354003906,86.83644104003906,33.04802322387695,144.3813018798828,125.98399353027344
2022-08-22,23.555898666381836,58.54632568359375,72.81255340576172,161.63999938964844,395.0685729980469,99.69548034667969,84.9430160522461,32.32012939453125,140.35528564453125,124.33478546142578
2022-08-23,23.942651748657227,58.573944091796875,73.58157348632812,162.77000427246094,394.11285400390625,99.1468276977539,83.8523178100586,32.187782287597656,139.98486328125,122.60028839111328
2022-08-24,24.194488525390625,58.64759826660156,73.51396942138672,163.25,395.3744812011719,98.4211654663086,84.33222961425781,32.35793685913086,140.0725860595703,122.7519302368164
2022-08-25,23.852706909179688,59.29207992553711,74.29144287109375,163.75,400.9562072753906,99.79280853271484,85.58868408203125,32.85895919799805,142.44140625,124.1073226928711
2022-08-26,23.951642990112305,57.736122131347656,73.13369750976562,161.75999450683594,387.38427734375,100.54501342773438,83.4334945678711,31.875835418701172,136.3585205078125,120.64777374267578
2022-08-29,24.302419662475586,57.60721969604492,72.6942367553711,161.86000061035156,384.8227844238281,99.7131576538086,82.68309783935547,31.648962020874023,134.5550537109375,119.80421447753906
2022-08-30,23.627851486206055,57.19291687011719,72.66888427734375,160.50999450683594,380.5982360839844,99.9609603881836,81.5400390625,31.478805541992188,133.15133666992188,119.0080337524414
2022-08-31,23.133169174194336,56.80622482299805,72.08577728271484,159.27000427246094,377.7022705078125,99.00523376464844,81.15614318847656,31.242475509643555,131.85482788085938,118.24980163574219
2022-09-01,22.638486862182617,56.042057037353516,71.90933990478516,157.8699951171875,378.88739013671875,97.19261932373047,81.3044662475586,31.337007522583008,131.21144104003906,120.19282531738281
2022-09-02,22.791385650634766,55.67378616333008,72.163818359375,159.25999450683594,374.8922424316406,97.74241638183594,80.17015075683594,31.091232299804688,129.50547790527344,118.46780395507812
2022-09-06,22.65647315979004,55.53568649291992,71.50225067138672,158.3300018310547,373.47772216796875,95.32147979736328,80.89436340332031,31.015605926513672,128.6476593017578,118.58153533935547
2022-09-07,22.116819381713867,56.02364730834961,72.58790588378906,159.94000244140625,380.1872253417969,96.82903289794922,82.47368621826172,31.630050659179688,130.7045440673828,120.51509094238281
2022-09-08,22.206762313842773,56.06047439575195,72.61337280273438,158.97999572753906,382.67230224609375,95.83582305908203,82.70055389404297,32.187782287597656,131.15292358398438,122.60975646972656
2022-09-09,22.83635902404785,57.48752975463867,73.0544204711914,159.82000732421875,388.6171569824219,96.04865264892578,83.59927368164062,32.4808349609375,133.74598693847656,123.69026184082031
2022-09-12,23.15115737915039,58.28852844238281,73.0289535522461,160.6300048828125,392.7939147949219,95.2593994140625,84.41075134277344,32.745513916015625,135.8905792236328,124.51486206054688
2022-09-13,23.03423309326172,56.26302719116211,71.90933990478516,158.5399932861328,375.71429443359375,95.48111724853516,81.18231201171875,31.526071548461914,128.67689514160156,120.40132904052734
2022-09-14,23.133169174194336,56.44716262817383,71.85845947265625,157.92999267578125,377.1479187011719,95.80923461914062,80.25740051269531,31.43153953552246,129.14480590820312,120.46768951416016
2022-09-15,22.458600997924805,55.94999313354492,71.80757141113281,154.97999572753906,372.8660888671875,95.74717712402344,78.77405548095703,31.5355224609375,126.17157745361328,121.14065551757812
2022-09-16,22.377653121948242,55.609344482421875,71.41738891601562,155.83999633789062,370.0215148925781,94.94904327392578,78.78279876708984,31.251928329467773,125.46973419189453,120.79943084716797
2022-09-19,22.44960594177246,55.80268096923828,71.671875,155.9600067138672,372.8909912109375,95.1707534790039,78.66937255859375,31.606382369995117,126.49286651611328,120.1485366821289
2022-09-20,22.422622680664062,54.8543815612793,71.01028442382812,155.07000732421875,368.6107482910156,94.22185516357422,76.75846862792969,31.1407527923584,125.75018310546875,118.74016571044922
2022-09-21,22.287710189819336,54.13623809814453,70.80673217773438,155.7899932861328,362.1806640625,95.80034637451172,75.54560852050781,30.494552612304688,123.78593444824219,116.77037811279297
2022-09-22,22.350669860839844,53.97972869873047,70.33174133300781,155.6999969482422,359.13848876953125,93.3528060913086,74.58580780029297,29.981401443481445,122.52531433105469,117.38890838623047
2022-09-23,21.59515380859375,52.2580451965332,69.48351287841797,153.00999450683594,353.1211853027344,93.73413848876953,73.59443664550781,29.506263732910156,120.92264556884766,116.78942108154297
2022-09-26,21.091476440429688,51.48466873168945,67.84654235839844,151.22999572753906,349.6278991699219,91.94280242919922,71.5305404663086,29.04062271118164,120.08222961425781,115.67603302001953
2022-09-27,21.316333770751953,51.13480758666992,66.7608642578125,151.5399932861328,348.7353820800781,89.52184295654297,70.57797241210938,28.917091369628906,120.23859405517578,115.32395935058594
2022-09-28,21.90995216369629,52.368534088134766,68.36389923095703,154.69000244140625,355.5972595214844,92.51921844482422,72.04210662841797,29.487255096435547,121.50898742675781,117.84566497802734
2022-09-29,21.77503776550293,51.75166702270508,67.49876403808594,154.66000366210938,348.16912841796875,92.0403823852539,69.92528533935547,29.116647720336914,118.34276580810547,116.85601806640625
2022-09-30,21.505212783813477,51.567535400390625,67.34609985351562,154.6699981689453,342.7851867675781,90.85202026367188,70.71027374267578,28.850568771362305,116.0755844116211,115.24781799316406
2022-10-03,21.990901947021484,52.5894889831543,68.36955261230469,158.42999267578125,351.8351745605469,92.29563903808594,71.97154998779297,29.629802703857422,119.67180633544922,117.61730194091797
2022-10-04,22.58452033996582,54.69786071777344,69.65631866455078,160.6999969482422,362.7373352050781,92.03784942626953,73.4268569946289,30.732128143310547,123.68822479248047,120.34835815429688
2022-10-05,22.989259719848633,54.117828369140625,68.66780853271484,159.80999755859375,361.89288330078125,91.15782928466797,71.98918914794922,30.494552612304688,124.09864807128906,120.74803924560547
2022-10-06,23.133169174194336,53.169525146484375,68.40364074707031,159.6300048828125,358.15960693359375,90.65116119384766,69.9870376586914,30.066930770874023,123.08233642578125,119.20645904541016
2022-10-07,23.376012802124023,52.32249450683594,67.48330688476562,157.8800048828125,348.16912841796875,89.77113342285156,68.30241394042969,29.354217529296875,118.02027893066406,116.68473815917969
2022-10-10,23.11518096923828,52.02787780761719,67.28730773925781,155.47999572753906,345.5107116699219,88.37553405761719,67.65853881835938,29.221179962158203,116.03649139404297,115.95198059082031
2022-10-11,22.782394409179688,51.45705032348633,67.23619079589844,155.16000366210938,343.3226013183594,88.76665496826172,68.34650421142578,28.850568771362305,114.25792694091797,116.5705337524414
2022-10-12,22.782394409179688,51.29132843017578,66.99756622314453,155.99000549316406,342.1902160644531,89.20223236083984,67.632080078125,28.78404426574707,113.9061279296875,115.99958801269531
2022-10-13,23.097190856933594,52.35011672973633,66.79302215576172,154.91000366210938,351.2209777832031,88.34886932373047,68.86688995361328,29.971904754638672,117.44371032714844,118.70211791992188
2022-10-14,22.638486862182617,51.567535400390625,66.2988052368164,152.97999572753906,343.2170715332031,87.61996459960938,67.15579986572266,29.468252182006836,114.14067077636719,117.90277862548828
2022-10-17,22.58452033996582,52.83808135986328,66.66522216796875,153.4199981689453,352.0367431640625,87.19329833984375,69.68716430664062,30.20947265625,117.61962127685547,119.79645538330078
2022-10-18,22.341676712036133,53.21556091308594,67.37252807617188,153.75,356.1730041503906,87.39775085449219,70.4456787109375,30.694114685058594,118.61637878417969,120.46256256103516
2022-10-19,22.33268165588379,52.56187438964844,66.366943359375,151.69000244140625,353.6490173339844,85.80657958984375,68.69049072265625,30.19046974182129,118.27434539794922,118.77822875976562
2022-10-20,22.350669860839844,52.44218444824219,65.6937484741211,151.4499969482422,350.68359375,84.33988189697266,68.39059448242188,29.705821990966797,118.34276580810547,117.76954650878906
2022-10-21,22.377653121948242,53.39048767089844,66.4180908203125,154.14999389648438,359.2057189941406,82.81982421875,68.92861938476562,30.589584350585938,121.50898742675781,120.41499328613281
2022-10-24,22.44061279296875,53.39969253540039,66.37547302246094,153.64999389648438,363.6011047363281,82.1353759765625,68.91980743408203,30.998207092285156,123.1898193359375,122.73686981201172
2022-10-25,22.566530227661133,54.57817459106445,67.52589416503906,154.0,369.4073181152344,84.52653503417969,71.6275634765625,31.36881446838379,125.54496765136719,123.66947174072266
2022-10-26,22.989259719848633,55.093753814697266,67.96904754638672,154.97999572753906,366.6241149902344,85.74434661865234,71.58345794677734,31.44483757019043,122.75006866455078,125.03973388671875
2022-10-27,23.025238037109375,54.57817459106445,68.12242126464844,154.74000549316406,364.66632080078125,86.64215087890625,71.6893081665039,31.701416015625,121.35263061523438,124.3831558227539
2022-10-28,22.755409240722656,55.121376037597656,68.29288482666016,153.16000366210938,373.3420104980469,86.04660034179688,73.2680892944336,32.490150451660156,126.62968444824219,126.4290771484375
2022-10-31,22.593515396118164,54.605796813964844,67.23619079589844,151.91000366210938,370.64532470703125,85.43325805664062,73.188720703125,32.290584564208984,124.95862579345703,126.32440185546875
2022-11-01,22.9352970123291,55.03851318359375,68.53092956542969,153.4600067138672,369.02337646484375,86.23165893554688,73.1622543334961,32.37611389160156,123.91299438476562,126.4005355834961
2022-11-02,23.142162322998047,54.23752212524414,68.0085678100586,152.38999938964844,359.7622985839844,85.857421875,71.15129089355469,31.96749496459961,119.63270568847656,124.24990844726562
2022-11-03,23.124174118041992,53.77717971801758,67.76880645751953,151.80999755859375,356.0578918457031,85.39404296875,71.05425262451172,31.644399642944336,116.11466217041016,123.72654724121094
2022-11-04,23.90667152404785,55.93157958984375,68.85633087158203,156.47000122070312,361.18267822265625,83.9593734741211,72.02447509765625,32.22406768798828,118.23527526855469,124.47831726074219
2022-11-07,23.699804306030273,56.106510162353516,68.83061218261719,155.85000610351562,364.6375427246094,83.12174987792969,72.02447509765625,32.54717254638672,120.20927429199219,125.81055450439453
2022-11-08,23.411989212036133,56.741783142089844,69.31018829345703,159.4499969482422,366.6049499511719,84.0306625366211,72.24496459960938,32.73722457885742,121.36241912841797,126.43858337402344
2022-11-09,22.87233543395996,55.94999313354492,68.37680053710938,158.64999389648438,359.0520935058594,84.3069076538086,71.50408172607422,32.186058044433594,118.2059555053711,125.07780456542969
2022-11-10,23.07920265197754,59.08952713012695,71.51946258544922,163.47999572753906,378.7835693359375,87.55049133300781,76.734375,33.81104278564453,127.9196548461914,128.25613403320312
2022-11-11,23.519922256469727,60.26799774169922,71.50234985351562,164.55999755859375,382.4496154785156,87.22969818115234,76.72554779052734,34.08662033081055,130.10865783691406,126.6860122680664
2022-11-14,23.169145584106445,59.632728576660156,70.89433288574219,164.9199981689453,379.1961669921875,87.01582336425781,74.85569763183594,33.601985931396484,128.99459838867188,126.8001937866211
2022-11-15,23.43897247314453,60.02862548828125,72.2302017211914,165.5,382.43035888671875,88.42378997802734,75.66714477539062,33.67800521850586,130.5581512451172,126.63843536376953
2022-11-16,23.178138732910156,59.89052200317383,72.2302017211914,165.1199951171875,379.5129089355469,90.35746002197266,74.97917938232422,33.516448974609375,128.76983642578125,126.58134460449219
2022-11-17,22.791385650634766,59.86289596557617,71.57938385009766,163.9199981689453,378.35162353515625,89.40399169921875,74.46762084960938,33.33590316772461,128.9359588623047,126.52423858642578
2022-11-18,22.629491806030273,59.98258972167969,71.57938385009766,162.7899932861328,380.06951904296875,88.78915405273438,75.4113540649414,33.611480712890625,129.08251953125,128.05633544921875
2022-11-21,22.54854393005371,59.531455993652344,71.58796691894531,161.8800048828125,378.6875305175781,89.16339874267578,75.80826568603516,33.71601486206055,127.69486236572266,128.1134033203125
2022-11-22,22.782394409179688,60.36006546020508,72.33296203613281,162.07000732421875,383.7835693359375,90.42876434326172,76.2228012084961,34.0581169128418,130.16726684570312,129.2267608642578
2022-11-23,22.467594146728516,61.02295684814453,72.80392456054688,163.0800018310547,386.2020568847656,92.00598907470703,76.2845458984375,34.20065689086914,131.3203887939453,129.7406005859375
2022-11-25,22.26972007751465,61.33599853515625,73.13789367675781,163.22000122070312,386.1156311035156,91.69412231445312,76.7696533203125,34.3146858215332,130.5581512451172,130.51141357421875
2022-11-28,22.134807586669922,60.54421615600586,72.84674835205078,161.92999267578125,379.9543762207031,91.95250701904297,74.71458435058594,33.72551727294922,127.76327514648438,129.5312957763672
2022-11-29,22.422622680664062,60.71913146972656,73.18070983886719,162.72999572753906,379.3017578125,90.87430572509766,75.94938659667969,33.92507553100586,126.51242065429688,129.20773315429688
2022-11-30,22.926300048828125,61.79633712768555,74.01133728027344,164.80999755859375,391.2500305175781,91.54264068603516,77.68693542480469,34.50474548339844,132.86441040039062,132.29090881347656
2022-12-01,22.809375762939453,62.39478302001953,75.48055267333984,167.83999633789062,390.9621276855469,94.4670181274414,77.51934814453125,34.3051872253418,133.0500946044922,132.67153930664062
2022-12-02,22.566530227661133,62.348751068115234,75.1624526977539,167.25999450683594,390.51104736328125,95.65502166748047,77.29003143310547,34.143638610839844,132.278076171875,133.0140838623047
2022-12-05,21.98190689086914,61.529335021972656,74.0104751586914,164.38999938964844,383.4860534667969,94.31517791748047,75.87882995605469,33.297882080078125,130.07931518554688,131.73899841308594
2022-12-06,21.63113021850586,61.25313186645508,73.60646057128906,164.83999633789062,377.9582214355469,95.52995300292969,75.16439819335938,33.003299713134766,127.2942123413086,130.73977661132812
2022-12-07,21.52320098876953,61.25313186645508,74.67243957519531,166.3300018310547,377.315185546875,97.78089141845703,75.3143310546875,32.87025833129883,126.64924621582031,131.8151092529297
2022-12-08,21.48722267150879,61.56616973876953,74.53487396240234,166.47000122070312,380.2710876464844,97.51290130615234,75.84353637695312,32.898773193359375,128.7209930419922,133.00462341308594
2022-12-09,21.514205932617188,61.60299301147461,74.01909637451172,167.05999755859375,377.4303283691406,94.97616577148438,75.70243072509766,32.8132438659668,127.92945098876953,131.30126953125
2022-12-12,21.74805450439453,61.787132263183594,74.29415893554688,165.67999267578125,382.8718566894531,95.27986145019531,76.2845458984375,33.2503776550293,130.72430419921875,132.70010375976562
2022-12-13,22.107826232910156,62.66343688964844,75.00769805908203,168.50999450683594,385.7701110839844,96.19989013671875,77.69575500488281,33.33590316772461,132.26834106445312,133.10926818847656
2022-12-14,22.278717041015625,62.60797882080078,74.89594268798828,168.10000610351562,383.3037414550781,96.61076354980469,77.16654968261719,32.91777038574219,131.154296875,133.31863403320312
2022-12-15,22.008888244628906,61.008811950683594,74.4989242553711,165.35000610351562,373.927490234375,96.98770141601562,76.13459777832031,32.27158737182617,126.24856567382812,130.873046875
2022-12-16,21.73006820678711,60.4726676940918,74.11058807373047,166.7899932861328,369.5128479003906,95.90430450439453,74.16773223876953,32.024513244628906,124.57750701904297,128.96983337402344
2022-12-19,21.689348220825195,60.32477569580078,73.7049560546875,166.32000732421875,366.3794860839844,94.2926254272461,73.2239990234375,31.938446044921875,122.91632843017578,128.48822021484375
2022-12-20,21.78888511657715,60.56510543823242,73.33382415771484,169.0800018310547,366.880859375,92.61824035644531,73.03876495361328,32.07232666015625,123.1025390625,128.4595947265625
2022-12-21,22.069387435913086,61.19367599487305,74.29181671142578,168.8000030517578,372.3665771484375,92.85105895996094,73.66498565673828,32.56957244873047,125.14102172851562,130.15087890625
2022-12-22,21.78888511657715,60.69451904296875,73.91207885742188,166.75999450683594,367.0543518066406,92.83316040039062,73.35550689697266,32.282691955566406,121.98529815673828,129.96929931640625
2022-12-23,22.18701934814453,60.90712356567383,73.51508331298828,167.25999450683594,369.1656799316406,91.4721450805664,74.00846862792969,32.464385986328125,122.1126937866211,130.04574584960938
2022-12-27,22.386085510253906,60.99955749511719,73.07489776611328,168.6699981689453,367.70989990234375,89.66346740722656,73.98163604736328,32.45481872558594,120.95626068115234,129.71131896972656
2022-12-28,22.132726669311523,60.35249710083008,72.80738830566406,167.91000366210938,363.14007568359375,89.13523864746094,72.7204360961914,32.34006118774414,119.00596618652344,128.87045288085938
2022-12-29,22.105581283569336,61.30460739135742,73.36837005615234,168.85000610351562,369.6767272949219,90.14698791503906,74.3125991821289,32.78950119018555,122.12251281738281,130.27505493164062
2022-12-30,22.304651260375977,60.676029205322266,73.005859375,169.63999938964844,368.7030029296875,89.14417266845703,73.77591705322266,32.703433990478516,121.95589447021484,129.80685424804688
2023-01-03,21.77078628540039,61.21216583251953,73.32518768310547,171.05999755859375,367.1507873535156,90.84540557861328,73.84746551513672,32.81819534301758,120.79944610595703,129.43421936035156
2023-01-04,21.381698608398438,62.0256233215332,74.2227783203125,172.6699981689453,369.9852600097656,92.0899658203125,75.52012634277344,33.3441162109375,121.1130599975586,129.7781982421875
2023-01-05,21.273117065429688,61.406288146972656,73.54959869384766,170.52000427246094,365.76251220703125,92.47499084472656,73.48967742919922,33.095497131347656,118.76097106933594,128.45001220703125
2023-01-06,21.3907470703125,62.97772216796875,74.85279846191406,173.7100067138672,374.150146484375,94.17620849609375,75.46646118164062,33.83180618286133,122.2401123046875,129.6348876953125
2023-01-09,21.644107818603516,63.24578857421875,74.70604705810547,174.10000610351562,373.9381408691406,94.67762756347656,75.49329376220703,33.70749282836914,123.6611557006836,127.46583557128906
2023-01-10,21.644107818603516,63.43067169189453,74.24002838134766,174.74000549316406,376.5604553222656,93.11071014404297,75.6632308959961,33.898746490478516,124.42559814453125,128.53602600097656
2023-01-11,22.033193588256836,63.911338806152344,75.08582305908203,174.6199951171875,381.3230895996094,94.62391662597656,78.37348175048828,34.21430587768555,126.58165740966797,129.26223754882812
2023-01-12,22.21416473388672,64.85420989990234,75.97476196289062,176.63999938964844,382.71142578125,96.48632049560547,79.36634826660156,34.2812385559082,127.52249908447266,128.85134887695312
2023-01-13,22.431331634521484,65.19622802734375,75.79353332519531,178.75999450683594,384.1961975097656,95.58195495605469,78.87439727783203,34.53942108154297,127.8851547241211,129.42466735839844
2023-01-17,22.585155487060547,65.39959716796875,75.87122344970703,177.58999633789062,383.4923400878906,94.96417999267578,79.0979995727539,34.3099250793457,128.46331787109375,128.8226776123047
2023-01-18,22.340845108032227,65.16850280761719,76.76880645751953,177.0800018310547,377.4377746582031,97.26526641845703,77.94412994384766,33.669246673583984,126.80708312988281,127.00719451904297
2023-01-19,22.567058563232422,65.06681823730469,76.55301666259766,179.88999938964844,374.69012451171875,96.65642547607422,77.51480102539062,33.27718734741211,125.32722473144531,127.31298828125
2023-01-20,22.70278549194336,65.63993072509766,76.38040924072266,179.2899932861328,381.670166015625,95.08952331542969,78.43609619140625,33.80311584472656,128.7181396484375,127.95317077636719
2023-01-23,22.757076263427734,65.90800476074219,76.3372573852539,179.6300048828125,386.24969482421875,94.64183807373047,78.79389190673828,34.19517135620117,131.64846801757812,128.39268493652344
2023-01-24,22.63039779663086,65.8248062133789,76.67384338378906,180.27999877929688,385.83514404296875,96.00279235839844,78.99066925048828,34.21430587768555,131.5896453857422,127.54228973388672
2023-01-25,22.567058563232422,66.25926971435547,76.62206268310547,181.11000061035156,385.9797668457031,96.23558807373047,79.02645111083984,34.4820556640625,131.31524658203125,127.58051300048828
2023-01-26,22.66659164428711,66.31473541259766,76.62206268310547,179.47000122070312,390.2218933105469,95.78790283203125,79.91197204589844,34.66373825073242,133.4125518798828,127.81938171386719
2023-01-27,22.413232803344727,66.18531036376953,76.47535705566406,179.22000122070312,391.1184387207031,95.546142578125,80.80643463134766,34.66373825073242,133.97117614746094,126.94985961914062
2023-01-30,22.123680114746094,65.76010131835938,75.50010681152344,178.75999450683594,386.2111511230469,95.19696044921875,79.7778091430664,34.49161148071289,131.4132537841797,125.80328369140625
2023-01-31,22.503719329833984,66.13909912109375,75.87122344970703,179.41000366210938,391.8896789550781,95.95802307128906,81.4504623413086,34.96016311645508,133.2459259033203,127.4276123046875
2023-02-01,22.07843780517578,66.73069763183594,77.31071472167969,181.6699981689453,396.0546569824219,97.1115493774414,81.95137786865234,34.96016311645508,136.38204956054688,128.0295867919922
2023-02-02,21.915563583374023,66.63825988769531,77.5619125366211,177.89999389648438,401.8200378417969,97.23722839355469,83.81185150146484,35.05579376220703,140.10621643066406,127.16010284423828
2023-02-03,21.363601684570312,66.0189208984375,76.49653625488281,173.4600067138672,397.5490417480469,95.7829818725586,82.23760223388672,34.98885726928711,138.93992614746094,126.78743743896484
2023-02-06,21.426942825317383,65.34413146972656,75.41387939453125,173.82000732421875,395.11944580078125,95.07382202148438,81.6383056640625,34.97929000854492,137.2444610595703,126.08036041259766
2023-02-07,21.834125518798828,65.89875030517578,75.4831771850586,173.97999572753906,400.2870788574219,94.31078338623047,81.45940399169922,35.380916595458984,140.6746063232422,126.89253234863281
2023-02-08,21.87936782836914,65.49202728271484,75.43988037109375,174.41000366210938,395.9100341796875,94.75962829589844,81.07477569580078,35.1705436706543,138.97915649414062,126.5198974609375
2023-02-09,21.707447052001953,65.61219787597656,74.94620513916016,173.02999877929688,392.47784423828125,93.8619384765625,80.18926239013672,34.77848434448242,138.21473693847656,125.41148376464844
2023-02-10,22.01509666442871,65.32563781738281,74.36587524414062,173.36000061035156,393.393798828125,92.81163787841797,80.466552734375,34.89323043823242,137.5777130126953,126.5963363647461
2023-02-13,21.9698543548584,65.98194122314453,74.5737533569336,172.47999572753906,398.0117492675781,93.59260559082031,81.18211364746094,35.294857025146484,139.9591827392578,127.64742279052734
2023-02-14,22.0422420501709,66.10211944580078,74.6170654296875,172.61000061035156,397.82861328125,93.37718963623047,80.53810119628906,35.103599548339844,140.5570068359375,126.89253234863281
2023-02-15,21.80698013305664,65.80632019042969,74.40052795410156,170.88999938964844,399.1204833984375,92.50643920898438,80.860107421875,35.1418571472168,141.21363830566406,126.26191711425781
2023-02-16,21.743640899658203,65.48278045654297,73.91548919677734,170.75,393.6250915527344,91.19580078125,80.0729751586914,34.78804397583008,138.76356506347656,125.00061798095703
2023-02-17,21.580766677856445,65.649169921875,73.94147491455078,171.25999450683594,392.6417541503906,91.90499114990234,79.7599105834961,34.797611236572266,137.02886962890625,126.11856842041016
2023-02-21,21.607912063598633,64.92816162109375,72.82417297363281,170.6199951171875,384.76495361328125,90.11858367919922,78.15880584716797,34.08042907714844,133.775146484375,124.48464965820312
2023-02-22,21.327407836914062,64.5676498413086,73.11001586914062,169.66000366210938,384.2347412109375,90.94445037841797,77.45217895507812,34.042179107666016,133.57916259765625,124.064208984375
2023-02-23,21.49028205871582,64.90043640136719,74.27928161621094,169.57000732421875,386.27862548828125,91.83316802978516,78.03358459472656,34.07087326049805,135.7940216064453,124.3986587524414
2023-02-24,21.41789436340332,63.81890869140625,73.76824188232422,168.35000610351562,382.1522216796875,90.63925170898438,76.66504669189453,34.099552154541016,133.37332153320312,122.79337310791016
2023-02-27,21.435989379882812,64.576904296875,74.14066314697266,169.00999450683594,383.45379638671875,90.8906021118164,76.78132629394531,34.089988708496094,134.08876037597656,122.42073059082031
2023-02-28,21.499330520629883,64.10546875,73.82887268066406,169.77999877929688,382.03656005859375,91.30352783203125,76.67398834228516,34.156925201416016,133.79476928710938,121.51296997070312
2023-03-01,21.870319366455078,64.4474868774414,73.3408203125,170.75999450683594,380.5711364746094,90.32263946533203,75.70796203613281,34.042179107666016,132.814697265625,121.31233215332031
2023-03-02,21.78888511657715,64.576904296875,73.07109832763672,170.66000366210938,383.5309143066406,89.52174377441406,76.59346771240234,33.879615783691406,134.45138549804688,122.0576400756836
2023-03-03,22.132726669311523,65.51976776123047,74.19341278076172,172.49000549316406,389.681884765625,91.69048309326172,77.75630187988281,34.41511154174805,137.34246826171875,123.42402648925781
2023-03-06,22.024145126342773,65.35336303710938,73.8976058959961,171.6199951171875,389.9518737792969,90.97956848144531,77.45217895507812,34.443790435791016,137.99911499023438,123.36668395996094
2023-03-07,21.571720123291016,64.26260375976562,73.59310150146484,168.6199951171875,383.9743957519531,91.53751373291016,75.64534759521484,33.554500579833984,136.28404235839844,121.37921142578125
2023-03-08,21.454086303710938,64.61387634277344,73.24512481689453,168.5399932861328,384.60113525390625,91.62750244140625,76.51298522949219,33.430179595947266,137.41111755371094,120.72946166992188
2023-03-09,21.191680908203125,64.14244079589844,73.26251220703125,170.1999969482422,377.5052490234375,91.85248565673828,74.75982666015625,32.07232666015625,135.44122314453125,119.50640869140625
2023-03-10,21.41789436340332,63.45840835571289,73.9498291015625,173.8699951171875,372.0580749511719,95.02011108398438,72.28213500976562,31.489009857177734,133.05972290039062,118.62732696533203
2023-03-13,21.28216552734375,63.023948669433594,73.82799530029297,177.86000061035156,371.5278015136719,95.23609161376953,73.23029327392578,30.24590301513672,133.7849578857422,119.7357177734375
2023-03-14,21.01070785522461,63.86512756347656,73.6279296875,176.8300018310547,377.6691589355469,93.67024230957031,73.93692016601562,30.85789680480957,136.87210083007812,120.805908203125
2023-03-15,20.5220890045166,61.886959075927734,73.8976058959961,178.2100067138672,375.30712890625,95.47904968261719,73.88322448730469,30.0355281829834,136.95045471191406,120.70079803466797
2023-03-16,20.58542823791504,62.848304748535156,73.58441925048828,178.57000732421875,381.8919372558594,94.73213958740234,73.72222900390625,30.609270095825195,140.79222106933594,121.82831573486328
2023-03-17,20.5220890045166,62.099571228027344,73.25379943847656,183.77000427246094,377.4266052246094,96.15397644042969,72.0495834350586,29.62434196472168,140.59622192382812,120.26126098632812
2023-03-20,20.603525161743164,63.070167541503906,73.26251220703125,183.83999633789062,381.05572509765625,95.30807495117188,72.87251281738281,29.953964233398438,140.97535705566406,121.78549194335938
2023-03-21,20.675914764404297,64.02227020263672,73.78449249267578,180.3699951171875,386.05926513671875,94.48917388916016,72.55049133300781,30.71314239501953,142.1146697998047,122.52411651611328
2023-03-22,20.73020362854004,63.8004264831543,74.42829895019531,183.44000244140625,379.4783630371094,95.74903106689453,69.84025573730469,30.002010345458984,140.70034790039062,120.67279052734375
2023-03-23,20.675914764404297,63.80967330932617,74.6980209350586,185.74000549316406,380.5041198730469,95.74903106689453,69.40193939208984,29.800203323364258,142.98887634277344,120.44255065917969
2023-03-24,20.77544593811035,63.615543365478516,74.28912353515625,183.64999389648438,383.00103759765625,96.15397644042969,71.18171691894531,29.780988693237305,143.36209106445312,122.11164855957031
2023-03-27,21.164533615112305,64.21639251708984,73.97590637207031,181.9499969482422,383.7171936035156,93.8952407836914,71.10039520263672,30.194210052490234,142.252197265625,122.6104507446289
2023-03-28,21.264068603515625,64.24412536621094,73.71492004394531,183.44000244140625,382.8558349609375,94.06621551513672,70.92874145507812,30.184600830078125,141.58432006835938,121.8718490600586
2023-03-29,21.128341674804688,65.02059936523438,74.07158660888672,182.52999877929688,388.420654296875,93.87724304199219,72.50074005126953,30.62665367126465,144.55056762695312,122.20756530761719
2023-03-30,21.28216552734375,65.7785873413086,74.58490753173828,184.17999267578125,390.6949462890625,94.30921173095703,73.4493408203125,30.55938720703125,146.2301025390625,122.86944580078125
2023-03-31,21.481233596801758,66.11135864257812,75.06340789794922,183.22000122070312,396.20166015625,95.72203063964844,75.02131652832031,30.895732879638672,148.32220458984375,124.18359375
2023-04-03,21.834125518798828,66.63825988769531,75.34471893310547,184.5399932861328,397.7113342285156,96.17219543457031,74.425048828125,30.953392028808594,148.0865020751953,125.57449340820312
2023-04-04,21.80698013305664,66.64749908447266,75.4495849609375,187.97999572753906,395.5048828125,96.65036010742188,74.32566833496094,30.665090560913086,147.27122497558594,125.59368133544922
2023-04-05,21.888418197631836,66.18531036376953,75.29231262207031,187.8300018310547,394.4693298339844,97.66079711914062,73.92816925048828,30.62665367126465,145.59169006347656,127.7615737915039
2023-04-06,21.8250789642334,66.49960327148438,75.21368408203125,186.49000549316406,396.0080261230469,97.91340637207031,74.43408203125,30.741975784301758,146.41673278808594,128.07814025878906
2023-04-10,21.8250789642334,66.45338439941406,74.82051849365234,185.11000061035156,396.41448974609375,96.33462524414062,74.77738952636719,30.809242248535156,146.33816528320312,127.99179077148438
2023-04-11,21.942707061767578,66.67522430419922,74.89913940429688,186.27999877929688,396.52099609375,96.5330810546875,75.09359741210938,31.07831573486328,144.9630889892578,128.42347717285156
2023-04-12,22.11463165283203,67.1004409790039,75.11756896972656,187.19000244140625,394.9048156738281,96.43385314941406,74.73222351074219,31.011051177978516,144.13800048828125,128.46182250976562
2023-04-13,22.11463165283203,67.9601058959961,75.19619750976562,189.72000122070312,400.1502685546875,95.67604064941406,74.50635528564453,31.289735794067383,146.81944274902344,130.1309356689453
2023-04-14,22.14177703857422,67.68280029296875,75.03893280029297,186.36000061035156,399.1726989746094,94.80091094970703,73.34996032714844,31.59724998474121,146.00421142578125,129.08534240722656
2023-04-17,22.051292419433594,67.56262969970703,74.55842590332031,185.52999877929688,400.6050720214844,93.67318725585938,74.87676239013672,31.96242332458496,146.53460693359375,128.9798126220703
2023-04-18,22.096532821655273,67.93238067626953,74.54096221923828,186.25,400.8663635253906,94.00698852539062,74.7051010131836,32.058528900146484,146.98638916015625,128.09732055664062
2023-04-19,21.78888511657715,67.71977996826172,74.18275451660156,185.36000061035156,400.7986145019531,93.91673278808594,75.14779663085938,32.13540267944336,146.5640869140625,128.49061584472656
2023-04-20,21.598865509033203,67.71977996826172,74.09538269042969,186.08999633789062,398.6114196777344,94.7197265625,74.406982421875,32.039306640625,145.6015167236328,127.9630126953125
2023-04-21,21.553621292114258,68.06179809570312,74.10411834716797,184.25,398.921142578125,94.18740844726562,74.416015625,31.923986434936523,145.13002014160156,128.82635498046875
2023-04-24,21.725543975830078,68.2374267578125,74.30506134033203,184.80999755859375,399.33721923828125,95.09862518310547,74.13594055175781,31.847105026245117,144.4916229248047,129.5457763671875
2023-04-25,21.41789436340332,67.28532409667969,74.7593765258789,185.75,392.9982604980469,96.49699401855469,73.4041748046875,31.299345016479492,141.40750122070312,128.16445922851562
2023-04-26,21.092145919799805,67.23910522460938,74.55842590332031,184.74000549316406,391.3337097167969,95.46851348876953,72.6994857788086,31.001436233520508,143.50942993164062,126.34193420410156
2023-04-27,21.119291305541992,68.08028411865234,74.57589721679688,184.75,399.12432861328125,94.52123260498047,74.34373474121094,31.501150131225586,146.55426025390625,127.00377655029297
2023-04-28,21.318359375,68.05255126953125,75.2660903930664,184.8000030517578,402.5309143066406,96.04591369628906,75.25621032714844,31.875930786132812,148.14540100097656,128.0877227783203
2023-05-01,21.137388229370117,67.95086669921875,74.52044677734375,183.97000122070312,402.12445068359375,93.27645874023438,74.69609832763672,31.789445877075195,148.23379516601562,128.74961853027344
2023-05-02,20.65781593322754,67.26683044433594,74.83625030517578,187.52000427246094,397.60491943359375,95.60090637207031,73.4312744140625,31.068708419799805,146.848876953125,128.19322204589844
2023-05-03,20.395410537719727,67.44246673583984,75.0730972290039,189.11000061035156,394.8757629394531,96.13455200195312,73.14216613769531,30.71314239501953,145.61134338378906,128.02056884765625
2023-05-04,20.476844787597656,67.30380249023438,74.69589233398438,190.44000244140625,392.0788269042969,95.18486022949219,73.74747467041016,30.319137573242188,144.9139862060547,127.00377655029297
2023-05-05,20.93832015991211,68.29287719726562,74.90641784667969,187.4600067138672,399.33721923828125,94.8683090209961,74.97615051269531,31.068708419799805,148.548095703125,128.14529418945312
2023-05-08,21.03785514831543,68.3113784790039,74.60816192626953,187.69000244140625,399.4437255859375,93.53874206542969,74.54249572753906,31.116756439208984,148.46954345703125,127.8670883178711
2023-05-09,21.101194381713867,68.03406524658203,74.57308959960938,189.02000427246094,397.6920166015625,93.20413970947266,74.22628784179688,31.001436233520508,147.33018493652344,127.01335144042969
2023-05-10,21.03785514831543,67.89540100097656,74.98538208007812,188.75,399.5501708984375,94.10859680175781,74.94000244140625,30.82846450805664,149.12762451171875,127.3683090209961
2023-05-11,20.675914764404297,67.72901153564453,75.22222137451172,187.1300048828125,398.8533935546875,95.10348510742188,74.11788177490234,30.780406951904297,148.45970153808594,126.97499084472656
2023-05-12,20.513038635253906,67.60884094238281,74.74850463867188,186.80999755859375,398.33074951171875,94.30755615234375,74.10884857177734,30.655481338500977,148.26327514648438,126.8023452758789
2023-05-15,20.748302459716797,68.12649536132812,74.42393493652344,187.2100067138672,399.7050476074219,93.33074188232422,73.98236846923828,30.905338287353516,149.49102783203125,126.58171081542969
2023-05-16,20.5220890045166,67.47943878173828,74.13446807861328,184.8699951171875,397.033935546875,93.05034637451172,72.13032531738281,30.61704444885254,149.648193359375,125.52655792236328
2023-05-17,20.766399383544922,67.7937240600586,74.14326477050781,184.22999572753906,401.853515625,92.77903747558594,73.10602569580078,31.232078552246094,151.6420440673828,125.6800537109375
2023-05-18,20.576377868652344,67.69204711914062,73.84497833251953,181.83999633789062,405.724609375,92.09161376953125,72.7536849975586,31.46271514892578,154.7458038330078,125.37306213378906
2023-05-19,20.54923439025879,68.08953094482422,73.8362045288086,183.63999938964844,405.1343078613281,91.44042205810547,72.63624572753906,31.328174591064453,154.6770782470703,125.95819091796875
2023-05-22,20.56732940673828,68.1080093383789,73.82745361328125,183.2100067138672,405.298828125,91.11481475830078,73.07891845703125,31.385833740234375,154.97171020507812,126.0829086303711
2023-05-23,20.648767471313477,67.10968780517578,73.91514587402344,183.42999267578125,400.7502136230469,91.37710571289062,72.39231872558594,31.020658493041992,152.6831817626953,124.70158386230469
2023-05-24,20.65781593322754,66.12984466552734,73.79234313964844,181.9499969482422,397.84686279296875,90.92489624023438,70.83840942382812,30.61704444885254,151.5634765625,123.84786987304688
2023-05-25,20.332069396972656,66.03740692138672,73.599365234375,180.1999969482422,401.2921447753906,90.69876861572266,70.82937622070312,30.60743522644043,157.3780975341797,122.58167266845703
2023-05-26,20.65781593322754,66.68446350097656,73.90638732910156,180.9199981689453,406.4891662597656,91.43138122558594,71.6424560546875,30.85729217529297,161.84713745117188,122.33226776123047
2023-05-30,20.17824363708496,66.00968170166016,74.46781921386719,182.0399932861328,406.6440734863281,92.34487915039062,71.91349029541016,30.847679138183594,162.7114715576172,121.574462890625
2023-05-31,19.952030181884766,65.32563781738281,74.3713150024414,182.32000732421875,404.38909912109375,93.14984893798828,72.2748794555664,30.52094268798828,161.3560028076172,122.62004852294922
2023-06-01,20.27777671813965,66.2962417602539,74.86724090576172,183.75999450683594,408.23114013671875,93.51530456542969,72.28390502929688,30.847679138183594,162.99630737304688,123.42581176757812
2023-06-02,20.540185928344727,67.1559066772461,74.75275421142578,181.0500030517578,414.13470458984375,92.49053192138672,74.04560852050781,31.52037811279297,163.92938232421875,125.00857543945312
2023-06-05,20.48589324951172,66.76766967773438,74.99938201904297,182.13999938964844,413.34112548828125,92.31826782226562,73.53065490722656,31.357006072998047,162.9864501953125,125.45940399169922
2023-06-06,20.513038635253906,67.32229614257812,75.13152313232422,182.33999633789062,414.2411193847656,92.86236572265625,74.2353286743164,31.751007080078125,162.94717407226562,124.41380310058594
2023-06-07,20.5944766998291,66.73020935058594,74.69110107421875,180.14999389648438,412.8088073730469,91.48394775390625,75.59951782226562,31.875930786132812,160.51132202148438,123.92462158203125
2023-06-08,20.63066864013672,67.43619537353516,75.11392211914062,182.52999877929688,415.3056945800781,92.55404663085938,75.12973022460938,31.847105026245117,162.2498321533203,124.72079467773438
2023-06-09,20.503990173339844,67.32323455810547,75.02583312988281,182.0399932861328,416.0508728027344,92.42708587646484,74.69609832763672,31.85671615600586,163.05523681640625,125.10447692871094
2023-06-12,20.223485946655273,67.61504364013672,75.4398422241211,181.8800048828125,419.8252868652344,92.69914245605469,74.71414184570312,31.847105026245117,166.60098266601562,125.5552978515625
2023-06-13,20.49494171142578,68.2551498413086,75.3253173828125,180.5399932861328,422.5931701660156,91.7831802368164,75.19298553466797,32.039306640625,167.6126251220703,126.18841552734375
2023-06-14,20.540185928344727,68.5093002319336,75.48389434814453,180.63999938964844,423.09637451171875,92.51776123046875,75.47303771972656,31.91437530517578,169.34130859375,124.8934326171875
2023-06-15,20.974515914916992,69.23411560058594,75.87149047851562,181.91000366210938,428.34173583984375,93.40650177001953,75.87054443359375,32.33720779418945,171.5218048095703,126.83111572265625
2023-06-16,21.236921310424805,69.08350372314453,75.57198333740234,181.6300048828125,426.88275146484375,93.04373931884766,75.81635284423828,32.26994323730469,170.107421875,126.82152557373047
2023-06-20,21.046903610229492,68.17042541503906,75.6072006225586,179.75,424.6679992675781,93.68761444091797,74.92194366455078,32.02861785888672,168.95782470703125,126.6789779663086
2023-06-21,21.354555130004883,68.27397155761719,76.00363159179688,179.49000549316406,422.4921569824219,93.914306640625,74.47022247314453,31.990005493164062,166.45779418945312,126.69822692871094
2023-06-22,20.956417083740234,67.85037231445312,75.71292877197266,177.7100067138672,424.0171813964844,92.78075408935547,73.4041748046875,31.739032745361328,167.8160858154297,127.56510925292969
2023-06-23,20.73020362854004,66.79608917236328,75.8010025024414,178.1999969482422,420.8116149902344,93.70574951171875,72.39231872558594,31.6038875579834,165.99520874023438,127.14130401611328
2023-06-26,20.75735092163086,66.88082122802734,76.03885650634766,178.50999450683594,419.0923156738281,93.80551147460938,74.06367492675781,31.536314010620117,164.80426025390625,126.41890716552734
2023-06-27,20.42255401611328,67.46443176269531,76.03885650634766,177.69000244140625,423.6869201660156,93.56066131591797,74.97615051269531,31.78729248046875,168.05230712890625,126.12996673583984
2023-06-28,20.359214782714844,67.51150512695312,76.09170532226562,177.27999877929688,423.9006652832031,93.95967864990234,75.08455657958984,31.710063934326172,168.1507110595703,125.72542572021484
2023-06-29,20.368263244628906,67.4173812866211,75.68649291992188,177.08999633789062,425.5713806152344,92.26387786865234,75.92327117919922,32.260292053222656,168.44601440429688,126.54415130615234
2023-06-30,20.540185928344727,68.2457275390625,76.23267364501953,178.27000427246094,430.5934143066406,93.35208892822266,76.34353637695312,32.540225982666016,171.12318420410156,127.84440612792969
2023-07-03,20.540185928344727,68.17042541503906,76.37947082519531,178.47000122070312,431.0888671875,92.8228759765625,77.09272003173828,32.7236328125,170.75900268554688,126.79456329345703
2023-07-05,20.6668643951416,67.407958984375,75.99031066894531,177.83999633789062,430.44775390625,91.94081115722656,77.26632690429688,32.656063079833984,169.70584106445312,126.72713470458984
2023-07-06,20.621623992919922,66.24072265625,74.9024658203125,177.30999755859375,427.0770568847656,90.6404800415039,76.67245483398438,32.37612533569336,169.2530975341797,125.71576690673828
2023-07-07,20.793542861938477,66.73961639404297,74.81401062011719,178.63999938964844,425.9988098144531,90.09491729736328,76.4988784790039,32.42439270019531,168.514892578125,124.25172424316406
2023-07-10,20.838788986206055,66.92788696289062,75.13241577148438,178.77999877929688,427.0770568847656,90.2131118774414,76.8277816772461,32.56918716430664,168.95782470703125,125.23419189453125
2023-07-11,21.08309555053711,67.53033447265625,75.61002349853516,179.4499969482422,429.7969055175781,90.67688751220703,77.92413330078125,32.95530319213867,169.322021484375,125.2630844116211
2023-07-12,21.236921310424805,68.81993865966797,76.51213836669922,181.8800048828125,433.2550354003906,91.68623352050781,78.34441375732422,33.167667388916016,171.2412872314453,124.92596435546875
2023-07-13,21.535524368286133,69.92127990722656,77.343505859375,182.00999450683594,436.6936950683594,92.65009307861328,78.84691619873047,33.28350830078125,173.47557067871094,124.97412109375
2023-07-14,21.3907470703125,69.52592468261719,76.8924331665039,181.42999267578125,436.4217224121094,92.1044921875,78.69159698486328,33.061485290527344,173.2196807861328,126.85234069824219
2023-07-17,21.218826293945312,69.44120788574219,77.00741577148438,181.55999755859375,437.93707275390625,92.14997100830078,78.17996215820312,33.38003921508789,175.4342498779297,126.2744369506836
2023-07-18,21.499330520629883,69.8930435180664,77.3877182006836,183.63999938964844,441.1911926269531,92.56825256347656,77.75055694580078,33.75649642944336,177.42245483398438,127.20874786376953
2023-07-19,21.616960525512695,69.85538482666016,77.1754379272461,183.6699981689453,442.1722717285156,93.61396026611328,78.62764739990234,33.90129089355469,176.97952270507812,127.7962646484375
2023-07-20,21.680299758911133,69.49768829345703,76.70670318603516,182.74000549316406,439.2387390136719,92.47731018066406,78.371826171875,34.15228271484375,173.446044921875,129.91531372070312
2023-07-21,21.797931671142578,69.6388931274414,76.94550323486328,182.17999267578125,439.2387390136719,92.50460052490234,78.7372817993164,34.036434173583984,173.35748291015625,131.22523498535156
2023-07-24,22.18701934814453,69.46945190429688,77.0958480834961,181.39999389648438,441.200927734375,92.16815185546875,79.38595581054688,34.36463928222656,173.66258239746094,130.936279296875
2023-07-25,22.268457412719727,69.54473876953125,76.9985580444336,182.41000366210938,442.4054260253906,91.99539184570312,78.81950378417969,34.142616271972656,175.65078735351562,130.8784942626953
2023-07-26,22.159873962402344,69.73302459716797,77.24622344970703,183.3000030517578,442.47344970703125,92.08631134033203,79.17582702636719,34.3453369140625,173.28854370117188,130.7917938232422
2023-07-27,22.105581283569336,69.572998046875,76.51213836669922,180.4199981689453,439.5398254394531,90.29496765136719,77.45819091796875,33.91094970703125,172.78660583496094,129.8285675048828
2023-07-28,22.241310119628906,70.07189178466797,77.44076538085938,181.86000061035156,443.84307861328125,90.75869750976562,77.39424133300781,33.978515625,175.1389923095703,130.21388244628906
2023-07-31,22.331796646118164,70.09071350097656,77.54692840576172,182.35000610351562,444.68817138671875,90.97696685791016,77.89674377441406,34.104007720947266,175.5425262451172,129.21214294433594
2023-08-01,22.21416473388672,69.21529388427734,76.77262878417969,180.4600067138672,443.4156799316406,89.4861068725586,77.7688217163086,34.104007720947266,175.83779907226562,128.53793334960938
2023-08-02,21.87936782836914,67.9256820678711,76.22207641601562,179.60000610351562,437.24737548828125,88.52871704101562,77.32112121582031,33.814414978027344,171.4873504638672,128.6246337890625
2023-08-03,22.08748435974121,67.73741149902344,75.57388305664062,179.5399932861328,435.9942932128906,86.48622131347656,76.48060607910156,33.83372116088867,170.78854370117188,127.97926330566406
2023-08-04,22.123680114746094,67.9256820678711,76.57726287841797,180.19000244140625,434.02239990234375,88.01808166503906,75.85930633544922,33.69858169555664,168.4656982421875,127.5265884399414
2023-08-07,22.132726669311523,68.49988555908203,76.32864379882812,179.77999877929688,437.8108215332031,87.15184783935547,76.80950164794922,34.17158508300781,168.93814086914062,129.00025939941406
2023-08-08,22.105581283569336,68.08570861816406,76.52400207519531,178.63999938964844,435.9068908691406,88.16398620605469,76.31614685058594,33.8626823425293,167.63893127441406,129.9923553466797
2023-08-09,22.25940704345703,68.0668716430664,76.68380737304688,177.7899932861328,432.9927673339844,88.6198959350586,76.30699920654297,33.61170959472656,165.47352600097656,129.95382690429688
2023-08-10,22.14177703857422,68.35868835449219,76.39080810546875,177.60000610351562,433.1481628417969,87.16097259521484,76.01464080810547,33.64066696166992,165.49322509765625,129.86712646484375
2023-08-11,22.105581283569336,67.8974380493164,76.21321868896484,177.60000610351562,432.8955993652344,86.96039581298828,76.13341522216797,33.708229064941406,164.27273559570312,130.6762237548828
2023-08-14,21.996999740600586,67.5962142944336,75.60050201416016,177.05999755859375,435.28521728515625,86.7688980102539,75.63090515136719,33.64066696166992,166.89088439941406,131.0711212158203
2023-08-15,21.73459243774414,66.75843811035156,74.96118927001953,176.58999633789062,430.214599609375,86.24002838134766,74.7812271118164,33.022865295410156,165.24713134765625,130.5895233154297
2023-08-16,21.644107818603516,66.21247863769531,74.81912231445312,175.57000732421875,427.0576477050781,85.56529235839844,73.85845184326172,32.97460174560547,163.67234802246094,129.59744262695312
2023-08-17,21.69839859008789,65.74181365966797,74.7569580078125,175.3000030517578,423.8034973144531,85.20055389404297,73.26459503173828,32.810508728027344,162.1172332763672,128.56683349609375
2023-08-18,21.852224349975586,65.74181365966797,74.73919677734375,175.3300018310547,424.0074768066406,85.50145721435547,73.49300384521484,32.80085754394531,162.36331176757812,128.61497497558594
2023-08-21,21.797931671142578,65.98655700683594,74.36624145507812,175.80999755859375,426.7662048339844,84.36167907714844,72.81690979003906,32.76224899291992,165.4636993408203,128.7498321533203
2023-08-22,21.80698013305664,65.86418914794922,74.57049560546875,176.10000610351562,425.61029052734375,85.00908660888672,73.02704620361328,32.45335006713867,165.27670288085938,128.29714965820312
2023-08-23,21.852224349975586,66.57959747314453,75.76923370361328,177.88999938964844,430.35064697265625,87.1153793334961,74.17823791503906,32.77190017700195,168.25900268554688,128.68240356445312
2023-08-24,21.870319366455078,65.66651916503906,75.25421142578125,177.85000610351562,424.3863220214844,86.54094696044922,73.89501190185547,32.656063079833984,164.38099670410156,127.56510925292969
2023-08-25,22.08748435974121,66.10893249511719,75.36962127685547,177.6199951171875,427.3781433105469,86.8236083984375,73.94982147216797,32.810508728027344,166.0542755126953,128.49942016601562
2023-08-28,22.051292419433594,66.80551147460938,75.60938262939453,178.1300048828125,430.0883483886719,86.91477966308594,74.64418029785156,32.99391555786133,167.4125213623047,128.79798889160156
2023-08-29,22.132726669311523,67.63386535644531,76.39080810546875,179.8699951171875,436.30511474609375,87.8174819946289,75.54869079589844,33.29315948486328,170.76885986328125,129.95382690429688
2023-08-30,22.159873962402344,67.5962142944336,76.18655395507812,180.32000732421875,438.10223388671875,87.72630310058594,75.82276916503906,33.31246566772461,172.05821228027344,129.8574981689453
2023-08-31,22.25035858154297,67.33264923095703,76.11551666259766,180.02000427246094,437.46112060546875,88.11837768554688,75.26546478271484,33.186973571777344,172.89486694335938,128.3067626953125
2023-09-01,22.512765884399414,67.29499816894531,75.92738342285156,180.11000061035156,438.2770690917969,86.74564361572266,75.39337158203125,33.4862174987793,173.4263458251953,128.6535186767578
2023-09-05,22.621349334716797,66.71138000488281,75.1872787475586,178.63999938964844,436.38287353515625,85.52928924560547,74.51626586914062,33.14836883544922,174.04641723632812,127.32432556152344
2023-09-06,22.67563819885254,66.57018280029297,75.07137298583984,177.8300018310547,433.4492492675781,85.73963928222656,74.3609619140625,33.129058837890625,172.2058868408203,126.63082122802734
2023-09-07,22.63039779663086,66.35367584228516,75.4726333618164,178.02000427246094,432.1185302734375,85.9774169921875,74.82689666748047,33.042179107666016,169.71568298339844,127.19910430908203
2023-09-08,22.67563819885254,66.2595443725586,75.53504943847656,178.0800018310547,432.769287109375,86.3066635131836,74.5345458984375,33.10974884033203,170.07003784179688,127.19910430908203
2023-09-11,22.811368942260742,66.94670867919922,75.41911315917969,178.41000366210938,435.6155090332031,85.68476867675781,74.5436782836914,33.264198303222656,170.9558868408203,128.07562255859375
2023-09-12,22.892803192138672,66.6737289428711,75.4726333618164,177.49000549316406,433.2259216308594,86.1786117553711,74.50713348388672,33.4862174987793,167.85543823242188,127.91188049316406
2023-09-13,22.965192794799805,66.46663665771484,75.51724243164062,177.0800018310547,433.73101806640625,86.16030883789062,73.69400787353516,33.4862174987793,168.2786865234375,127.93114471435547
2023-09-14,23.155214309692383,67.34205627441406,75.54399871826172,177.1699981689453,437.4707946777344,85.5384292602539,75.02790069580078,33.79511260986328,169.49916076660156,128.33567810058594
2023-09-15,23.100923538208008,67.19144439697266,75.2942886352539,178.33999633789062,432.20001220703125,85.01712036132812,74.74468231201172,33.621360778808594,166.2412567138672,127.32432556152344
2023-09-18,23.091875076293945,66.95611572265625,75.3388671875,179.38999938964844,432.4534606933594,85.5018310546875,74.0777359008789,33.713470458984375,167.0402374267578,127.13087463378906
2023-09-19,23.109970092773438,67.01260375976562,75.24971008300781,179.22000122070312,431.55657958984375,84.87079620361328,73.73967742919922,33.674686431884766,166.95144653320312,127.23725128173828
2023-09-20,22.919950485229492,66.85256958007812,75.1872787475586,179.35000610351562,427.5892028808594,85.13602447509766,73.80363464355469,33.441986083984375,164.32774353027344,127.24693298339844
2023-09-21,22.847562789916992,65.74181365966797,74.4293441772461,178.0500030517578,420.5218811035156,82.95022583007812,71.29112243652344,32.88930130004883,161.82235717773438,126.13472747802734
2023-09-22,22.865659713745117,65.79830169677734,74.73251342773438,178.6199951171875,419.5762939453125,83.61784362792969,70.7520980834961,32.637203216552734,162.1676025390625,125.87358093261719
2023-09-25,22.757076263427734,65.50648498535156,74.30451202392578,177.6999969482422,421.3406982421875,81.56008911132812,70.6881332397461,32.71477127075195,162.69036865234375,126.56027221679688
2023-09-26,22.72993278503418,64.65929412841797,73.81407165527344,176.27999877929688,415.150634765625,81.27659606933594,69.39991760253906,32.278446197509766,159.76087951660156,125.48674774169922
2023-09-27,22.856611251831055,64.53691864013672,73.49307250976562,174.10000610351562,415.3163757324219,80.85588073730469,68.93394470214844,32.22996520996094,160.00747680664062,124.85809326171875
2023-09-28,22.829463958740234,65.06407165527344,73.6624755859375,173.22999572753906,417.72412109375,81.10282135009766,69.59539794921875,32.46266555786133,161.1417999267578,125.45771789550781
2023-09-29,22.585155487060547,64.87580871582031,73.58221435546875,171.4499969482422,416.7103271484375,81.11195373535156,69.79835510253906,32.16209411621094,161.69415283203125,124.50993347167969
2023-10-02,22.413232803344727,63.925079345703125,72.77896118164062,169.64999389648438,416.54461669921875,79.75413513183594,68.51603698730469,31.890602111816406,163.43014526367188,124.3358383178711
2023-10-03,22.313697814941406,63.12495040893555,71.96404266357422,169.16000366210938,410.9687194824219,78.03849792480469,67.17839050292969,31.386398315429688,160.65847778320312,123.2332992553711
2023-10-04,21.689348220825195,63.23790740966797,72.30433654785156,169.13999938964844,413.96142578125,79.13945770263672,67.99943542480469,31.619108200073242,162.66078186035156,123.75554656982422
2023-10-05,21.56266975402832,63.79328155517578,72.2774887084961,168.8300018310547,413.805419921875,78.74495697021484,68.37765502929688,31.764549255371094,162.87777709960938,124.43254852294922
2023-10-06,21.644107818603516,64.499267578125,72.30433654785156,169.6999969482422,418.71844482421875,77.7907943725586,68.56216430664062,32.03603744506836,165.9256591796875,125.73820495605469
2023-10-09,22.096532821655273,64.40513610839844,72.66255187988281,172.82000732421875,421.3992004394531,79.61652374267578,69.30941009521484,32.05543518066406,166.7837371826172,126.17341613769531
2023-10-10,22.0422420501709,65.28998565673828,72.77896118164062,172.52999877929688,423.59246826171875,79.50643920898438,69.64151000976562,32.28813934326172,167.0402374267578,126.77304077148438
2023-10-11,21.915563583374023,65.56297302246094,73.3699951171875,173.7899932861328,425.32763671875,81.16699981689453,70.85002899169922,32.33662414550781,168.5888214111328,126.21208953857422
2023-10-12,21.906513214111328,65.01700592041016,72.599853515625,173.25999450683594,422.7346496582031,78.96513366699219,69.81680297851562,32.13299560546875,168.74661254882812,125.12889862060547
2023-10-13,22.485620498657227,64.41455841064453,72.80580139160156,178.8300018310547,420.6290588378906,80.37803649902344,69.64151000976562,32.20088195800781,166.330078125,125.91228485107422
2023-10-16,22.413232803344727,64.88521575927734,72.72522735595703,177.9600067138672,425.0546875,79.08442687988281,70.47179412841797,32.54024124145508,167.92796325683594,126.86007690429688
2023-10-17,22.476572036743164,64.9228744506836,72.37596893310547,178.2899932861328,425.03521728515625,78.21280670166016,70.37032318115234,32.695377349853516,167.1487274169922,126.6860122680664
2023-10-18,22.67563819885254,63.79328155517578,71.91029357910156,180.8699951171875,419.3715515136719,77.52472686767578,68.87583923339844,32.13299560546875,165.43246459960938,125.58346557617188
2023-10-19,22.91090202331543,63.228492736816406,71.3819351196289,183.08999633789062,415.686767578125,75.9375228881836,67.24296569824219,31.706378936767578,164.4855194091797,124.34551239013672
2023-10-20,22.73897933959961,62.663692474365234,71.77598571777344,183.58999633789062,410.5788269042969,76.3687744140625,66.79093170166016,31.22156524658203,161.7039794921875,123.85226440429688
2023-10-23,22.59420394897461,62.71076965332031,72.18791961669922,182.97000122070312,409.8671875,77.28619384765625,66.13593292236328,31.027647018432617,161.89141845703125,123.07855987548828
2023-10-24,22.34989356994629,63.06846618652344,72.76103973388672,182.9499969482422,412.9573059082031,78.3045654296875,66.98465728759766,31.24095916748047,163.00599670410156,123.45574188232422
2023-10-25,22.512765884399414,62.61663055419922,72.21475982666016,183.72000122070312,407.0305480957031,76.56141662597656,65.5455093383789,31.124601364135742,161.0825958251953,122.35320281982422
2023-10-26,22.32274627685547,62.164798736572266,72.50135040283203,184.00999450683594,402.15643310546875,77.73574829101562,66.80015563964844,31.056730270385742,158.0051727294922,121.14427947998047
2023-10-27,22.621349334716797,61.976539611816406,72.53716278076172,186.14999389648438,400.3335266113281,77.40547943115234,65.73001861572266,30.49435806274414,158.92250061035156,119.09392547607422
2023-10-30,22.25940704345703,62.767242431640625,72.72522735595703,185.10000610351562,405.1199035644531,77.05683898925781,66.14514923095703,31.037336349487305,160.62887573242188,119.7612533569336
2023-10-31,22.17797088623047,62.9931640625,72.70731353759766,184.08999633789062,407.66412353515625,76.6806640625,67.2706298828125,31.376705169677734,161.77304077148438,120.44792175292969
2023-11-01,22.21416473388672,63.58619689941406,73.66262817382812,183.50999450683594,412.01177978515625,78.34329223632812,67.68577575683594,31.580322265625,164.89979553222656,120.69937896728516
2023-11-02,22.449426651000977,64.88521575927734,74.40023040771484,184.1199951171875,419.90771484375,80.12925720214844,69.9090576171875,32.326927185058594,167.69122314453125,122.61431884765625
2023-11-03,22.331796646118164,65.5723876953125,75.12886810302734,184.7899932861328,423.7387390136719,80.67240142822266,71.5788345336914,32.75355529785156,169.41734313964844,123.22364044189453
2023-11-06,22.42228126525879,65.242919921875,74.50817108154297,183.35000610351562,424.7135009765625,79.889892578125,70.54561614990234,32.656593322753906,170.5319366455078,124.0456771850586
2023-11-07,21.942707061767578,64.84756469726562,74.76004028320312,182.58999633789062,425.9222717285156,81.06824493408203,69.96440124511719,32.608116149902344,172.39614868164062,124.13275146484375
2023-11-08,21.69839859008789,64.76285552978516,74.90397644042969,180.77000427246094,426.2342224121094,82.44916534423828,70.19503021240234,32.64689254760742,173.3726348876953,123.95865631103516
2023-11-09,21.644107818603516,64.75342559814453,74.13937377929688,181.49000549316406,422.9101257324219,80.55271911621094,69.08799743652344,32.51115417480469,172.5638427734375,121.3957290649414
2023-11-10,21.752689361572266,65.04523468017578,74.46318817138672,179.50999450683594,429.509521484375,81.00381469726562,69.73377227783203,32.87960433959961,177.07150268554688,122.12107849121094
2023-11-13,22.069387435913086,65.21468353271484,74.0674057006836,180.50999450683594,429.10015869140625,80.81969451904297,69.15259552001953,32.83112335205078,176.0358428955078,122.82708740234375
2023-11-14,22.033193588256836,66.88082122802734,75.35372161865234,182.1199951171875,437.4249572753906,82.65169525146484,72.99028778076172,33.45167922973633,179.55714416503906,123.65882873535156
2023-11-15,21.888418197631836,66.77727508544922,74.8859634399414,181.63999938964844,438.3510437011719,81.49175262451172,73.20247650146484,33.63590621948242,179.78399658203125,123.75554656982422
2023-11-16,21.363601684570312,66.73020935058594,75.50666809082031,183.69000244140625,438.88720703125,82.50440979003906,73.045654296875,33.77165222167969,180.6815948486328,124.28748321533203
2023-11-17,21.671253204345703,67.63386535644531,75.74952697753906,183.6699981689453,439.4330749511719,82.89105987548828,72.99028778076172,33.9461784362793,180.30677795410156,124.03602600097656
2023-11-20,21.942707061767578,67.88802337646484,76.22627258300781,183.3699951171875,442.815673828125,83.39738464355469,73.5253677368164,34.08192443847656,182.92062377929688,124.79039001464844
2023-11-21,22.069387435913086,67.62445831298828,76.22627258300781,185.35000610351562,441.8505859375,83.36055755615234,73.00874328613281,34.06253433227539,181.4410858154297,125.54475402832031
2023-11-22,21.87936782836914,67.78448486328125,76.6041030883789,184.55999755859375,443.55645751953125,83.6551742553711,73.36853790283203,34.198280334472656,182.2499237060547,126.1443862915039
2023-11-24,21.73459243774414,68.30220031738281,76.451171875,185.52000427246094,443.82940673828125,82.67013549804688,73.58071899414062,34.3049430847168,181.8948211669922,126.82140350341797
2023-11-27,21.589815139770508,68.0668716430664,76.78399658203125,186.77000427246094,443.0301513671875,84.0510482788086,73.8482437133789,34.18858337402344,181.8849639892578,126.02832794189453
2023-11-28,21.852224349975586,68.08570861816406,77.1797866821289,189.25999450683594,443.46875,84.21673583984375,74.3371810913086,34.178890228271484,182.23019409179688,125.38035583496094
2023-11-29,22.00604820251465,68.22691345214844,77.7914810180664,189.5399932861328,443.1568908691406,85.27542877197266,74.85379791259766,34.421295166015625,182.36827087402344,125.41903686523438
2023-11-30,21.635059356689453,68.17042541503906,77.2427749633789,188.75,444.9017639160156,84.2903823852539,75.3980941772461,34.809139251708984,182.6345977783203,126.99549102783203
2023-12-01,21.535524368286133,68.88583374023438,78.42752838134766,192.00999450683594,447.53369140625,85.87791442871094,77.25235748291016,35.07093048095703,183.0488739013672,127.4983901977539
2023-12-04,21.3907470703125,68.34928131103516,77.88571166992188,187.86000061035156,445.1844177246094,85.53621673583984,77.81510925292969,35.03215026855469,180.81968688964844,127.74018096923828
2023-12-05,21.200729370117188,68.10453033447266,78.33720397949219,187.14999389648438,445.0967102050781,87.3740234375,77.29850006103516,34.85761260986328,181.90469360351562,127.57576751708984
2023-12-06,20.68496322631836,68.31163024902344,78.77066802978516,187.83999633789062,443.3031005859375,88.53762817382812,77.06786346435547,34.68308639526367,180.365966796875,127.67244720458984
2023-12-07,20.721155166625977,68.64108276367188,78.68939208984375,188.14999389648438,446.6856689453125,88.02969360351562,77.28926849365234,34.84791946411133,182.55567932128906,127.51773071289062
2023-12-08,20.811641693115234,68.8481674194336,78.41847229003906,185.63999938964844,448.6060485839844,87.3093490600586,77.16011810302734,35.03215026855469,184.1141357421875,127.73051452636719
2023-12-11,20.739253997802734,69.01761627197266,78.29205322265625,183.58999633789062,450.35089111328125,87.12466430664062,77.3722915649414,35.24546432495117,185.72189331054688,128.57191467285156
2023-12-12,20.42255401611328,69.13997650146484,78.45462799072266,183.49000549316406,452.40777587890625,87.38326263427734,77.32616424560547,35.49756622314453,186.954833984375,129.12318420410156
2023-12-13,20.65781593322754,70.1471939086914,79.75495910644531,187.6300048828125,458.646484375,89.4334487915039,80.2874755859375,36.069637298583984,188.60208129882812,131.50234985351562
2023-12-14,21.001659393310547,70.66493225097656,80.58375549316406,188.72999572753906,460.11846923828125,91.75988006591797,82.60302734375,36.42839431762695,188.13851928710938,130.86404418945312
2023-12-15,21.03785514831543,69.9777603149414,80.47493743896484,187.0,459.3608703613281,91.86180114746094,81.44063568115234,36.21508026123047,189.08538818359375,129.7518310546875
2023-12-18,21.18879508972168,70.1471939086914,80.49307250976562,187.85000610351562,461.94482421875,91.12984466552734,81.25614166259766,36.335914611816406,189.65086364746094,129.96360778808594
2023-12-19,21.35017967224121,70.74022674560547,80.69255065917969,189.1300048828125,464.7538757324219,91.62088775634766,81.87422180175781,36.608741760253906,190.3724822998047,130.8379364013672
2023-12-20,21.103357315063477,70.02633666992188,80.70162200927734,188.10000610351562,458.31365966796875,92.24164581298828,80.8779067993164,35.95588302612305,187.49581909179688,128.9435577392578
2023-12-21,21.14133071899414,71.16056060791016,80.84671020507812,189.42999267578125,462.65936279296875,91.65796661376953,81.59513854980469,36.306671142578125,189.60140991210938,130.51734924316406
2023-12-22,21.103357315063477,71.2272720336914,80.73787689208984,190.27000427246094,463.5891418457031,91.24105072021484,81.91266632080078,36.38462448120117,189.84854125976562,131.16822814941406
2023-12-26,21.31220817565918,71.55134582519531,81.028076171875,191.72000122070312,465.54669189453125,91.5004653930664,82.51970672607422,36.53079605102539,190.63937377929688,131.4596710205078
2023-12-27,21.217275619506836,71.93260192871094,81.3182373046875,192.58999633789062,466.3884582519531,93.12184143066406,82.92127990722656,36.6477165222168,190.62948608398438,132.01341247558594
2023-12-28,21.03690528869629,71.74195861816406,81.0915298461914,191.47000122070312,466.5645751953125,92.44548034667969,83.5096435546875,36.75490188598633,190.85687255859375,132.35345458984375
2023-12-29,20.92298698425293,71.8182144165039,80.75601959228516,191.1699981689453,465.21392822265625,91.61164855957031,82.51970672607422,36.63797378540039,190.2736053466797,132.4894561767578
2024-01-02,20.75210952758789,71.01759338378906,79.95805358886719,190.72000122070312,462.6103820800781,91.08354187011719,83.22947692871094,36.793880462646484,185.29141235351562,134.82098388671875
2024-01-03,21.01791763305664,70.48383331298828,79.6497802734375,189.1300048828125,458.8323974609375,91.46338653564453,81.2402572631836,36.4820671081543,183.40330505371094,134.59756469726562
2024-01-04,20.904001235961914,70.6458740234375,79.28707122802734,189.32000732421875,457.35443115234375,90.07365417480469,81.09083557128906,36.62823486328125,182.05886840820312,135.2678680419922
2024-01-05,21.008424758911133,70.69351959228516,79.04224395751953,189.35000610351562,457.9809265136719,89.21200561523438,80.88536834716797,36.78413772583008,182.00946044921875,135.15126037597656
2024-01-08,20.70464324951172,71.44649505615234,79.1419677734375,187.8699951171875,464.5189514160156,90.09217834472656,82.04341125488281,37.01799392700195,186.57647705078125,136.34619140625
2024-01-09,20.85653305053711,70.80789947509766,78.83368682861328,187.92999267578125,463.81427001953125,89.51776885986328,81.4924087524414,36.78413772583008,186.873046875,136.32675170898438
2024-01-10,20.714136123657227,71.26539611816406,79.3958740234375,187.5,466.4373779296875,89.100830078125,81.5857925415039,36.84260559082031,188.46456909179688,136.94851684570312
2024-01-11,20.86602783203125,71.25587463378906,80.11222076416016,187.8699951171875,466.2318115234375,89.60113525390625,80.82933807373047,36.7061882019043,189.4234619140625,136.85134887695312
2024-01-12,20.941972732543945,71.55134582519531,80.25731658935547,189.7100067138672,466.5547790527344,89.42510986328125,81.31497192382812,36.63797378540039,190.03636169433594,136.51133728027344
2024-01-16,20.76160430908203,70.35039520263672,79.51376342773438,187.91000366210938,464.84197998046875,87.85008239746094,80.71726989746094,36.38462448120117,190.5108642578125,135.6953125
2024-01-17,20.733123779296875,69.68321228027344,79.21453094482422,185.83999633789062,462.258056640625,87.71109008789062,79.24169921875,36.31641387939453,189.57176208496094,135.42327880859375
2024-01-18,20.86602783203125,70.30274200439453,79.29613494873047,187.3699951171875,466.36883544921875,86.89580535888672,78.81210327148438,36.3748893737793,193.41717529296875,135.40386962890625
2024-01-19,20.82805633544922,70.46477508544922,79.33241271972656,187.92999267578125,472.18267822265625,87.17375183105469,79.7553482055664,36.95953369140625,197.8754425048828,135.48159790039062
2024-01-22,20.913494110107422,70.68399810791016,79.3868408203125,187.22000122070312,473.1810302734375,87.69255828857422,80.23164367675781,37.134925842285156,198.74537658691406,136.0741729736328
2024-01-23,21.02741241455078,70.48383331298828,78.9787826538086,187.9499969482422,474.56103515625,86.99769592285156,79.6806411743164,37.19338607788086,199.5460968017578,135.97702026367188
2024-01-24,21.207782745361328,71.01759338378906,78.76114654541016,186.39999389648438,475.07977294921875,86.48812866210938,78.5412826538086,37.33955001831055,200.92015075683594,134.73355102539062
2024-01-25,21.36916732788086,71.21774291992188,79.3233413696289,187.13999938964844,477.6636962890625,87.05329895019531,79.54988861083984,37.524688720703125,201.76043701171875,134.52952575683594
2024-01-26,21.464099884033203,71.53228759765625,79.44123077392578,187.00999450683594,477.056884765625,86.88652801513672,79.32575225830078,37.661109924316406,199.43734741210938,135.2969970703125
2024-01-29,21.283727645874023,71.95166015625,79.74044799804688,188.3300018310547,480.83489990234375,87.88713073730469,79.84873962402344,37.758544921875,201.2661590576172,136.24905395507812
2024-01-30,21.42612648010254,71.85633850097656,79.92179870605469,188.58999633789062,480.4629821777344,88.68390655517578,79.10161590576172,38.23601531982422,199.6054229736328,136.55990600585938
2024-01-31,21.19828987121582,71.49415588378906,79.77672576904297,188.4499969482422,472.62310791015625,89.55481719970703,78.34515380859375,37.76829147338867,195.4139862060547,136.37535095214844
2024-02-01,20.941972732543945,72.199462890625,80.44779968261719,190.41000366210938,478.80889892578125,91.31153869628906,79.76469421386719,37.826759338378906,197.8754425048828,138.1434326171875
2024-02-02,20.70464324951172,71.6275863647461,79.80131530761719,188.61000061035156,483.8494567871094,89.29457092285156,78.77474975585938,37.982662200927734,199.92172241210938,137.9394073486328
2024-02-05,20.790081024169922,71.246337890625,79.12751770019531,187.57000732421875,482.08770751953125,87.49137878417969,77.12173461914062,37.758544921875,200.37648010253906,138.36685180664062
2024-02-06,20.86602783203125,71.68477630615234,79.8468246459961,188.5500030517578,483.4873352050781,88.34651184082031,78.15837097167969,37.83650207519531,199.45712280273438,139.8726348876953
2024-02-07,20.960960388183594,71.64664459228516,79.73755645751953,188.5,487.51983642578125,87.91896057128906,78.04631042480469,38.119083404541016,202.09652709960938,140.2515106201172
2024-02-08,21.074878692626953,71.52275085449219,79.63741302490234,188.3300018310547,487.73516845703125,87.40775299072266,78.6813735961914,37.97291946411133,202.72918701171875,140.00863647460938
2024-02-09,21.131837844848633,71.77056121826172,79.66472625732422,187.60000610351562,490.5539855957031,87.23114013671875,78.80276489257812,38.08011245727539,205.45753479003906,139.9017791748047
2024-02-12,21.14133071899414,71.89447021484375,79.73755645751953,187.11000061035156,490.338623046875,87.33338928222656,78.82144165039062,38.25550079345703,203.89564514160156,140.0863800048828
2024-02-13,21.01791763305664,70.78883361816406,78.75416564941406,184.52999877929688,483.5851745605469,85.8369140625,77.19644927978516,37.73906326293945,200.43577575683594,138.78456115722656
2024-02-14,20.818561553955078,71.57992553710938,79.2913818359375,184.4199981689453,487.9798278808594,86.27378845214844,77.8034896850586,38.09959411621094,202.53146362304688,139.98922729492188
2024-02-15,20.86602783203125,72.39009094238281,79.93790435791016,185.66000366210938,491.3468017578125,86.71992492675781,79.6152572631836,38.75245666503906,202.10641479492188,141.00927734375
2024-02-16,20.913494110107422,72.50447082519531,79.39155578613281,186.33999633789062,488.8998718261719,86.218017578125,78.79342651367188,38.61603546142578,200.2479705810547,141.46583557128906
2024-02-20,20.799575805664062,72.79994201660156,79.38245391845703,187.47000122070312,486.208251953125,86.2923812866211,78.6533432006836,38.508853912353516,198.21157836914062,140.98983764648438
2024-02-21,20.885013580322266,72.85712432861328,79.3187255859375,187.47999572753906,486.6487121582031,85.67890930175781,79.09228515625,38.62577819824219,196.9660186767578,141.30068969726562
2024-02-22,20.941972732543945,73.67681121826172,79.81953430175781,187.55999755859375,496.72015380859375,86.09718322753906,79.24169921875,39.07400894165039,203.41127014160156,142.9619140625
2024-02-23,20.63819122314453,73.77212524414062,80.26570129394531,188.6199951171875,497.0627136230469,87.24972534179688,79.204345703125,39.268890380859375,202.936767578125,143.64195251464844
2024-02-26,20.82805633544922,73.66728210449219,80.03805541992188,188.1999969482422,495.2421875,86.98946380615234,78.3358154296875,39.07400894165039,203.1344757080078,142.9036407470703
2024-02-27,20.989439010620117,73.86744689941406,79.96519470214844,188.0,496.1622619628906,86.37601470947266,78.42921447753906,39.18119430541992,203.3124237060547,142.55389404296875
2024-02-28,20.904001235961914,73.43853759765625,80.12909698486328,188.33999633789062,495.5065002441406,86.92440032958984,79.22301483154297,39.327354431152344,202.35354614257812,141.8447265625
2024-02-29,20.875520706176758,73.62916564941406,80.40226745605469,189.30999755859375,497.287841796875,87.5378646850586,79.89543914794922,39.307865142822266,204.60739135742188,140.68869018554688
2024-03-01,20.97994613647461,74.34400177001953,80.87418365478516,192.88999938964844,501.95648193359375,88.08332061767578,80.84801483154297,39.25914764404297,208.3440704345703,142.1653289794922
2024-03-04,21.046398162841797,74.15338134765625,80.80101776123047,196.00999450683594,501.4181823730469,87.7290267944336,81.60446166992188,39.356590270996094,208.3440704345703,141.9515838623047
2024-03-05,20.885013580322266,74.01995086669922,80.97476959228516,197.19000244140625,496.406982421875,88.97842407226562,80.61453247070312,39.36634063720703,203.2234649658203,140.89266967773438
2024-03-06,21.055891036987305,74.89682006835938,81.2765884399414,198.80999755859375,498.9223327636719,89.50055694580078,81.01612091064453,39.570960998535156,204.83477783203125,141.85446166992188
2024-03-07,21.112850189208984,75.78323364257812,81.49610137939453,199.94000244140625,503.8748779296875,89.41663360595703,80.99744415283203,39.51250076293945,208.06727600097656,142.51502990722656
2024-03-08,21.046398162841797,75.53541564941406,81.5875473022461,201.6300048828125,500.8504943847656,89.25813293457031,81.93135070800781,39.58070373535156,204.97317504882812,142.2527313232422
2024-03-11,21.226770401000977,75.10651397705078,81.4594955444336,202.0,500.41986083984375,89.21150207519531,81.53910827636719,39.64891815185547,204.40969848632812,142.17503356933594
2024-03-12,21.169809341430664,75.70697784423828,81.34974670410156,199.7899932861328,505.8030090332031,88.46558380126953,81.36165618896484,39.8145637512207,208.60110473632812,142.83563232421875
2024-03-13,21.464099884033203,75.71651458740234,81.43208312988281,201.19000244140625,505.01019287109375,88.03670501708984,80.95075225830078,40.10688781738281,206.34722900390625,142.28189086914062
2024-03-14,21.53055191040039,75.1636962890625,81.02051544189453,200.35000610351562,504.011962890625,86.68472290039062,79.7366714477539,39.785335540771484,206.38677978515625,141.7767333984375
2024-03-15,21.606496810913086,75.1922836303711,80.76445007324219,199.7100067138672,500.55108642578125,86.65675354003906,79.5592269897461,39.74635696411133,203.2728729248047,141.2132568359375
2024-03-18,21.80585289001465,75.17322540283203,80.81017303466797,200.02999877929688,503.5259094238281,86.39567565917969,79.59658813476562,39.97425079345703,204.27195739746094,141.19671630859375
2024-03-19,21.79636001586914,75.30667114257812,81.18515014648438,199.8000030517578,506.3240661621094,86.63809204101562,79.56856536865234,40.16987228393555,205.33143615722656,142.13267517089844
2024-03-20,21.73940086364746,76.10729217529297,81.56925201416016,202.17999267578125,511.0071716308594,86.61013793945312,80.091552734375,40.64912414550781,207.62864685058594,141.81092834472656
2024-03-21,21.710922241210938,76.06916809082031,81.85277557373047,201.97000122070312,512.6959228515625,86.79659271240234,80.67057037353516,40.98167419433594,207.77716064453125,141.99615478515625
2024-03-22,21.559030532836914,75.90713500976562,82.11798858642578,200.35000610351562,511.7239685058594,87.62644958496094,79.65522003173828,40.51219177246094,207.8464813232422,141.80117797851562
2024-03-25,21.73940086364746,75.74510192871094,82.05397033691406,200.99000549316406,510.3101806640625,87.188232421875,79.16545104980469,40.35569763183594,206.47015380859375,141.60618591308594
2024-03-26,21.568523406982422,75.83087921142578,82.04481506347656,201.63999938964844,509.36767578125,87.43063354492188,78.84519958496094,40.492637634277344,205.6186065673828,142.1229248046875
2024-03-27,21.549537658691406,76.28838348388672,82.38322448730469,203.10000610351562,513.6482543945312,88.29776763916016,80.87966918945312,40.97188949584961,206.6681671142578,144.01438903808594
2024-03-28,21.80585289001465,76.11682891845703,82.00824737548828,205.72000122070312,513.5501098632812,88.22318267822266,81.4542236328125,41.19685363769531,206.22262573242188,144.0338897705078
2024-04-01,21.9102783203125,75.79275512695312,81.65559387207031,207.82000732421875,512.6565551757812,86.5785903930664,80.0884780883789,40.97188949584961,206.79690551757812,142.80540466308594
2024-04-02,22.109636306762695,75.2590103149414,81.69233703613281,210.88999938964844,509.39715576171875,86.10152435302734,79.08067321777344,40.756710052490234,204.80662536621094,140.58245849609375
2024-04-03,22.375444412231445,75.67839050292969,81.86680603027344,212.74000549316406,509.9566955566406,86.0827865600586,79.16545104980469,40.73715591430664,205.35122680664062,140.4264678955078
2024-04-04,22.432403564453125,75.03025817871094,81.8301010131836,211.52000427246094,503.73211669921875,86.70021057128906,78.65681457519531,40.27745819091797,202.10348510742188,138.39849853515625
2024-04-05,22.546321868896484,75.26854705810547,81.95866394042969,215.13999938964844,508.9945068359375,85.49346160888672,79.06183624267578,40.658905029296875,204.42050170898438,139.63673400878906
2024-04-08,22.536828994750977,75.64026641845703,81.98619842529297,216.47999572753906,509.27923583984375,85.48408508300781,79.90951538085938,40.8349609375,204.182861328125,139.188232421875
2024-04-09,22.41341781616211,75.63072967529297,82.53717041015625,217.6699981689453,509.8683166503906,86.27925109863281,80.97386932373047,40.6002197265625,205.21261596679688,139.6854705810547
2024-04-10,22.52733612060547,74.62994384765625,81.23319244384766,215.61000061035156,504.76300048828125,84.39893341064453,77.62075805664062,39.99380874633789,202.69761657714844,138.04751586914062
2024-04-11,22.489362716674805,74.83010864257812,80.9944076538086,219.8000030517578,508.5723571777344,84.015380859375,77.88448333740234,39.710166931152344,206.74737548828125,137.48202514648438
2024-04-12,22.517841339111328,73.61962890625,80.76486206054688,216.88999938964844,501.552490234375,84.46442413330078,76.96143341064453,39.182003021240234,203.400634765625,135.4345703125
2024-04-15,22.546321868896484,73.40040588378906,79.82819366455078,220.9499969482422,495.26898193359375,83.15474700927734,75.6522216796875,38.986385345458984,199.53895568847656,135.16159057617188
2024-04-16,22.50834846496582,72.67603302001953,79.58023834228516,221.22000122070312,494.3656921386719,82.6028060913086,74.58787536621094,38.7223014831543,199.77659606933594,135.21029663085938
2024-04-17,22.157100677490234,72.72369384765625,80.2046890258789,219.58999633789062,491.43994140625,83.5195541381836,74.04158782958984,38.82011032104492,196.89520263671875,134.97633361816406
2024-04-18,22.147607803344727,72.52352905273438,80.1404037475586,220.33999633789062,490.4287109375,83.09861755371094,74.0510025024414,38.9570426940918,194.6475067138672,134.966552734375
2024-04-19,22.252033233642578,72.5521240234375,80.36995697021484,221.02999877929688,486.1480712890625,83.39797973632812,74.40892028808594,39.4949836730957,190.6373291015625,135.4735565185547
2024-04-22,22.252033233642578,73.40040588378906,80.80158233642578,215.57000732421875,490.6250915527344,83.25764465332031,75.06824493408203,39.97425079345703,192.3404083251953,135.9902801513672
2024-04-23,22.346965789794922,74.20103454589844,80.91179656982422,215.0399932861328,496.4471130371094,83.28570556640625,75.75581359863281,40.22855758666992,195.19210815429688,137.76475524902344
2024-04-24,22.318485260009766,74.05806732177734,80.33325958251953,214.63999938964844,496.2115478515625,82.69638061523438,75.8970947265625,40.21876907348633,196.083251953125,137.3357696533203
2024-04-25,22.441896438598633,73.71493530273438,80.10367584228516,215.9199981689453,494.3264465332031,82.1163558959961,75.46383666992188,39.98402786254883,195.65748596191406,136.41928100585938
2024-04-26,22.46088409423828,74.30587768554688,80.45262908935547,216.6199951171875,499.0096740722656,82.54666137695312,75.50151062011719,39.92534255981445,197.8655548095703,136.45828247070312
2024-04-29,22.441896438598633,74.5918197631836,80.8475112915039,216.17999267578125,500.77685546875,83.23892974853516,76.27385711669922,39.86665344238281,198.7171173095703,136.91653442382812
2024-04-30,22.157100677490234,73.64822387695312,80.03021240234375,211.8699951171875,492.843994140625,82.52796936035156,74.98348236083984,39.47542190551758,194.34054565429688,136.8190155029297
2024-05-01,21.834333419799805,73.48619079589844,80.36308288574219,213.7899932861328,491.2436218261719,83.13627624511719,75.01172637939453,39.47542190551758,192.35031127929688,137.06277465820312
2024-05-02,21.9102783203125,74.47744750976562,81.0177993774414,213.1300048828125,495.8384094238281,83.49301147460938,76.06663513183594,39.57323455810547,195.12278747558594,136.96527099609375
2024-05-03,21.938758850097656,75.22088623046875,81.68173217773438,212.9600067138672,501.9844970703125,84.337890625,76.57526397705078,39.66126251220703,200.558837890625,137.30653381347656
2024-05-06,22.18558120727539,75.7355728149414,81.91226959228516,215.1999969482422,507.1683349609375,84.66647338867188,76.64119720458984,40.16987228393555,202.91543579101562,137.8622589111328
2024-05-07,22.166595458984375,75.93572998046875,81.97682189941406,214.2100067138672,507.72802734375,85.1827621459961,77.36643981933594,40.306793212890625,202.25201416015625,139.0030059814453
2024-05-08,22.052675247192383,75.84994506835938,81.6725082397461,213.5800018310547,507.7770690917969,84.66647338867188,76.7165298461914,40.45351028442383,202.82632446289062,138.52523803710938
2024-05-09,22.13811492919922,76.43135833740234,81.94915771484375,216.9499969482422,510.70281982421875,85.07952117919922,78.28948211669922,40.756710052490234,202.76690673828125,139.7147216796875
2024-05-10,22.100143432617188,76.57432556152344,81.75552368164062,218.7100067138672,511.3607177734375,84.60074615478516,78.0728530883789,40.913211822509766,203.51943969726562,139.99745178222656
2024-05-13,22.24254035949707,76.57432556152344,81.8385009765625,216.25999450683594,511.42938232421875,84.81664276123047,78.32716369628906,40.74693298339844,204.4799041748047,139.86097717285156
2024-05-14,22.147607803344727,77.14620208740234,82.0229263305664,218.08999633789062,513.7759399414062,85.29544067382812,78.92996978759766,40.952327728271484,206.2919158935547,140.45570373535156
2024-05-15,22.223552703857422,77.96589660644531,82.88050842285156,220.88999938964844,520.1380004882812,86.45946502685547,80.0225601196289,41.25553894042969,210.93580627441406,142.54217529296875
2024-05-16,22.2805118560791,77.54651641845703,82.60386657714844,220.02999877929688,519.0678100585938,86.37501525878906,79.96604919433594,41.25553894042969,210.20306396484375,142.37640380859375
2024-05-17,22.50834846496582,77.81340026855469,82.44711303710938,223.66000366210938,519.81396484375,85.7929916381836,79.95661926269531,41.55874252319336,209.73768615722656,142.64939880371094
2024-05-20,22.707706451416016,77.8705825805664,82.45631408691406,224.55999755859375,520.412841796875,85.53950500488281,79.48567962646484,40.991455078125,212.20323181152344,142.34719848632812
2024-05-21,22.612773895263672,77.74667358398438,82.52086639404297,224.22999572753906,521.6892700195312,85.9807357788086,79.4574203491211,41.25553894042969,212.5498046875,142.59092712402344
2024-05-22,22.29000473022461,77.01277160644531,82.25345611572266,220.11000061035156,520.1871337890625,86.083984375,78.74159240722656,41.02079391479492,213.0250701904297,142.8444061279297
2024-05-23,22.176088333129883,76.62198638916016,81.69094848632812,215.72000122070312,516.3875732421875,85.53012084960938,77.04620361328125,40.45351028442383,211.29226684570312,141.28443908691406
2024-05-24,22.327980041503906,77.25104522705078,82.01370239257812,215.9199981689453,519.80419921875,85.78358459472656,77.10270690917969,40.69802474975586,213.07456970214844,140.8067169189453
2024-05-28,22.726694107055664,77.22245025634766,81.52497100830078,218.19000244140625,520.16748046875,84.55380249023438,76.59410095214844,40.24811553955078,213.9756317138672,139.10049438476562
2024-05-29,22.489362716674805,76.00244140625,81.22987365722656,216.16000366210938,516.52490234375,83.53056335449219,75.8499984741211,39.92534255981445,212.6190948486328,138.01824951171875
2024-05-30,22.1950740814209,76.64104461669922,81.71862030029297,216.57000732421875,513.0984497070312,84.337890625,76.96143341064453,40.14052200317383,207.76727294921875,138.08653259277344
2024-05-31,22.090648651123047,77.37495422363281,82.1151351928711,215.3000030517578,517.7717895507812,84.9105453491211,78.40251922607422,40.72737121582031,208.09400939941406,140.10472106933594
2024-06-03,21.777374267578125,77.59417724609375,82.48828125,217.22000122070312,518.1940307617188,86.28392791748047,78.22356414794922,40.47307586669922,208.6188201904297,141.08944702148438
2024-06-04,21.559030532836914,77.49885559082031,82.5438232421875,215.27000427246094,518.7733154296875,87.2918472290039,78.82636260986328,40.287235260009766,209.05447387695312,141.4989471435547
2024-06-05,21.634977340698242,78.0421371459961,82.76603698730469,217.82000732421875,524.9389038085938,87.93236541748047,78.73217010498047,40.40460968017578,213.69839477539062,142.14244079589844
2024-06-06,21.919771194458008,78.30902099609375,82.57160949707031,219.42999267578125,524.92919921875,87.80049133300781,78.88287353515625,40.385047912597656,212.98545837402344,142.61041259765625
2024-06-07,21.606496810913086,77.46073913574219,81.92350006103516,211.60000610351562,524.291015625,86.18972778320312,78.13878631591797,40.57087707519531,213.48052978515625,142.7664031982422
2024-06-10,21.919771194458008,77.40354919433594,81.90496826171875,213.5399932861328,525.9108276367188,85.61514282226562,78.40251922607422,40.41438293457031,214.02511596679688,143.2929229736328
2024-06-11,21.891292572021484,76.52397918701172,82.21977996826172,214.14999389648438,527.177490234375,86.50057220458984,78.11994171142578,39.954689025878906,218.00559997558594,142.69818115234375
2024-06-12,21.96723747253418,77.42584991455078,82.5438232421875,214.72000122070312,531.5072631835938,87.15050506591797,78.81694793701172,39.915565490722656,222.82772827148438,142.39590454101562
2024-06-13,21.986223220825195,76.32032012939453,82.76603698730469,212.97000122070312,532.577392578125,88.43159484863281,79.13717651367188,39.8862190246582,224.59024047851562,142.2789306640625
2024-06-14,21.900785446166992,75.47663116455078,82.6641845703125,215.72999572753906,532.9014892578125,89.17574310302734,79.11834716796875,39.759071350097656,225.43186950683594,142.2301788330078
2024-06-17,21.976730346679688,75.77725219726562,82.41419982910156,214.61000061035156,537.1427001953125,88.29031372070312,78.8075180053711,40.11117935180664,228.84796142578125,142.0839080810547
2024-06-18,22.157100677490234,76.077880859375,82.96047973632812,215.47000122070312,538.5074462890625,89.10040283203125,79.11834716796875,40.36548614501953,229.13511657714844,142.26918029785156
2024-06-20,22.204566955566406,76.12637329101562,82.65491485595703,218.16000366210938,537.0446166992188,88.5069580078125,78.89230346679688,40.58066177368164,226.56068420410156,142.73715209960938
2024-06-21,22.02419662475586,75.5929946899414,82.75679016113281,214.77999877929688,536.3245239257812,88.5069580078125,79.090087890625,40.424171447753906,226.16461181640625,143.13690185546875
2024-06-24,22.204566955566406,76.19425201416016,82.79380798339844,215.6300048828125,534.5811157226562,88.86490631103516,79.70231628417969,40.83953094482422,220.61985778808594,143.97181701660156
2024-06-25,21.995718002319336,76.37850952148438,82.78457641601562,214.55999755859375,536.6398315429688,89.01560974121094,78.72276306152344,40.535125732421875,224.6668243408203,143.52157592773438
2024-06-26,22.033689498901367,75.81604766845703,82.50679779052734,212.5800018310547,537.3095703125,87.74397277832031,78.47785949707031,40.27981948852539,224.408935546875,143.01258850097656
2024-06-27,22.147607803344727,75.87422943115234,82.58085632324219,214.99000549316406,538.1565551757812,88.09249114990234,79.24078369140625,40.2307243347168,224.51805114746094,142.77767944335938
2024-06-28,22.052675247192383,75.96151733398438,81.92350006103516,215.00999450683594,536.0388793945312,86.45347595214844,79.87303161621094,40.368194580078125,224.39901733398438,142.6602325439453
2024-07-01,22.337472915649414,76.09728240966797,81.59895324707031,215.57000732421875,537.14208984375,84.96139526367188,79.11968994140625,40.456573486328125,226.0951690673828,141.85760498046875
2024-07-02,22.365951538085938,76.28153991699219,81.9988021850586,215.55999755859375,540.7569580078125,85.62286376953125,79.49158477783203,40.927913665771484,227.2259521484375,141.33885192871094
2024-07-03,22.489362716674805,77.1543197631836,82.64041900634766,217.99000549316406,543.1701049804688,86.74737548828125,79.41529846191406,40.80025100708008,230.2909393310547,140.26217651367188
2024-07-05,22.57480239868164,77.66828918457031,83.17976379394531,220.92999267578125,546.3023071289062,87.46553039550781,79.6346206665039,40.79043960571289,230.99520874023438,141.34864807128906
2024-07-08,22.271018981933594,77.2803955078125,83.16117858886719,218.19000244140625,546.9326782226562,87.6545181274414,79.89209747314453,40.68242263793945,232.57232666015625,141.19203186035156
2024-07-09,22.11912727355957,76.9700698852539,82.90079498291016,218.55999755859375,547.4644775390625,87.26708984375,79.87303161621094,40.996646881103516,232.3838653564453,141.877197265625
2024-07-10,22.11912727355957,78.05619812011719,83.29136657714844,219.36000061035156,552.8818969726562,87.54113006591797,80.46424865722656,41.15375900268555,235.75634765625,143.21817016601562
2024-07-11,22.1950740814209,78.27925109863281,83.77490997314453,223.25,548.1146850585938,88.39159393310547,82.77195739746094,41.47780227661133,229.85450744628906,144.22633361816406
2024-07-12,22.109636306762695,79.11324310302734,83.9329833984375,223.11000061035156,551.5718383789062,88.76956939697266,83.40131378173828,41.61528015136719,231.90774536132812,145.12681579589844
2024-07-15,21.948251724243164,78.41500854492188,83.58893585205078,223.8300018310547,553.0886840820312,87.7490234375,83.96394348144531,42.224090576171875,232.3243408203125,144.6178436279297
2024-07-16,21.891292572021484,78.79322052001953,83.96087646484375,228.2899932861328,556.3685913085938,88.98690795898438,84.99382019042969,42.70524978637695,231.55067443847656,146.68312072753906
2024-07-17,21.891292572021484,78.376220703125,83.66333770751953,227.22999572753906,548.5676879882812,89.00580596923828,85.57550811767578,43.029293060302734,222.5441436767578,147.34869384765625
2024-07-18,21.729907989501953,77.60041046142578,83.22627258300781,225.77999877929688,544.35205078125,88.32544708251953,84.82217407226562,42.508853912353516,222.5640106201172,144.0011749267578
2024-07-19,21.435619354248047,77.12522888183594,83.00310516357422,221.72999572753906,540.7372436523438,87.80571746826172,84.66959381103516,42.0767936706543,219.08241271972656,144.7352752685547
2024-07-22,21.492578506469727,77.93983459472656,83.37506866455078,221.8000030517578,546.3121948242188,87.55059051513672,85.54690551757812,42.31246566772461,224.2700653076172,145.56727600097656
2024-07-23,21.293222427368164,77.50343322753906,83.4029541015625,222.5800018310547,545.4552612304688,87.42771911621094,85.48014831542969,42.391021728515625,223.37734985351562,145.47918701171875
2024-07-24,21.283727645874023,76.52397918701172,82.86361694335938,221.8000030517578,533.0938110351562,86.48277282714844,84.2214126586914,41.811676025390625,214.13279724121094,146.69288635253906
2024-07-25,21.331193923950195,76.03910064697266,83.00310516357422,218.3300018310547,530.3162841796875,87.19149017333984,83.94486999511719,41.96878433227539,211.84149169921875,145.95880126953125
2024-07-26,21.112850189208984,77.00886535644531,83.46805572509766,220.6300048828125,536.2555541992188,87.87186431884766,85.41341400146484,42.62669372558594,214.52955627441406,146.78099060058594
2024-07-29,21.01791763305664,76.66944122314453,83.60753631591797,220.32000732421875,536.57080078125,88.34432983398438,85.85205841064453,42.56777572631836,213.5773162841797,146.8690643310547
2024-07-30,20.951465606689453,76.843994140625,83.7191162109375,222.52000427246094,533.852294921875,88.68452453613281,86.51958465576172,43.05875015258789,208.2111053466797,146.99632263183594
2024-07-31,21.435619354248047,77.93013000488281,84.10968017578125,226.5500030517578,542.5298461914062,89.59168243408203,86.21442413330078,42.95073699951172,217.0291748046875,146.4580078125
2024-08-01,21.179302215576172,75.86454010009766,84.06390380859375,225.77000427246094,534.8470458984375,90.36439514160156,87.08219146728516,42.34192657470703,208.93519592285156,147.95553588867188
2024-08-02,20.790081024169922,74.6717300415039,84.624267578125,225.33999633789062,524.88916015625,93.1802978515625,87.03451538085938,41.30105209350586,203.0631103515625,147.6619110107422
2024-08-05,20.75210952758789,73.04252624511719,83.76504516601562,222.47999572753906,509.6024169921875,93.67330932617188,84.54563903808594,40.10306930541992,196.2982940673828,143.7173309326172
2024-08-06,20.58123207092285,73.16859436035156,83.48486328125,220.6999969482422,514.3007202148438,91.5779800415039,86.21442413330078,40.751155853271484,198.96652221679688,144.3829345703125
2024-08-07,20.771095275878906,73.51770782470703,83.6623306274414,220.5500030517578,510.86309814453125,90.93327331542969,85.62318420410156,40.80025100708008,195.74282836914062,142.91470336914062
2024-08-08,20.960960388183594,74.74931335449219,84.05455780029297,224.00999450683594,522.6728515625,90.37389373779297,86.46235656738281,41.458168029785156,203.05320739746094,146.07626342773438
2024-08-09,21.084369659423828,75.04022979736328,84.42813873291016,224.55999755859375,524.9777221679688,91.26509857177734,86.86286926269531,41.634918212890625,203.96572875976562,146.80055236816406
2024-08-12,21.378660202026367,74.97235107421875,84.52154541015625,228.41000366210938,525.2536010742188,91.5969467163086,86.22396087646484,41.418888092041016,205.63214111328125,146.24266052246094
2024-08-13,21.179302215576172,76.26213836669922,84.97916412353516,228.05999755859375,533.8916625976562,92.232177734375,86.97730255126953,41.762569427490234,211.95057678222656,148.0142822265625
2024-08-14,21.046398162841797,76.54337310791016,85.16595458984375,226.1999969482422,535.5760498046875,92.81051635742188,87.2061538696289,42.273189544677734,213.1111297607422,148.54281616210938
2024-08-15,21.217275619506836,77.4743423461914,85.137939453125,226.91000366210938,544.755859375,92.0615234375,87.139404296875,42.66596984863281,219.2410888671875,149.4727020263672
2024-08-16,21.084369659423828,77.90103912353516,85.48351287841797,231.99000549316406,545.977294921875,92.38386535644531,87.09173583984375,42.98019790649414,219.60809326171875,149.62928771972656
2024-08-19,20.9704532623291,78.85140228271484,85.7449951171875,231.61000061035156,551.1976318359375,92.81051635742188,87.81645202636719,43.21586608886719,223.22857666015625,150.5395965576172
2024-08-20,20.885013580322266,78.60896301269531,85.95047760009766,232.4600067138672,550.30126953125,93.55004119873047,87.71157836914062,43.078392028808594,222.44496154785156,151.1464385986328
2024-08-21,20.780588150024414,79.33628845214844,86.20263671875,232.14999389648438,552.1923828125,93.60693359375,88.17882537841797,43.0096549987793,223.7542724609375,151.4009246826172
2024-08-22,20.76160430908203,78.87080383300781,85.48351287841797,229.3699951171875,547.8585205078125,92.67778778076172,88.43629455566406,43.25514221191406,218.60630798339844,151.49879455566406
2024-08-23,21.131837844848633,80.31575012207031,86.4081039428711,232.02000427246094,553.6796875,93.2845687866211,90.38162231445312,43.6282844543457,222.14739990234375,152.15460205078125
2024-08-26,21.35017967224121,79.9569320678711,86.23065185546875,232.75999450683594,552.35986328125,93.04754638671875,90.34347534179688,43.76576232910156,219.36012268066406,152.07630920410156
2024-08-27,21.24575424194336,80.32544708251953,86.11856842041016,233.38999938964844,553.1182861328125,92.8863754272461,90.47698974609375,43.99161148071289,220.68930053710938,152.31121826171875
2024-08-28,20.989439010620117,80.0442123413086,85.97850799560547,231.75,549.9072265625,92.77259826660156,90.12416076660156,44.09962844848633,217.64414978027344,152.4873809814453
2024-08-29,21.226770401000977,80.34484100341797,85.94112396240234,232.9499969482422,549.9564819335938,92.46920776367188,89.84761810302734,44.492408752441406,215.68016052246094,152.81039428710938
2024-08-30,20.989439010620117,80.47090911865234,86.01583862304688,231.2899932861328,555.2063598632812,91.48316955566406,90.71538543701172,44.91465377807617,218.54676818847656,153.86749267578125
2024-09-03,20.571739196777344,79.20051574707031,85.67639923095703,230.2899932861328,543.78076171875,92.97940826416016,90.66771697998047,44.580787658691406,208.50869750976562,153.57383728027344
2024-09-04,20.41984748840332,78.85140228271484,86.06084442138672,230.42999267578125,542.6677856445312,94.17790222167969,90.9251708984375,44.6298828125,207.97305297851562,153.30958557128906
2024-09-05,20.467313766479492,78.87080383300781,86.3890380859375,232.35000610351562,541.347900390625,94.7105712890625,90.62956237792969,44.13890838623047,207.6556396484375,151.20518493652344
2024-09-06,20.192012786865234,77.38706970214844,86.1921157836914,230.6300048828125,532.2369384765625,94.70105743408203,90.54373168945312,43.49081802368164,202.2695770263672,150.6864013671875
2024-09-09,20.24897003173828,78.16287231445312,86.42655181884766,231.60000610351562,538.1959228515625,95.1100845336914,91.55455780029297,44.13890838623047,205.58255004882812,151.74351501464844
2024-09-10,19.954681396484375,77.77496337890625,86.49219512939453,232.6199951171875,540.5402221679688,95.77591705322266,92.88004302978516,43.68721389770508,208.65745544433594,152.43846130371094
2024-09-11,20.135051727294922,78.2404556274414,86.71723937988281,232.25,546.0855712890625,95.6998062133789,92.69886779785156,43.48099136352539,215.7793426513672,151.9882049560547
2024-09-12,20.524272918701172,78.8804931640625,86.85787963867188,236.3300018310547,550.6854248046875,95.25276184082031,93.08983612060547,43.579193115234375,217.56478881835938,152.5363311767578
2024-09-13,20.562246322631836,79.06475067138672,87.25172424316406,238.67999267578125,553.5614624023438,95.50958251953125,94.0625,43.706844329833984,218.6558837890625,152.84954833984375
2024-09-16,20.714136123657227,79.70480346679688,87.78619384765625,238.66000366210938,554.3790283203125,96.38469696044922,94.37718963623047,44.2763786315918,217.8226776123047,153.90664672851562
2024-09-17,20.85653305053711,79.25870513916016,87.76744079589844,237.33999633789062,554.6055908203125,95.9186019897461,93.71920013427734,44.51205062866211,217.39614868164062,152.3209991455078
2024-09-18,20.723628997802734,79.0065689086914,87.5142593383789,235.50999450683594,552.9607543945312,94.72960662841797,93.60478210449219,44.374568939208984,215.41233825683594,152.06651306152344
2024-09-19,21.09386444091797,80.56788635253906,87.89869689941406,239.1699981689453,562.3966674804688,94.41571044921875,93.62384033203125,44.86555099487305,221.8101348876953,152.6146240234375
2024-09-20,21.09386444091797,79.7726821899414,87.72994232177734,242.2100067138672,561.4244995117188,94.05424499511719,93.251953125,44.836090087890625,220.72897338867188,151.9882049560547
2024-09-23,21.103357315063477,80.07331085205078,87.47676086425781,242.67999267578125,562.827392578125,93.85450744628906,94.17693328857422,44.78188705444336,220.68821716308594,151.6905059814453
2024-09-24,21.454605102539062,80.5484848022461,87.58928680419922,246.07000732421875,564.4378051757812,93.8354721069336,94.31043243408203,44.40739440917969,222.19862365722656,151.38597106933594
2024-09-25,21.274234771728516,80.11209869384766,87.32672119140625,245.72999572753906,563.1929931640625,93.05549621582031,93.68106079101562,44.14130401611328,222.83460998535156,149.91229248046875
2024-09-26,21.084369659423828,81.87706756591797,87.4486312866211,246.97999572753906,565.42578125,93.2742691040039,92.83236694335938,44.36797332763672,225.7858428955078,150.41334533691406
2024-09-27,21.18879508972168,81.38248443603516,87.5986557006836,245.02000427246094,564.6057739257812,93.75938415527344,92.95064544677734,44.496089935302734,223.6792449951172,150.33474731445312
2024-09-30,21.14133071899414,81.10125732421875,87.74868774414062,243.05999755859375,566.8682861328125,93.31233215332031,93.68148040771484,44.66362762451172,224.33505249023438,151.3171844482422
2024-10-01,21.511564254760742,80.5,87.99819946289062,245.61000061035156,561.7900390625,93.98603820800781,93.07565307617188,44.42710494995117,218.86978149414062,150.5214080810547
2024-10-02,21.691936492919922,80.33513641357422,87.80049133300781,245.66000366210938,562.027099609375,93.19398498535156,92.74871063232422,44.47637939453125,220.48948669433594,150.21685791015625
2024-10-03,22.005210876464844,79.58842468261719,87.43325805664062,245.49000549316406,560.9995727539062,92.3160629272461,91.90247344970703,44.23985290527344,221.40367126464844,148.86106872558594
2024-10-04,22.062170028686523,80.05390930175781,87.10371398925781,245.0,566.09765625,91.18047332763672,91.46012878417969,44.98884963989258,223.86802673339844,148.9789581298828
2024-10-07,22.365951538085938,79.60781860351562,86.70826721191406,244.1699981689453,560.9797973632812,90.493408203125,90.6523666381836,44.43695831298828,222.3278045654297,148.3207244873047
2024-10-08,21.843826293945312,79.48175048828125,86.84950256347656,242.3699951171875,566.2853393554688,90.64608764648438,90.83506774902344,44.69319152832031,226.48141479492188,149.12632751464844
2024-10-09,21.653961181640625,79.50114440917969,86.70826721191406,241.0500030517578,570.2077026367188,90.13078308105469,90.93123626708984,45.107112884521484,229.01531982421875,150.64910888671875
2024-10-10,22.08115577697754,79.40416717529297,86.56703186035156,242.82000732421875,569.2098388671875,89.77769470214844,90.12347412109375,44.96914291381836,228.95570373535156,150.089111328125
2024-10-11,22.100143432617188,79.81147003173828,86.68002319335938,245.47000122070312,572.618408203125,89.41508483886719,91.14279174804688,45.83639144897461,229.3531951904297,151.18946838378906
2024-10-14,21.75838851928711,80.0442123413086,86.85892486572266,245.07000732421875,577.3014526367188,89.48188781738281,91.69091033935547,46.1221923828125,232.34420776367188,152.02456665039062
2024-10-15,21.340686798095703,78.71563720703125,87.09429931640625,245.9199981689453,572.8160400390625,90.56975555419922,92.79679107666016,46.22074508666992,227.2366180419922,150.16773986816406
2024-10-16,21.283727645874023,78.9192886352539,87.31085968017578,247.14999389648438,575.3057250976562,90.95145416259766,93.81610107421875,46.79234313964844,227.94215393066406,150.59017944335938
2024-10-17,21.31220817565918,78.92898559570312,86.75532531738281,248.6300048828125,575.3550415039062,89.51051330566406,93.07565307617188,46.92045974731445,228.63772583007812,149.71580505371094
2024-10-18,21.19828987121582,79.46236419677734,86.95307922363281,251.27000427246094,577.5682373046875,89.57731628417969,93.76803588867188,46.93031311035156,229.4525604248047,150.4428253173828
2024-10-21,21.264741897583008,78.52169036865234,86.09626007080078,251.22000122070312,576.6197509765625,88.0123062133789,91.93132019042969,46.55582046508789,230.52574157714844,148.6743927001953
2024-10-22,21.634977340698242,78.07559204101562,85.89854431152344,253.92999267578125,576.3134765625,88.09819793701172,92.06594848632812,46.46712112426758,230.28726196289062,148.45828247070312
2024-10-23,21.511564254760742,77.29008483886719,85.57838439941406,250.8699951171875,571.0474243164062,87.85963439941406,92.73908996582031,46.42770767211914,226.9882049560547,147.76072692871094
2024-10-24,21.502071380615234,77.72648620605469,85.92676544189453,252.8000030517578,572.282470703125,88.42264556884766,92.9410400390625,46.46712112426758,227.65399169921875,146.78810119628906
2024-10-25,21.653961181640625,77.46464538574219,85.92676544189453,253.32000732421875,572.0848388671875,87.92642211914062,92.06594848632812,45.954654693603516,228.83645629882812,145.98248291015625
2024-10-28,21.074878692626953,78.08528900146484,86.01150512695312,253.3300018310547,573.8533935546875,87.68787384033203,92.35443878173828,46.52625274658203,228.76690673828125,146.19862365722656
2024-10-29,21.03690528869629,77.80406188964844,86.20924377441406,256.0899963378906,574.7821044921875,87.82144165039062,91.69091033935547,46.240455627441406,231.84735107421875,145.79580688476562
2024-10-30,21.302715301513672,77.2997817993164,86.11508178710938,257.5,573.043212890625,88.0791015625,92.09479522705078,46.447418212890625,228.16075134277344,145.52072143554688
2024-10-31,21.445112228393555,76.8246078491211,85.60662841796875,253.50999450683594,561.809814453125,88.22224426269531,90.53697204589844,45.80682373046875,220.8372802734375,144.29266357421875
2024-11-01,21.217275619506836,76.97976684570312,85.26799774169922,252.47000122070312,564.1809692382812,86.97846221923828,89.5368881225586,45.96451187133789,222.49673461914062,145.1474151611328
2024-11-04,21.57801628112793,77.03795623779297,85.63691711425781,252.8300018310547,562.9656982421875,88.32852172851562,90.51773071289062,45.60972213745117,222.3278045654297,144.19444274902344
2024-11-05,21.710922241210938,77.80406188964844,85.90177917480469,253.39999389648438,569.77294921875,88.79769897460938,91.71976470947266,46.03349685668945,225.4579315185547,145.25546264648438
2024-11-06,21.47359275817871,76.67913055419922,85.62743377685547,245.6999969482422,583.940673828125,86.36566925048828,89.76766967773438,48.83236312866211,231.87716674804688,145.442138671875
2024-11-07,21.691936492919922,77.84284973144531,86.56395721435547,249.64999389648438,588.455810546875,87.44764709472656,90.84468841552734,48.0439453125,235.9214630126953,146.49334716796875
2024-11-08,21.35967445373535,76.76642608642578,86.80042266845703,247.9600067138672,591.0048828125,88.55831909179688,92.2005844116211,48.47758102416992,235.66311645507812,147.54458618164062
2024-11-11,21.01791763305664,76.78581237792969,86.62068939208984,242.13999938964844,591.5679931640625,88.12745666503906,91.73900604248047,49.16743469238281,234.36138916015625,146.68003845214844
2024-11-12,20.904001235961914,75.36026000976562,85.94908142089844,240.0500030517578,589.7303466796875,86.8061294555664,90.46965789794922,49.01961135864258,234.6594696044922,144.6365203857422
2024-11-13,20.837549209594727,74.91416931152344,85.82609558105469,237.6300048828125,590.016845703125,85.982666015625,90.96969604492188,49.04917907714844,233.8446502685547,144.2533721923828
2024-11-14,20.818561553955078,75.06932830810547,85.60853576660156,237.00999450683594,586.2229614257812,86.48057556152344,90.1523208618164,48.92106246948242,233.04971313476562,141.98391723632812
2024-11-15,20.714136123657227,74.79779052734375,85.48556518554688,236.58999633789062,578.7142333984375,86.25077056884766,90.20040130615234,49.147727966308594,227.26644897460938,139.35092163085938
2024-11-18,21.18879508972168,75.2051010131836,85.58961486816406,241.08999633789062,581.0853881835938,86.40396881103516,90.85430908203125,49.29555892944336,228.0017547607422,139.44918823242188
2024-11-19,21.255247116088867,75.10811614990234,85.9963607788086,243.25,583.2096557617188,86.84442138671875,91.2966537475586,48.970333099365234,229.86990356445312,138.73199462890625
2024-11-20,21.24575424194336,74.90447235107422,86.00582885742188,244.6199951171875,583.4072265625,86.56674194335938,91.18125915527344,48.822509765625,229.67117309570312,140.3726806640625
2024-11-21,21.397647857666016,74.92386627197266,86.04366302490234,246.66000366210938,586.5391235351562,86.49972534179688,91.8543930053711,49.443382263183594,232.00631713867188,141.50250244140625
2024-11-22,21.4166316986084,75.21479797363281,85.93960571289062,249.83999633789062,588.3570556640625,86.54759979248047,92.54676055908203,49.995269775390625,232.1255645751953,141.63021850585938
2024-11-25,21.112850189208984,75.60269927978516,86.7436752319336,242.47999572753906,590.3528442382812,88.78811645507812,93.83534240722656,50.32049560546875,232.1156463623047,142.83863830566406
2024-11-26,21.112850189208984,75.16630554199219,86.62068939208984,242.9499969482422,593.435302734375,88.44341278076172,94.21038055419922,50.41904830932617,233.2782440185547,143.60496520996094
2024-11-27,20.998933792114258,75.5736083984375,86.92341613769531,243.49000549316406,591.63720703125,89.05622100830078,94.81619262695312,50.51759338378906,230.11831665039062,144.3712615966797
2024-11-29,21.01791763305664,76.58216094970703,87.16935729980469,245.58999633789062,595.3125,89.97541809082031,94.3930892944336,50.596439361572266,232.25474548339844,144.8231964111328
2024-12-02,20.86602783203125,76.79551696777344,87.07247161865234,243.44000244140625,596.3795166015625,90.19159698486328,93.0179672241211,50.09382629394531,234.4607391357422,144.56773376464844
2024-12-03,21.103357315063477,77.23190307617188,87.09146881103516,243.92999267578125,596.6560668945312,89.413330078125,92.54676055908203,49.71932601928711,235.3053741455078,144.24354553222656
2024-12-04,20.989439010620117,77.29008483886719,87.41444396972656,244.6699981689453,600.361083984375,90.3741455078125,92.2967529296875,49.53207778930664,239.60804748535156,144.16494750976562
2024-12-05,20.960960388183594,77.66828918457031,87.52842712402344,242.86000061035156,599.373046875,90.55670928955078,92.0755615234375,49.67990493774414,238.395751953125,142.55374145507812
2024-12-06,20.799575805664062,77.65859985351562,87.82293701171875,242.9499969482422,600.50927734375,90.69122314453125,91.9409408569336,49.67005920410156,239.3198699951172,141.74810791015625
2024-12-09,20.998933792114258,77.610107421875,87.6234130859375,245.36000061035156,597.4168090820312,89.85530090332031,92.2005844116211,48.990047454833984,237.7598114013672,142.16073608398438
2024-12-10,21.046398162841797,76.91188049316406,87.4809341430664,248.58999633789062,595.5595092773438,89.43254852294922,90.8639144897461,48.98019027709961,234.4607391357422,141.57127380371094
2024-12-11,21.31220817565918,77.39675903320312,87.43341827392578,250.9600067138672,600.1635131835938,88.58702850341797,90.6523666381836,49.078739166259766,237.85916137695312,139.6456756591797
2024-12-12,21.226770401000977,76.71792602539062,86.97746276855469,247.27999877929688,597.0711059570312,87.51092529296875,90.50812530517578,48.86193084716797,236.52761840820312,138.53549194335938
2024-12-13,21.217275619506836,76.50457763671875,86.53099060058594,244.2899932861328,596.9525146484375,86.61736297607422,90.24848175048828,48.822509765625,237.54116821289062,138.51585388183594
2024-12-16,21.103357315063477,76.25243377685547,86.60697174072266,244.8800048828125,599.5015258789062,86.87679290771484,89.93114471435547,48.73381423950195,239.91610717773438,136.86534118652344
2024-12-17,20.960960388183594,76.13153076171875,86.55947875976562,243.94000244140625,597.0316162109375,87.0881576538086,89.4984130859375,48.38888168334961,238.46530151367188,136.76708984375
2024-12-18,20.771095275878906,74.26388549804688,85.26049041748047,239.25999450683594,579.2379760742188,85.99919128417969,85.80577850341797,46.94017028808594,230.774169921875,134.91026306152344
2024-12-19,20.771095275878906,74.02796173095703,84.88825225830078,239.60000610351562,579.0599975585938,84.6970443725586,84.4787368774414,47.10771179199219,231.0225830078125,133.88848876953125
2024-12-20,20.904001235961914,73.82154083251953,85.47999572753906,242.10000610351562,586.01513671875,85.17933654785156,85.90193176269531,47.80742645263672,234.47068786621094,135.5783233642578
2024-12-23,20.920000076293945,74.30319213867188,85.26049041748047,240.9600067138672,589.5244140625,84.39804077148438,86.23787689208984,47.9222297668457,236.95498657226562,136.93234252929688
2024-12-24,21.040000915527344,74.568603515625,85.64225769042969,241.44000244140625,596.076904296875,84.75492095947266,86.81072998046875,48.48637390136719,239.40347290039062,137.49488830566406
2024-12-26,20.979999542236328,74.92247772216797,85.5563735961914,243.07000732421875,596.1166381835938,84.7066879272461,87.04375457763672,48.60513687133789,239.56271362304688,137.77122497558594
2024-12-27,21.079999923706055,74.81434631347656,85.23184967041016,241.39999389648438,589.841552734375,84.01221466064453,86.16991424560547,48.24884033203125,236.37770080566406,137.12973022460938
2024-12-30,21.270000457763672,74.32286071777344,85.38977813720703,240.6300048828125,583.1105346679688,84.6874008178711,85.74270629882812,47.783668518066406,233.37185668945312,135.442138671875
2024-12-31,21.3799991607666,74.32286071777344,85.2270736694336,242.1300048828125,580.9891357421875,84.23405456542969,86.49032592773438,47.833160400390625,231.4309844970703,135.76780700683594
