method,t,mean,lower,upper
UCB1_0.01,0,0.3,0.259791724597769,0.340208275402231
UCB1_0.01,1,0.314,0.2926147838978543,0.3353852161021457
UCB1_0.01,2,0.3426666666666671,0.3296125751893761,0.35572075814395815
UCB1_0.01,3,0.3315,0.320670835377887,0.34232916462211305
UCB1_0.01,4,0.3288000000000015,0.3201093412395057,0.3374906587604973
UCB1_0.01,5,0.33466666666666745,0.3276849694635429,0.34164836386979197
UCB1_0.01,6,0.3319999999999993,0.32528467764670776,0.3387153223532908
UCB1_0.01,7,0.331,0.3253636659677903,0.3366363340322097
UCB1_0.01,8,0.3388888888888904,0.33384662951203914,0.34393114826574167
UCB1_0.01,9,0.3360000000000018,0.3310490068201505,0.3409509931798531
UCB1_0.01,10,0.33309090909090994,0.3288768934451943,0.3373049247366256
UCB1_0.01,11,0.33700000000000047,0.33300810310845924,0.3409918968915417
UCB1_0.01,12,0.33584615384615596,0.33195695395672337,0.33973535373558855
UCB1_0.01,13,0.33528571428571535,0.33178297147265745,0.33878845709877325
UCB1_0.01,14,0.33800000000000163,0.3345438748218667,0.34145612517813656
UCB1_0.01,15,0.337,0.33369903014191166,0.3403009698580884
UCB1_0.01,16,0.3369411764705875,0.33376787035783395,0.3401144825833411
UCB1_0.01,17,0.338444444444444,0.33539430887211696,0.341494580016771
UCB1_0.01,18,0.33736842105263254,0.3344118306912464,0.34032501141401866
UCB1_0.01,19,0.33769999999999883,0.3347587433547354,0.3406412566452623
UCB1_0.01,20,0.33866666666666684,0.33589689350345653,0.34143643982987715
UCB1_0.01,21,0.33745454545454456,0.3346678296542302,0.34024126125485893
UCB1_0.01,22,0.3380869565217403,0.3353312054354049,0.3408427076080757
UCB1_0.01,23,0.339166666666667,0.33654969441725835,0.34178363891607566
UCB1_0.01,24,0.33847999999999956,0.3359575387979686,0.34100246120203054
UCB1_0.01,25,0.33869230769230685,0.3362207983238162,0.3411638170607975
UCB1_0.01,26,0.338962962962964,0.3365205095761124,0.34140541634981564
UCB1_0.01,27,0.33785714285714435,0.3354452651014077,0.340269020612881
UCB1_0.01,28,0.33696551724137846,0.33460631428044607,0.33932472020231086
UCB1_0.01,29,0.3382000000000006,0.3357799204968431,0.34062007950315815
UCB1_0.01,30,0.33793548387096684,0.3356128091154734,0.34025815862646025
UCB1_0.01,31,0.338125,0.3358513492516548,0.34039865074834524
UCB1_0.01,32,0.33800000000000097,0.33572784606150813,0.3402721539384938
UCB1_0.01,33,0.3383529411764693,0.3360476596326735,0.3406582227202651
UCB1_0.01,34,0.3386857142857154,0.3364650385215167,0.34090639004991413
UCB1_0.01,35,0.33866666666666684,0.3364446907640413,0.34088864256929235
UCB1_0.01,36,0.33881081081081077,0.33659548525380023,0.3410261363678213
UCB1_0.01,37,0.33789473684210425,0.33575545967244363,0.34003401401176486
UCB1_0.01,38,0.3394871794871814,0.33734054888643145,0.3416338100879313
UCB1_0.01,39,0.33889999999999865,0.33679732851287436,0.34100267148712293
UCB1_0.01,40,0.33887804878048755,0.3368537426376503,0.3409023549233248
UCB1_0.01,41,0.33857142857142886,0.33656808245049785,0.34057477469235986
UCB1_0.01,42,0.33934883720930353,0.3373108491651286,0.34138682525347847
UCB1_0.01,43,0.3394090909090909,0.33735055145998094,0.3414676303582008
UCB1_0.01,44,0.3391999999999998,0.33718658266268364,0.3412134173373159
UCB1_0.01,45,0.33956521739130496,0.33754694670838226,0.34158348807422767
UCB1_0.01,46,0.3395319148936164,0.3375737427589477,0.3414900870282851
UCB1_0.01,47,0.33970833333333345,0.3377631632204692,0.3416535034461977
UCB1_0.01,48,0.3394285714285731,0.3375262884419693,0.34133085441517685
UCB1_0.01,49,0.33928000000000064,0.3373587150912687,0.3412012849087326
UCB1_0.01,50,0.33984313725490256,0.3379445991077708,0.3417416754020343
UCB1_0.01,51,0.3401923076923061,0.3383179933129104,0.34206662207170174
UCB1_0.01,52,0.33966037735849053,0.3377830079456471,0.34153774677133397
UCB1_0.01,53,0.3401851851851845,0.33828120194014294,0.342089168430226
UCB1_0.01,54,0.34003636363636264,0.33820544809696257,0.3418672791757627
UCB1_0.01,55,0.3400714285714295,0.3382294615562607,0.34191339558659833
UCB1_0.01,56,0.3398245614035098,0.3379895310068215,0.3416595918001981
UCB1_0.01,57,0.3407586206896534,0.3389205352144458,0.342596706164861
UCB1_0.01,58,0.3403389830508467,0.33849972475163476,0.34217824135005864
UCB1_0.01,59,0.34009999999999874,0.33826349135998135,0.3419365086400161
UCB1_0.01,60,0.3401967213114742,0.33836680268097996,0.34202663994196847
UCB1_0.01,61,0.3403548387096782,0.3385361179659781,0.3421735594533783
UCB1_0.01,62,0.3401269841269859,0.3383000097065864,0.34195395854738536
UCB1_0.01,63,0.34034375,0.3385486380848396,0.3421388619151604
UCB1_0.01,64,0.3399999999999992,0.3382122481488157,0.3417877518511827
UCB1_0.01,65,0.34027272727272656,0.33846147702205664,0.3420839775233965
UCB1_0.01,66,0.3405373134328366,0.3387311681063306,0.34234345875934263
UCB1_0.01,67,0.3402058823529423,0.3384423215542702,0.3419694431516144
UCB1_0.01,68,0.34049275362318937,0.33871159652917715,0.3422739107172016
UCB1_0.01,69,0.3403142857142857,0.3385441574148699,0.3420844140137015
UCB1_0.01,70,0.3405070422535211,0.3387467246101781,0.3422673598968641
UCB1_0.01,71,0.3403055555555574,0.33857269567026005,0.3420384154408548
UCB1_0.01,72,0.3406575342465743,0.3388850995880855,0.3424299689050631
UCB1_0.01,73,0.3405945945945954,0.33886396938902674,0.34232521980016406
UCB1_0.01,74,0.34066666666666645,0.3389065770351357,0.3424267562981972
UCB1_0.01,75,0.3411578947368413,0.339435096681684,0.3428806927919987
UCB1_0.01,76,0.34075324675324775,0.33905490863977605,0.34245158486671945
UCB1_0.01,77,0.3404871794871791,0.33879062758668765,0.34218373138767055
UCB1_0.01,78,0.34083544303797453,0.33914793478987065,0.3425229512860784
UCB1_0.01,79,0.3407500000000002,0.3390521650589727,0.34244783494102776
UCB1_0.01,80,0.34046913580246924,0.3387840542460184,0.3421542173589201
UCB1_0.01,81,0.34097560975609853,0.33931573295323614,0.3426354865589609
UCB1_0.01,82,0.3408433734939763,0.33918334540588546,0.34250340158206716
UCB1_0.01,83,0.3411190476190497,0.3394693685546969,0.3427687266834025
UCB1_0.01,84,0.34042352941176585,0.33877195284495815,0.34207510597857355
UCB1_0.01,85,0.34072093023256006,0.3390774709179202,0.34236438954719994
UCB1_0.01,86,0.34062068965517206,0.33895982244327477,0.34228155686706935
UCB1_0.01,87,0.3408636363636379,0.339226511585697,0.34250076114157885
UCB1_0.01,88,0.3409438202247198,0.33933542636214437,0.34255221408729525
UCB1_0.01,89,0.34124444444444413,0.33961747178394797,0.3428714171049403
UCB1_0.01,90,0.34131868131868154,0.3397237051549052,0.3429136574824579
UCB1_0.01,91,0.34143478260869453,0.3398543045152493,0.3430152607021398
UCB1_0.01,92,0.34189247311827964,0.34029404595859747,0.3434909002779618
UCB1_0.01,93,0.34155319148936125,0.3399782889708216,0.3431280940079009
UCB1_0.01,94,0.34153684210526214,0.33993098350988593,0.34314270070063835
UCB1_0.01,95,0.3415208333333335,0.33994407217333555,0.34309759449333144
UCB1_0.01,96,0.34154639175257817,0.3399783286760492,0.34311445482910713
UCB1_0.01,97,0.3416326530612261,0.3400497787825912,0.343215527339861
UCB1_0.01,98,0.34149494949495063,0.33991370800536125,0.34307619098454
UCB1_0.01,99,0.3413800000000006,0.3398018801317533,0.342958119868248
UCB1_0.01,100,0.342039603960396,0.3404653371894823,0.3436138707313097
UCB1_0.01,101,0.34196078431372556,0.34038831254209195,0.3435332560853592
UCB1_0.01,102,0.34186407766990295,0.3403083981327871,0.3434197572070188
UCB1_0.01,103,0.34209615384615216,0.3405396081449511,0.3436526995473532
UCB1_0.01,104,0.3420571428571434,0.3404953899934913,0.34361889572079546
UCB1_0.01,105,0.3420566037735854,0.3404984431328226,0.34361476441434813
UCB1_0.01,106,0.3423925233644853,0.34084978164311386,0.3439352650858567
UCB1_0.01,107,0.3424444444444444,0.34089619954866746,0.3439926893402213
UCB1_0.01,108,0.3424954128440361,0.3409349812144233,0.34405584447364895
UCB1_0.01,109,0.34219999999999984,0.3406341154899082,0.3437658845100915
UCB1_0.01,110,0.3425585585585593,0.3409984307156441,0.3441186864014745
UCB1_0.01,111,0.34257142857142825,0.34102183013614856,0.34412102700670794
UCB1_0.01,112,0.3425309734513256,0.3409874548587794,0.3440744920438718
UCB1_0.01,113,0.34243859649122754,0.34090070230425623,0.34397649067819885
UCB1_0.01,114,0.342660869565218,0.3411172597511899,0.34420447937924614
UCB1_0.01,115,0.34274137931034304,0.3412211532429063,0.3442616053777798
UCB1_0.01,116,0.34275213675213645,0.34121531431135455,0.34428895919291835
UCB1_0.01,117,0.3423898305084746,0.34085288120969914,0.34392677980725006
UCB1_0.01,118,0.3427226890756298,0.3411842853240087,0.3442610928272509
UCB1_0.01,119,0.3425166666666658,0.3409878881804998,0.3440454451528318
UCB1_0.01,120,0.3428099173553716,0.34128857934999446,0.3443312553607487
UCB1_0.01,121,0.3429508196721309,0.34141868354510707,0.3444829557991548
UCB1_0.01,122,0.3432032520325195,0.34167126552234695,0.34473523854269206
UCB1_0.01,123,0.3432903225806453,0.34176261166654204,0.34481803349474854
UCB1_0.01,124,0.3431840000000003,0.34166814993709593,0.3446998500629047
UCB1_0.01,125,0.3430793650793663,0.34156583542875957,0.34459289472997306
UCB1_0.01,126,0.3430866141732301,0.34155653664269015,0.3446166917037701
UCB1_0.01,127,0.34315625,0.3416441104341834,0.3446683895658166
UCB1_0.01,128,0.34322480620155177,0.3417124726438161,0.34473713975928744
UCB1_0.01,129,0.34312307692307525,0.3415895069987605,0.34465664684739
UCB1_0.01,130,0.3432061068702298,0.3416825295401235,0.34472968420033606
UCB1_0.01,131,0.34309090909090917,0.34157381896923833,0.34460799921258
UCB1_0.01,132,0.3432030075187963,0.34168815612910647,0.3447178589084861
UCB1_0.01,133,0.3433283582089547,0.3417896800623839,0.34486703635552546
UCB1_0.01,134,0.34340740740740766,0.34186410877531787,0.34495070603949746
UCB1_0.01,135,0.3435882352941183,0.34206232591562014,0.3451141446726165
UCB1_0.01,136,0.343255474452554,0.3417118273190469,0.3447991215860611
UCB1_0.01,137,0.3434202898550732,0.3418850596584705,0.34495552005167596
UCB1_0.01,138,0.34349640287769806,0.3419697166880875,0.3450230890673086
UCB1_0.01,139,0.3434000000000003,0.3418799826601562,0.34492001733984445
UCB1_0.01,140,0.34354609929077934,0.3420220311051802,0.3450701674763785
UCB1_0.01,141,0.3436197183098597,0.34210270856933833,0.3451367280503811
UCB1_0.01,142,0.34363636363636446,0.3421228768282197,0.34514985044450924
UCB1_0.01,143,0.3436805555555561,0.34218531841479777,0.34517579269631443
UCB1_0.01,144,0.34395862068965316,0.342438574646752,0.34547866673255434
UCB1_0.01,145,0.3440958904109599,0.3425935422993717,0.34559823852254806
UCB1_0.01,146,0.3441360544217704,0.34265195855297953,0.3456201502905613
UCB1_0.01,147,0.3441216216216223,0.3426212216735755,0.3456220215696691
UCB1_0.01,148,0.3441342281879195,0.34264777438708655,0.34562068198875245
UCB1_0.01,149,0.3440666666666668,0.3425940584113243,0.3455392749220093
UCB1_0.01,150,0.3441986754966875,0.34271890388932363,0.3456784471040513
UCB1_0.01,151,0.3441710526315795,0.34270395696380607,0.3456381482993529
UCB1_0.01,152,0.34414379084967384,0.3426702524134446,0.34561732928590305
UCB1_0.01,153,0.344116883116884,0.3426432242278572,0.3455905420059108
UCB1_0.01,154,0.3441806451612909,0.34270549021406177,0.34565580010852
UCB1_0.01,155,0.34438461538461557,0.3428880612505797,0.34588116951865144
UCB1_0.01,156,0.3444331210191077,0.3429462671157581,0.34591997492245735
UCB1_0.01,157,0.3444050632911393,0.34290722979365784,0.34590289678862074
UCB1_0.01,158,0.34431446540880434,0.34283029955072297,0.3457986312668857
UCB1_0.01,159,0.34447500000000003,0.3430069504924175,0.3459430495075826
UCB1_0.01,160,0.3445714285714285,0.3430815882165681,0.34606126892628886
UCB1_0.01,161,0.344604938271605,0.3431244628747518,0.3460854136684582
UCB1_0.01,162,0.3447239263803673,0.3432417249768056,0.346206127783929
UCB1_0.01,163,0.34474390243902464,0.3432530994193191,0.3462347054587302
UCB1_0.01,164,0.3447757575757569,0.3432819301655924,0.3462695849859214
UCB1_0.01,165,0.34471084337349445,0.34323192917045164,0.34618975757653725
UCB1_0.01,166,0.34489820359281503,0.3434136004978372,0.34638280668779287
UCB1_0.01,167,0.34492857142857336,0.34343252992129686,0.34642461293584986
UCB1_0.01,168,0.34493491124260345,0.34343452525093804,0.34643529723426886
UCB1_0.01,169,0.34489411764705874,0.3433946299062399,0.34639360538787756
UCB1_0.01,170,0.34502923976608313,0.34352836285683763,0.3465301166753286
UCB1_0.01,171,0.3451976744186061,0.34369595152676397,0.34669939731044824
UCB1_0.01,172,0.3450982658959538,0.3436018615103877,0.34659467028151997
UCB1_0.01,173,0.34516091954022987,0.3436658317358443,0.34665600734461544
UCB1_0.01,174,0.3450971428571431,0.3436079205023135,0.3465863652119727
UCB1_0.01,175,0.345102272727273,0.3436125576963916,0.3465919877581544
UCB1_0.01,176,0.3451525423728812,0.34365260053351243,0.3466524842122499
UCB1_0.01,177,0.3452247191011243,0.34371797121378855,0.34673146698846
UCB1_0.01,178,0.3452960893854751,0.34378533167186875,0.3468068470990815
UCB1_0.01,179,0.345444444444445,0.34394046242693177,0.3469484264619582
UCB1_0.01,180,0.3452707182320441,0.34377706076622555,0.3467643756978626
UCB1_0.01,181,0.34519780219780233,0.3436787970068605,0.34671680738874416
UCB1_0.01,182,0.34551912568306004,0.3440031517735667,0.34703509959255335
UCB1_0.01,183,0.3455326086956516,0.34401924252000726,0.34704597487129596
UCB1_0.01,184,0.3454054054054061,0.34387987696999417,0.346930933840818
UCB1_0.01,185,0.34536559139784906,0.3438372062201849,0.34689397657551324
UCB1_0.01,186,0.3456363636363637,0.34410097166426445,0.3471717556084629
UCB1_0.01,187,0.345436170212766,0.3438940005935798,0.34697833983195225
UCB1_0.01,188,0.34529100529100587,0.3437543447692211,0.3468276658127906
UCB1_0.01,189,0.3454736842105262,0.3439435774896553,0.3470037909313971
UCB1_0.01,190,0.34550785340314183,0.34398759336424745,0.3470281134420362
UCB1_0.01,191,0.3455416666666665,0.34401573368571053,0.3470675996476225
UCB1_0.01,192,0.3454196891191707,0.3438934625759983,0.3469459156623431
UCB1_0.01,193,0.3454123711340212,0.3438825060160581,0.3469422362519843
UCB1_0.01,194,0.3452512820512823,0.3437289216323123,0.34677364247025233
UCB1_0.01,195,0.34542857142857303,0.3439078143130517,0.3469493285440944
UCB1_0.01,196,0.34544162436548204,0.3439191168981269,0.3469641318328372
UCB1_0.01,197,0.345474747474747,0.34394602590038864,0.34700346904910534
UCB1_0.01,198,0.3456783919597984,0.3441344477357336,0.34722233618386317
UCB1_0.01,199,0.3455399999999998,0.3440003692831171,0.34707963071688247
UCB1_0.01,200,0.34559203980099545,0.3440538394532375,0.34713024014875343
UCB1_0.01,201,0.34565346534653535,0.34412352024129333,0.34718341045177736
UCB1_0.01,202,0.3457536945812801,0.34420341920326314,0.347303969959297
UCB1_0.01,203,0.34564705882352975,0.3441151408213105,0.347178976825749
UCB1_0.01,204,0.3456487804878048,0.34411833980321277,0.3471792211723968
UCB1_0.01,205,0.3456213592233005,0.34408264815151934,0.34716007029508167
UCB1_0.01,206,0.3456908212560382,0.34415066147587536,0.3472309810362011
UCB1_0.01,207,0.3458846153846151,0.34434478155699927,0.347424449212231
UCB1_0.01,208,0.3458468899521544,0.34431134394033186,0.34738243596397694
UCB1_0.01,209,0.3459809523809524,0.34444524391756337,0.3475166608443414
UCB1_0.01,210,0.34597156398104184,0.3444450392508514,0.3474980887112323
UCB1_0.01,211,0.3461415094339634,0.34461161990543304,0.3476713989624937
UCB1_0.01,212,0.3462629107981222,0.3447345639062599,0.34779125768998453
UCB1_0.01,213,0.34637383177570086,0.3448509070440181,0.3478967565073836
UCB1_0.01,214,0.34625116279069773,0.3447371771790844,0.34776514840231104
UCB1_0.01,215,0.34623148148148203,0.34471635106773646,0.3477466118952276
UCB1_0.01,216,0.3463502304147452,0.3448396541236555,0.3478608067058349
UCB1_0.01,217,0.3463302752293571,0.3448244231966542,0.34783612726206004
UCB1_0.01,218,0.3462739726027398,0.34478377953566175,0.3477641656698178
UCB1_0.01,219,0.34632727272727254,0.34482146750066456,0.3478330779538805
UCB1_0.01,220,0.34642533936651615,0.34492260554439513,0.34792807318863717
UCB1_0.01,221,0.3464684684684687,0.3449679920524906,0.34796894488444674
UCB1_0.01,222,0.34630493273542584,0.3448090111054986,0.3478008543653531
UCB1_0.01,223,0.346267857142857,0.344763495065257,0.34777221922045704
UCB1_0.01,224,0.3464355555555553,0.34492960712796494,0.3479415039831456
UCB1_0.01,225,0.34644247787610444,0.34493681819251165,0.3479481375596972
UCB1_0.01,226,0.34662555066079365,0.3451199721086759,0.3481311292129114
UCB1_0.01,227,0.3466491228070175,0.3451525919451965,0.3481456536688385
UCB1_0.01,228,0.3466288209606988,0.3451451239179155,0.3481125180034821
UCB1_0.01,229,0.3468000000000007,0.3453101392157103,0.34828986078429114
UCB1_0.01,230,0.3466666666666664,0.3451748520726855,0.3481584812606473
UCB1_0.01,231,0.3467931034482741,0.3453192000407183,0.34826700685582984
UCB1_0.01,232,0.34677253218884135,0.3452864639499355,0.3482586004277472
UCB1_0.01,233,0.34680341880341814,0.3453148106520452,0.34829202695479106
UCB1_0.01,234,0.3466042553191486,0.34512053404517684,0.3480879765931204
UCB1_0.01,235,0.3466271186440678,0.3451434344191404,0.3481108028689952
UCB1_0.01,236,0.3467510548523205,0.34526724280405174,0.34823486690058925
UCB1_0.01,237,0.3467478991596636,0.3452706102865395,0.3482251880327877
UCB1_0.01,238,0.34679497907949886,0.34532344904223067,0.34826650911676704
UCB1_0.01,239,0.346933333333333,0.3454641198422629,0.3484025468244031
UCB1_0.01,240,0.3468713692946063,0.3453928202275441,0.34834991836166856
UCB1_0.01,241,0.3468677685950416,0.3453833322135113,0.3483522049765719
UCB1_0.01,242,0.3469711934156383,0.34549795584915355,0.3484444309821231
UCB1_0.01,243,0.34683606557377056,0.3453613842226849,0.3483107469248562
UCB1_0.01,244,0.34693877551020413,0.3454639092583284,0.34841364176207984
UCB1_0.01,245,0.34685365853658534,0.3453621101843945,0.3483452068887762
UCB1_0.01,246,0.346890688259109,0.34540819074014073,0.3483731857780773
UCB1_0.01,247,0.3469032258064511,0.34542137066153766,0.34838508095136456
UCB1_0.01,248,0.3469236947791162,0.3454468838722443,0.3484005056859881
UCB1_0.01,249,0.3468480000000006,0.3453779125528221,0.3483180874471791
UCB1_0.01,250,0.3469721115537856,0.34550884759491945,0.34843537551265175
UCB1_0.01,251,0.34680158730158894,0.3453364617001365,0.3482667129030414
UCB1_0.01,252,0.3467272727272723,0.34526983693550095,0.3481847085190436
UCB1_0.01,253,0.3467086614173242,0.3452504356706052,0.3481668871640432
UCB1_0.01,254,0.34681568627451026,0.34535577024002345,0.34827560230899707
UCB1_0.01,255,0.34678125,0.345335313279263,0.348227186720737
UCB1_0.01,256,0.3467704280155643,0.34531467155994316,0.3482261844711854
UCB1_0.01,257,0.34685271317829625,0.3453962224231884,0.3483092039334041
UCB1_0.01,258,0.3467876447876459,0.3453418878005682,0.3482334017747236
UCB1_0.01,259,0.3467692307692292,0.34532992331328594,0.3482085382251725
UCB1_0.01,260,0.346704980842912,0.3452609971141527,0.3481489645716713
UCB1_0.01,261,0.3466870229007643,0.3452448956165876,0.348129150184941
UCB1_0.01,262,0.34662357414448797,0.34518708596339737,0.34806006232557857
UCB1_0.01,263,0.3467272727272735,0.34528083436955953,0.34817371108498746
UCB1_0.01,264,0.34666415094339625,0.34522365250095616,0.34810464938583635
UCB1_0.01,265,0.34682706766917265,0.3453926512278653,0.34826148411048
UCB1_0.01,266,0.3467191011235963,0.34528469940840134,0.3481535028387912
UCB1_0.01,267,0.34673880597014917,0.3453042168095273,0.34817339513077106
UCB1_0.01,268,0.3467360594795536,0.34530288241502693,0.3481692365440803
UCB1_0.01,269,0.3466962962962964,0.34525238237406325,0.34814021021852953
UCB1_0.01,270,0.346767527675277,0.3453262123229183,0.3482088430276357
UCB1_0.01,271,0.34663970588235316,0.34520518008982337,0.34807423167488294
UCB1_0.01,272,0.34682783882783913,0.3453955376533051,0.34826014000237315
UCB1_0.01,273,0.34683211678832127,0.34538808395564236,0.3482761496210002
UCB1_0.01,274,0.34690181818181837,0.3454722419189156,0.3483313944447211
UCB1_0.01,275,0.34682608695652056,0.34540168222929374,0.3482504916837474
UCB1_0.01,276,0.34685920577617413,0.34542609187872697,0.3482923196736213
UCB1_0.01,277,0.34687050359712224,0.3454436788355698,0.34829732835867466
UCB1_0.01,278,0.34696774193548363,0.3455508922798337,0.34838459159113355
UCB1_0.01,279,0.346892857142857,0.3454805281633722,0.3483051861223418
UCB1_0.01,280,0.34685409252669014,0.34543328431012615,0.3482749007432541
UCB1_0.01,281,0.346893617021276,0.34547565455769713,0.3483115794848549
UCB1_0.01,282,0.3469823321554769,0.3455647425662983,0.3483999217446555
UCB1_0.01,283,0.34704225352112683,0.34562046818144193,0.34846403886081173
UCB1_0.01,284,0.3471438596491227,0.3457168807865731,0.3485708385116723
UCB1_0.01,285,0.347097902097902,0.3456690062490615,0.34852679794674246
UCB1_0.01,286,0.34704529616724733,0.3456366068450567,0.34845398548943796
UCB1_0.01,287,0.34704861111111135,0.3456249884865048,0.3484722337357179
UCB1_0.01,288,0.34712802768166023,0.345704592793356,0.34855146256996444
UCB1_0.01,289,0.34727586206896377,0.34586262742851687,0.3486890967094107
UCB1_0.01,290,0.34725773195876314,0.3458421618841529,0.3486733020333734
UCB1_0.01,291,0.3471643835616438,0.34574637350363907,0.34858239361964855
UCB1_0.01,292,0.34715358361774756,0.3457349117352858,0.3485722555002093
UCB1_0.01,293,0.3471496598639471,0.3457348432087259,0.3485644765191683
UCB1_0.01,294,0.3472135593220336,0.34580220105320547,0.3486249175908618
UCB1_0.01,295,0.3471689189189189,0.3457656891953152,0.34857214864252256
UCB1_0.01,296,0.34718518518518654,0.3457762456425691,0.348594124727804
UCB1_0.01,297,0.34729530201342296,0.3458879774155824,0.3487026266112635
UCB1_0.01,298,0.3473913043478264,0.34598429949633774,0.34879830919931504
UCB1_0.01,299,0.34739333333333344,0.345981735390975,0.3488049312756919
UCB1_0.01,300,0.34740863787375575,0.3459976700632734,0.3488196056842381
UCB1_0.01,301,0.34739735099337826,0.34598346763707294,0.3488112343496836
UCB1_0.01,302,0.34739933993399297,0.34597901694167793,0.348819662926308
UCB1_0.01,303,0.34746710526315816,0.34605322837431884,0.3488809821519975
UCB1_0.01,304,0.3473967213114758,0.34599428034185103,0.3487991622811006
UCB1_0.01,305,0.34744444444444444,0.34603455693316326,0.3488543319557256
UCB1_0.01,306,0.34753094462540685,0.346118221581648,0.3489436676691657
UCB1_0.01,307,0.34740259740259694,0.34597935992105494,0.34882583488413893
UCB1_0.01,308,0.34743042071197366,0.34600823386721585,0.3488526075567315
UCB1_0.01,309,0.3474709677419356,0.3460379100336155,0.3489040254502557
UCB1_0.01,310,0.34757556270096507,0.34614501260962344,0.3490061127923067
UCB1_0.01,311,0.3475769230769233,0.34615506594972656,0.34899878020412
UCB1_0.01,312,0.34757188498402536,0.34615470815072746,0.34898906181732325
UCB1_0.01,313,0.34767515923566844,0.3462484378553289,0.349101880616008
UCB1_0.01,314,0.3475873015873018,0.34616105638644457,0.349013546788159
UCB1_0.01,315,0.34767088607594926,0.3462495989360283,0.3490921732158702
UCB1_0.01,316,0.3476466876971619,0.3462162989629347,0.3490770764313891
UCB1_0.01,317,0.34768553459119483,0.34625837591940517,0.3491126932629845
UCB1_0.01,318,0.347667711598746,0.3462394207669144,0.3490960024305776
UCB1_0.01,319,0.34774374999999963,0.3463121409030084,0.3491753590969909
UCB1_0.01,320,0.3477694704049838,0.3463394100044658,0.3491995308055018
UCB1_0.01,321,0.3479130434782611,0.34648276595867644,0.3493433209978457
UCB1_0.01,322,0.3479690402476779,0.34653824285539464,0.34939983763996113
UCB1_0.01,323,0.3479135802469136,0.34649593889415614,0.34933122159967106
UCB1_0.01,324,0.34792615384615383,0.34651033938123926,0.3493419683110684
UCB1_0.01,325,0.34793865030674836,0.34652352450218954,0.3493537761113072
UCB1_0.01,326,0.3479694189602447,0.3465594531473748,0.3493793847731146
UCB1_0.01,327,0.3478719512195122,0.3464579752918452,0.3492859271471792
UCB1_0.01,328,0.34788449848024294,0.34647481308632005,0.34929418387416583
UCB1_0.01,329,0.3479333333333333,0.34652117058966503,0.3493454960770016
UCB1_0.01,330,0.34805438066465405,0.34663934810386277,0.34946941322544534
UCB1_0.01,331,0.3481325301204821,0.34670463383258004,0.3495604264083842
UCB1_0.01,332,0.3481381381381386,0.3467204552469051,0.3495558210293721
UCB1_0.01,333,0.3482275449101798,0.34680243589399506,0.3496526539263646
UCB1_0.01,334,0.348328358208955,0.34689958883800787,0.3497571275799022
UCB1_0.01,335,0.3482500000000001,0.3468256275899845,0.34967437241001575
UCB1_0.01,336,0.348308605341248,0.3468895161848293,0.3497276944976667
UCB1_0.01,337,0.3482485207100583,0.34683060570684154,0.34966643571327505
UCB1_0.01,338,0.3482654867256634,0.3468429816298555,0.34968799182147126
UCB1_0.01,339,0.3481764705882355,0.3467653648085734,0.34958757636789756
UCB1_0.01,340,0.3482815249266868,0.3468653478090978,0.3496977020442758
UCB1_0.01,341,0.34821052631578886,0.346791516352067,0.3496295362795107
UCB1_0.01,342,0.3482682215743439,0.3468528906861605,0.3496835524625273
UCB1_0.01,343,0.34822093023255973,0.34679999716008414,0.3496418633050353
UCB1_0.01,344,0.34834202898550787,0.3469286137814775,0.34975544418953824
UCB1_0.01,345,0.34842196531791897,0.34700288658917466,0.3498410440466633
UCB1_0.01,346,0.348414985590778,0.3469964106164977,0.34983356056505827
UCB1_0.01,347,0.34845402298850525,0.3470400782605512,0.3498679677164593
UCB1_0.01,348,0.348361031518625,0.3469435696002283,0.3497784934370217
UCB1_0.01,349,0.34834285714285756,0.3469229309713031,0.349762783314412
UCB1_0.01,350,0.34837606837606927,0.3469594816144785,0.34979265513766006
UCB1_0.01,351,0.34853409090909115,0.3471159413514551,0.3499522404667272
UCB1_0.01,352,0.34849291784702485,0.3470703020244283,0.3499155336696214
UCB1_0.01,353,0.3484745762711865,0.3470548379690385,0.3498943145733345
UCB1_0.01,354,0.3484676056338025,0.3470406670158373,0.34989454425176775
UCB1_0.01,355,0.34837640449438084,0.3469553120200609,0.34979749696870077
UCB1_0.01,356,0.34839775910364174,0.34697084319392674,0.34982467501335673
UCB1_0.01,357,0.34846368715083775,0.347041424523623,0.3498859497780525
UCB1_0.01,358,0.3484902506963787,0.3470634500944236,0.3499170512983338
UCB1_0.01,359,0.34851111111111105,0.3470821006268075,0.3499401215954146
UCB1_0.01,360,0.34842659279778426,0.3470039103652919,0.34984927523027665
UCB1_0.01,361,0.3485856353591159,0.34715923930888926,0.35001203140934256
UCB1_0.01,362,0.3485454545454547,0.34712124630038804,0.3499696627905214
UCB1_0.01,363,0.34856043956043925,0.3471445874583673,0.3499762916625112
UCB1_0.01,364,0.34856438356164415,0.3471511362360586,0.3499776308872297
UCB1_0.01,365,0.3485683060109289,0.34714905987306943,0.3499875521487884
UCB1_0.01,366,0.34863760217983647,0.3472120973307767,0.35006310702889626
UCB1_0.01,367,0.3485652173913042,0.34713691355364723,0.34999352122896116
UCB1_0.01,368,0.34864498644986375,0.34721782736838813,0.35007214553133936
UCB1_0.01,369,0.34865945945945986,0.347230391169878,0.3500885277490417
UCB1_0.01,370,0.3487115902964962,0.34728602800214725,0.3501371525908451
UCB1_0.01,371,0.34873655913978513,0.34731671858772833,0.3501563996918419
UCB1_0.01,372,0.34877747989276114,0.3473558286990316,0.3501991310864907
UCB1_0.01,373,0.3488235294117648,0.34739401903089173,0.3502530397926379
UCB1_0.01,374,0.3487360000000003,0.3473047556186835,0.35016724438131713
UCB1_0.01,375,0.3487499999999997,0.34731542184966785,0.3501845781503316
UCB1_0.01,376,0.34873740053050234,0.3473152050158965,0.35015959604510816
UCB1_0.01,377,0.34871428571428587,0.3472890679039705,0.3501395035246012
UCB1_0.01,378,0.3486332453825862,0.3472125579605183,0.35005393280465413
UCB1_0.01,379,0.34875789473684216,0.3473385654751013,0.35017722399858303
UCB1_0.01,380,0.3488818897637811,0.347464320104654,0.3502994594229082
UCB1_0.01,381,0.34896858638743444,0.34755014276913915,0.35038703000572974
UCB1_0.01,382,0.3490130548302866,0.3475997241391044,0.3504263855214688
UCB1_0.01,383,0.34893750000000023,0.347530602184025,0.3503443978159755
UCB1_0.01,384,0.34895584415584424,0.34754589945798864,0.35036578885369984
UCB1_0.01,385,0.34904663212435244,0.347637893781273,0.35045537046743186
UCB1_0.01,386,0.34900258397932965,0.34758939257561955,0.35041577538303975
UCB1_0.01,387,0.34902577319587724,0.3476141935997843,0.3504373527919702
UCB1_0.01,388,0.34902827763496114,0.3476110328838432,0.35044552238607907
UCB1_0.01,389,0.3491384615384611,0.34772619252445947,0.3505507305524628
UCB1_0.01,390,0.349109974424552,0.3476977311643435,0.3505222176847605
UCB1_0.01,391,0.3490969387755119,0.34768886222961026,0.35050501532141354
UCB1_0.01,392,0.3491755725190841,0.3477685145650539,0.3505826304731143
UCB1_0.01,393,0.3490964467005081,0.3476884946528282,0.350504398748188
UCB1_0.01,394,0.3491443037974679,0.34773535277697504,0.3505532548179608
UCB1_0.01,395,0.34918181818181815,0.34777085458408935,0.35059278177954695
UCB1_0.01,396,0.34916372795969847,0.34775312468443365,0.3505743312349633
UCB1_0.01,397,0.3491206030150749,0.34770673131951085,0.350534474710639
UCB1_0.01,398,0.34905263157894695,0.34763685327040095,0.35046840988749295
UCB1_0.01,399,0.34914000000000045,0.34772178330906606,0.35055821669093484
UCB1_0.01,400,0.3491770573566077,0.3477614649906912,0.3505926497225242
UCB1_0.01,401,0.34904975124378124,0.34764448996686137,0.3504550125207011
UCB1_0.01,402,0.3490421836228285,0.34763295197163463,0.3504514152740224
UCB1_0.01,403,0.34911386138613837,0.34769720275103544,0.3505305200212413
UCB1_0.01,404,0.3491259259259265,0.3477101943966288,0.3505416574552242
UCB1_0.01,405,0.3491034482758616,0.347683040264399,0.3505238562873242
UCB1_0.01,406,0.34906142506142523,0.34764935214587706,0.3504734979769734
UCB1_0.01,407,0.349073529411765,0.3476535941673253,0.35049346465620473
UCB1_0.01,408,0.3491833740831293,0.3477686949736629,0.35059805319259574
UCB1_0.01,409,0.34917073170731733,0.347763008090086,0.3505784553245487
UCB1_0.01,410,0.34926034063260336,0.3478517407096379,0.3506689405555688
UCB1_0.01,411,0.34918446601941705,0.3477683916900408,0.3506005403487933
UCB1_0.01,412,0.3492639225181597,0.34784712977626014,0.35068071526005923
UCB1_0.01,413,0.34928502415458884,0.3478697211211275,0.35070032718805016
UCB1_0.01,414,0.3493783132530118,0.3479634357798183,0.35079319072620524
UCB1_0.01,415,0.34928365384615373,0.3478627715850201,0.35070453610728736
UCB1_0.01,416,0.3492326139088728,0.3478140415353802,0.35065118628236536
UCB1_0.01,417,0.34926315789473644,0.3478422179874795,0.3506840978019934
UCB1_0.01,418,0.3493031026252988,0.3478857720889864,0.35072043316161117
UCB1_0.01,419,0.3493428571428572,0.3479197024446481,0.35076601184106626
UCB1_0.01,420,0.3493681710213777,0.34794489627057873,0.35079144577217664
UCB1_0.01,421,0.3492985781990511,0.3478792876218561,0.35071786877624606
UCB1_0.01,422,0.3493286052009459,0.34791512640740485,0.3507420839944869
UCB1_0.01,423,0.34938679245283033,0.34797087169239493,0.3508027132132657
UCB1_0.01,424,0.3493741176470592,0.3479548857569981,0.3507933495371203
UCB1_0.01,425,0.3493849765258216,0.3479688063608453,0.3508011466907979
UCB1_0.01,426,0.34936299765808015,0.3479429516153636,0.3507830437007967
UCB1_0.01,427,0.34939252336448573,0.34797980432515013,0.3508052424038213
UCB1_0.01,428,0.3493799533799535,0.3479707330256961,0.35078917373421087
UCB1_0.01,429,0.3493906976744187,0.34797974659274633,0.3508016487560911
UCB1_0.01,430,0.34940139211136745,0.3479863709313876,0.3508164132913473
UCB1_0.01,431,0.34938425925925953,0.34797157726787314,0.3507969412506459
UCB1_0.01,432,0.3493995381062354,0.3479832560863189,0.3508158201261519
UCB1_0.01,433,0.34941013824884815,0.34798916762546156,0.35083110887223473
UCB1_0.01,434,0.3494988505747129,0.34807997456052736,0.35091772658889847
UCB1_0.01,435,0.34944036697247705,0.3480200286365443,0.3508607053084098
UCB1_0.01,436,0.3494004576659038,0.3479801104071741,0.35082080492463347
UCB1_0.01,437,0.34939269406392715,0.34797476596464355,0.35081062216321074
UCB1_0.01,438,0.3494168564920275,0.34799183411482626,0.3508418788692288
UCB1_0.01,439,0.34936818181818213,0.3479377269668265,0.35079863666953776
UCB1_0.01,440,0.34937868480725787,0.3479556191477577,0.35080175046675804
UCB1_0.01,441,0.3494298642533935,0.3480077293390531,0.3508519991677339
UCB1_0.01,442,0.3493995485327312,0.34797810956091796,0.35082098750454443
UCB1_0.01,443,0.3494009009009009,0.3479827914151642,0.35081901038663765
UCB1_0.01,444,0.34944269662921407,0.3480322051952634,0.35085318806316473
UCB1_0.01,445,0.34949775784753384,0.3480855062707221,0.3509100094243456
UCB1_0.01,446,0.3494720357941835,0.34806120044102007,0.35088287114734695
UCB1_0.01,447,0.3494330357142858,0.34802040328859424,0.35084566813997736
UCB1_0.01,448,0.349496659242761,0.3480723183859334,0.35092100009958865
UCB1_0.01,449,0.34957777777777777,0.3481622890309173,0.35099326652463825
UCB1_0.01,450,0.3495698447893571,0.34815712262585624,0.35098256695285796
UCB1_0.01,451,0.34957079646017536,0.34815245464001154,0.3509891382803392
UCB1_0.01,452,0.3495187637969094,0.3481032903999184,0.3509342371939004
UCB1_0.01,453,0.3495638766519835,0.3481455645289361,0.35098218877503096
UCB1_0.01,454,0.34961758241758256,0.3482020586743116,0.35103310616085354
UCB1_0.01,455,0.3496666666666673,0.3482476428340138,0.35108569049932076
UCB1_0.01,456,0.3496323851203504,0.34821283693858507,0.3510519333021157
UCB1_0.01,457,0.3496419213973796,0.3482258998946482,0.351057942900111
UCB1_0.01,458,0.34962091503267967,0.3482025589341347,0.35103927113122463
UCB1_0.01,459,0.34964782608695544,0.3482270328098476,0.35106861936406325
UCB1_0.01,460,0.349678958785249,0.3482572486466338,0.3511006689238642
UCB1_0.01,461,0.34986147186147154,0.3484430639431873,0.3512798797797558
UCB1_0.01,462,0.3498012958963287,0.34838249557400164,0.35122009621865574
UCB1_0.01,463,0.34987500000000016,0.34845289671840035,0.35129710328159997
UCB1_0.01,464,0.34986236559139783,0.34844298984166044,0.3512817413411352
UCB1_0.01,465,0.34992703862660923,0.3485152938083503,0.3513387834448682
UCB1_0.01,466,0.3499443254817996,0.34853502018341476,0.35135363078018444
UCB1_0.01,467,0.3500427350427353,0.34863230587794936,0.35145316420752126
UCB1_0.01,468,0.3500085287846482,0.3485931383430321,0.3514239192262643
UCB1_0.01,469,0.35003829787234064,0.3486293357427333,0.351447260001948
UCB1_0.01,470,0.350012738853503,0.3486090211708433,0.35141645653616266
UCB1_0.01,471,0.3500254237288135,0.3486186759807892,0.3514321714768378
UCB1_0.01,472,0.3500507399577169,0.348642591858445,0.3514588880569888
UCB1_0.01,473,0.35000421940928267,0.3485975325844654,0.35141090623409993
UCB1_0.01,474,0.34999578947368437,0.3485863621721133,0.35140521677525544
UCB1_0.01,475,0.3499957983193279,0.348584678333138,0.35140691830551785
UCB1_0.01,476,0.34997484276729507,0.3485660353723534,0.3513836501622367
UCB1_0.01,477,0.34993723849372427,0.3485253164999126,0.35134916048753595
UCB1_0.01,478,0.3499582463465558,0.34854908149645125,0.3513674111966604
UCB1_0.01,479,0.34991249999999985,0.34850395446020127,0.3513210455397984
UCB1_0.01,480,0.34991268191268204,0.3484991223800415,0.3513262414453226
UCB1_0.01,481,0.3499128630705389,0.34849689153801566,0.3513288346030622
UCB1_0.01,482,0.3499047619047617,0.3484919678368316,0.3513175559726918
UCB1_0.01,483,0.34990082644628107,0.34849206938705607,0.35130958350550606
UCB1_0.01,484,0.3498804123711346,0.34846869346692577,0.3512921312753434
UCB1_0.01,485,0.3499506172839511,0.3485468896333642,0.351354344934538
UCB1_0.01,486,0.3499958932238193,0.3485957772444952,0.3513960092031434
UCB1_0.01,487,0.34988114754098304,0.34848426926581627,0.3512780258161498
UCB1_0.01,488,0.3498854805725967,0.3484879329124749,0.35128302823271856
UCB1_0.01,489,0.3499142857142859,0.34851973880788645,0.35130883262068535
UCB1_0.01,490,0.3499755600814663,0.3485829413714696,0.351368178791463
UCB1_0.01,491,0.35000406504065057,0.34860404598528544,0.3514040840960157
UCB1_0.01,492,0.35000405679513186,0.34860794233183046,0.35140017125843326
UCB1_0.01,493,0.3499878542510117,0.34859136046228767,0.3513843480397357
UCB1_0.01,494,0.35002424242424207,0.3486282430216864,0.35142024182679776
UCB1_0.01,495,0.34997580645161247,0.3485757998499752,0.3513758130532497
UCB1_0.01,496,0.3499436619718306,0.3485467214776055,0.35134060246605564
UCB1_0.01,497,0.35001204819277054,0.3486140388592957,0.3514100575262454
UCB1_0.01,498,0.35004809619238525,0.3486563124281541,0.3514398799566164
UCB1_0.01,499,0.35009600000000046,0.34870246263645543,0.3514895373635455
UCB1_0.01,500,0.35005189620758487,0.3486594550480444,0.3514443373671253
UCB1_0.01,501,0.3501274900398408,0.3487333268762872,0.35152165320339435
UCB1_0.01,502,0.3501312127236579,0.348738266810709,0.35152415863660674
UCB1_0.01,503,0.350194444444446,0.3487980036521582,0.35159088523673376
UCB1_0.01,504,0.3502772277227722,0.3488801350400691,0.3516743204054753
UCB1_0.01,505,0.3502608695652173,0.34886407874613345,0.35165766038430113
UCB1_0.01,506,0.3502445759368836,0.3488412218523539,0.35164793002141326
UCB1_0.01,507,0.350299212598427,0.348900015011579,0.351698410185275
UCB1_0.01,508,0.350365422396857,0.3489612769601515,0.35176956783356245
UCB1_0.01,509,0.3503372549019602,0.34893944395806237,0.35173506584585806
UCB1_0.01,510,0.3503405088062608,0.34893596582224734,0.3517450517902742
UCB1_0.01,511,0.35037109375,0.348968095385732,0.35177409211426797
UCB1_0.01,512,0.3504444444444459,0.3490474143429472,0.35184147454594455
UCB1_0.01,513,0.350486381322957,0.3490873666431659,0.3518853960027481
UCB1_0.01,514,0.3504970873786405,0.3491024692723507,0.35189170548493026
UCB1_0.01,515,0.3505465116279086,0.3491526230695545,0.3519404001862627
UCB1_0.01,516,0.3505802707930371,0.3491867674365218,0.3519737741495524
UCB1_0.01,517,0.35058687258687427,0.3491986643747765,0.35197508079897205
UCB1_0.01,518,0.3506319845857423,0.34924473665030253,0.35201923252118206
UCB1_0.01,519,0.3506269230769213,0.34923850083420965,0.3520153453196329
UCB1_0.01,520,0.350641074856046,0.34925241000440727,0.35202973970768475
UCB1_0.01,521,0.3506666666666667,0.34927958668283154,0.3520537466505018
UCB1_0.01,522,0.3506806883365197,0.3492903017176676,0.3520710749553718
UCB1_0.01,523,0.35072519083969445,0.3493336398714035,0.3521167418079854
UCB1_0.01,524,0.3506933333333332,0.34930425794816256,0.3520824087185038
UCB1_0.01,525,0.35069581749049444,0.34930305694758723,0.35208857803340166
UCB1_0.01,526,0.35068311195445895,0.3492886434443714,0.3520775804645465
UCB1_0.01,527,0.35066666666666674,0.34927254951046466,0.3520607838228688
UCB1_0.01,528,0.3506843100189033,0.349294045072278,0.35207457496552863
UCB1_0.01,529,0.3507433962264149,0.3493517221701893,0.35213507028264057
UCB1_0.01,530,0.350775894538606,0.34938665862372814,0.3521651304534839
UCB1_0.01,531,0.35078571428571464,0.3493948323321259,0.35217659623930336
UCB1_0.01,532,0.3507767354596619,0.3493877738782332,0.35216569704109063
UCB1_0.01,533,0.3508426966292141,0.3494513519900532,0.35223404126837493
UCB1_0.01,534,0.35083364485981283,0.3494379064962746,0.35222938322335107
UCB1_0.01,535,0.35086567164179144,0.34946949839679425,0.35226184488678863
UCB1_0.01,536,0.3508603351955307,0.34946046999694425,0.3522602003941172
UCB1_0.01,537,0.3508773234200739,0.34947798912945877,0.352276657710689
UCB1_0.01,538,0.3509128014842305,0.34951490823839376,0.3523106947300672
UCB1_0.01,539,0.35090370370370416,0.34950885314919006,0.35229855425821827
UCB1_0.01,540,0.3509168207024028,0.349517684382266,0.35231595702253965
UCB1_0.01,541,0.3508929889298892,0.3494945975658387,0.35229138029393964
UCB1_0.01,542,0.35084346224677654,0.3494456666893078,0.35224125780424526
UCB1_0.01,543,0.35084926470588246,0.3494472958136256,0.3522512335981393
UCB1_0.01,544,0.3508477064220181,0.3494496061339217,0.3522458067101146
UCB1_0.01,545,0.3509523809523811,0.34955535666083676,0.3523494052439255
UCB1_0.01,546,0.35096160877513727,0.34956150535309816,0.3523617121971764
UCB1_0.01,547,0.3509270072992701,0.34952486476950495,0.3523291498290353
UCB1_0.01,548,0.35096539162112894,0.3495613528884759,0.352369430353782
UCB1_0.01,549,0.35096363636363653,0.3495591437611598,0.35236812896611325
UCB1_0.01,550,0.35097277676950944,0.3495756535781963,0.3523698999608226
UCB1_0.01,551,0.3510217391304338,0.34961564211136936,0.3524278361494982
UCB1_0.01,552,0.3510705244122962,0.3496638389068366,0.3524772099177558
UCB1_0.01,553,0.35109025270758204,0.349684890795101,0.35249561462006307
UCB1_0.01,554,0.3510450450450451,0.34964339957526047,0.3524466905148297
UCB1_0.01,555,0.35106474820143857,0.34966024049066396,0.3524692559122132
UCB1_0.01,556,0.3511454219030522,0.34974047317604,0.3525503706300644
UCB1_0.01,557,0.35107885304659486,0.34967372605777397,0.35248398003541576
UCB1_0.01,558,0.35107334525939166,0.3496701426949148,0.3524765478238685
UCB1_0.01,559,0.3510285714285714,0.3496244722593694,0.35243267059777345
UCB1_0.01,560,0.35116221033868095,0.34975990063001,0.3525645200473519
UCB1_0.01,561,0.35119572953736655,0.34979978935207806,0.35259166972265504
UCB1_0.01,562,0.3511900532859681,0.34979471152554664,0.3525853950463895
UCB1_0.01,563,0.35123049645390053,0.34983291426665925,0.3526280786411418
UCB1_0.01,564,0.3512424778761045,0.34984327380190855,0.3526416819503005
UCB1_0.01,565,0.3511978798586575,0.34980113910172117,0.3525946206155939
UCB1_0.01,566,0.3511675485008818,0.34977190861890567,0.3525631883828579
UCB1_0.01,567,0.3512112676056336,0.3498158394510484,0.3526066957602188
UCB1_0.01,568,0.35115992970123006,0.34976664636005506,0.35255321304240506
UCB1_0.01,569,0.3511964912280699,0.3498047412838851,0.3525882411722547
UCB1_0.01,570,0.3511943957968474,0.3498017552193806,0.3525870363743142
UCB1_0.01,571,0.3511748251748254,0.34978459694225855,0.35256505340739225
UCB1_0.01,572,0.3511867364746947,0.3498004095337342,0.35257306341565525
UCB1_0.01,573,0.3511602787456445,0.3497784238116914,0.3525421336795976
UCB1_0.01,574,0.3511930434782611,0.34980777826669684,0.3525783086898253
UCB1_0.01,575,0.3511388888888891,0.3497516178843132,0.35252615989346503
UCB1_0.01,576,0.35122010398613523,0.34983433739308334,0.35260587057918713
UCB1_0.01,577,0.35125951557093427,0.3498712168077378,0.3526478143341307
UCB1_0.01,578,0.35124352331606207,0.34985986202502667,0.35262718460709747
UCB1_0.01,579,0.3512586206896536,0.34987000822717557,0.3526472331521316
UCB1_0.01,580,0.35119793459552495,0.3498074183242949,0.352588450866755
UCB1_0.01,581,0.3512199312714776,0.3498335899115203,0.3526062726314349
UCB1_0.01,582,0.35124528301886915,0.3498647942371881,0.3526257718005502
UCB1_0.01,583,0.3512157534246568,0.34982969035741956,0.352601816491894
UCB1_0.01,584,0.3511863247863254,0.3498019405690849,0.35257070900356585
UCB1_0.01,585,0.35122525597269655,0.3498429259069859,0.3526075860384072
UCB1_0.01,586,0.3511925042589442,0.34980672381777766,0.35257828470011077
UCB1_0.01,587,0.3512380952380968,0.34985141032993866,0.3526247801462549
UCB1_0.01,588,0.3512733446519525,0.3498852297892994,0.35266145951460554
UCB1_0.01,589,0.35126440677966153,0.34988280448139475,0.3526460090779283
UCB1_0.01,590,0.35129610829103236,0.34991270253949985,0.35267951404256487
UCB1_0.01,591,0.351293918918919,0.3499160005380523,0.3526718372997857
UCB1_0.01,592,0.3513052276559858,0.34993082563850814,0.3526796296734635
UCB1_0.01,593,0.3513737373737373,0.3499959654116719,0.3527515093358027
UCB1_0.01,594,0.3513781512605045,0.3500059416848116,0.3527503608361974
UCB1_0.01,595,0.35141610738255025,0.35004239451661456,0.35278982024848593
UCB1_0.01,596,0.35142043551088775,0.3500478088045948,0.3527930622171807
UCB1_0.01,597,0.3514147157190636,0.3500409364753176,0.35278849496280956
UCB1_0.01,598,0.35142237061769627,0.3500489047654023,0.35279583646999024
UCB1_0.01,599,0.3514433333333333,0.35007164164230054,0.352815025024366
UCB1_0.01,600,0.3514841930116474,0.35011226929410244,0.35285611672919237
UCB1_0.01,601,0.3515249169435232,0.350150405723907,0.35289942816313946
UCB1_0.01,602,0.35154560530679935,0.3501704635535896,0.3529207470600091
UCB1_0.01,603,0.35149006622516554,0.3501149256438321,0.35286520680649897
UCB1_0.01,604,0.35154049586776875,0.3501696913498008,0.3529113003857367
UCB1_0.01,605,0.35155115511551127,0.3501722544307355,0.352930055800287
UCB1_0.01,606,0.3515650741350907,0.35018867584175795,0.35294147242842344
UCB1_0.01,607,0.35160197368421026,0.3502200491121589,0.3529838982562616
UCB1_0.01,608,0.3516748768472906,0.35029394184790663,0.35305581184667456
UCB1_0.01,609,0.35168196721311457,0.35029888937230014,0.353065045053929
UCB1_0.01,610,0.3516661211129299,0.3502827312020201,0.3530495110238397
UCB1_0.01,611,0.351735294117647,0.3503504580878514,0.35312013014744253
UCB1_0.01,612,0.35174225122349106,0.35036211616422486,0.3531223862827573
UCB1_0.01,613,0.3517980456026052,0.3504214934887374,0.35317459771647297
UCB1_0.01,614,0.35181138211382085,0.3504348224599451,0.3531879417676966
UCB1_0.01,615,0.3517987012987007,0.3504243819884102,0.35317302060899125
UCB1_0.01,616,0.3518314424635334,0.3504520972193399,0.35321078770772685
UCB1_0.01,617,0.3518899676375405,0.3505094379883593,0.35327049728672166
UCB1_0.01,618,0.3519127625201938,0.35052965021629323,0.3532958748240944
UCB1_0.01,619,0.3518709677419357,0.3504909860915045,0.35325094939236695
UCB1_0.01,620,0.3518647342995174,0.3504831582475347,0.35324631035150017
UCB1_0.01,621,0.35186816720257263,0.35049198240426294,0.35324435200088233
UCB1_0.01,622,0.35188121990369176,0.350509225005542,0.3532532148018415
UCB1_0.01,623,0.3519006410256405,0.3505292444073877,0.3532720376438933
UCB1_0.01,624,0.3519584000000003,0.3505851536698614,0.35333164633013914
UCB1_0.01,625,0.3518881789137379,0.350508832415837,0.3532675254116388
UCB1_0.01,626,0.3519074960127607,0.3505331521216392,0.35328183990388223
UCB1_0.01,627,0.3518662420382169,0.35049352810036016,0.3532389559760737
UCB1_0.01,628,0.35188553259141464,0.3505163370687902,0.3532547281140391
UCB1_0.01,629,0.3518888888888885,0.3505193235613945,0.35325845421638247
UCB1_0.01,630,0.35191759112519655,0.3505472970406198,0.3532878852097733
UCB1_0.01,631,0.35199367088607586,0.35061983714018524,0.3533675046319665
UCB1_0.01,632,0.35201263823064793,0.35063596497813954,0.35338931148315633
UCB1_0.01,633,0.3520252365930596,0.3506515632589145,0.35339890992720474
UCB1_0.01,634,0.35201889763779504,0.35064492001043474,0.35339287526515534
UCB1_0.01,635,0.35203459119496855,0.3506619293275819,0.3534072530623552
UCB1_0.01,636,0.3520722135007852,0.3506969088342288,0.3534475181673416
UCB1_0.01,637,0.35206896551724115,0.3506968740440921,0.3534410569903902
UCB1_0.01,638,0.35210328638497634,0.3507312630489532,0.3534753097209995
UCB1_0.01,639,0.3520937500000006,0.35071977116964054,0.35346772883036065
UCB1_0.01,640,0.35213728549142,0.3507636402700073,0.3535109307128327
UCB1_0.01,641,0.35219937694704023,0.35082133718566955,0.3535774167084109
UCB1_0.01,642,0.3522395023328153,0.350859616167469,0.3536193884981616
UCB1_0.01,643,0.352251552795031,0.350874526272076,0.353628579317986
UCB1_0.01,644,0.35225736434108507,0.3508859492167672,0.35362877946540294
UCB1_0.01,645,0.3522941176470588,0.35092226999281917,0.35366596530129846
UCB1_0.01,646,0.35226893353941224,0.3509002001416932,0.3536376669371313
UCB1_0.01,647,0.35237037037037044,0.35100396503759473,0.35373677570314616
UCB1_0.01,648,0.35237904468412923,0.35101219324013017,0.3537458961281283
UCB1_0.01,649,0.35240307692307704,0.351030806807489,0.3537753470386651
UCB1_0.01,650,0.3524024577572961,0.3510290350280403,0.35377588048655195
UCB1_0.01,651,0.35243251533742354,0.3510612677588501,0.35380376291599697
UCB1_0.01,652,0.35248698315467053,0.3511181287986468,0.35385583751069427
UCB1_0.01,653,0.35251681957186537,0.3511473995945423,0.35388623954918846
UCB1_0.01,654,0.3525526717557248,0.35118219622072655,0.35392314729072305
UCB1_0.01,655,0.3524969512195123,0.35112403942866816,0.35386986301035644
UCB1_0.01,656,0.35255403348554004,0.3511779634048432,0.3539301035662369
UCB1_0.01,657,0.35259574468085086,0.3512183644551627,0.35397312490653904
UCB1_0.01,658,0.35261305007587224,0.3512369501996079,0.3539891499521366
UCB1_0.01,659,0.35262121212121195,0.3512511422141538,0.35399128202827007
UCB1_0.01,660,0.3525960665658092,0.3512294576471331,0.35396267548448535
UCB1_0.01,661,0.3525619335347429,0.35119990465751594,0.3539239624119699
UCB1_0.01,662,0.35254298642533954,0.3511755173625398,0.35391045548813926
UCB1_0.01,663,0.35251807228915577,0.35115163671614913,0.3538845078621624
UCB1_0.01,664,0.3525533834586458,0.35118639916536465,0.3539203677519269
UCB1_0.01,665,0.35254654654654666,0.35117999388888815,0.35391309920420516
UCB1_0.01,666,0.35254572713643206,0.3511835859930871,0.35390786827977705
UCB1_0.01,667,0.35253892215568877,0.3511735541304482,0.35390429018092934
UCB1_0.01,668,0.3525112107623317,0.35114272597089485,0.3538796955537686
UCB1_0.01,669,0.3525432835820889,0.35117497700406924,0.3539115901601086
UCB1_0.01,670,0.352569299552906,0.3512047719966414,0.3539338271091706
UCB1_0.01,671,0.35255952380952393,0.35119694499719145,0.3539221026218564
UCB1_0.01,672,0.35258841010401215,0.3512317772728183,0.353945042935206
UCB1_0.01,673,0.3525489614243341,0.3511915335797412,0.35390638926892704
UCB1_0.01,674,0.3525925925925928,0.3512370266407329,0.35394815854445266
UCB1_0.01,675,0.35260650887573913,0.35125811733689544,0.35395490041458283
UCB1_0.01,676,0.35261152141802066,0.35126168571717065,0.35396135711887067
UCB1_0.01,677,0.35262536873156297,0.3512711824658668,0.35397955499725914
UCB1_0.01,678,0.35256553755522857,0.35121084892433685,0.3539202261861203
UCB1_0.01,679,0.3525441176470586,0.3511832072776176,0.35390502801649965
UCB1_0.01,680,0.35254625550660795,0.3511890802598687,0.3539034307533472
UCB1_0.01,681,0.35260117302052774,0.35124625417191946,0.353956091869136
UCB1_0.01,682,0.3525797950219625,0.3512227473063672,0.3539368427375578
UCB1_0.01,683,0.3525994152046786,0.3512400494695033,0.35395878093985383
UCB1_0.01,684,0.3525927007299268,0.3512359057816653,0.35394949567818834
UCB1_0.01,685,0.3525976676384839,0.35124071042243743,0.35395462485453033
UCB1_0.01,686,0.35259679767103347,0.35123655808703164,0.3539570372550353
UCB1_0.01,687,0.3526017441860466,0.35124059502222615,0.3539628933498671
UCB1_0.01,688,0.35258345428156795,0.35122674557548994,0.35394016298764597
UCB1_0.01,689,0.3526231884057977,0.35126829794663367,0.35397807886496174
UCB1_0.01,690,0.35261939218523897,0.35126682900238937,0.35397195536808856
UCB1_0.01,691,0.3526011560693644,0.35124807619840576,0.353954235940323
UCB1_0.01,692,0.3526204906204905,0.35126360909857346,0.35397737214240754
UCB1_0.01,693,0.35262536023054775,0.35126804898083347,0.353982671480262
UCB1_0.01,694,0.35260143884892114,0.3512449643450789,0.3539579133527634
UCB1_0.01,695,0.35254597701149454,0.35119016743702935,0.3539017865859597
UCB1_0.01,696,0.35253658536585364,0.3511821074454457,0.3538910632862616
UCB1_0.01,697,0.35257020057306554,0.35121188842805434,0.35392851271807674
UCB1_0.01,698,0.3525636623748211,0.3512077264022219,0.3539195983474203
UCB1_0.01,699,0.35259142857142917,0.35123455053315844,0.3539483066096999
UCB1_0.01,700,0.3525962910128388,0.3512353395849296,0.353957242440748
UCB1_0.01,701,0.352609686609687,0.3512486988446876,0.3539706743746864
UCB1_0.01,702,0.35261450924608806,0.35125162030819435,0.3539773981839818
UCB1_0.01,703,0.35264488636363667,0.3512802978314142,0.35400947489585916
UCB1_0.01,704,0.3526751773049645,0.3513079276126533,0.3540424269972757
UCB1_0.01,705,0.3526827195467416,0.35131531260516474,0.3540501264883184
UCB1_0.01,706,0.3527072135785008,0.35134166437438274,0.3540727627826189
UCB1_0.01,707,0.35265536723163826,0.35128916945226624,0.3540215650110103
UCB1_0.01,708,0.35269111424541577,0.35132688249116906,0.3540553459996625
UCB1_0.01,709,0.3527323943661976,0.3513697267038761,0.35409506202851904
UCB1_0.01,710,0.35273980309423353,0.35137479018784323,0.3541048160006238
UCB1_0.01,711,0.3527612359550554,0.3513966856920783,0.3541257862180324
UCB1_0.01,712,0.3528274894810656,0.35146263657277566,0.3541923423893556
UCB1_0.01,713,0.35284033613445354,0.3514772996556828,0.35420337261322427
UCB1_0.01,714,0.35281118881118906,0.35144693354271744,0.3541754440796607
UCB1_0.01,715,0.3528407821229051,0.3514781255935492,0.354203438652261
UCB1_0.01,716,0.3528479776847977,0.35148500103367647,0.3542109543359189
UCB1_0.01,717,0.3528300835654598,0.35147051006264324,0.3541896570682764
UCB1_0.01,718,0.35289847009735736,0.35154170114539984,0.3542552390493149
UCB1_0.01,719,0.35283888888888876,0.35148017990457314,0.3541975978732044
UCB1_0.01,720,0.35286269070735066,0.351502701641196,0.3542226797735053
UCB1_0.01,721,0.35288919667590013,0.35152951755549594,0.3542488757963043
UCB1_0.01,722,0.3529737206085759,0.3516207259638797,0.3543267152532721
UCB1_0.01,723,0.3530331491712704,0.351679564608127,0.35438673373441376
UCB1_0.01,724,0.35300965517241334,0.35165681881992344,0.35436249152490323
UCB1_0.01,725,0.35298898071625323,0.3516373715295959,0.35434058990291056
UCB1_0.01,726,0.3530674002751032,0.3517148015505235,0.3544199989996829
UCB1_0.01,727,0.35309615384615417,0.3517419252597585,0.35445038243254984
UCB1_0.01,728,0.35314403292181057,0.35178930984619583,0.3544987559974253
UCB1_0.01,729,0.35313698630136975,0.35177896436142114,0.35449500824131835
UCB1_0.01,730,0.3531573187414501,0.35179806063894925,0.354516576843951
UCB1_0.01,731,0.35320218579234974,0.3518473324787706,0.3545570391059289
UCB1_0.01,732,0.35323601637107777,0.3518804518007445,0.354591580941411
UCB1_0.01,733,0.35324250681198904,0.35188605952604174,0.35459895409793635
UCB1_0.01,734,0.3532489795918366,0.3518931719101101,0.3546047872735631
UCB1_0.01,735,0.35321739130434765,0.35186143276181536,0.35457334984687994
UCB1_0.01,736,0.35323744911804555,0.35188180242914946,0.35459309580694165
UCB1_0.01,737,0.3532574525745256,0.35190063246793135,0.3546142726811199
UCB1_0.01,738,0.35329905277401913,0.35194016318596444,0.3546579423620738
UCB1_0.01,739,0.3532756756756759,0.3519184154104981,0.3546329359408537
UCB1_0.01,740,0.353268556005398,0.35191025581976754,0.3546268561910285
UCB1_0.01,741,0.35332075471698104,0.35196042963257,0.3546810798013921
UCB1_0.01,742,0.3533055181695827,0.351943410907137,0.35466762543202845
UCB1_0.01,743,0.35328763440860217,0.3519287065911471,0.3546465622260572
UCB1_0.01,744,0.3533127516778525,0.35195140172262485,0.3546741016330801
UCB1_0.01,745,0.3532895442359248,0.35192788092426336,0.3546512075475862
UCB1_0.01,746,0.35328246318607787,0.35192060870220726,0.3546443176699485
UCB1_0.01,747,0.35331818181818225,0.35195945333098105,0.35467691030538345
UCB1_0.01,748,0.35328170894526023,0.3519197479268722,0.35464366996364827
UCB1_0.01,749,0.35332800000000014,0.35196274451294085,0.35469325548705943
UCB1_0.01,750,0.3533342210386153,0.35196877914991714,0.3546996629273134
UCB1_0.01,751,0.3533803191489363,0.352014584376276,0.35474605392159664
UCB1_0.01,752,0.3533944223107573,0.35202323704078453,0.35476560758073006
UCB1_0.01,753,0.35336870026525036,0.3520008194883196,0.3547365810421811
UCB1_0.01,754,0.35338278145695395,0.3520102855596426,0.3547552773542653
UCB1_0.01,755,0.35340740740740745,0.3520347853131826,0.3547800295016323
UCB1_0.01,756,0.3533896961690882,0.35202204314108515,0.3547573491970913
UCB1_0.01,757,0.35340633245382574,0.3520374933017487,0.3547751716059028
UCB1_0.01,758,0.3534044795783926,0.3520376043908935,0.3547713547658917
UCB1_0.01,759,0.3534368421052634,0.35206935482546675,0.35480432938506
UCB1_0.01,760,0.3534586070959268,0.35208898883071704,0.35482822536113656
UCB1_0.01,761,0.35349343832021146,0.3521226096292978,0.3548642670111251
UCB1_0.01,762,0.3534862385321101,0.3521145096034123,0.3548579674608079
UCB1_0.01,763,0.3535157068062828,0.35214509616925993,0.3548863174433057
UCB1_0.01,764,0.35354248366013075,0.3521697789434321,0.3549151883768294
UCB1_0.01,765,0.35356657963446453,0.35219215242937424,0.3549410068395548
UCB1_0.01,766,0.35361929595827885,0.35224819102656146,0.3549904008899962
UCB1_0.01,767,0.35365364583333336,0.3522826122685529,0.35502467939811383
UCB1_0.01,768,0.35368790637191116,0.35231835603538103,0.3550574567084413
UCB1_0.01,769,0.35362597402597407,0.35225537183209293,0.3549965762198552
UCB1_0.01,770,0.3536057068741897,0.35224005389321444,0.3549713598551649
UCB1_0.01,771,0.35359844559585524,0.3522316267479049,0.35496526444380555
UCB1_0.01,772,0.35357050452781347,0.35220281183955265,0.3549381972160743
UCB1_0.01,773,0.35361498708010497,0.3522443424994797,0.3549856316607302
UCB1_0.01,774,0.3536000000000002,0.35223316864461496,0.3549668313553854
UCB1_0.01,775,0.3536108247422678,0.3522428452012726,0.354978804283263
UCB1_0.01,776,0.3536705276705278,0.35230433485529666,0.35503672048575896
UCB1_0.01,777,0.35366323907454994,0.35229967553698066,0.3550268026121192
UCB1_0.01,778,0.3537278562259306,0.3523644436538568,0.35509126879800446
UCB1_0.01,779,0.35369743589743585,0.35233189487606037,0.35506297691881133
UCB1_0.01,780,0.3537131882202306,0.35234715343880024,0.355079223001661
UCB1_0.01,781,0.3537263427109969,0.3523601114113323,0.3550925740106615
UCB1_0.01,782,0.35372924648786713,0.3523650909540883,0.35509340202164597
UCB1_0.01,783,0.35374234693877576,0.3523773351937244,0.35510735868382715
UCB1_0.01,784,0.3536764331210195,0.35231114078274467,0.3550417254592943
UCB1_0.01,785,0.35366666666666663,0.352300198359257,0.35503313497407624
UCB1_0.01,786,0.35369504447268124,0.35232872789498615,0.35506136105037633
UCB1_0.01,787,0.35366497461928936,0.35229973420747224,0.3550302150311065
UCB1_0.01,788,0.35366539923954465,0.3522978609501824,0.3550329375289069
UCB1_0.01,789,0.3537088607594934,0.3523395138022839,0.35507820771670295
UCB1_0.01,790,0.3537420986093554,0.35237313034129797,0.35511106687741284
UCB1_0.01,791,0.3537196969696978,0.35235321690834864,0.35508617703104695
UCB1_0.01,792,0.35373770491803247,0.35237145474817094,0.355103955087894
UCB1_0.01,793,0.3537304785894213,0.35236335116735307,0.35509760601148954
UCB1_0.01,794,0.3537182389937107,0.3523513662538611,0.3550851117335603
UCB1_0.01,795,0.35370351758793944,0.35233841484013917,0.3550686203357397
UCB1_0.01,796,0.3536762860727725,0.35231288766368274,0.3550396844818623
UCB1_0.01,797,0.3536791979949875,0.3523189351268173,0.3550394608631577
UCB1_0.01,798,0.3536946182728409,0.3523360077458406,0.35505322879984114
UCB1_0.01,799,0.3537400000000001,0.3523802346911802,0.35509976530882004
UCB1_0.01,800,0.35372534332084826,0.35236631063910895,0.3550843760025876
UCB1_0.01,801,0.35372568578553637,0.35236818800720987,0.35508318356386287
UCB1_0.01,802,0.35375591531755934,0.35239506720964364,0.35511676342547505
UCB1_0.01,803,0.35373880597014884,0.3523801258230484,0.3550974861172493
UCB1_0.01,804,0.3537465838509314,0.3523872556542725,0.3551059120475903
UCB1_0.01,805,0.35370223325061995,0.3523452826286468,0.3550591838725931
UCB1_0.01,806,0.3537273853779431,0.3523695573316543,0.35508521342423194
UCB1_0.01,807,0.353720297029703,0.3523631927674474,0.3550774012919586
UCB1_0.01,808,0.3536909765142152,0.3523374032535589,0.35504454977487154
UCB1_0.01,809,0.3536592592592592,0.35230425683100625,0.3550142616875121
UCB1_0.01,810,0.35367200986436453,0.35231946674965686,0.3550245529790722
UCB1_0.01,811,0.3536133004926108,0.3522629866162953,0.3549636143689263
UCB1_0.01,812,0.3536359163591637,0.3522868751510581,0.3549849575672693
UCB1_0.01,813,0.3536461916461919,0.35230028911304634,0.3549920941793374
UCB1_0.01,814,0.353646625766871,0.3523056112499875,0.3549876402837545
UCB1_0.01,815,0.35360539215686254,0.3522657641652442,0.3549450201484809
UCB1_0.01,816,0.35357649938800506,0.35223644651539676,0.35491655226061336
UCB1_0.01,817,0.3536112469437645,0.3522729617965415,0.3549495320909875
UCB1_0.01,818,0.353599511599512,0.35226434290377967,0.3549346802952443
UCB1_0.01,819,0.35359268292682916,0.3522592339783814,0.35492613187527694
UCB1_0.01,820,0.35366382460414103,0.35233171363475435,0.3549959355735277
UCB1_0.01,821,0.3536885644768857,0.3523580640610838,0.3550190648926876
UCB1_0.01,822,0.35373997569866295,0.3524074897870673,0.35507246161025857
UCB1_0.01,823,0.35373300970873733,0.3523950636558508,0.35507095576162384
UCB1_0.01,824,0.3537284848484846,0.3523895970500033,0.355067372646966
UCB1_0.01,825,0.3537094430992735,0.35237077045877035,0.3550481157397766
UCB1_0.01,826,0.3537557436517529,0.35241447952653937,0.3550970077769664
UCB1_0.01,827,0.353789855072464,0.3524498450290177,0.3551298651159103
UCB1_0.01,828,0.35384318455971037,0.3525031140430077,0.355183255076413
UCB1_0.01,829,0.3538578313253014,0.3525218570172523,0.3551938056333505
UCB1_0.01,830,0.353867629362214,0.352527781940802,0.355207476783626
UCB1_0.01,831,0.3538557692307692,0.3525167942928978,0.35519474416864066
UCB1_0.01,832,0.3538607442977191,0.35251901309015043,0.3552024755052877
UCB1_0.01,833,0.3538537170263789,0.3525113427460364,0.3551960913067214
UCB1_0.01,834,0.35385868263473064,0.3525142471402393,0.35520311812922195
UCB1_0.01,835,0.3538851674641145,0.3525405707511409,0.3552297641770881
UCB1_0.01,836,0.35391636798088366,0.3525708144464114,0.3552619215153559
UCB1_0.01,837,0.35389021479713606,0.35254544174503794,0.3552349878492342
UCB1_0.01,838,0.35393087008343305,0.3525874601014562,0.3552742800654099
UCB1_0.01,839,0.35391666666666627,0.3525733257085102,0.35526000762482235
UCB1_0.01,840,0.35384542211652803,0.3525030902727387,0.3551877539603174
UCB1_0.01,841,0.3538788598574824,0.35253399029853577,0.35522372941642905
UCB1_0.01,842,0.3538576512455512,0.35251220954437706,0.3552030929467253
UCB1_0.01,843,0.35387440758293726,0.3525278673339376,0.3552209478319369
UCB1_0.01,844,0.35390769230769215,0.3525581031651782,0.3552572814502061
UCB1_0.01,845,0.3539219858156032,0.3525736808421062,0.35527029078910016
UCB1_0.01,846,0.3539598583234948,0.35261208460629284,0.35530763204069676
UCB1_0.01,847,0.3539764150943395,0.3526259715079616,0.35532685868071745
UCB1_0.01,848,0.3540235571260307,0.3526722863936112,0.35537482785845015
UCB1_0.01,849,0.35406117647058816,0.3527088924803632,0.3554134604608131
UCB1_0.01,850,0.3540399529964746,0.35268795472486725,0.355391951268082
UCB1_0.01,851,0.35404225352112695,0.35268673044161464,0.35539777660063926
UCB1_0.01,852,0.3540515826494715,0.35269218663952834,0.3554109786594147
UCB1_0.01,853,0.35405386416861845,0.3526898973289553,0.3554178310082816
UCB1_0.01,854,0.35405380116959007,0.3526906398742259,0.35541696246495424
UCB1_0.01,855,0.35401869158878496,0.35265526027697336,0.35538212290059656
UCB1_0.01,856,0.3540186697782963,0.3526535990750334,0.35538374048155924
UCB1_0.01,857,0.35402797202797215,0.35266376502244157,0.35539217903350273
UCB1_0.01,858,0.35401164144353897,0.35265079122996495,0.355372491657113
UCB1_0.01,859,0.35395581395348813,0.35259692289880495,0.3553147050081713
UCB1_0.01,860,0.3539140534262486,0.3525546412513311,0.35527346560116607
UCB1_0.01,861,0.35393503480278293,0.3525758499978501,0.3552942196077158
UCB1_0.01,862,0.3539443800695247,0.35258682980678296,0.3553019303322665
UCB1_0.01,863,0.3539791666666668,0.3526206654295606,0.35533766790377297
UCB1_0.01,864,0.3539838150289017,0.35262236563998195,0.35534526441782144
UCB1_0.01,865,0.3540161662817554,0.35265492211210625,0.3553774104514046
UCB1_0.01,866,0.3540461361014993,0.3526861745848802,0.3554060976181184
UCB1_0.01,867,0.354066820276498,0.3527074297179047,0.3554262108350913
UCB1_0.01,868,0.354103567318757,0.3527419538704303,0.35546518076708367
UCB1_0.01,869,0.35407586206896574,0.35271579671731346,0.355435927420618
UCB1_0.01,870,0.3541216991963255,0.3527639181881049,0.35547948020454617
UCB1_0.01,871,0.35411926605504573,0.35276386978173435,0.3554746623283571
UCB1_0.01,872,0.35414891179839675,0.352795166292423,0.3555026573043705
UCB1_0.01,873,0.3541281464530891,0.35277544491334945,0.35548084799282875
UCB1_0.01,874,0.35411428571428577,0.35275985378831676,0.3554687176402548
UCB1_0.01,875,0.35409589041095885,0.35274005219424376,0.35545172862767394
UCB1_0.01,876,0.35411402508551854,0.35275835153595814,0.35546969863507893
UCB1_0.01,877,0.3541207289293851,0.35276446000553063,0.3554769978532396
UCB1_0.01,878,0.3541478953356085,0.3527924888165294,0.35550330185468754
UCB1_0.01,879,0.35413409090909054,0.35278006833171277,0.3554881134864683
UCB1_0.01,880,0.3541271282633371,0.35277162867188844,0.35548262785478574
UCB1_0.01,881,0.3541405895691625,0.3527849383940395,0.3554962407442855
UCB1_0.01,882,0.35413137032842534,0.3527751025108091,0.35548763814604156
UCB1_0.01,883,0.3541289592760182,0.3527750815032073,0.35548283704882905
UCB1_0.01,884,0.35415141242937836,0.35279665088811646,0.35550617397064027
UCB1_0.01,885,0.35413769751693025,0.35278171744690917,0.35549367758695133
UCB1_0.01,886,0.3541533258173617,0.352800606543859,0.3555060450908644
UCB1_0.01,887,0.3541463963963962,0.3527893689469437,0.35550342384584876
UCB1_0.01,888,0.3541597300337474,0.35280325485880176,0.35551620520869304
UCB1_0.01,889,0.35415505617977594,0.3528035457849036,0.3555065665746483
UCB1_0.01,890,0.35415263748597114,0.35279710724910945,0.35550816772283284
UCB1_0.01,891,0.35413004484304955,0.3527765522820059,0.3554835374040932
UCB1_0.01,892,0.35417021276595745,0.35281747781806794,0.35552294771384696
UCB1_0.01,893,0.35417449664429496,0.35281989416306836,0.35552909912552155
UCB1_0.01,894,0.354198882681564,0.3528440923556107,0.35555367300751733
UCB1_0.01,895,0.3541874999999999,0.35283247908656284,0.3555425209134369
UCB1_0.01,896,0.35422073578595314,0.3528657198670732,0.3555757517048331
UCB1_0.01,897,0.354216035634744,0.35285844278019,0.355573628489298
UCB1_0.01,898,0.3542513904338152,0.3528946524381565,0.3556081284294739
UCB1_0.01,899,0.3542400000000001,0.3528850748501004,0.3555949251498998
UCB1_0.01,900,0.35424639289678156,0.3528885682569843,0.35560421753657884
UCB1_0.01,901,0.3542749445676272,0.35291496811140743,0.355634921023847
UCB1_0.01,902,0.3543388704318953,0.3529832103653355,0.3556945304984552
UCB1_0.01,903,0.35436061946902486,0.3530053670527418,0.3557158718853079
UCB1_0.01,904,0.3543624309392263,0.3530073097053856,0.35571755217306705
UCB1_0.01,905,0.3544194260485652,0.35306147561206447,0.3557773764850659
UCB1_0.01,906,0.3544366041896361,0.3530803712481784,0.3557928371310937
UCB1_0.01,907,0.3544273127753308,0.3530713806336458,0.3557832449170158
UCB1_0.01,908,0.35444444444444445,0.35308822246180493,0.35580066642708397
UCB1_0.01,909,0.3544747252747249,0.3531154620407775,0.3558339885086723
UCB1_0.01,910,0.35447639956092203,0.35311579605473914,0.3558370030671049
UCB1_0.01,911,0.3544780701754389,0.3531171464271156,0.3558389939237622
UCB1_0.01,912,0.35450164293537784,0.3531413911979789,0.3558618946727768
UCB1_0.01,913,0.3545317286652076,0.35317014722044077,0.35589331010997444
UCB1_0.01,914,0.35458142076502713,0.3532154365786638,0.3559474049513905
UCB1_0.01,915,0.35460480349344975,0.35323709258726105,0.35597251439963845
UCB1_0.01,916,0.3546324972737188,0.3532679209230739,0.3559970736243637
UCB1_0.01,917,0.35466448801742945,0.3533028985894837,0.3560260774453752
UCB1_0.01,918,0.35470729053318834,0.35334125710587194,0.35607332396050473
UCB1_0.01,919,0.35472173913043403,0.3533550383924252,0.35608843986844285
UCB1_0.01,920,0.35475352877307326,0.3533858001647417,0.3561212573814048
UCB1_0.01,921,0.3547982646420822,0.353431334882139,0.3561651944020254
UCB1_0.01,922,0.3548060671722645,0.3534402836080901,0.35617185073643887
UCB1_0.01,923,0.3547965367965369,0.3534329652763145,0.35616010831675926
UCB1_0.01,924,0.35480648648648627,0.353443326625709,0.35616964634726356
UCB1_0.01,925,0.35480561555075607,0.3534436841262886,0.3561675469752235
UCB1_0.01,926,0.3548284789644014,0.35346941011526917,0.3561875478135336
UCB1_0.01,927,0.35485129310344793,0.353489591725866,0.35621299448102983
UCB1_0.01,928,0.35488051668460685,0.3535202504267858,0.3562407829424279
UCB1_0.01,929,0.35487741935483863,0.3535166304969269,0.3562382082127504
UCB1_0.01,930,0.35487647690655244,0.35351235166067024,0.35624060215243464
UCB1_0.01,931,0.3549077253218887,0.35354189006130665,0.3562735605824707
UCB1_0.01,932,0.3549346195069669,0.3535690580510787,0.35630018096285515
UCB1_0.01,933,0.354920770877944,0.3535536867983529,0.35628785495753507
UCB1_0.01,934,0.35491978609625646,0.35355189127442094,0.356287680918092
UCB1_0.01,935,0.35492948717948697,0.3535615860642201,0.3562973882947538
UCB1_0.01,936,0.3549391675560317,0.3535737286793028,0.35630460643276063
UCB1_0.01,937,0.3549637526652452,0.3535996727839459,0.35632783254654454
UCB1_0.01,938,0.35501597444089444,0.3536496731008754,0.35638227578091347
UCB1_0.01,939,0.35505957446808517,0.35369352045179503,0.3564256284843753
UCB1_0.01,940,0.3550669500531348,0.35370078254182324,0.3564331175644464
UCB1_0.01,941,0.355046709129512,0.3536843085061129,0.35640910975291107
UCB1_0.01,942,0.3550943796394487,0.35373414660029734,0.3564546126786
UCB1_0.01,943,0.3550953389830506,0.3537344592113519,0.35645621875474937
UCB1_0.01,944,0.35509417989417974,0.35373782563649886,0.3564505341518606
UCB1_0.01,945,0.3551226215644822,0.3537678116282794,0.356477431500685
UCB1_0.01,946,0.3551151003167902,0.35376182098287284,0.3564683796507076
UCB1_0.01,947,0.3551561181434598,0.35380305308676163,0.356509183200158
UCB1_0.01,948,0.3551106427818759,0.353762786531899,0.3564584990318527
UCB1_0.01,949,0.355141052631579,0.35379503165923026,0.3564870736039278
UCB1_0.01,950,0.3551882229232388,0.35384451405942546,0.35653193178705217
UCB1_0.01,951,0.3552352941176475,0.3538953123466581,0.35657527588863686
UCB1_0.01,952,0.35527597061909744,0.3539353011799344,0.3566166400582605
UCB1_0.01,953,0.35527672955974837,0.3539348981037817,0.35661856101571504
UCB1_0.01,954,0.35529424083769584,0.35395533070686946,0.3566331509685222
UCB1_0.01,955,0.3553200836820083,0.3539844552184523,0.3566557121455643
UCB1_0.01,956,0.35536886102403326,0.35403647906771,0.3567012429803565
UCB1_0.01,957,0.3553820459290187,0.3540492415193311,0.35671485033870626
UCB1_0.01,958,0.355395203336809,0.35406254140267157,0.35672786527094646
UCB1_0.01,959,0.3554145833333332,0.354082588894,0.3567465777726664
UCB1_0.01,960,0.35541103017689896,0.3540819616406201,0.3567400987131778
UCB1_0.01,961,0.35542411642411664,0.3540943515896505,0.35675388125858276
UCB1_0.01,962,0.35539771547248133,0.3540676601553048,0.3567277707896579
UCB1_0.01,963,0.3553921161825726,0.35406069409282803,0.3567235382723172
UCB1_0.01,964,0.3554134715025909,0.3540821836797355,0.3567447593254463
UCB1_0.01,965,0.35543685300207023,0.35410365095830887,0.3567700550458316
UCB1_0.01,966,0.35544157187176834,0.3541070653795343,0.3567760783640024
UCB1_0.01,967,0.35542561983471055,0.35408754538577586,0.35676369428364524
UCB1_0.01,968,0.35545304437564507,0.35411409439390773,0.3567919943573824
UCB1_0.01,969,0.35546597938144253,0.3541255464583591,0.356806412304526
UCB1_0.01,970,0.3554994850669415,0.35416170429531457,0.35683726583856845
UCB1_0.01,971,0.3555390946502055,0.3542022358867202,0.3568759534136908
UCB1_0.01,972,0.355553956834532,0.3542202849213971,0.3568876287476669
UCB1_0.01,973,0.355566735112936,0.35423178419081514,0.3569016860350569
UCB1_0.01,974,0.35561025641025684,0.3542733410173793,0.3569471718031344
UCB1_0.01,975,0.3556331967213117,0.3542983811248441,0.35696801231777936
UCB1_0.01,976,0.35562947799385874,0.3542910566715488,0.3569678993161687
UCB1_0.01,977,0.35562576687116604,0.35428576971453113,0.35696576402780095
UCB1_0.01,978,0.3556506639427987,0.35431533361463347,0.35698599427096395
UCB1_0.01,979,0.3556775510204084,0.3543454804306451,0.35700962161017163
UCB1_0.01,980,0.355675840978593,0.3543434539665772,0.35700822799060883
UCB1_0.01,981,0.35569246435845253,0.35436316681145313,0.35702176190545193
UCB1_0.01,982,0.3556927772126144,0.35436070227714656,0.3570248521480822
UCB1_0.01,983,0.3556991869918698,0.35436397050563884,0.3570344034781008
UCB1_0.01,984,0.35571573604060897,0.3543830902099724,0.35704838187124555
UCB1_0.01,985,0.35573022312373265,0.35439789457767473,0.35706255166979056
UCB1_0.01,986,0.35575075987841964,0.35441852712768607,0.3570829926291532
UCB1_0.01,987,0.35573076923076946,0.3543988469786226,0.3570626914829163
UCB1_0.01,988,0.3557573306370071,0.3544275506524188,0.35708711062159537
UCB1_0.01,989,0.3557636363636361,0.3544343250658868,0.35709294766138544
UCB1_0.01,990,0.35576791120080736,0.35443870788718346,0.35709711451443127
UCB1_0.01,991,0.3557741935483869,0.3544434076766196,0.35710497942015423
UCB1_0.01,992,0.3557804632427006,0.35444658779865695,0.3571143386867442
UCB1_0.01,993,0.35581690140845057,0.35448271126153724,0.3571510915553639
UCB1_0.01,994,0.35579899497487455,0.35446451685252245,0.35713347309722665
UCB1_0.01,995,0.3558253012048185,0.3544953194682138,0.3571552829414232
UCB1_0.01,996,0.35583751253761314,0.35451049591932077,0.3571645291559055
UCB1_0.01,997,0.35583767535070154,0.35450815446509654,0.35716719623630655
UCB1_0.01,998,0.35579779779779824,0.3544655006220735,0.357130094973523
UCB1_0.01,999,0.35580199999999995,0.3544650786693616,0.3571389213306383
UCB1_0.01,1000,0.35581418581418595,0.3544758579722629,0.357152513656109
UCB1_0.01,1001,0.35587225548902185,0.3545339510380476,0.3572105599399961
UCB1_0.01,1002,0.3558923230309074,0.35455467919414657,0.3572299668676682
UCB1_0.01,1003,0.35589641434262986,0.35455947657402054,0.3572333521112392
UCB1_0.01,1004,0.3559263681592038,0.3545874036316721,0.3572653326867355
UCB1_0.01,1005,0.35591650099403527,0.3545788283992137,0.35725417358885686
UCB1_0.01,1006,0.35592254220456804,0.35458147591546596,0.3572636084936701
UCB1_0.01,1007,0.355920634920635,0.35458195260279274,0.3572593172384773
UCB1_0.01,1008,0.3559326065411299,0.35459225940740713,0.3572729536748527
UCB1_0.01,1009,0.3559524752475246,0.3546108415800128,0.3572941089150364
UCB1_0.01,1010,0.3559446092977266,0.3546051274723996,0.3572840911230536
UCB1_0.01,1011,0.355994071146245,0.3546549053957137,0.35733323689677626
UCB1_0.01,1012,0.3560118460019753,0.354676586651233,0.3573471053527176
UCB1_0.01,1013,0.3560276134122286,0.3546920400127377,0.3573631868117195
UCB1_0.01,1014,0.35599408866995097,0.3546611799024913,0.35732699743741064
UCB1_0.01,1015,0.3559862204724425,0.3546523560129789,0.3573200849319061
UCB1_0.01,1016,0.3560117994100295,0.3546765372892692,0.35734706153078977
UCB1_0.01,1017,0.35601571709233837,0.3546787507502709,0.35735268343440585
UCB1_0.01,1018,0.35604121687929313,0.3547027009494142,0.35737973280917207
UCB1_0.01,1019,0.35605098039215666,0.35471333950003026,0.35738862128428306
UCB1_0.01,1020,0.35609794319294813,0.3547595090379632,0.35743637734793304
UCB1_0.01,1021,0.35611741682974607,0.35477758991220076,0.3574572437472914
UCB1_0.01,1022,0.35614858260019544,0.3548077297453136,0.3574894354550773
UCB1_0.01,1023,0.356142578125,0.35480158440351073,0.35748357184648927
UCB1_0.01,1024,0.35613073170731685,0.35479058978596206,0.35747087362867164
UCB1_0.01,1025,0.35618713450292333,0.35485021623058494,0.3575240527752617
UCB1_0.01,1026,0.35622784810126573,0.35489039938661515,0.3575652968159163
UCB1_0.01,1027,0.35623540856031155,0.3548967236016203,0.3575740935190028
UCB1_0.01,1028,0.35623712342079666,0.3549011659850191,0.35757308085657424
UCB1_0.01,1029,0.35621941747572833,0.35488417058567867,0.357554664365778
UCB1_0.01,1030,0.3562405431619787,0.3549054674638399,0.35757561886011746
UCB1_0.01,1031,0.3562519379844978,0.3549168787639381,0.35758699720505743
UCB1_0.01,1032,0.35625556631171346,0.35492397316410673,0.3575871594593202
UCB1_0.01,1033,0.35622630560928464,0.3548964011450246,0.3575562100735447
UCB1_0.01,1034,0.35619130434782514,0.3548601846714513,0.357522424024199
UCB1_0.01,1035,0.35617953667953683,0.35484617641023153,0.35751289694884214
UCB1_0.01,1036,0.35621407907425207,0.3548803697296109,0.35754778841889323
UCB1_0.01,1037,0.356225433526012,0.3548907945699216,0.35756007248210236
UCB1_0.01,1038,0.3562117420596725,0.35487721194586996,0.357546272173475
UCB1_0.01,1039,0.35620192307692333,0.3548676026780373,0.35753624347580937
UCB1_0.01,1040,0.3562555235350625,0.354918261606468,0.357592785463657
UCB1_0.01,1041,0.35627255278310926,0.3549348521707823,0.35761025339543623
UCB1_0.01,1042,0.35631064237775645,0.35497264649158916,0.35764863826392373
UCB1_0.01,1043,0.356323754789272,0.354984808724486,0.35766270085405794
UCB1_0.01,1044,0.3563483253588514,0.3550057089916375,0.3576909417260653
UCB1_0.01,1045,0.3563785850860417,0.355036194441418,0.3577209757306654
UCB1_0.01,1046,0.35639350525310415,0.3550485396001836,0.3577384709060247
UCB1_0.01,1047,0.3563759541984731,0.3550302639217844,0.35772164447516186
UCB1_0.01,1048,0.356379408960915,0.3550359506275092,0.35772286729432085
UCB1_0.01,1049,0.3564057142857147,0.35506345769064446,0.35774797088078497
UCB1_0.01,1050,0.3564072312083729,0.3550656073649792,0.3577488550517666
UCB1_0.01,1051,0.35643346007604587,0.3550907469304054,0.35777617322168637
UCB1_0.01,1052,0.35644444444444445,0.35510469449793397,0.35778419439095493
UCB1_0.01,1053,0.3564762808349147,0.3551395743377413,0.35781298733208816
UCB1_0.01,1054,0.35645308056871894,0.3551161716863538,0.3577899894510841
UCB1_0.01,1055,0.35646022727272747,0.35512225714231954,0.3577981974031354
UCB1_0.01,1056,0.3564976348155139,0.35515782833600923,0.35783744129501854
UCB1_0.01,1057,0.35650283553875206,0.355163035297299,0.35784263578020514
UCB1_0.01,1058,0.3564872521246469,0.35515065188015804,0.3578238523691357
UCB1_0.01,1059,0.35650754716981153,0.35516834975437633,0.35784674458524673
UCB1_0.01,1060,0.3565183788878414,0.3551802196891609,0.35785653808652185
UCB1_0.01,1061,0.356502824858757,0.3551671222153308,0.3578385275021832
UCB1_0.01,1062,0.35647977422389415,0.35514573818155803,0.35781381026623027
UCB1_0.01,1063,0.35648308270676693,0.35514987437862267,0.3578162910349112
UCB1_0.01,1064,0.3565276995305166,0.3551961201924304,0.3578592788686028
UCB1_0.01,1065,0.35653470919324587,0.35520476494271747,0.35786465344377427
UCB1_0.01,1066,0.3565210871602636,0.3551889130961468,0.3578532612243804
UCB1_0.01,1067,0.35655430711610386,0.3552230192197671,0.3578855950124406
UCB1_0.01,1068,0.3565556594948547,0.355222821318918,0.35788849767079134
UCB1_0.01,1069,0.35655140186915846,0.3552187269412883,0.3578840767970286
UCB1_0.01,1070,0.3565303454715222,0.35519810411681274,0.3578625868262316
UCB1_0.01,1071,0.35653544776119395,0.3552042682375989,0.357866627284789
UCB1_0.01,1072,0.35652376514445444,0.3551918770273362,0.3578556532615727
UCB1_0.01,1073,0.3565288640595901,0.35519918758484126,0.35785854053433896
UCB1_0.01,1074,0.3565358139534887,0.35520692421533906,0.35786470369163836
UCB1_0.01,1075,0.3565539033457245,0.3552254999052202,0.35788230678622884
UCB1_0.01,1076,0.35657195914577544,0.3552439884219794,0.3578999298695715
UCB1_0.01,1077,0.3565788497217068,0.3552502369172001,0.35790746252621347
UCB1_0.01,1078,0.3566079703429102,0.3552834981973605,0.3579324424884599
UCB1_0.01,1079,0.35662592592592635,0.3552996408144947,0.35795221103735797
UCB1_0.01,1080,0.3566382978723405,0.35531071220854693,0.3579658835361341
UCB1_0.01,1081,0.3566432532347509,0.35531833774605426,0.3579681687234475
UCB1_0.01,1082,0.3566463527239152,0.3553225142378677,0.3579701912099627
UCB1_0.01,1083,0.3566457564575647,0.35532157311780727,0.3579699397973221
UCB1_0.01,1084,0.35663410138248913,0.3553099672015376,0.35795823556344064
UCB1_0.01,1085,0.3566335174953959,0.3553107351113701,0.3579562998794217
UCB1_0.01,1086,0.3565998160073595,0.35527732634801007,0.35792230566670896
UCB1_0.01,1087,0.3566139705882347,0.3552917188677807,0.35793622230868866
UCB1_0.01,1088,0.3566648301193753,0.35534259029036663,0.3579870699483839
UCB1_0.01,1089,0.35668073394495414,0.3553590183416046,0.3580024495483037
UCB1_0.01,1090,0.3567222731439046,0.3553994893064801,0.3580450569813291
UCB1_0.01,1091,0.3566996336996341,0.3553774565630519,0.35802181083621626
UCB1_0.01,1092,0.3567063129002746,0.355383249734075,0.3580293760664742
UCB1_0.01,1093,0.3567184643510057,0.3553992070655536,0.35803772163645775
UCB1_0.01,1094,0.35674703196346996,0.355429429046436,0.35806463488050394
UCB1_0.01,1095,0.35674999999999996,0.35543283259982844,0.35806716740017147
UCB1_0.01,1096,0.3567930720145853,0.3554765356915433,0.35810960833762734
UCB1_0.01,1097,0.35677413479052766,0.35545792159922396,0.35809034798183137
UCB1_0.01,1098,0.3567934485896265,0.35547904104519956,0.3581078561340535
UCB1_0.01,1099,0.35684363636363625,0.3555291678602959,0.3581581048669766
UCB1_0.01,1100,0.356882833787466,0.35556678240417194,0.35819888517076004
UCB1_0.01,1101,0.35685299455535396,0.35553891465166,0.35816707445904794
UCB1_0.01,1102,0.35687941976427945,0.3555642330681679,0.358194606460391
UCB1_0.01,1103,0.35692028985507174,0.3556024940912958,0.3582380856188477
UCB1_0.01,1104,0.35692488687782836,0.3556078001129312,0.35824197364272553
UCB1_0.01,1105,0.3569403254972873,0.35562319279919435,0.3582574581953803
UCB1_0.01,1106,0.3569521228545621,0.35563507560270735,0.3582691701064169
UCB1_0.01,1107,0.3569422382671477,0.355623225617395,0.3582612509169004
UCB1_0.01,1108,0.35693958521190244,0.3556205361833317,0.35825863424047316
UCB1_0.01,1109,0.3569837837837839,0.35566635411258807,0.3583012134549798
UCB1_0.01,1110,0.35700450045004495,0.3556883985592885,0.3583206023408014
UCB1_0.01,1111,0.3570377697841725,0.35571963392811395,0.35835590564023106
UCB1_0.01,1112,0.3570314465408808,0.35571304870160636,0.35834984438015527
UCB1_0.01,1113,0.35703949730700185,0.3557227143912238,0.3583562802227799
UCB1_0.01,1114,0.3570403587443946,0.3557215539546713,0.3583591635341179
UCB1_0.01,1115,0.35704659498207914,0.35572684682634825,0.35836634313781
UCB1_0.01,1116,0.35704744852282927,0.35572688613302356,0.358368010912635
UCB1_0.01,1117,0.35709302325581427,0.3557738876610134,0.3584121588506151
UCB1_0.01,1118,0.357075960679178,0.3557563156494993,0.35839560570885676
UCB1_0.01,1119,0.35709107142857144,0.35577035069654517,0.3584117921605977
UCB1_0.01,1120,0.35710972346119557,0.3557908427361438,0.35842860418624733
UCB1_0.01,1121,0.3571016042780746,0.35578487357912586,0.3584183349770233
UCB1_0.01,1122,0.3571095280498664,0.35579125563446734,0.35842780046526546
UCB1_0.01,1123,0.3571334519572952,0.3558178095625304,0.35844909435205996
UCB1_0.01,1124,0.3571608888888888,0.355846607809416,0.3584751699683616
UCB1_0.01,1125,0.3571811722912965,0.35586540905122,0.35849693553137296
UCB1_0.01,1126,0.35720496894409903,0.3558867502290348,0.35852318765916324
UCB1_0.01,1127,0.35721453900709205,0.3558949438823172,0.3585341341318669
UCB1_0.01,1128,0.35722409211691736,0.35590309784848345,0.35854508638535126
UCB1_0.01,1129,0.3572814159292019,0.35596103884895675,0.358601793009447
UCB1_0.01,1130,0.35726613616268765,0.35594659498689935,0.35858567733847596
UCB1_0.01,1131,0.35727561837455823,0.35595275155332706,0.3585984851957894
UCB1_0.01,1132,0.35731156222418353,0.3559937151925974,0.35862940925576964
UCB1_0.01,1133,0.3573015873015871,0.3559857366357734,0.35861743796740086
UCB1_0.01,1134,0.357291629955947,0.3559782536079602,0.35860500630393377
UCB1_0.01,1135,0.357294014084507,0.3559786796097103,0.3586093485593037
UCB1_0.01,1136,0.35731574318381737,0.35600014532560986,0.3586313410420249
UCB1_0.01,1137,0.3573128295254836,0.35599737745722326,0.35862828159374394
UCB1_0.01,1138,0.35729060579455707,0.35597578326043444,0.3586054283286797
UCB1_0.01,1139,0.35729649122807,0.355981873185355,0.358611109270785
UCB1_0.01,1140,0.35731288343558226,0.3560000131294257,0.35862575374173883
UCB1_0.01,1141,0.3573345008756567,0.35601694763212705,0.3586520541191864
UCB1_0.01,1142,0.35737707786526846,0.3560583528757113,0.3586958028548256
UCB1_0.01,1143,0.3573881118881123,0.3560664020162191,0.35870982176000554
UCB1_0.01,1144,0.35738515283842787,0.35606324291306257,0.35870706276379316
UCB1_0.01,1145,0.3574048865619541,0.3560829078524344,0.35872686527147385
UCB1_0.01,1146,0.35739145597210126,0.35606969929832294,0.3587132126458796
UCB1_0.01,1147,0.3573972125435538,0.3560738854021949,0.35872053968491263
UCB1_0.01,1148,0.3574290687554398,0.3561077830711006,0.358750354439779
UCB1_0.01,1149,0.35744869565217385,0.35612878329028913,0.3587686080140586
UCB1_0.01,1150,0.35743874891398747,0.35612033452283226,0.3587571633051427
UCB1_0.01,1151,0.35743402777777783,0.3561165419672334,0.35875151358832225
UCB1_0.01,1152,0.3574084995663485,0.3560925276979265,0.35872447143477054
UCB1_0.01,1153,0.35740901213171583,0.3560906066179342,0.3587274176454975
UCB1_0.01,1154,0.35742164502164486,0.35610311369316117,0.35874017635012856
UCB1_0.01,1155,0.3574307958477509,0.35611094194713006,0.35875064974837173
UCB1_0.01,1156,0.35743993085566095,0.356120291880472,0.3587595698308499
UCB1_0.01,1157,0.3574352331606219,0.35611621296384266,0.3587542533574012
UCB1_0.01,1158,0.357456427955134,0.3561328507047342,0.35878000520553377
UCB1_0.01,1159,0.3574689655172396,0.3561448682134264,0.35879306282105283
UCB1_0.01,1160,0.3575159345391902,0.3561901247093546,0.35884174436902583
UCB1_0.01,1161,0.35749397590361454,0.3561699801522879,0.35881797165494117
UCB1_0.01,1162,0.3574961306964747,0.3561724547436022,0.35881980664934715
UCB1_0.01,1163,0.35750343642611654,0.356181340531182,0.3588255323210511
UCB1_0.01,1164,0.3575210300429184,0.35620003075175766,0.35884202933407916
UCB1_0.01,1165,0.35750600343053296,0.3561886530527789,0.358823353808287
UCB1_0.01,1166,0.3575132819194516,0.3561952484108182,0.358831315428085
UCB1_0.01,1167,0.35751883561643844,0.35620055829693875,0.3588371129359381
UCB1_0.01,1168,0.3575175363558599,0.3562030950276052,0.3588319776841146
UCB1_0.01,1169,0.35750940170940104,0.3561948553070141,0.35882394811178797
UCB1_0.01,1170,0.35752519214346723,0.35620933502942476,0.3588410492575097
UCB1_0.01,1171,0.35757508532423155,0.3562592171371249,0.3588909535113382
UCB1_0.01,1172,0.357589087809037,0.35627264919769325,0.3589055264203807
UCB1_0.01,1173,0.3576269165247015,0.3563100183451696,0.3589438147042334
UCB1_0.01,1174,0.35766978723404236,0.3563517980561978,0.3589877764118869
UCB1_0.01,1175,0.3576751700680289,0.3563575984756997,0.3589927416603581
UCB1_0.01,1176,0.3576533559898046,0.35633814948716147,0.3589685624924477
UCB1_0.01,1177,0.35767062818336176,0.35635344539517333,0.3589878109715502
UCB1_0.01,1178,0.3576658184902459,0.3563518175334524,0.35897981944703944
UCB1_0.01,1179,0.35767118644067813,0.35635709801439897,0.3589852748669573
UCB1_0.01,1180,0.3576917866215073,0.35637827216299034,0.35900530108002426
UCB1_0.01,1181,0.35770727580372236,0.3563936718084222,0.35902087979902253
UCB1_0.01,1182,0.35772781065088755,0.3564115393833444,0.3590440819184307
UCB1_0.01,1183,0.3577195945945945,0.3564053263063466,0.35903386288284245
UCB1_0.01,1184,0.35775527426160336,0.35644089652297867,0.35906965200022806
UCB1_0.01,1185,0.3577436762225969,0.35643055063582185,0.35905680180937194
UCB1_0.01,1186,0.35774726200505463,0.3564341825119119,0.3590603414981974
UCB1_0.01,1187,0.35774747474747454,0.35643281056169657,0.3590621389332525
UCB1_0.01,1188,0.35777460050462595,0.3564596771628811,0.35908952384637083
UCB1_0.01,1189,0.3578100840336129,0.3564975473954629,0.3591226206717629
UCB1_0.01,1190,0.35783039462636534,0.35651799723777905,0.35914279201495164
UCB1_0.01,1191,0.3578322147651006,0.3565183349674206,0.35914609456278057
UCB1_0.01,1192,0.35781223805532264,0.35649874201272974,0.35912573409791554
UCB1_0.01,1193,0.35784589614740375,0.35653133953321614,0.35916045276159136
UCB1_0.01,1194,0.3578677824267781,0.3565538032150589,0.35918176163849724
UCB1_0.01,1195,0.3578812709030101,0.3565687297558281,0.3591938120501921
UCB1_0.01,1196,0.35791144527986624,0.35660151278332525,0.3592213777764072
UCB1_0.01,1197,0.35794156928213716,0.3566322389072315,0.3592508996570428
UCB1_0.01,1198,0.3579849874895745,0.3566765640828802,0.35929341089626887
UCB1_0.01,1199,0.3580250000000002,0.3567185356744844,0.359331464325516
UCB1_0.01,1200,0.3580399666944214,0.3567323578715069,0.35934757551733587
UCB1_0.01,1201,0.3580499168053248,0.3567427095121182,0.3593571240985314
UCB1_0.01,1202,0.3580448877805489,0.35673409294929087,0.3593556826118069
UCB1_0.01,1203,0.3580697674418622,0.35675822058948253,0.35938131429424186
UCB1_0.01,1204,0.3581178423236516,0.35680785647252455,0.3594278281747787
UCB1_0.01,1205,0.35811940298507494,0.3568103995120263,0.3594284064581236
UCB1_0.01,1206,0.35813090306545164,0.35682155870921617,0.3594402474216871
UCB1_0.01,1207,0.35815066225165515,0.3568423969909872,0.3594589275123231
UCB1_0.01,1208,0.35817038875103385,0.3568677776423,0.3594729998597677
UCB1_0.01,1209,0.35816694214876005,0.3568644123727467,0.3594694719247734
UCB1_0.01,1210,0.35818497109826625,0.35688369181352336,0.35948625038300913
UCB1_0.01,1211,0.35823102310231036,0.35692876404844504,0.3595332821561757
UCB1_0.01,1212,0.3582258862324816,0.3569266239111461,0.35952514855381706
UCB1_0.01,1213,0.35821746293245443,0.35691808957800386,0.359516836286905
UCB1_0.01,1214,0.35822880658436174,0.3569275298678737,0.3595300833008498
UCB1_0.01,1215,0.3582253289473684,0.35692586517875025,0.3595247927159866
UCB1_0.01,1216,0.3582300739523421,0.35692992316517835,0.3595302247395058
UCB1_0.01,1217,0.3582348111658457,0.3569344177262076,0.3595352046054838
UCB1_0.01,1218,0.3582723543888433,0.3569696386064236,0.359575070171263
UCB1_0.01,1219,0.3582639344262295,0.35696141245280966,0.35956645639964935
UCB1_0.01,1220,0.3582817362817361,0.3569776861736032,0.359585786389869
UCB1_0.01,1221,0.358294599018003,0.35699272330949583,0.35959647472651013
UCB1_0.01,1222,0.3583270645952579,0.3570279992250217,0.35962612996549415
UCB1_0.01,1223,0.358362745098039,0.3570617273704377,0.35966376282564033
UCB1_0.01,1224,0.35835428571428535,0.357054708486406,0.35965386294216467
UCB1_0.01,1225,0.35834584013050597,0.35704948224567573,0.3596421980153362
UCB1_0.01,1226,0.358337408312958,0.35704136533379893,0.3596334512921171
UCB1_0.01,1227,0.3583631921824103,0.3570645208485476,0.359661863516273
UCB1_0.01,1228,0.35839218877135914,0.357093365669533,0.3596910118731853
UCB1_0.01,1229,0.35839024390243873,0.35708943972207535,0.3596910480828021
UCB1_0.01,1230,0.35842567018683963,0.3571237256770572,0.35972761469662207
UCB1_0.01,1231,0.35841396103896067,0.3571101116441214,0.35971781043379997
UCB1_0.01,1232,0.35842660178426566,0.3571218469436802,0.3597313566248511
UCB1_0.01,1233,0.3583905996758505,0.35708653559356063,0.3596946637581404
UCB1_0.01,1234,0.3583967611336037,0.3570952527497501,0.35969826951745726
UCB1_0.01,1235,0.35841100323624586,0.35711021389582126,0.35971179257667046
UCB1_0.01,1236,0.3584478577202907,0.35714369136399066,0.35975202407659074
UCB1_0.01,1237,0.35845072697899855,0.3571471027380374,0.3597543512199597
UCB1_0.01,1238,0.3584552058111379,0.3571503088900893,0.35976010273218645
UCB1_0.01,1239,0.35845161290322586,0.3571473009162324,0.3597559248902193
UCB1_0.01,1240,0.3584593070104755,0.35715761326968337,0.35976100075126766
UCB1_0.01,1241,0.35844766505636055,0.3571472683566433,0.3597480617560778
UCB1_0.01,1242,0.3584794851166536,0.3571805281722639,0.3597784420610433
UCB1_0.01,1243,0.3584967845659164,0.35719894232606064,0.3597946268057721
UCB1_0.01,1244,0.35850602409638554,0.35720824552728997,0.3598038026654811
UCB1_0.01,1245,0.35852648475120374,0.3572312181082409,0.3598217513941666
UCB1_0.01,1246,0.3585453087409781,0.3572486598422395,0.3598419576397167
UCB1_0.01,1247,0.3585416666666666,0.3572464046663712,0.359836928666962
UCB1_0.01,1248,0.35853963170536435,0.3572439171717569,0.3598353462389718
UCB1_0.01,1249,0.35853599999999985,0.3572406163644063,0.3598313836355934
UCB1_0.01,1250,0.35854196642685854,0.35724402110423126,0.3598399117494858
UCB1_0.01,1251,0.35855591054313124,0.35725674768250765,0.35985507340375483
UCB1_0.01,1252,0.3585522745411017,0.35725351598516575,0.3598510330970377
UCB1_0.01,1253,0.3585980861244014,0.3572986184393266,0.35989755380947624
UCB1_0.01,1254,0.35861513944223106,0.35731615528370503,0.3599141236007571
UCB1_0.01,1255,0.35864012738853523,0.3573397929821411,0.3599404617949294
UCB1_0.01,1256,0.35869371519490845,0.35739467887744214,0.35999275151237475
UCB1_0.01,1257,0.3587154213036567,0.3574157936063808,0.36001504900093256
UCB1_0.01,1258,0.35871961874503544,0.3574216830339817,0.3600175544560892
UCB1_0.01,1259,0.35872857142857184,0.3574277226645848,0.3600294201925589
UCB1_0.01,1260,0.35876130055511557,0.35745964912092043,0.3600629519893107
UCB1_0.01,1261,0.35877654516640284,0.35747729686614993,0.36007579346665575
UCB1_0.01,1262,0.35875851148060145,0.3574587358439148,0.3600582871172881
UCB1_0.01,1263,0.35879588607594914,0.35749329658073026,0.36009847557116803
UCB1_0.01,1264,0.35880632411067226,0.3575023340244521,0.36011031419689243
UCB1_0.01,1265,0.35881990521327034,0.3575148577762661,0.36012495265027455
UCB1_0.01,1266,0.3588539857932122,0.3575467460557195,0.3601612255307049
UCB1_0.01,1267,0.35887381703470017,0.3575681884373621,0.36017944563203824
UCB1_0.01,1268,0.3588936170212767,0.3575884080144786,0.3601988260280748
UCB1_0.01,1269,0.35891968503937016,0.3576141566811496,0.3602252133975907
UCB1_0.01,1270,0.35893312352478324,0.3576264541794776,0.3602397928700889
UCB1_0.01,1271,0.3589481132075471,0.3576412528673059,0.3602549735477883
UCB1_0.01,1272,0.3589756480754127,0.3576693193858149,0.3602819767650105
UCB1_0.01,1273,0.35898744113029846,0.357680162384678,0.36029471987591893
UCB1_0.01,1274,0.3590086274509799,0.3577016802848815,0.3603155746170783
UCB1_0.01,1275,0.3590109717868339,0.3577040606298956,0.36031788294377215
UCB1_0.01,1276,0.3590555990602976,0.35774823464302646,0.36036296347756874
UCB1_0.01,1277,0.35905164319248806,0.3577446077651134,0.3603586786198627
UCB1_0.01,1278,0.35908209538702146,0.3577750864930682,0.3603891042809747
UCB1_0.01,1279,0.359084375,0.35777791529414615,0.36039083470585387
UCB1_0.01,1280,0.3591194379391099,0.35781253739011176,0.360426338488108
UCB1_0.01,1281,0.35913884555382225,0.3578315018067391,0.3604461893009054
UCB1_0.01,1282,0.3591551052221355,0.3578454989508267,0.36046471149344433
UCB1_0.01,1283,0.359182242990654,0.3578743357064763,0.36049015027483167
UCB1_0.01,1284,0.3592000000000003,0.3578927843049248,0.36050721569507577
UCB1_0.01,1285,0.35923328149300143,0.3579236645589329,0.36054289842707
UCB1_0.01,1286,0.3592307692307689,0.3579203601042449,0.36054117835729294
UCB1_0.01,1287,0.35925000000000024,0.3579388743814068,0.36056112561859366
UCB1_0.01,1288,0.35925058184639247,0.35794060015429296,0.360560563538492
UCB1_0.01,1289,0.35927441860465176,0.3579674894275266,0.3605813477817769
UCB1_0.01,1290,0.35929821843532195,0.3579895950416925,0.3606068418289514
UCB1_0.01,1291,0.3593312693498453,0.35802106941331696,0.3606414692863736
UCB1_0.01,1292,0.3593518948182518,0.35804198491853856,0.36066180471796505
UCB1_0.01,1293,0.35934930448222524,0.35804077899256204,0.36065782997188844
UCB1_0.01,1294,0.35936061776061773,0.3580512298733174,0.36067000564791807
UCB1_0.01,1295,0.359364197530864,0.3580549572587447,0.36067343780298333
UCB1_0.01,1296,0.3593739398612186,0.3580680794136887,0.3606798003087486
UCB1_0.01,1297,0.3593790446841291,0.358072774574551,0.36068531479370725
UCB1_0.01,1298,0.3594056966897614,0.3581005977776576,0.3607107956018652
UCB1_0.01,1299,0.359413846153846,0.3581115150289006,0.36071617727879135
UCB1_0.01,1300,0.3594312067640276,0.358129816819144,0.3607325967089112
UCB1_0.01,1301,0.35941321044546887,0.3581117614752206,0.3607146594157171
UCB1_0.01,1302,0.3594151957022258,0.358112601501454,0.3607177899029976
UCB1_0.01,1303,0.35942791411042957,0.3581231304491699,0.36073269777168926
UCB1_0.01,1304,0.35944674329501924,0.358140258588252,0.3607532280017865
UCB1_0.01,1305,0.3594532924961714,0.35814604749607054,0.3607605374962723
UCB1_0.01,1306,0.35945830145371116,0.3581503989172836,0.3607662039901387
UCB1_0.01,1307,0.35946330275229355,0.358153645685638,0.3607729598189491
UCB1_0.01,1308,0.35948051948051946,0.3581693109149638,0.3607917280460751
UCB1_0.01,1309,0.3595374045801531,0.3582262872256399,0.3608485219346663
UCB1_0.01,1310,0.35955758962623957,0.35824603438378516,0.360869144868694
UCB1_0.01,1311,0.3595579268292682,0.3582472879824332,0.36086856567610315
UCB1_0.01,1312,0.3595704493526274,0.35826231305158024,0.36087858565367453
UCB1_0.01,1313,0.3595799086757988,0.35827266675565905,0.36088715059593857
UCB1_0.01,1314,0.35960152091254743,0.3582967825214779,0.36090625930361697
UCB1_0.01,1315,0.3596231003039511,0.35832086524111073,0.3609253353667915
UCB1_0.01,1316,0.35962338648443454,0.3583213144670233,0.36092545850184576
UCB1_0.01,1317,0.3596176024279208,0.3583159312220139,0.3609192736338277
UCB1_0.01,1318,0.35962395754359366,0.3583245355920906,0.36092337949509673
UCB1_0.01,1319,0.3596318181818178,0.358332573497785,0.3609310628658505
UCB1_0.01,1320,0.3596699470098411,0.35837074759009396,0.3609691464295883
UCB1_0.01,1321,0.3596822995461422,0.35838191752875953,0.3609826815635249
UCB1_0.01,1322,0.3597142857142855,0.3584124544441947,0.3610161169843763
UCB1_0.01,1323,0.35973716012084594,0.35843185266060934,0.36104246758108255
UCB1_0.01,1324,0.35973584905660366,0.35843113551897754,0.3610405625942298
UCB1_0.01,1325,0.35971945701357405,0.35841298921705816,0.36102592481008994
UCB1_0.01,1326,0.35970459683496625,0.35839693767516984,0.36101225599476267
UCB1_0.01,1327,0.3597183734939753,0.3584095240611862,0.36102722292676437
UCB1_0.01,1328,0.3597246049661397,0.35841787905744205,0.3610313308748374
UCB1_0.01,1329,0.3597052631578946,0.35839943807108565,0.3610110882447035
UCB1_0.01,1330,0.35969947407963965,0.3583928381130383,0.361006110046241
UCB1_0.01,1331,0.3597042042042045,0.3583972940351384,0.3610111143732706
UCB1_0.01,1332,0.3597224306076519,0.3584153538323065,0.36102950738299733
UCB1_0.01,1333,0.359734632683658,0.3584266505816965,0.36104261478561955
UCB1_0.01,1334,0.3597408239700385,0.3584311926932114,0.3610504552468656
UCB1_0.01,1335,0.3597350299401199,0.35842546746416337,0.36104459241607645
UCB1_0.01,1336,0.35976813762154103,0.35845773401574393,0.3610785412273381
UCB1_0.01,1337,0.35978475336322896,0.35847503944588366,0.36109446728057426
UCB1_0.01,1338,0.3598237490664675,0.3585115020522017,0.3611359960807333
UCB1_0.01,1339,0.35981492537313453,0.358504515719991,0.3611253350262781
UCB1_0.01,1340,0.3598255033557046,0.35851414918150815,0.3611368575299011
UCB1_0.01,1341,0.35982712369597575,0.3585147482671073,0.3611394991248442
UCB1_0.01,1342,0.3598406552494415,0.35852806664409576,0.3611532438547872
UCB1_0.01,1343,0.3598705357142859,0.3585576129209191,0.3611834585076527
UCB1_0.01,1344,0.35988550185873613,0.3585707338292535,0.3612002698882188
UCB1_0.01,1345,0.35991679049034153,0.3586020948846047,0.36123148609607836
UCB1_0.01,1346,0.35991685226429154,0.3585981877494524,0.3612355167791307
UCB1_0.01,1347,0.3599198813056394,0.35860037116511084,0.36123939144616796
UCB1_0.01,1348,0.3599347664936991,0.3586154953416234,0.3612540376457748
UCB1_0.01,1349,0.3599362962962966,0.3586160631174316,0.36125652947516157
UCB1_0.01,1350,0.35995854922279796,0.35863867159070495,0.361278426854891
UCB1_0.01,1351,0.35995857988165647,0.3586390918117599,0.36127806795155304
UCB1_0.01,1352,0.3599541759053952,0.35863614386685366,0.3612722079439367
UCB1_0.01,1353,0.35996011816838985,0.3586426143399019,0.3612776219968778
UCB1_0.01,1354,0.35998376383763847,0.35866667236433947,0.3613008553109375
UCB1_0.01,1355,0.3600162241887907,0.35869888909379616,0.36133355928378524
UCB1_0.01,1356,0.3600427413411938,0.3587242967510744,0.36136118593131317
UCB1_0.01,1357,0.36005449189985234,0.35873701189551177,0.3613719719041929
UCB1_0.01,1358,0.36006181015452565,0.3587450160257925,0.3613786042832588
UCB1_0.01,1359,0.36008235294117624,0.35876452616839116,0.3614001797139613
UCB1_0.01,1360,0.3600852314474652,0.35876788515461067,0.3614025777403197
UCB1_0.01,1361,0.36009985315712206,0.3587833261646234,0.36141638014962074
UCB1_0.01,1362,0.3600821716801178,0.35876518021626913,0.3613991631439665
UCB1_0.01,1363,0.36006891495601145,0.358753041049587,0.3613847888624359
UCB1_0.01,1364,0.3600556776556779,0.35873796562823873,0.3613733896831171
UCB1_0.01,1365,0.36006734992679457,0.3587495491152766,0.3613851507383125
UCB1_0.01,1366,0.36008339429407454,0.3587654611612468,0.3614013274269023
UCB1_0.01,1367,0.360074561403509,0.35875616176258857,0.3613929610444295
UCB1_0.01,1368,0.36007450693937193,0.35875505864782326,0.3613939552309206
UCB1_0.01,1369,0.36007737226277353,0.35875700048887865,0.3613977440366684
UCB1_0.01,1370,0.3600758570386578,0.35875715825354154,0.36139455582377406
UCB1_0.01,1371,0.3601122448979593,0.3587941699076439,0.3614303198882747
UCB1_0.01,1372,0.36009176984705005,0.3587728257723407,0.3614107139217594
UCB1_0.01,1373,0.36008151382823894,0.35876363901356795,0.36139938864290994
UCB1_0.01,1374,0.36008436363636365,0.3587662603854453,0.361402466887282
UCB1_0.01,1375,0.3600872093023257,0.3587691828361372,0.3614052357685142
UCB1_0.01,1376,0.3600842411038489,0.3587662850477218,0.361402197159976
UCB1_0.01,1377,0.36011175616836016,0.3587938731139824,0.3614296392227379
UCB1_0.01,1378,0.3600957215373455,0.358779831208845,0.36141161186584597
UCB1_0.01,1379,0.36009855072463653,0.35878368912748165,0.3614134123217914
UCB1_0.01,1380,0.3601071687183203,0.35879393340842164,0.361420404028219
UCB1_0.01,1381,0.36010709117221434,0.35879288983098856,0.36142129251344013
UCB1_0.01,1382,0.36008532176428026,0.3587707898270621,0.3613998537014984
UCB1_0.01,1383,0.3600664739884396,0.35875093542798986,0.36138201254888935
UCB1_0.01,1384,0.3600462093862826,0.3587323698894502,0.36136004888311507
UCB1_0.01,1385,0.3600490620490623,0.3587351328760094,0.3613629912221152
UCB1_0.01,1386,0.36005191059841385,0.3587408333514578,0.3613629878453699
UCB1_0.01,1387,0.3600504322766572,0.3587402185339825,0.3613606460193318
UCB1_0.01,1388,0.3600719942404604,0.3587612663967415,0.36138272208417926
UCB1_0.01,1389,0.36005611510791385,0.3587466997319583,0.36136553048386943
UCB1_0.01,1390,0.360086268871316,0.35877632378077184,0.36139621396186017
UCB1_0.01,1391,0.3600833333333328,0.3587745194604322,0.3613921472062334
UCB1_0.01,1392,0.36010050251256287,0.35879415904997825,0.3614068459751475
UCB1_0.01,1393,0.36012338593974147,0.35881972238708676,0.3614270494923962
UCB1_0.01,1394,0.3601347670250901,0.3588317501461473,0.3614377839040329
UCB1_0.01,1395,0.36013610315186273,0.35883464776911256,0.3614375585346129
UCB1_0.01,1396,0.36013600572655746,0.35883458079742764,0.3614374306556873
UCB1_0.01,1397,0.360134477825465,0.35883293157369045,0.3614360240772395
UCB1_0.01,1398,0.3601329521086488,0.3588321566439785,0.36143374757331914
UCB1_0.01,1399,0.3601171428571433,0.3588161266951424,0.3614181590191442
UCB1_0.01,1400,0.36011563169164906,0.3588144096779493,0.3614168537053488
UCB1_0.01,1401,0.3601369472182597,0.3588381621621918,0.36143573227432757
UCB1_0.01,1402,0.3601425516749821,0.3588422276256659,0.3614428757242983
UCB1_0.01,1403,0.36015669515669513,0.3588541709640196,0.36145921934937064
UCB1_0.01,1404,0.3601352313167255,0.35883271540298384,0.3614377472304671
UCB1_0.01,1405,0.3601422475106688,0.35883934739491824,0.3614451476264194
UCB1_0.01,1406,0.3601378820184791,0.3588345498759116,0.36144121416104663
UCB1_0.01,1407,0.36013636363636353,0.3588334405168041,0.36143928675592296
UCB1_0.01,1408,0.3601305890702627,0.35882754655663035,0.361433631583895
UCB1_0.01,1409,0.3601276595744679,0.35882356897202583,0.36143175017691
UCB1_0.01,1410,0.36011622962437984,0.3588112944390614,0.36142116480969827
UCB1_0.01,1411,0.36013172804532667,0.3588257207615437,0.36143773532910967
UCB1_0.01,1412,0.3601231422505308,0.3588179606869296,0.36142832381413204
UCB1_0.01,1413,0.36010042432814665,0.35879420671881745,0.36140664193747585
UCB1_0.01,1414,0.3600989399293288,0.35879457142493093,0.36140330843372664
UCB1_0.01,1415,0.3600946327683619,0.35879007482839326,0.36139919070833054
UCB1_0.01,1416,0.3601185603387439,0.35881530207883267,0.36142181859865513
UCB1_0.01,1417,0.3601311706629058,0.3588272017505286,0.36143513957528295
UCB1_0.01,1418,0.3601310782241013,0.35882679811790175,0.3614353583303008
UCB1_0.01,1419,0.36012394366197176,0.3588192801814444,0.36142860714249914
UCB1_0.01,1420,0.36013511611541166,0.35882962335698515,0.36144060887383817
UCB1_0.01,1421,0.3601420534458506,0.35883662012641665,0.36144748676528454
UCB1_0.01,1422,0.3601475755446243,0.35884374936416785,0.3614514017250807
UCB1_0.01,1423,0.36014606741572974,0.3588415915598339,0.36145054327162557
UCB1_0.01,1424,0.36015157894736816,0.35884578033282594,0.3614573775619104
UCB1_0.01,1425,0.36015147265077124,0.35884435923063135,0.36145858607091114
UCB1_0.01,1426,0.3601513665031529,0.35884505376317516,0.3614576792431306
UCB1_0.01,1427,0.360180672268908,0.3588730668351917,0.36148827770262426
UCB1_0.01,1428,0.360202939118263,0.3588964718588712,0.36150940637765483
UCB1_0.01,1429,0.36021398601398597,0.35890684491823177,0.36152112710974016
UCB1_0.01,1430,0.3602361984626139,0.3589315846790796,0.3615408122461482
UCB1_0.01,1431,0.3602304469273741,0.3589273238493655,0.3615335700053827
UCB1_0.01,1432,0.36024842986741107,0.35894717692916883,0.3615496828056533
UCB1_0.01,1433,0.36025801952580194,0.3589580748525985,0.3615579641990054
UCB1_0.01,1434,0.3602620209059233,0.35896241596651207,0.3615616258453345
UCB1_0.01,1435,0.36026880222841223,0.35896859272532156,0.3615690117315029
UCB1_0.01,1436,0.3602672233820459,0.3589675369731913,0.36156690979090056
UCB1_0.01,1437,0.36027121001390805,0.3589690482778177,0.3615733717499984
UCB1_0.01,1438,0.36028492008339175,0.35898326560571503,0.36158657456106846
UCB1_0.01,1439,0.3602902777777777,0.35898975362310453,0.3615908019324509
UCB1_0.01,1440,0.36030811936155444,0.35900820462147004,0.36160803410163883
UCB1_0.01,1441,0.36031484049930623,0.35901376800104734,0.3616159129975651
UCB1_0.01,1442,0.3603146223146222,0.35901517235894614,0.36161407227029824
UCB1_0.01,1443,0.36034349030470886,0.35904612150826026,0.36164085910115745
UCB1_0.01,1444,0.3603584775086504,0.3590614615255455,0.3616554934917553
UCB1_0.01,1445,0.36036514522821533,0.3590703538271378,0.36165993662929286
UCB1_0.01,1446,0.36037180373185906,0.35907585710215606,0.36166775036156207
UCB1_0.01,1447,0.3603756906077344,0.35907953258693065,0.36167184862853813
UCB1_0.01,1448,0.3603726708074529,0.35907556491799464,0.36166977669691114
UCB1_0.01,1449,0.3604013793103445,0.359103203807013,0.361699554813676
UCB1_0.01,1450,0.36040661612680897,0.3591079151566379,0.36170531709698
UCB1_0.01,1451,0.3604283746556474,0.35913023960618734,0.3617265097051075
UCB1_0.01,1452,0.36041293874741875,0.35911606180248246,0.36170981569235505
UCB1_0.01,1453,0.36044016506189835,0.3591410648672275,0.3617392652565692
UCB1_0.01,1454,0.36044536082474254,0.35914469399775617,0.3617460276517289
UCB1_0.01,1455,0.36045329670329646,0.3591529640937417,0.3617536293128512
UCB1_0.01,1456,0.36044749485243655,0.3591453019254688,0.3617496877794043
UCB1_0.01,1457,0.36045404663923175,0.3591514147056698,0.3617566785727937
UCB1_0.01,1458,0.3604825222755308,0.35917998239449306,0.3617850621565685
UCB1_0.01,1459,0.3604876712328768,0.35918597662234564,0.36178936584340793
UCB1_0.01,1460,0.3605366187542777,0.35923441869119843,0.361838818817357
UCB1_0.01,1461,0.360536251709986,0.3592344958073931,0.3618380076125789
UCB1_0.01,1462,0.36053588516746393,0.35923300284849236,0.3618387674864355
UCB1_0.01,1463,0.36053278688524626,0.35923062500119923,0.3618349487692933
UCB1_0.01,1464,0.3605133105802045,0.3592101901717463,0.36181643098866273
UCB1_0.01,1465,0.36054433833560723,0.35924380000887035,0.3618448766623441
UCB1_0.01,1466,0.3605930470347649,0.35929333569691246,0.36189275837261736
UCB1_0.01,1467,0.36061852861035404,0.3593174827541146,0.36191957446659345
UCB1_0.01,1468,0.3606643975493519,0.3593615501541822,0.36196724494452165
UCB1_0.01,1469,0.36067482993197303,0.359373798176561,0.36197586168738505
UCB1_0.01,1470,0.360696125084976,0.35939685401793436,0.36199539615201765
UCB1_0.01,1471,0.3606942934782608,0.35939579056274673,0.3619927963937749
UCB1_0.01,1472,0.36069517990495603,0.3593981206326559,0.36199223917725615
UCB1_0.01,1473,0.36070556309362267,0.3594078292127099,0.3620032969745354
UCB1_0.01,1474,0.3607322033898304,0.35943282512139135,0.3620315816582695
UCB1_0.01,1475,0.3607439024390243,0.35944351905865457,0.3620442858193941
UCB1_0.01,1476,0.3607813134732565,0.3594811943612009,0.36208143258531206
UCB1_0.01,1477,0.36076589986468227,0.3594658510562158,0.36206594867314873
UCB1_0.01,1478,0.3607667342799191,0.3594657865994765,0.36206768196036176
UCB1_0.01,1479,0.3607797297297294,0.3594799755738951,0.36207948388556366
UCB1_0.01,1480,0.3607643484132342,0.3594644415577338,0.36206425526873454
UCB1_0.01,1481,0.3607543859649124,0.3594547732328799,0.3620539986969449
UCB1_0.01,1482,0.3607606203641269,0.3594584157268917,0.36206282500136217
UCB1_0.01,1483,0.36074797843665785,0.359444799639854,0.3620511572334617
UCB1_0.01,1484,0.36077441077441014,0.3594705877939944,0.3620782337548259
UCB1_0.01,1485,0.36076177658142705,0.3594546047538024,0.3620689484090517
UCB1_0.01,1486,0.3607491593813043,0.35944231487177386,0.36205600389083475
UCB1_0.01,1487,0.3607459677419355,0.35944034730550084,0.3620515881783702
UCB1_0.01,1488,0.3607360644728006,0.3594296883781963,0.3620424405674049
UCB1_0.01,1489,0.360736912751678,0.35942837759167334,0.3620454479116827
UCB1_0.01,1490,0.3607431254191818,0.3594346464079603,0.3620516044304033
UCB1_0.01,1491,0.36074530831099216,0.3594380612812947,0.36205255534068964
UCB1_0.01,1492,0.3607434695244476,0.35943588815275984,0.3620510508961353
UCB1_0.01,1493,0.3607576974564925,0.35945056730805847,0.36206482760492653
UCB1_0.01,1494,0.3607612040133781,0.35945375086350095,0.3620686571632552
UCB1_0.01,1495,0.3607633689839573,0.3594539686224071,0.3620727693455075
UCB1_0.01,1496,0.3608029392117569,0.3594923596080059,0.36211351881550785
UCB1_0.01,1497,0.3608331108144195,0.35952282195285695,0.362143399675982
UCB1_0.01,1498,0.3608445630420276,0.3595361587401145,0.3621529673439407
UCB1_0.01,1499,0.36086266666666705,0.3595530553784015,0.3621722779549326
UCB1_0.01,1500,0.3608634243837439,0.3595525801208241,0.36217426864666374
UCB1_0.01,1501,0.36086817576564584,0.359556244439149,0.36218010709214266
UCB1_0.01,1502,0.36087425149700597,0.3595617130859826,0.3621867899080293
UCB1_0.01,1503,0.3608590425531915,0.3595437732791992,0.36217431182718385
UCB1_0.01,1504,0.36088504983388764,0.35956995855155144,0.36220014111622384
UCB1_0.01,1505,0.3608924302788848,0.35957935509924155,0.36220550545852803
UCB1_0.01,1506,0.3608772395487723,0.35956464429963286,0.3621898347979118
UCB1_0.01,1507,0.3608819628647199,0.3595681532354659,0.3621957724939739
UCB1_0.01,1508,0.3608840291583828,0.3595703968648654,0.3621976614519002
UCB1_0.01,1509,0.360900662251656,0.3595858723276447,0.3622154521756673
UCB1_0.01,1510,0.36090403706154855,0.3595891868992935,0.36221888722380363
UCB1_0.01,1511,0.36089814814814797,0.35958346224942894,0.362212834046867
UCB1_0.01,1512,0.3608843357567748,0.3595684938360759,0.3622001776774737
UCB1_0.01,1513,0.36088507265521746,0.3595697500784174,0.3622003952320175
UCB1_0.01,1514,0.3608990099009897,0.3595841195555713,0.36221390024640815
UCB1_0.01,1515,0.36092348284960435,0.35960850035256864,0.36223846534664006
UCB1_0.01,1516,0.36092551087673036,0.35960925980177544,0.3622417619516853
UCB1_0.01,1517,0.36094993412384757,0.3596322174259625,0.3622676508217326
UCB1_0.01,1518,0.360994075049375,0.3596762892218063,0.36231186087694367
UCB1_0.01,1519,0.36099605263157925,0.35967985166765326,0.36231225359550523
UCB1_0.01,1520,0.3610164365548981,0.3597019581765311,0.36233091493326514
UCB1_0.01,1521,0.36106044678055155,0.3597467079906476,0.3623741855704555
UCB1_0.01,1522,0.36106894287590224,0.35975460287776984,0.36238328287403465
UCB1_0.01,1523,0.36107480314960794,0.3597602444382996,0.36238936186091625
UCB1_0.01,1524,0.36108459016393446,0.359769919177221,0.3623992611506479
UCB1_0.01,1525,0.3610982961992139,0.35978471268893525,0.36241187970949257
UCB1_0.01,1526,0.3610884086444008,0.35977599555949497,0.3624008217293066
UCB1_0.01,1527,0.3610863874345548,0.3597755369819374,0.36239723788717215
UCB1_0.01,1528,0.361109221713538,0.3597992422814215,0.36241920114565446
UCB1_0.01,1529,0.36110326797385583,0.3597939483611448,0.36241258758656686
UCB1_0.01,1530,0.36110646636185484,0.35979683421776065,0.362416098505949
UCB1_0.01,1531,0.3610926892950394,0.35978322586436823,0.3624021527257106
UCB1_0.01,1532,0.3611167645140244,0.3598062926514848,0.36242723637656404
UCB1_0.01,1533,0.3611434159061272,0.35983398766527636,0.36245284414697804
UCB1_0.01,1534,0.361171335504886,0.3598607124422686,0.3624819585675034
UCB1_0.01,1535,0.3611757812500001,0.35986409993656715,0.36248746256343306
UCB1_0.01,1536,0.36119323357189287,0.35987931282640545,0.3625071543173803
UCB1_0.01,1537,0.36121066319895956,0.35989710861777247,0.36252421778014665
UCB1_0.01,1538,0.3612306692657574,0.3599167438297788,0.36254459470173606
UCB1_0.01,1539,0.36122597402597373,0.3599141985821502,0.3625377494697973
UCB1_0.01,1540,0.3612225827384814,0.35991083255636414,0.36253433292059867
UCB1_0.01,1541,0.3612542153047987,0.3599422075245232,0.36256622308507414
UCB1_0.01,1542,0.3612715489306547,0.3599602144464256,0.3625828834148838
UCB1_0.01,1543,0.36128626943005193,0.35997404430923136,0.3625984945508725
UCB1_0.01,1544,0.36130744336569603,0.3599936793811816,0.3626212073502105
UCB1_0.01,1545,0.3612923673997412,0.359979999133532,0.36260473566595036
UCB1_0.01,1546,0.3612967032967039,0.35998502407888333,0.36260838251452443
UCB1_0.01,1547,0.3612816537467716,0.3599702806030125,0.36259302689053075
UCB1_0.01,1548,0.3612756617172378,0.3599649316807534,0.3625863917537222
UCB1_0.01,1549,0.3612941935483871,0.3599839258357272,0.362604461261047
UCB1_0.01,1550,0.361289490651193,0.3599796224553973,0.3625993588469887
UCB1_0.01,1551,0.3613015463917526,0.35999012425372834,0.36261296852977687
UCB1_0.01,1552,0.36130070830650385,0.3599899922781071,0.3626114243349006
UCB1_0.01,1553,0.36131531531531547,0.36000503910050424,0.3626255915301267
UCB1_0.01,1554,0.36131961414790975,0.360007721796292,0.3626315064995275
UCB1_0.01,1555,0.36132776349614404,0.3600144499426354,0.3626410770496527
UCB1_0.01,1556,0.36134617854849077,0.3600315886603829,0.36266076843659867
UCB1_0.01,1557,0.3613825417201541,0.3600659351630886,0.3626991482772196
UCB1_0.01,1558,0.3614073123797309,0.360088951990603,0.3627256727688588
UCB1_0.01,1559,0.361416666666667,0.3600956501475258,0.3627376831858082
UCB1_0.01,1560,0.36144907110826424,0.3601276249259146,0.3627705172906139
UCB1_0.01,1561,0.361449423815621,0.3601295618699585,0.36276928576128353
UCB1_0.01,1562,0.3614420985284703,0.36012270992226997,0.36276148713467066
UCB1_0.01,1563,0.361438618925831,0.3601205319867309,0.36275670586493114
UCB1_0.01,1564,0.3614504792332268,0.3601327296878506,0.36276822877860304
UCB1_0.01,1565,0.36146487867177507,0.36014510124866145,0.3627846560948887
UCB1_0.01,1566,0.3614664964901086,0.36014800328811725,0.36278498969209994
UCB1_0.01,1567,0.361484693877551,0.36016602501269135,0.36280336274241065
UCB1_0.01,1568,0.3614862970044613,0.36016768657130777,0.3628049074376148
UCB1_0.01,1569,0.36151082802547746,0.36019070082370125,0.36283095522725367
UCB1_0.01,1570,0.3615238701464034,0.36020492014362,0.36284282014918684
UCB1_0.01,1571,0.3615254452926208,0.36020457075312906,0.3628463198321126
UCB1_0.01,1572,0.36152320406865857,0.36020204994742877,0.36284435818988836
UCB1_0.01,1573,0.3615196950444721,0.36019881560781575,0.3628405744811285
UCB1_0.01,1574,0.36151999999999945,0.3601988831207422,0.3628411168792567
UCB1_0.01,1575,0.36154568527918785,0.3602235397077169,0.36286783085065877
UCB1_0.01,1576,0.36154977805960725,0.360226791281927,0.36287276483728753
UCB1_0.01,1577,0.36154119138149576,0.3602182800234479,0.3628641027395436
UCB1_0.01,1578,0.3615630145661812,0.3602393238411716,0.36288670529119077
UCB1_0.01,1579,0.3615430379746837,0.3602198053017959,0.36286627064757143
UCB1_0.01,1580,0.3615433270082225,0.3602201924293027,0.3628664615871423
UCB1_0.01,1581,0.36155752212389375,0.3602328999344389,0.3628821443133486
UCB1_0.01,1582,0.36157296272899564,0.3602479880454794,0.36289793741251186
UCB1_0.01,1583,0.3615997474747477,0.3602733613531167,0.3629261335963787
UCB1_0.01,1584,0.3615936908517348,0.3602683459489087,0.3629190357545609
UCB1_0.01,1585,0.36157755359394705,0.36025175277311017,0.36290335441478394
UCB1_0.01,1586,0.36159168241965967,0.36026616606025236,0.362917198779067
UCB1_0.01,1587,0.3616196473551624,0.3602939495124279,0.3629453451978969
UCB1_0.01,1588,0.3616375078665827,0.3603137939791029,0.36296122175406254
UCB1_0.01,1589,0.3616578616352199,0.3603364302982293,0.3629792929722105
UCB1_0.01,1590,0.3616895034569453,0.36036792588109917,0.3630110810327914
UCB1_0.01,1591,0.3617261306532662,0.36040457013383276,0.36304769117269964
UCB1_0.01,1592,0.361735091023227,0.3604138664691725,0.36305631557728146
UCB1_0.01,1593,0.36174404015056455,0.3604233747113224,0.3630647055898067
UCB1_0.01,1594,0.3617442006269595,0.3604255214858784,0.3630628797680406
UCB1_0.01,1595,0.3617531328320802,0.36043300666029504,0.3630732590038654
UCB1_0.01,1596,0.36177332498434545,0.36045172951971205,0.36309492044897884
UCB1_0.01,1597,0.36176971214017545,0.3604477369406873,0.36309168733966357
UCB1_0.01,1598,0.36176360225140725,0.3604420754540707,0.3630851290487438
UCB1_0.01,1599,0.36176875000000003,0.36044684663993104,0.363090653360069
UCB1_0.01,1600,0.361791380387258,0.36047020390139656,0.36311255687311944
UCB1_0.01,1601,0.3617940074906362,0.36047285038383003,0.3631151645974424
UCB1_0.01,1602,0.3617891453524641,0.36046727922598776,0.3631110114789404
UCB1_0.01,1603,0.3618067331670821,0.360486535775788,0.36312693055837625
UCB1_0.01,1604,0.3618031152647976,0.36048282494248296,0.3631234055871122
UCB1_0.01,1605,0.36180448318804515,0.36048342532211736,0.36312554105397293
UCB1_0.01,1606,0.361807093963908,0.36048630101367557,0.3631278869141404
UCB1_0.01,1607,0.36180845771144265,0.36048856416214436,0.36312835126074094
UCB1_0.01,1608,0.3618384089496579,0.36051862832129644,0.3631581895780194
UCB1_0.01,1609,0.36183602484471994,0.36051787927937434,0.36315417041006554
UCB1_0.01,1610,0.3618348851644935,0.36051626358455585,0.3631535067444312
UCB1_0.01,1611,0.3618535980148884,0.3605370718072096,0.3631701242225672
UCB1_0.01,1612,0.3618549287042779,0.36053988986624264,0.3631699675423131
UCB1_0.01,1613,0.36186245353159874,0.3605461224526913,0.3631787846105062
UCB1_0.01,1614,0.36188482972136227,0.3605663698863072,0.36320328955641734
UCB1_0.01,1615,0.36187623762376225,0.36055869449439204,0.36319378075313247
UCB1_0.01,1616,0.36188002473716746,0.3605633258605033,0.3631967236138316
UCB1_0.01,1617,0.36188875154511724,0.3605735255384383,0.3632039775517962
UCB1_0.01,1618,0.36187770228536126,0.3605627559372155,0.36319264863350703
UCB1_0.01,1619,0.36185925925925927,0.36054476587121076,0.3631737526473078
UCB1_0.01,1620,0.3618556446637877,0.3605409831154645,0.36317030621211094
UCB1_0.01,1621,0.36186066584463583,0.3605474867397984,0.36317384494947325
UCB1_0.01,1622,0.36186444855206396,0.36055213399758157,0.36317676310654634
UCB1_0.01,1623,0.3618657635467981,0.3605533128863949,0.3631782142072013
UCB1_0.01,1624,0.361889230769231,0.36057695222029523,0.3632015093181668
UCB1_0.01,1625,0.3619163591635919,0.36060557134494764,0.3632271469822361
UCB1_0.01,1626,0.3619483712354031,0.36063756735888786,0.3632591751119183
UCB1_0.01,1627,0.3619422604422606,0.36063301413595805,0.3632515067485631
UCB1_0.01,1628,0.3619275629220377,0.3606205843499467,0.3632345414941287
UCB1_0.01,1629,0.36192515337423314,0.3606187076174287,0.3632315991310376
UCB1_0.01,1630,0.3619251992642548,0.36062010894603075,0.3632302895824789
UCB1_0.01,1631,0.3619448529411766,0.36063952738119304,0.3632501785011602
UCB1_0.01,1632,0.3619534598897736,0.36064882221092925,0.363258097568618
UCB1_0.01,1633,0.36194369645042823,0.36063916978620725,0.3632482231146492
UCB1_0.01,1634,0.36193516819571847,0.3606281418816031,0.36324219450983386
UCB1_0.01,1635,0.361957212713936,0.36064922986661174,0.36326519556126025
UCB1_0.01,1636,0.3619999999999996,0.3606914219898709,0.3633085780101283
UCB1_0.01,1637,0.3620427350427345,0.36073363558439675,0.3633518345010722
UCB1_0.01,1638,0.3620378279438681,0.36072928815741423,0.3633463677303219
UCB1_0.01,1639,0.3620426829268294,0.36073300768862276,0.363352358165036
UCB1_0.01,1640,0.3620390006093846,0.3607308627445192,0.36334713847425
UCB1_0.01,1641,0.3620316686967116,0.36072482415918256,0.36333851323424066
UCB1_0.01,1642,0.3620194765672554,0.36071267088201225,0.3633262822524986
UCB1_0.01,1643,0.36199513381995135,0.36069036199959764,0.36329990564030507
UCB1_0.01,1644,0.361991489361702,0.36068738437106274,0.36329559435234127
UCB1_0.01,1645,0.3619927095990277,0.360690159136939,0.36329526006111634
UCB1_0.01,1646,0.3620036429872494,0.3607004831529669,0.36330680282153194
UCB1_0.01,1647,0.3620048543689318,0.3607026949638868,0.36330701377397684
UCB1_0.01,1648,0.36199757428744717,0.3606958405206974,0.3632993080541969
UCB1_0.01,1649,0.36199757575757596,0.3606965670825515,0.36329858443260044
UCB1_0.01,1650,0.36200605693519117,0.36070670975689806,0.3633054041134843
UCB1_0.01,1651,0.3620036319612592,0.3607061702425576,0.3633010936799608
UCB1_0.01,1652,0.3620096793708414,0.3607136727480841,0.3633056859935987
UCB1_0.01,1653,0.3620326481257554,0.36073740507350704,0.3633278911780038
UCB1_0.01,1654,0.36204592145015063,0.3607512996932843,0.363340543207017
UCB1_0.01,1655,0.3620386473429951,0.36074263368527826,0.363334661000712
UCB1_0.01,1656,0.36205431502715824,0.36075887406428714,0.36334975599002933
UCB1_0.01,1657,0.36208082026538,0.36078446272198095,0.3633771778087791
UCB1_0.01,1658,0.3620783604581072,0.3607816043585329,0.3633751165576815
UCB1_0.01,1659,0.36206746987951793,0.3607722148345425,0.36336272492449334
UCB1_0.01,1660,0.3620999397953042,0.3608041111680297,0.3633957684225787
UCB1_0.01,1661,0.3620926594464494,0.36079702321566826,0.3633882956772306
UCB1_0.01,1662,0.3621082381238726,0.36081220104314515,0.36340427520460006
UCB1_0.01,1663,0.36212980769230757,0.3608320880300822,0.36342752735453293
UCB1_0.01,1664,0.36212972972973,0.36083168492492496,0.36342777453453506
UCB1_0.01,1665,0.3621632653061227,0.3608642385728681,0.3634622920393773
UCB1_0.01,1666,0.3621691661667663,0.3608704761892361,0.3634678561442965
UCB1_0.01,1667,0.362167865707434,0.3608682621540946,0.36346746926077333
UCB1_0.01,1668,0.36217495506291214,0.3608745667901923,0.363475343335632
UCB1_0.01,1669,0.36217245508982016,0.36087190135763875,0.36347300882200156
UCB1_0.01,1670,0.36215320167564347,0.36085193945369354,0.3634544638975934
UCB1_0.01,1671,0.3621566985645939,0.3608562820680044,0.36345711506118344
UCB1_0.01,1672,0.36215540944411245,0.36085508505066805,0.36345573383755686
UCB1_0.01,1673,0.36217204301075256,0.36087081497026163,0.3634732710512435
UCB1_0.01,1674,0.36216597014925384,0.3608659560297087,0.36346598426879895
UCB1_0.01,1675,0.3621575178997613,0.36085812988324834,0.3634569059162743
UCB1_0.01,1676,0.36217769827072144,0.3608790490456216,0.36347634749582125
UCB1_0.01,1677,0.36219189511323,0.36089311656117334,0.3634906736652867
UCB1_0.01,1678,0.36220011911852273,0.36090131421815197,0.3634989240188935
UCB1_0.01,1679,0.36221785714285726,0.36092092559304834,0.3635147886926662
UCB1_0.01,1680,0.36220939916716255,0.3609136461380677,0.3635051521962574
UCB1_0.01,1681,0.36221759809750287,0.3609205689022627,0.36351462729274303
UCB1_0.01,1682,0.36221628045157467,0.36091921449524456,0.3635133464079048
UCB1_0.01,1683,0.36220190023752946,0.3609046170447659,0.363499183430293
UCB1_0.01,1684,0.36218397626112797,0.3608849595843344,0.3634829929379215
UCB1_0.01,1685,0.3621755634638199,0.3608763371361945,0.3634747897914453
UCB1_0.01,1686,0.3621778304682876,0.3608779289047972,0.363477732031778
UCB1_0.01,1687,0.36216943127962115,0.3608695605801007,0.36346930197914157
UCB1_0.01,1688,0.36216577856719967,0.36086450870779224,0.3634670484266071
UCB1_0.01,1689,0.3621668639053256,0.3608663771273548,0.3634673506832964
UCB1_0.01,1690,0.3621998817267891,0.3608985126170507,0.36350125083652746
UCB1_0.01,1691,0.3621879432624112,0.3608876237673919,0.3634882627574305
UCB1_0.01,1692,0.3621925575900766,0.3608916171383801,0.36349349804177317
UCB1_0.01,1693,0.3621983471074378,0.36089724769595244,0.3634994465189232
UCB1_0.01,1694,0.3621958702064895,0.36089451462040456,0.3634972257925745
UCB1_0.01,1695,0.36217334905660337,0.36087241760303884,0.3634742805101679
UCB1_0.01,1696,0.36218149675898625,0.3608806313405343,0.36348236217743823
UCB1_0.01,1697,0.3622014134275621,0.3609018784698106,0.36350094838531366
UCB1_0.01,1698,0.3622271924661567,0.36092886340320623,0.36352552152910717
UCB1_0.01,1699,0.3622200000000004,0.36092262488248056,0.3635173751175202
UCB1_0.01,1700,0.36223280423280435,0.36093754062702493,0.36352806783858377
UCB1_0.01,1701,0.3622150411280844,0.36091963875729377,0.363510443498875
UCB1_0.01,1702,0.3622207868467409,0.3609235713433123,0.3635180023501695
UCB1_0.01,1703,0.3622347417840375,0.3609364814145629,0.36353300215351203
UCB1_0.01,1704,0.36221466275659836,0.3609163295822973,0.3635129959308994
UCB1_0.01,1705,0.36223446658851055,0.36093507836253863,0.36353385481448247
UCB1_0.01,1706,0.36224604569420027,0.360945888135898,0.36354620325250253
UCB1_0.01,1707,0.3622693208430916,0.3609680373332429,0.3635706043529403
UCB1_0.01,1708,0.3622785254534819,0.3609749873722317,0.36358206353473205
UCB1_0.01,1709,0.36230058479532185,0.3609961198124296,0.3636050497782141
UCB1_0.01,1710,0.36230040911747485,0.3609963471919177,0.363604471043032
UCB1_0.01,1711,0.36229672897196225,0.3609930345008429,0.3636004234430816
UCB1_0.01,1712,0.3623023934617631,0.36099823018775257,0.3636065567357736
UCB1_0.01,1713,0.3622975495915989,0.36099408800546934,0.3636010111777284
UCB1_0.01,1714,0.36230087463556837,0.3609976941954219,0.36360405507571486
UCB1_0.01,1715,0.36231002331002304,0.36100691441731786,0.36361313220272823
UCB1_0.01,1716,0.36232498543972064,0.3610225997692364,0.3636273711102049
UCB1_0.01,1717,0.3623306169965074,0.36103003758766694,0.3636311964053479
UCB1_0.01,1718,0.3623280977312389,0.36102754223344413,0.3636286532290337
UCB1_0.01,1719,0.3623279069767445,0.36102687357963614,0.36362894037385285
UCB1_0.01,1720,0.3623242300987798,0.3610240726067429,0.36362438759081667
UCB1_0.01,1721,0.3623275261324041,0.36102688107294284,0.36362817119186536
UCB1_0.01,1722,0.36234010446894954,0.36104031020309524,0.36363989873480385
UCB1_0.01,1723,0.36235498839907054,0.3610562677996982,0.3636537089984429
UCB1_0.01,1724,0.3623814492753626,0.3610841770656059,0.36367872148511926
UCB1_0.01,1725,0.3623939745075319,0.3610964680440322,0.3636914809710316
UCB1_0.01,1726,0.3624111175448753,0.36111272262207195,0.3637095124676787
UCB1_0.01,1727,0.3624201388888882,0.3611215153901523,0.3637187623876241
UCB1_0.01,1728,0.3624268363215732,0.3611265591297645,0.3637271135133819
UCB1_0.01,1729,0.36243121387283206,0.3611322124789918,0.3637302152666723
UCB1_0.01,1730,0.36240785673021414,0.36110979334737237,0.3637059201130559
UCB1_0.01,1731,0.3624006928406467,0.36110280348663826,0.3636985821946551
UCB1_0.01,1732,0.3624154645124062,0.3611191035996353,0.3637118254251771
UCB1_0.01,1733,0.36242791234140725,0.36113401371202586,0.36372181097078865
UCB1_0.01,1734,0.3624438040345821,0.36115054941888486,0.36373705865027933
UCB1_0.01,1735,0.36244009216589795,0.3611480458833179,0.363732138448478
UCB1_0.01,1736,0.362447898675878,0.36115570415210463,0.3637400931996514
UCB1_0.01,1737,0.3624487917146146,0.3611556257914036,0.3637419576378256
UCB1_0.01,1738,0.36245428407130537,0.36116030540669536,0.3637482627359154
UCB1_0.01,1739,0.36246091954022996,0.36116587319601906,0.36375596588444087
UCB1_0.01,1740,0.36247443997702494,0.3611790405009141,0.3637698394531358
UCB1_0.01,1741,0.36248794489092956,0.3611936413154702,0.3637822484663889
UCB1_0.01,1742,0.36250372920252455,0.3612100587166622,0.3637973996883869
UCB1_0.01,1743,0.3625103211009174,0.3612158870160573,0.36380475518577754
UCB1_0.01,1744,0.36252722063037235,0.3612337634409449,0.3638206778197998
UCB1_0.01,1745,0.3625567010309275,0.36126378782667085,0.3638496142351842
UCB1_0.01,1746,0.36255294791070325,0.36125991206470354,0.36384598375670296
UCB1_0.01,1747,0.36253890160183055,0.36124611924228495,0.36383168396137616
UCB1_0.01,1748,0.3625248713550601,0.36123367926244837,0.36381606344767187
UCB1_0.01,1749,0.36254628571428626,0.3612561244608443,0.3638364469677282
UCB1_0.01,1750,0.36255168475157057,0.36126158052435436,0.3638417889787868
UCB1_0.01,1751,0.362562785388128,0.36127299014820835,0.3638525806280476
UCB1_0.01,1752,0.36256018254420974,0.3612687430974826,0.3638516219909369
UCB1_0.01,1753,0.362565564424173,0.3612727158331727,0.36385841301517324
UCB1_0.01,1754,0.3625515669515673,0.3612598610188016,0.36384327288433305
UCB1_0.01,1755,0.36254328018223236,0.3612512916249406,0.36383526873952415
UCB1_0.01,1756,0.3625327262379054,0.3612411959253813,0.3638242565504295
UCB1_0.01,1757,0.36252559726962474,0.36123586296979526,0.3638153315694542
UCB1_0.01,1758,0.36254007959067674,0.3612498773226438,0.3638302818587097
UCB1_0.01,1759,0.36253522727272713,0.3612444062961648,0.3638260482492895
UCB1_0.01,1760,0.36252356615559356,0.3612334718064349,0.3638136605047522
UCB1_0.01,1761,0.36253348467650415,0.3612435489783933,0.363823420374615
UCB1_0.01,1762,0.36253885422575144,0.361250013059602,0.36382769539190085
UCB1_0.01,1763,0.36254421768707623,0.3612546736157,0.36383376175845245
UCB1_0.01,1764,0.3625722379603403,0.36128395846278144,0.3638605174578992
UCB1_0.01,1765,0.3625821064552662,0.36129320247033314,0.3638710104401992
UCB1_0.01,1766,0.362597623089983,0.36130707313113875,0.36388817304882726
UCB1_0.01,1767,0.36260407239818976,0.361314287672503,0.3638938571238765
UCB1_0.01,1768,0.3625969474279255,0.36130712034898815,0.3638867745068628
UCB1_0.01,1769,0.3626079096045198,0.3613165138789987,0.36389930533004083
UCB1_0.01,1770,0.36263918690005637,0.3613476714037279,0.3639307023963848
UCB1_0.01,1771,0.3626591422121899,0.3613656522995239,0.36395263212485596
UCB1_0.01,1772,0.36266441060349736,0.3613727386551517,0.36395608255184303
UCB1_0.01,1773,0.36268883878241254,0.3613974914657537,0.3639801860990714
UCB1_0.01,1774,0.3626873239436621,0.36139606134626995,0.36397858654105425
UCB1_0.01,1775,0.3627072072072072,0.36141452243773375,0.3639998919766807
UCB1_0.01,1776,0.36272594259988755,0.3614336436481403,0.3640182415516348
UCB1_0.01,1777,0.36271991001125,0.36142786749938255,0.3640119525231174
UCB1_0.01,1778,0.3627206295671723,0.36142723094521884,0.3640140281891258
UCB1_0.01,1779,0.3627269662921338,0.36143272695524914,0.36402120562901846
UCB1_0.01,1780,0.36273104997192596,0.361437678868111,0.3640244210757409
UCB1_0.01,1781,0.3627497194163862,0.36145628647540823,0.3640431523573641
UCB1_0.01,1782,0.3627694896242284,0.36147698699302955,0.36406199225542724
UCB1_0.01,1783,0.36276345291479833,0.36147106426306874,0.3640558415665279
UCB1_0.01,1784,0.36276302521008424,0.36147079215842287,0.3640552582617456
UCB1_0.01,1785,0.3627290033594625,0.36143574450612886,0.36402226221279615
UCB1_0.01,1786,0.36273754896474525,0.36144480436166754,0.36403029356782296
UCB1_0.01,1787,0.36274049217002274,0.3614471474281998,0.3640338369118457
UCB1_0.01,1788,0.36276243711570716,0.36146844450093585,0.36405642973047847
UCB1_0.01,1789,0.36277318435754213,0.36147823822910335,0.3640681304859809
UCB1_0.01,1790,0.36278950307090996,0.3614943188423042,0.3640846872995157
UCB1_0.01,1791,0.3627801339285711,0.36148624010640795,0.3640740277507343
UCB1_0.01,1792,0.3627953151143335,0.36150195189208284,0.36408867833658415
UCB1_0.01,1793,0.3628093645484958,0.36151448540951725,0.3641042436874744
UCB1_0.01,1794,0.3628233983286908,0.3615289760493887,0.3641178206079929
UCB1_0.01,1795,0.3628207126948775,0.36152470899930866,0.3641167163904463
UCB1_0.01,1796,0.3627979966611021,0.3615031898844826,0.36409280343772155
UCB1_0.01,1797,0.3628008898776414,0.3615053476655472,0.36409643208973563
UCB1_0.01,1798,0.36279155086158976,0.36149508779997996,0.36408801392319956
UCB1_0.01,1799,0.36277777777777764,0.36148107420396386,0.36407448135159143
UCB1_0.01,1800,0.36279622431982234,0.36149958966704826,0.3640928589725964
UCB1_0.01,1801,0.3627957824639292,0.3614998342036737,0.36409173072418466
UCB1_0.01,1802,0.3628031059345533,0.3615061364149059,0.36410007545420064
UCB1_0.01,1803,0.3628292682926828,0.36153073487590426,0.36412780170946135
UCB1_0.01,1804,0.3628598337950138,0.3615605272019471,0.3641591403880805
UCB1_0.01,1805,0.3628903654485063,0.3615913212013247,0.36418940969568786
UCB1_0.01,1806,0.36290204759269523,0.36160234218829007,0.3642017529971004
UCB1_0.01,1807,0.3629148230088491,0.36161394936818025,0.3642156966495179
UCB1_0.01,1808,0.36291431730237705,0.3616146999604932,0.3642139346442609
UCB1_0.01,1809,0.36291933701657464,0.36161997039161997,0.3642187036415293
UCB1_0.01,1810,0.3629110988404197,0.361611665807115,0.36421053187372443
UCB1_0.01,1811,0.36292163355408386,0.3616219152719919,0.3642213518361758
UCB1_0.01,1812,0.36294649751792624,0.3616467782492138,0.36424621678663865
UCB1_0.01,1813,0.36298015435501635,0.3616809304579314,0.36427937825210127
UCB1_0.01,1814,0.36300165289256187,0.3617024702571227,0.364300835528001
UCB1_0.01,1815,0.3630099118942732,0.36171105816641663,0.3643087656221297
UCB1_0.01,1816,0.36300825536598774,0.36171054435133326,0.3643059663806422
UCB1_0.01,1817,0.3630176017601757,0.3617185962729162,0.36431660724743525
UCB1_0.01,1818,0.3630159428257285,0.3617169393938385,0.36431494625761857
UCB1_0.01,1819,0.36302967032967026,0.36173049257968587,0.36432884807965465
UCB1_0.01,1820,0.3630378912685336,0.3617388769775239,0.3643369055595433
UCB1_0.01,1821,0.3630537870472007,0.361752276056176,0.3643552980382254
UCB1_0.01,1822,0.36304443225452554,0.36174278480502153,0.36434607970402955
UCB1_0.01,1823,0.363060307017544,0.36175941266441963,0.36436120137066835
UCB1_0.01,1824,0.36307835616438333,0.36177805075917485,0.3643786615695918
UCB1_0.01,1825,0.3631073384446878,0.36180633811574514,0.36440833877363044
UCB1_0.01,1826,0.36310892172961107,0.36180810222622495,0.3644097412329972
UCB1_0.01,1827,0.36311050328227557,0.3618098645454376,0.3644111420191135
UCB1_0.01,1828,0.36311427009294694,0.36181329637600174,0.36441524380989215
UCB1_0.01,1829,0.3631267759562839,0.36182578847192115,0.36442776344064665
UCB1_0.01,1830,0.36311742217367543,0.3618171054350296,0.36441773891232127
UCB1_0.01,1831,0.36311572052401725,0.3618153782558275,0.364416062792207
UCB1_0.01,1832,0.36311074740861987,0.3618101035986836,0.36441139121855615
UCB1_0.01,1833,0.36314721919302095,0.3618456898184275,0.3644487485676144
UCB1_0.01,1834,0.3631433242506815,0.3618434705674974,0.36444317793386566
UCB1_0.01,1835,0.3631503267973855,0.36185033589131527,0.36445031770345576
UCB1_0.01,1836,0.3631660315732181,0.3618669037053817,0.36446515944105445
UCB1_0.01,1837,0.3631849836779107,0.3618850231289183,0.3644849442269031
UCB1_0.01,1838,0.3631952147906469,0.36189356989632065,0.3644968596849732
UCB1_0.01,1839,0.3632076086956518,0.3619064284092868,0.3645087889820168
UCB1_0.01,1840,0.36323302552960346,0.3619337592813825,0.3645322917778244
UCB1_0.01,1841,0.36326384364820874,0.3619653618069793,0.3645623254894382
UCB1_0.01,1842,0.3632588171459579,0.3619588418378592,0.36455879245405665
UCB1_0.01,1843,0.36324728850325433,0.36194726158258483,0.3645473154239238
UCB1_0.01,1844,0.363240108401084,0.36193903283512613,0.3645411839670419
UCB1_0.01,1845,0.36322535211267626,0.36192519029522957,0.36452551393012295
UCB1_0.01,1846,0.36323226854358426,0.36193225148922314,0.36453228559794537
UCB1_0.01,1847,0.363227272727273,0.3619291233471188,0.3645254221074272
UCB1_0.01,1848,0.363242833964305,0.36194423210744936,0.36454143582116066
UCB1_0.01,1849,0.3632583783783781,0.3619612692585822,0.364555487498174
UCB1_0.01,1850,0.36328038897893034,0.3619824024670962,0.3645783754907645
UCB1_0.01,1851,0.36329589632829407,0.36199770121600827,0.36459409144057986
UCB1_0.01,1852,0.36330814894765234,0.3620126562907144,0.3646036416045903
UCB1_0.01,1853,0.3633160733549089,0.36202142099544726,0.36461072571437053
UCB1_0.01,1854,0.363312129380054,0.3620184597435394,0.36460579901656864
UCB1_0.01,1855,0.36330172413793127,0.3620079737701537,0.36459547450570884
UCB1_0.01,1856,0.363306408185245,0.3620125852737277,0.3646002310967623
UCB1_0.01,1857,0.36331324004305704,0.36202054270939216,0.3646059373767219
UCB1_0.01,1858,0.3632910166756322,0.3620002747489328,0.36458175860233155
UCB1_0.01,1859,0.3632913978494624,0.36200146123846977,0.36458133446045504
UCB1_0.01,1860,0.3632788823213326,0.3619886758748793,0.3645690887677859
UCB1_0.01,1861,0.36328249194414597,0.3619934647716803,0.3645715191166116
UCB1_0.01,1862,0.3632850241545895,0.3619966590858103,0.36457338922336874
UCB1_0.01,1863,0.3632961373390559,0.36200705825591145,0.3645852164222004
UCB1_0.01,1864,0.36333297587131347,0.36204554144776585,0.3646204102948611
UCB1_0.01,1865,0.36333118971061074,0.3620419330711111,0.36462044635011037
UCB1_0.01,1866,0.36334440278521685,0.36205370614566257,0.3646350994247711
UCB1_0.01,1867,0.36335653104925064,0.3620657046927224,0.36464735740577886
UCB1_0.01,1868,0.3633536650615297,0.36206253480946465,0.3646447953135948
UCB1_0.01,1869,0.36336791443850264,0.3620779748887742,0.3646578539882311
UCB1_0.01,1870,0.3633842864778197,0.3620959216882614,0.36467265126737797
UCB1_0.01,1871,0.36337713675213645,0.36208994898395946,0.36466432452031344
UCB1_0.01,1872,0.36337960491190585,0.36209356633374645,0.36466564349006525
UCB1_0.01,1873,0.3633788687299915,0.3620923833341537,0.36466535412582923
UCB1_0.01,1874,0.36337919999999996,0.36209348938846503,0.3646649106115349
UCB1_0.01,1875,0.3633816631130061,0.3620967695443986,0.36466655668161363
UCB1_0.01,1876,0.3633905167820989,0.3621069165863344,0.36467411697786334
UCB1_0.01,1877,0.3633887113951011,0.36210729121751845,0.36467013157268374
UCB1_0.01,1878,0.36339435870143677,0.3621128086279599,0.3646759087749136
UCB1_0.01,1879,0.3633914893617021,0.36211005977683014,0.3646729189465741
UCB1_0.01,1880,0.363391812865499,0.362110623419334,0.364673002311664
UCB1_0.01,1881,0.36339532412327286,0.3621149160128476,0.3646757322336981
UCB1_0.01,1882,0.36342007434944273,0.36213956286227,0.36470058583661547
UCB1_0.01,1883,0.3634458598726112,0.36216508735277814,0.36472663239244424
UCB1_0.01,1884,0.3634620689655161,0.3621799244975978,0.3647442134334344
UCB1_0.01,1885,0.36347613997879086,0.36219489186015164,0.3647573880974301
UCB1_0.01,1886,0.36346369899311115,0.3621837365310373,0.364743661455185
UCB1_0.01,1887,0.36347987288135575,0.36220063206190783,0.36475911370080366
UCB1_0.01,1888,0.36350132345156155,0.36222122959416836,0.36478141730895475
UCB1_0.01,1889,0.3635132275132277,0.3622340500805735,0.36479240494588183
UCB1_0.01,1890,0.36352511898466383,0.36224557596687695,0.3648046620024507
UCB1_0.01,1891,0.3635147991543343,0.3622345637861365,0.36479503452253215
UCB1_0.01,1892,0.36350660327522427,0.36222646426470845,0.3647867422857401
UCB1_0.01,1893,0.36353009503695843,0.36224986958143357,0.3648103204924833
UCB1_0.01,1894,0.36354617414247986,0.3622635682825584,0.3648287800024013
UCB1_0.01,1895,0.363542194092827,0.36226018601019666,0.36482420217545736
UCB1_0.01,1896,0.3635392725355826,0.3622573424963282,0.364821202574837
UCB1_0.01,1897,0.3635489989462591,0.36226836853454786,0.3648296293579703
UCB1_0.01,1898,0.363559768299105,0.36227992880223553,0.3648396077959745
UCB1_0.01,1899,0.36357789473684204,0.36229888790008363,0.36485690157360046
UCB1_0.01,1900,0.36357285639137255,0.36229382287705975,0.36485188990568534
UCB1_0.01,1901,0.3635867507886433,0.3623080107949923,0.36486549078229424
UCB1_0.01,1902,0.3636111403047822,0.3623326120590129,0.3648896685505515
UCB1_0.01,1903,0.3636250000000002,0.36234704741404244,0.36490295258595795
UCB1_0.01,1904,0.3636199475065614,0.36234239129316526,0.36489750371995755
UCB1_0.01,1905,0.36361490031479526,0.36233886779220664,0.3648909328373839
UCB1_0.01,1906,0.36361405348715287,0.3623372014259084,0.3648909055483973
UCB1_0.01,1907,0.36363417190775665,0.36235782240848946,0.36491052140702385
UCB1_0.01,1908,0.3636196961760084,0.3623430815565164,0.36489631079550044
UCB1_0.01,1909,0.3636136125654449,0.36233724754930235,0.3648899775815874
UCB1_0.01,1910,0.3636336996336997,0.36235762845954217,0.3649097708078572
UCB1_0.01,1911,0.36364016736401716,0.3623636356765786,0.36491669905145574
UCB1_0.01,1912,0.36364140094093034,0.3623641200901124,0.3649186817917483
UCB1_0.01,1913,0.363653082549634,0.36237558841008854,0.3649305766891795
UCB1_0.01,1914,0.3636668407310704,0.3623903450792523,0.36494333638288856
UCB1_0.01,1915,0.3636805845511481,0.3624047972580456,0.3649563718442506
UCB1_0.01,1916,0.36369431403234176,0.3624172710421333,0.36497135702255024
UCB1_0.01,1917,0.36369238790406677,0.362416242789905,0.36496853301822857
UCB1_0.01,1918,0.3636935904116727,0.3624168778038301,0.36497030301951533
UCB1_0.01,1919,0.3636999999999999,0.362423853526081,0.36497614647391885
UCB1_0.01,1920,0.36369911504424784,0.3624252541106509,0.3649729759778448
UCB1_0.01,1921,0.36371071800208116,0.3624357476750422,0.3649856883291201
UCB1_0.01,1922,0.36372230889235585,0.3624475369808083,0.3649970808039034
UCB1_0.01,1923,0.36373804573804613,0.36246411463102396,0.3650119768450683
UCB1_0.01,1924,0.3637496103896109,0.3624745355256646,0.3650246852535572
UCB1_0.01,1925,0.3637455867082029,0.3624702670835545,0.3650209063328513
UCB1_0.01,1926,0.3637446808510636,0.3624693405986491,0.3650200211034781
UCB1_0.01,1927,0.36374481327800856,0.36246710455252024,0.3650225220034969
UCB1_0.01,1928,0.3637439087610157,0.36246532929192615,0.36502248823010525
UCB1_0.01,1929,0.3637398963730574,0.362460720177879,0.36501907256823585
UCB1_0.01,1930,0.363731745209736,0.36245314234419906,0.36501034807527294
UCB1_0.01,1931,0.3637308488612837,0.3624519156350733,0.36500978208749413
UCB1_0.01,1932,0.3637454733574755,0.3624666702976178,0.36502427641733315
UCB1_0.01,1933,0.36377766287487084,0.3624983313150929,0.3650569944346488
UCB1_0.01,1934,0.36379121447028445,0.3625109755836063,0.3650714533569626
UCB1_0.01,1935,0.3638161157024793,0.36253580713421896,0.36509642427073963
UCB1_0.01,1936,0.363821373257615,0.3625412272252676,0.3651015192899624
UCB1_0.01,1937,0.36382352941176455,0.3625437450397601,0.365103313783769
UCB1_0.01,1938,0.36384012377514224,0.3625586899998006,0.36512155755048387
UCB1_0.01,1939,0.36384639175257766,0.3625661447458698,0.3651266387592855
UCB1_0.01,1940,0.3638567748583206,0.362579131973455,0.36513441774318617
UCB1_0.01,1941,0.3638599382080333,0.3625849089057799,0.36513496751028673
UCB1_0.01,1942,0.3638548636129696,0.3625819759173496,0.3651277513085896
UCB1_0.01,1943,0.3638713991769547,0.3625985747885259,0.3651442235653835
UCB1_0.01,1944,0.36388894601542404,0.36261461173106585,0.36516328029978223
UCB1_0.01,1945,0.36388180883864274,0.3626088824353592,0.36515473524192626
UCB1_0.01,1946,0.3638818695428862,0.362609864716884,0.3651538743688884
UCB1_0.01,1947,0.3639086242299796,0.36263729372895015,0.36517995473100906
UCB1_0.01,1948,0.36390764494612626,0.36263609961576326,0.36517919027648926
UCB1_0.01,1949,0.36391179487179487,0.3626407334377336,0.3651828563058561
UCB1_0.01,1950,0.36391594054331095,0.3626460860382135,0.36518579504840837
UCB1_0.01,1951,0.3639036885245902,0.3626342327433468,0.36517314430583364
UCB1_0.01,1952,0.3639150025601638,0.3626460675179529,0.36518393760237466
UCB1_0.01,1953,0.3639365404298872,0.3626662185654262,0.36520686229434823
UCB1_0.01,1954,0.3639427109974424,0.3626714286091898,0.365213993385695
UCB1_0.01,1955,0.3639386503067484,0.362666593730746,0.36521070688275076
UCB1_0.01,1956,0.3639570771589165,0.36268520521044456,0.36522894910738846
UCB1_0.01,1957,0.3639703779366701,0.36270009740968073,0.36524065846365944
UCB1_0.01,1958,0.36397753956100076,0.36270666246867905,0.36524841665332247
UCB1_0.01,1959,0.3639867346938775,0.3627159920836046,0.36525747730415037
UCB1_0.01,1960,0.3639918408975014,0.362720460383511,0.3652632214114918
UCB1_0.01,1961,0.3639867482161062,0.3627144469445633,0.36525904948764915
UCB1_0.01,1962,0.36398573611818635,0.3627150164444196,0.3652564557919531
UCB1_0.01,1963,0.36398574338085526,0.3627172143480418,0.3652542724136687
UCB1_0.01,1964,0.36396641221374043,0.3626971725157911,0.3652356519116898
UCB1_0.01,1965,0.3639684638860632,0.36269982755489855,0.36523710021722783
UCB1_0.01,1966,0.3639877986781902,0.3627190946469514,0.365256502709429
UCB1_0.01,1967,0.3639949186991868,0.3627258703350844,0.36526396706328923
UCB1_0.01,1968,0.36400711020822785,0.36273765470503805,0.36527656571141764
UCB1_0.01,1969,0.3640020304568529,0.3627315882826978,0.36527247263100804
UCB1_0.01,1970,0.36400304414003076,0.362732189982906,0.3652738982971555
UCB1_0.01,1971,0.3640141987829612,0.36274038332789454,0.36528801423802787
UCB1_0.01,1972,0.3640364926507856,0.3627615257980336,0.36531145950353755
UCB1_0.01,1973,0.36404154002026384,0.36276680701338665,0.36531627302714104
UCB1_0.01,1974,0.36405772151898713,0.36278283043016757,0.3653326126078067
UCB1_0.01,1975,0.36405668016194365,0.3627829907888032,0.3653303695350841
UCB1_0.01,1976,0.36406373292868,0.36279000809197476,0.36533745776538523
UCB1_0.01,1977,0.3640707785642061,0.36279926195896484,0.3653422951694474
UCB1_0.01,1978,0.36406063668519456,0.3627896490217478,0.3653316243486413
UCB1_0.01,1979,0.364060606060606,0.36278895555266255,0.3653322565685494
UCB1_0.01,1980,0.36406057546693654,0.36278878923110586,0.3653323617027672
UCB1_0.01,1981,0.36405953582240164,0.362788521337426,0.36533055030737727
UCB1_0.01,1982,0.3640675743822488,0.36279630621200043,0.36533884255249716
UCB1_0.01,1983,0.364083669354839,0.36281245258443806,0.3653548861252399
UCB1_0.01,1984,0.36409269521410714,0.36282260889064244,0.36536278153757185
UCB1_0.01,1985,0.36408358509566974,0.36281400816071524,0.36535316203062423
UCB1_0.01,1986,0.3640855561147458,0.3628169308255189,0.3653541814039727
UCB1_0.01,1987,0.364105633802817,0.36283718057879916,0.3653740870268349
UCB1_0.01,1988,0.36411865258924064,0.3628504709661803,0.365386834212301
UCB1_0.01,1989,0.36413567839195965,0.36286775150231065,0.36540360528160865
UCB1_0.01,1990,0.3641597187343044,0.36289075085528105,0.3654286866133278
UCB1_0.01,1991,0.364162650602409,0.36289157998441507,0.3654337212204029
UCB1_0.01,1992,0.36415955845459125,0.3628865721193557,0.3654325447898268
UCB1_0.05,0,0.29,0.25018616870577937,0.3298138312942206
UCB1_0.05,1,0.242,0.2200758212370712,0.2639241787629288
UCB1_0.05,2,0.34000000000000097,0.3269333333333343,0.35306666666666764
UCB1_0.05,3,0.3335,0.32243524213852537,0.34456475786147467
UCB1_0.05,4,0.31240000000000145,0.30362309785913305,0.32117690214086986
UCB1_0.05,5,0.3513333333333341,0.3439294537001417,0.3587372129665265
UCB1_0.05,6,0.34428571428571325,0.3379697580948257,0.3506016704766008
UCB1_0.05,7,0.33375,0.327893819957568,0.339606180042432
UCB1_0.05,8,0.3491111111111128,0.344160770673621,0.35406145154860463
UCB1_0.05,9,0.3480000000000025,0.3433770890326981,0.35262291096730686
UCB1_0.05,10,0.34236363636363765,0.3378850956350721,0.3468421770922032
UCB1_0.05,11,0.35233333333333355,0.3483017766269568,0.3563648900397103
UCB1_0.05,12,0.34907692307692517,0.34525559433078695,0.3528982518230634
UCB1_0.05,13,0.35085714285714387,0.3470954496384266,0.35461883607586114
UCB1_0.05,14,0.3530666666666687,0.3497351326507638,0.3563982006825736
UCB1_0.05,15,0.3545,0.3513004360267001,0.3576995639732999
UCB1_0.05,16,0.3525882352941165,0.34929971414931565,0.3558767564389173
UCB1_0.05,17,0.35533333333333256,0.3522535521850809,0.3584131144815842
UCB1_0.05,18,0.35557894736842277,0.3526420272526737,0.35851586748417186
UCB1_0.05,19,0.354899999999999,0.35205550555188864,0.35774449444810935
UCB1_0.05,20,0.3585714285714284,0.35592528846776234,0.3612175686750944
UCB1_0.05,21,0.3561818181818184,0.35358147472797596,0.3587821616356608
UCB1_0.05,22,0.3585217391304366,0.3558094769435295,0.36123400131734373
UCB1_0.05,23,0.3594166666666667,0.35692066259674243,0.361912670736591
UCB1_0.05,24,0.35976000000000186,0.35726353432842156,0.36225646567158215
UCB1_0.05,25,0.3602307692307682,0.3577971507450637,0.3626643877164727
UCB1_0.05,26,0.3599259259259278,0.3575950208136972,0.3622568310381584
UCB1_0.05,27,0.36028571428571526,0.35789047250954054,0.36268095606189
UCB1_0.05,28,0.3608275862068955,0.3585219795923399,0.36313319282145107
UCB1_0.05,29,0.3604666666666678,0.3581722900852033,0.36276104324813235
UCB1_0.05,30,0.3617419354838693,0.35942136560417326,0.3640625053635653
UCB1_0.05,31,0.3621875,0.3599034570621848,0.3644715429378152
UCB1_0.05,32,0.36090909090909273,0.35873940750983274,0.3630787743083527
UCB1_0.05,33,0.36211764705882127,0.3599238690031527,0.36431142511448983
UCB1_0.05,34,0.3634285714285719,0.36123506598470706,0.3656220768724367
UCB1_0.05,35,0.36272222222222256,0.3605386748659971,0.364905769578448
UCB1_0.05,36,0.36308108108108217,0.36097915725288604,0.3651830049092783
UCB1_0.05,37,0.3637894736842105,0.3617280944276838,0.3658508529407372
UCB1_0.05,38,0.3639487179487201,0.3618619108445751,0.3660355250528651
UCB1_0.05,39,0.3651999999999996,0.36311171185734936,0.3672882881426498
UCB1_0.05,40,0.36487804878048746,0.36285868520903225,0.3668974123519427
UCB1_0.05,41,0.36438095238095225,0.36232600433060014,0.36643590043130436
UCB1_0.05,42,0.36544186046511695,0.3634175370161015,0.3674661839141324
UCB1_0.05,43,0.36559090909090947,0.3636384913715437,0.36754332681027524
UCB1_0.05,44,0.36555555555555463,0.36359068814873774,0.36752042296237153
UCB1_0.05,45,0.3661739130434798,0.3642067054270042,0.3681411206599554
UCB1_0.05,46,0.36617021276595646,0.36422842616036794,0.368111999371545
UCB1_0.05,47,0.3670416666666667,0.36510362817296416,0.36897970516036926
UCB1_0.05,48,0.3669795918367356,0.36506630028311965,0.3688928833903516
UCB1_0.05,49,0.36692000000000113,0.364973571378068,0.36886642862193425
UCB1_0.05,50,0.367529411764707,0.36560248715315197,0.369456336376262
UCB1_0.05,51,0.36769230769230715,0.36578509158243006,0.36959952380218425
UCB1_0.05,52,0.36849056603773434,0.36658199311576994,0.3703991389596987
UCB1_0.05,53,0.36877777777777787,0.36693473893876716,0.3706208166167886
UCB1_0.05,54,0.36836363636363595,0.36645166753630093,0.37027560519097097
UCB1_0.05,55,0.3692142857142858,0.36738236851056655,0.371046202918005
UCB1_0.05,56,0.3691929824561424,0.36734190453792487,0.37104406037435994
UCB1_0.05,57,0.3695862068965511,0.367719949963036,0.3714524638300662
UCB1_0.05,58,0.37023728813559387,0.36837054057192964,0.3721040356992581
UCB1_0.05,59,0.36983333333333307,0.36799174545488406,0.3716749212117821
UCB1_0.05,60,0.3704918032786883,0.3686475232213913,0.3723360833359853
UCB1_0.05,61,0.3708709677419354,0.3690465473610428,0.372695388122828
UCB1_0.05,62,0.37095238095238137,0.36913163653856573,0.372773125366197
UCB1_0.05,63,0.371125,0.36927217164966863,0.37297782835033133
UCB1_0.05,64,0.3716615384615385,0.36983794444014717,0.3734851324829298
UCB1_0.05,65,0.3715757575757575,0.36973489680654176,0.37341661834497325
UCB1_0.05,66,0.3716119402985098,0.3698013130478432,0.3734225675491764
UCB1_0.05,67,0.37223529411764694,0.37043500816741465,0.37403558006787924
UCB1_0.05,68,0.37246376811594456,0.3706681280599789,0.3742594081719102
UCB1_0.05,69,0.37205714285714264,0.37030317673823027,0.373811108976055
UCB1_0.05,70,0.3727323943661976,0.3709931634804163,0.3744716252519789
UCB1_0.05,71,0.3732222222222226,0.3714631561836981,0.37498128826074717
UCB1_0.05,72,0.3730684931506828,0.3713154540936503,0.3748215322077153
UCB1_0.05,73,0.37335135135135283,0.3716000405192789,0.37510266218342675
UCB1_0.05,74,0.37344000000000077,0.37173182792913584,0.3751481720708657
UCB1_0.05,75,0.3744736842105265,0.37270297277666486,0.37624439564438816
UCB1_0.05,76,0.3744675324675329,0.37271609016617646,0.3762189747688893
UCB1_0.05,77,0.37451282051282003,0.37282059263142964,0.37620504839421043
UCB1_0.05,78,0.37475949367088485,0.37302930892351555,0.37648967841825415
UCB1_0.05,79,0.3748,0.3730701093342553,0.37652989066574477
UCB1_0.05,80,0.37535802469135854,0.37364228098185087,0.3770737684008662
UCB1_0.05,81,0.37565853658536524,0.373956705316507,0.3773603678542235
UCB1_0.05,82,0.37559036144578245,0.37389245276703637,0.37728827012452854
UCB1_0.05,83,0.37549999999999994,0.37384967555128795,0.37715032444871194
UCB1_0.05,84,0.3759058823529411,0.3742179972273689,0.37759376747851325
UCB1_0.05,85,0.3760697674418609,0.37438063105664243,0.37775890382707933
UCB1_0.05,86,0.37613793103448323,0.37443958499512253,0.37783627707384393
UCB1_0.05,87,0.37609090909090875,0.3744086209457518,0.3777731972360657
UCB1_0.05,88,0.37658426966292363,0.37492001908715905,0.3782485202386882
UCB1_0.05,89,0.3769999999999991,0.37532693308166204,0.3786730669183362
UCB1_0.05,90,0.3772967032967036,0.37562710352247564,0.3789663030709316
UCB1_0.05,91,0.37743478260869584,0.37577306865701404,0.37909649656037764
UCB1_0.05,92,0.377505376344085,0.3758292202346223,0.3791815324535477
UCB1_0.05,93,0.3775957446808504,0.37593070121253996,0.3792607881491608
UCB1_0.05,94,0.378231578947368,0.3765590339900884,0.37990412390464756
UCB1_0.05,95,0.37812500000000016,0.37647528050905704,0.37977471949094327
UCB1_0.05,96,0.37814432989690755,0.37647798694131085,0.37981067285250425
UCB1_0.05,97,0.3785714285714284,0.3769113346513,0.3802315224915568
UCB1_0.05,98,0.378626262626265,0.3769498719566903,0.3803026532958397
UCB1_0.05,99,0.37900000000000034,0.37735709763639114,0.38064290236360954
UCB1_0.05,100,0.3790693069306922,0.37739642136551826,0.3807421924958661
UCB1_0.05,101,0.3794509803921576,0.37777933674864117,0.381122624035674
UCB1_0.05,102,0.3793786407766993,0.37770885824246814,0.3810484233109305
UCB1_0.05,103,0.379692307692308,0.3780096453013299,0.3813749700832861
UCB1_0.05,104,0.379980952380952,0.37832319200548137,0.3816387127564226
UCB1_0.05,105,0.38024528301886634,0.3785930190318936,0.3818975470058391
UCB1_0.05,106,0.38013084112149464,0.37847211308023054,0.38178956916275875
UCB1_0.05,107,0.38020370370370365,0.37854306800902665,0.38186433939838066
UCB1_0.05,108,0.38025688073394526,0.3785877975795855,0.381925963888305
UCB1_0.05,109,0.3806181818181827,0.37895903323002195,0.38227733040634343
UCB1_0.05,110,0.3807747747747749,0.3791221078164352,0.3824274417331146
UCB1_0.05,111,0.3811071428571428,0.37943568368878033,0.3827786020255053
UCB1_0.05,112,0.3811504424778764,0.3794733468225167,0.38282753813323606
UCB1_0.05,113,0.3813859649122807,0.37970226250237654,0.3830696673221849
UCB1_0.05,114,0.38140869565217617,0.3797379887325602,0.3830794025717921
UCB1_0.05,115,0.3815344827586213,0.37987947779767023,0.38318948771957234
UCB1_0.05,116,0.3819829059829063,0.3803233533931933,0.3836424585726193
UCB1_0.05,117,0.38201694915254175,0.38037570312815633,0.3836581951769272
UCB1_0.05,118,0.38220168067226995,0.38054349049016856,0.38385987085437134
UCB1_0.05,119,0.3822833333333334,0.3806414915135706,0.38392517515309627
UCB1_0.05,120,0.3825454545454553,0.38089872851005224,0.38419218058085836
UCB1_0.05,121,0.38255737704918036,0.3809028534931875,0.38421190060517324
UCB1_0.05,122,0.3827642276422747,0.3811063140296946,0.3844221412548548
UCB1_0.05,123,0.38303225806451563,0.38136768423267886,0.3846968318963524
UCB1_0.05,124,0.3832479999999996,0.3816070423042665,0.38488895769573267
UCB1_0.05,125,0.3831904761904753,0.38153400078328215,0.38484695159766846
UCB1_0.05,126,0.38338582677165306,0.3817096936149842,0.38506195992832193
UCB1_0.05,127,0.383734375,0.38208179888625604,0.385386951113744
UCB1_0.05,128,0.3837364341085263,0.3820913281596936,0.38538154005735903
UCB1_0.05,129,0.3837846153846158,0.3821468234121955,0.38542240735703603
UCB1_0.05,130,0.3841221374045796,0.38247039077605194,0.3857738840331073
UCB1_0.05,131,0.38422727272727264,0.38261071951741654,0.38584382593712874
UCB1_0.05,132,0.3843909774436084,0.3827593911443711,0.3860225637428457
UCB1_0.05,133,0.3845074626865681,0.3828611646483913,0.3861537607247449
UCB1_0.05,134,0.3848148148148148,0.3831778607143079,0.3864517689153216
UCB1_0.05,135,0.3851029411764701,0.3834730841498048,0.3867327982031354
UCB1_0.05,136,0.3850656934306592,0.3834266563679954,0.38670473049332305
UCB1_0.05,137,0.38515942028985806,0.3835224254332217,0.38679641514649443
UCB1_0.05,138,0.38546762589928063,0.38381340503463696,0.3871218467639243
UCB1_0.05,139,0.38549999999999957,0.38383745034880556,0.38716254965119357
UCB1_0.05,140,0.3859148936170201,0.3842700684212357,0.3875597188128045
UCB1_0.05,141,0.3857042253521125,0.38405163732341935,0.3873568133808057
UCB1_0.05,142,0.38551048951048883,0.3838673354861277,0.38715364353484993
UCB1_0.05,143,0.3858333333333336,0.38421360412002004,0.38745306254664713
UCB1_0.05,144,0.3862206896551731,0.3846021917456287,0.38783918756471747
UCB1_0.05,145,0.3862739726027398,0.3846552323798118,0.38789271282566784
UCB1_0.05,146,0.3863129251700673,0.3847052109676732,0.38792063937246146
UCB1_0.05,147,0.38647297297297284,0.38486343480849705,0.3880825111374486
UCB1_0.05,148,0.3867516778523495,0.3851430678645044,0.38836028784019455
UCB1_0.05,149,0.3867333333333335,0.38512692878790555,0.3883397378787614
UCB1_0.05,150,0.3869139072847658,0.3853259547419994,0.38850185982753227
UCB1_0.05,151,0.38713157894736816,0.38553439975824433,0.388728758136492
UCB1_0.05,152,0.3872418300653603,0.38565479649785167,0.3888288636328689
UCB1_0.05,153,0.3873896103896112,0.38579950125205326,0.3889797195271692
UCB1_0.05,154,0.3874838709677425,0.3858915587863952,0.3890761831490898
UCB1_0.05,155,0.38775641025640956,0.386184988752677,0.38932783176014213
UCB1_0.05,156,0.38782165605095575,0.3862276238275596,0.3894156882743519
UCB1_0.05,157,0.3880000000000002,0.38639285056153216,0.3896071494384682
UCB1_0.05,158,0.3879748427672952,0.3864032621453953,0.38954642338919515
UCB1_0.05,159,0.3880875000000001,0.3865113177305296,0.38966368226947057
UCB1_0.05,160,0.3882111801242229,0.38663186878251904,0.38979049146592676
UCB1_0.05,161,0.38848148148148137,0.3869134477918448,0.39004951517111797
UCB1_0.05,162,0.38877300613497,0.3872038955256763,0.3903421167442637
UCB1_0.05,163,0.3886219512195118,0.38705306269459716,0.3901908397444265
UCB1_0.05,164,0.3888969696969696,0.3873303047985294,0.3904636345954097
UCB1_0.05,165,0.38910843373494053,0.38753569678848104,0.3906811706814
UCB1_0.05,166,0.38922155688622845,0.38764221032723956,0.39080090344521734
UCB1_0.05,167,0.38955952380952247,0.3879952276524101,0.3911238199666348
UCB1_0.05,168,0.3895739644970408,0.38801367497493006,0.39113425401915153
UCB1_0.05,169,0.38951764705882325,0.38796150160092624,0.39107379251672025
UCB1_0.05,170,0.3899064327485404,0.388349442707841,0.39146342278923985
UCB1_0.05,171,0.3897790697674408,0.38822437916842956,0.39133376036645207
UCB1_0.05,172,0.3899421965317919,0.38840817212993695,0.39147622093364687
UCB1_0.05,173,0.39000000000000057,0.38845590287849374,0.3915440971215074
UCB1_0.05,174,0.3901828571428561,0.38863210016857985,0.39173361411713237
UCB1_0.05,175,0.3903068181818185,0.3887502827921465,0.3918633535714905
UCB1_0.05,176,0.39040677966101806,0.388849286247133,0.3919642730749031
UCB1_0.05,177,0.390314606741576,0.38876164652438844,0.3918675669587635
UCB1_0.05,178,0.39044692737430237,0.388907592655332,0.39198626209327275
UCB1_0.05,179,0.39082222222222196,0.38926306421858703,0.3923813802258569
UCB1_0.05,180,0.3906519337016575,0.3890932394041242,0.3922106279991908
UCB1_0.05,181,0.39099999999999985,0.38945309539834266,0.39254690460165703
UCB1_0.05,182,0.3910273224043713,0.38948686385966996,0.3925677809490727
UCB1_0.05,183,0.39121739130434846,0.3896864103517602,0.3927483722569367
UCB1_0.05,184,0.3913729729729728,0.38982470135806435,0.39292124458788125
UCB1_0.05,185,0.39150537634408605,0.3899603206456403,0.3930504320425318
UCB1_0.05,186,0.39174331550802133,0.39019518484564913,0.3932914461703935
UCB1_0.05,187,0.39179787234042546,0.39025722888964304,0.3933385157912079
UCB1_0.05,188,0.39209523809523816,0.3905561696446845,0.39363430654579185
UCB1_0.05,189,0.39199999999999957,0.3904724599187638,0.39352754008123536
UCB1_0.05,190,0.39223036649214704,0.3906871667735469,0.39377356621074716
UCB1_0.05,191,0.39240624999999973,0.39085969673294585,0.3939528032670536
UCB1_0.05,192,0.39238341968911894,0.3908403147453904,0.3939265246328475
UCB1_0.05,193,0.3925463917525753,0.39101810626546635,0.3940746772396842
UCB1_0.05,194,0.3928102564102567,0.3912822296482499,0.3943382831722635
UCB1_0.05,195,0.3929285714285698,0.3914064036357233,0.39445073922141627
UCB1_0.05,196,0.3930659898477168,0.39153255435078704,0.39459942534464654
UCB1_0.05,197,0.3932424242424238,0.39169238813778035,0.3947924603470672
UCB1_0.05,198,0.39362814070351776,0.39209583221482697,0.39516044919220855
UCB1_0.05,199,0.3937999999999999,0.3922644960512086,0.39533550394879113
UCB1_0.05,200,0.3939104477611949,0.3923648126678767,0.39545608285451306
UCB1_0.05,201,0.393960396039604,0.3924139360368007,0.39550685604240726
UCB1_0.05,202,0.39410837438423496,0.39256732545014456,0.39564942331832537
UCB1_0.05,203,0.3941666666666669,0.39262847942238405,0.3957048539109497
UCB1_0.05,204,0.394292682926829,0.39275655136146914,0.3958288144921889
UCB1_0.05,205,0.39442718446602,0.3929054446150791,0.3959489243169609
UCB1_0.05,206,0.39454106280193185,0.3930235570725096,0.3960585685313541
UCB1_0.05,207,0.3946538461538462,0.3931392148657253,0.3961684774419671
UCB1_0.05,208,0.3946507177033519,0.39312882200222576,0.39617261340447807
UCB1_0.05,209,0.39489523809523724,0.39338514087345366,0.3964053353170208
UCB1_0.05,210,0.3952417061611388,0.39372067484229745,0.39676273747998014
UCB1_0.05,211,0.3952452830188664,0.39372998145933125,0.3967605845784016
UCB1_0.05,212,0.3953145539906105,0.39380566573883136,0.39682344224238963
UCB1_0.05,213,0.3954953271028037,0.39398799777956744,0.39700265642604
UCB1_0.05,214,0.3953860465116284,0.3938726620873953,0.3968994309358615
UCB1_0.05,215,0.3955833333333326,0.39408117037436774,0.3970854962922975
UCB1_0.05,216,0.3955944700460803,0.3940954849001318,0.39709345519202877
UCB1_0.05,217,0.3958348623853215,0.3943266060070323,0.3973431187636107
UCB1_0.05,218,0.3960913242009118,0.39460005328495756,0.39758259511686606
UCB1_0.05,219,0.3961545454545461,0.39465428833676025,0.39765480257233193
UCB1_0.05,220,0.3960542986425343,0.3945644793116735,0.39754411797339506
UCB1_0.05,221,0.39628828828828877,0.39479122627529556,0.397785350301282
UCB1_0.05,222,0.3964125560538109,0.39492259295988347,0.3979025191477384
UCB1_0.05,223,0.3965625,0.39507252651719604,0.3980524734828039
UCB1_0.05,224,0.39664000000000044,0.3951468716607713,0.3981331283392296
UCB1_0.05,225,0.39676991150442653,0.3952594185655811,0.39828040444327195
UCB1_0.05,226,0.3968810572687228,0.39537531042671,0.3983868041107356
UCB1_0.05,227,0.3970087719298244,0.3955004631744532,0.39851708068519565
UCB1_0.05,228,0.397065502183406,0.39556391972918126,0.3985670846376308
UCB1_0.05,229,0.39738260869565545,0.39588052482074393,0.39888469257056697
UCB1_0.05,230,0.3975497835497834,0.39605329337605677,0.39904627372351
UCB1_0.05,231,0.3976465517241399,0.3961567500197659,0.39913635342851383
UCB1_0.05,232,0.397785407725322,0.39629900801782325,0.39927180743282076
UCB1_0.05,233,0.3981111111111104,0.3966213633909134,0.3996008588313074
UCB1_0.05,234,0.39801702127659616,0.3965205230980167,0.3995135194551756
UCB1_0.05,235,0.39817796610169487,0.3966710097196256,0.39968492248376414
UCB1_0.05,236,0.39809282700422,0.3965965374660524,0.3995891165423876
UCB1_0.05,237,0.3981344537815117,0.39662031176578694,0.39964859579723644
UCB1_0.05,238,0.3982510460251055,0.3967384018272277,0.39976369022298336
UCB1_0.05,239,0.3983833333333337,0.3968785640309798,0.3998881026356876
UCB1_0.05,240,0.39843153526970976,0.3969192714518395,0.39994379908758004
UCB1_0.05,241,0.3985454545454546,0.39703622315398246,0.4000546859369267
UCB1_0.05,242,0.3985761316872423,0.3970570030546305,0.40009526031985415
UCB1_0.05,243,0.3986885245901639,0.3971738743294587,0.4002031748508691
UCB1_0.05,244,0.39882448979591795,0.3973165551481949,0.400332424443641
UCB1_0.05,245,0.3988699186991864,0.3973530242804559,0.40038681311791696
UCB1_0.05,246,0.3990121457489872,0.3975104511451678,0.40051384035280657
UCB1_0.05,247,0.39907258064516216,0.3975592101991879,0.4005859510911364
UCB1_0.05,248,0.3991084337349409,0.3975957952823965,0.4006210721874853
UCB1_0.05,249,0.399319999999999,0.39779755316274507,0.40084244683725295
UCB1_0.05,250,0.3995219123505974,0.39801359084002824,0.4010302338611666
UCB1_0.05,251,0.39953174603174385,0.3980299233895287,0.401033568673959
UCB1_0.05,252,0.39951778656126563,0.39801840492430807,0.4010171681982232
UCB1_0.05,253,0.39962992125984015,0.3981201502113325,0.4011396923083478
UCB1_0.05,254,0.39987450980392225,0.3983580758329507,0.4013909437748938
UCB1_0.05,255,0.399953125,0.3984344522163196,0.4014717977836804
UCB1_0.05,256,0.40000778210116716,0.39849250340786874,0.4015230607944656
UCB1_0.05,257,0.4000697674418588,0.3985512070345967,0.4015883278491209
UCB1_0.05,258,0.4002471042471057,0.398732715029609,0.4017614934646024
UCB1_0.05,259,0.4002923076923097,0.39878438033588226,0.4018002350487372
UCB1_0.05,260,0.40037547892720354,0.3988567273183315,0.4018942305360756
UCB1_0.05,261,0.40039694656488595,0.3988870790428642,0.4019068140869077
UCB1_0.05,262,0.4005019011406834,0.3989921983977949,0.40201160388357193
UCB1_0.05,263,0.4006439393939394,0.39913821837637004,0.40214966041150874
UCB1_0.05,264,0.4006264150943389,0.39912151133107465,0.4021313188576031
UCB1_0.05,265,0.4007293233082705,0.3992187001497757,0.4022399464667653
UCB1_0.05,266,0.40084644194756885,0.3993430502837677,0.40234983361137
UCB1_0.05,267,0.4008059701492539,0.39930555620477265,0.40230638409373515
UCB1_0.05,268,0.4008624535315983,0.3993610542456753,0.40236385281752124
UCB1_0.05,269,0.400903703703704,0.39940685282451455,0.4024005545828934
UCB1_0.05,270,0.4010774907749073,0.39956603177054395,0.4025889497792706
UCB1_0.05,271,0.4011985294117649,0.39969535957898294,0.4027016992445469
UCB1_0.05,272,0.4012893772893772,0.3997812261507947,0.4027975284279597
UCB1_0.05,273,0.4013868613138688,0.3998759014400723,0.4028978211876653
UCB1_0.05,274,0.4015054545454549,0.39999610579215406,0.4030148032987557
UCB1_0.05,275,0.40160869565217483,0.40010115549921516,0.4031162358051345
UCB1_0.05,276,0.4016173285198567,0.40010714236035616,0.40312751467935726
UCB1_0.05,277,0.40182733812949667,0.40031927001125905,0.4033354062477343
UCB1_0.05,278,0.4019139784946234,0.4004234318685845,0.4034045251206623
UCB1_0.05,279,0.402085714285714,0.40058775558383164,0.40358367298759634
UCB1_0.05,280,0.4020854092526698,0.4005950411941503,0.40357577731118927
UCB1_0.05,281,0.4021985815602823,0.4006999428763691,0.4036972202441955
UCB1_0.05,282,0.40231095406360434,0.40081307706265795,0.40380883106455073
UCB1_0.05,283,0.40254929577464754,0.40105227620251344,0.40404631534678165
UCB1_0.05,284,0.40272280701754415,0.40122031567097644,0.40422529836411186
UCB1_0.05,285,0.4026923076923071,0.40120227618735765,0.4041823391972566
UCB1_0.05,286,0.40278745644599284,0.4012963698480935,0.40427854304389216
UCB1_0.05,287,0.40293055555555574,0.40144320835155045,0.404417902759561
UCB1_0.05,288,0.4032318339100343,0.40173666832390026,0.40472699949616836
UCB1_0.05,289,0.4031793103448297,0.4016816078674693,0.40467701282219004
UCB1_0.05,290,0.40335395189003453,0.4018586361552017,0.4048492676248674
UCB1_0.05,291,0.4033904109589041,0.40188408719612034,0.40489673472168786
UCB1_0.05,292,0.4034675767918083,0.4019597349078409,0.40497541867577563
UCB1_0.05,293,0.4035850340136033,0.4020796873782596,0.405090380648947
UCB1_0.05,294,0.40371525423728916,0.4022146419762007,0.4052158664983776
UCB1_0.05,295,0.403722972972973,0.40222627888163015,0.40521966706431584
UCB1_0.05,296,0.4038653198653228,0.40235866545283744,0.4053719742778082
UCB1_0.05,297,0.4040469798657723,0.4025492003952578,0.4055447593362868
UCB1_0.05,298,0.40409364548495014,0.40259282490732046,0.4055944660625798
UCB1_0.05,299,0.4042133333333331,0.40271782203979856,0.4057088446268676
UCB1_0.05,300,0.4044385382059777,0.40293663710831445,0.40594043930364093
UCB1_0.05,301,0.4045364238410591,0.4030379517678078,0.40603489591431036
UCB1_0.05,302,0.4046534653465353,0.40315464798087514,0.40615228271219544
UCB1_0.05,303,0.40475657894736866,0.40325751535144244,0.4062556425432949
UCB1_0.05,304,0.4048590163934419,0.4033597312367183,0.4063583015501655
UCB1_0.05,305,0.40495424836601246,0.4034505588459705,0.40645793788605444
UCB1_0.05,306,0.4050228013029315,0.40351228125528693,0.40653332135057607
UCB1_0.05,307,0.40516883116883107,0.40365269566664314,0.406684966671019
UCB1_0.05,308,0.4052686084142401,0.4037561187443285,0.40678109808415175
UCB1_0.05,309,0.40541290322580603,0.4039005627889857,0.4069252436626264
UCB1_0.05,310,0.4054083601286178,0.4038911731119459,0.4069255471452897
UCB1_0.05,311,0.40562179487179456,0.4041018597822731,0.40714172996131603
UCB1_0.05,312,0.4057316293929715,0.4042108846409316,0.4072523741450115
UCB1_0.05,313,0.4058980891719753,0.4043832765338429,0.4074129018101077
UCB1_0.05,314,0.40584761904761957,0.40433337353207954,0.4073618645631596
UCB1_0.05,315,0.4059050632911398,0.4043892333360747,0.4074208932462049
UCB1_0.05,316,0.40602523659305917,0.4045087565841552,0.40754171660196314
UCB1_0.05,317,0.40622012578616434,0.40471536983248757,0.4077248817398411
UCB1_0.05,318,0.40631347962382464,0.40479951768315925,0.40782744156449
UCB1_0.05,319,0.4064000000000001,0.4048908515858699,0.4079091484141303
UCB1_0.05,320,0.4064797507788164,0.4049724284941227,0.40798707306351006
UCB1_0.05,321,0.40660248447205005,0.4051007596171059,0.4081042093269942
UCB1_0.05,322,0.4067368421052632,0.40524079954470993,0.4082328846658164
UCB1_0.05,323,0.40682716049382756,0.40534317814340093,0.4083111428442542
UCB1_0.05,324,0.4069046153846154,0.40540952155120114,0.4083997092180297
UCB1_0.05,325,0.4070184049079747,0.40553398008121333,0.40850282973473606
UCB1_0.05,326,0.4071192660550463,0.4056262797343477,0.4086122523757449
UCB1_0.05,327,0.4072560975609752,0.4057593214500511,0.4087528736718993
UCB1_0.05,328,0.4073495440729485,0.4058437928426152,0.4088552953032818
UCB1_0.05,329,0.40735757575757553,0.4058558426524074,0.4088593088627437
UCB1_0.05,330,0.40746827794562246,0.4059756223968034,0.4089609334944415
UCB1_0.05,331,0.4076566265060234,0.4061581439476365,0.4091551090644103
UCB1_0.05,332,0.40785585585585604,0.406360175526107,0.4093515361856051
UCB1_0.05,333,0.40795209580838354,0.40645469767113923,0.40944949394562785
UCB1_0.05,334,0.4080835820895528,0.4065848690885266,0.40958229509057903
UCB1_0.05,335,0.40814285714285725,0.4066361800571584,0.4096495342285561
UCB1_0.05,336,0.4082314540059326,0.4067288186896895,0.40973408932217564
UCB1_0.05,337,0.4082366863905323,0.40673572813260356,0.409737644648461
UCB1_0.05,338,0.40833628318584037,0.4068301862059158,0.4098423801657649
UCB1_0.05,339,0.40837058823529376,0.4068611851920677,0.4098799912785198
UCB1_0.05,340,0.40853372434017565,0.40702410017603324,0.41004334850431806
UCB1_0.05,341,0.40861988304093655,0.4071058961583716,0.4101338699235015
UCB1_0.05,342,0.4086997084548107,0.40719548444027887,0.4102039324693425
UCB1_0.05,343,0.40880813953488165,0.4072980226209122,0.4103182564488511
UCB1_0.05,344,0.4089217391304379,0.40742248214715243,0.41042099611372335
UCB1_0.05,345,0.4090982658959536,0.40759819358028865,0.41059833821161856
UCB1_0.05,346,0.40909510086455336,0.40758627782240575,0.410603923906701
UCB1_0.05,347,0.4092471264367816,0.40773780433581486,0.4107564485377484
UCB1_0.05,348,0.40927220630372513,0.40776675061533973,0.4107776619921105
UCB1_0.05,349,0.409262857142856,0.4077524720422196,0.4107732422434924
UCB1_0.05,350,0.40921937321937346,0.4077048493948743,0.41073389704387264
UCB1_0.05,351,0.409301136363636,0.40778146110592545,0.4108208116213466
UCB1_0.05,352,0.4094050991501386,0.4078900331796797,0.41092016512059754
UCB1_0.05,353,0.40957062146892714,0.40804675255701034,0.41109449038084395
UCB1_0.05,354,0.4097126760563382,0.40818957741987666,0.41123577469279976
UCB1_0.05,355,0.4098033707865171,0.4082796270391088,0.41132711453392534
UCB1_0.05,356,0.40992717086834757,0.40840690512602706,0.41144743661066807
UCB1_0.05,357,0.40996089385474854,0.4084422305900288,0.41147955711946826
UCB1_0.05,358,0.41004456824512536,0.4085283156331584,0.41156082085709234
UCB1_0.05,359,0.41002777777777766,0.40851286519282987,0.41154269036272545
UCB1_0.05,360,0.4101994459833793,0.4086788032824973,0.41172008868426135
UCB1_0.05,361,0.4103149171270717,0.4087867131336551,0.41184312112048826
UCB1_0.05,362,0.41033057851239624,0.40880293425487274,0.41185822276991974
UCB1_0.05,363,0.41048901098901125,0.4089601615173575,0.412017860460665
UCB1_0.05,364,0.4105260273972602,0.4090006511480411,0.4120514036464793
UCB1_0.05,365,0.41065573770491776,0.4091323967612915,0.41217907864854403
UCB1_0.05,366,0.41078474114441393,0.409268687650706,0.41230079463812186
UCB1_0.05,367,0.4108532608695655,0.4093257484671893,0.41238077327194167
UCB1_0.05,368,0.41095392953929655,0.40943112336984633,0.41247673570874677
UCB1_0.05,369,0.41102162162162137,0.4094982342770097,0.41254500896623303
UCB1_0.05,370,0.41116442048517515,0.4096449125420103,0.41268392842834
UCB1_0.05,371,0.41132795698924707,0.40980175040576416,0.41285416357272997
UCB1_0.05,372,0.41135120643431594,0.40982357871359476,0.4128788341550371
UCB1_0.05,373,0.4114224598930477,0.40989599388394726,0.41294892590214816
UCB1_0.05,374,0.4114986666666662,0.4099737015318446,0.41302363180148777
UCB1_0.05,375,0.411712765957447,0.4101933086284719,0.41323222328642206
UCB1_0.05,376,0.41170291777188556,0.41018097327274355,0.41322486227102756
UCB1_0.05,377,0.4118148148148148,0.4102972624899222,0.4133323671397074
UCB1_0.05,378,0.41188918205804825,0.41036926759075343,0.4134090965253431
UCB1_0.05,379,0.41197894736842133,0.4104617577449566,0.4134961369918861
UCB1_0.05,380,0.41212073490813433,0.4106067148648491,0.41363475495141955
UCB1_0.05,381,0.412214659685864,0.4107088159547802,0.4137205034169478
UCB1_0.05,382,0.4123498694516974,0.4108410499755114,0.41385868892788336
UCB1_0.05,383,0.41241145833333337,0.4109027749213324,0.4139201417453343
UCB1_0.05,384,0.41264415584415537,0.411134316600918,0.41415399508739276
UCB1_0.05,385,0.41272020725388675,0.41120655663439193,0.4142338578733816
UCB1_0.05,386,0.412816537467698,0.41130189467326306,0.4143311802621329
UCB1_0.05,387,0.41286082474226743,0.4113492819426491,0.4143723675418858
UCB1_0.05,388,0.4129203084832906,0.41141602589786064,0.41442459106872054
UCB1_0.05,389,0.4129897435897428,0.4114823930106535,0.41449709416883207
UCB1_0.05,390,0.413099744245524,0.4115966528986452,0.41460283559240274
UCB1_0.05,391,0.4131683673469367,0.4116693938170548,0.41466734087681856
UCB1_0.05,392,0.4131755725190838,0.41168297305087187,0.4146681719872958
UCB1_0.05,393,0.41323857868020264,0.4117427385173266,0.41473441884307866
UCB1_0.05,394,0.41335696202531563,0.4118608520061724,0.41485307204445887
UCB1_0.05,395,0.41343939393939416,0.4119399584665385,0.4149388294122498
UCB1_0.05,396,0.41351133501259757,0.41201332055274525,0.4150093494724499
UCB1_0.05,397,0.41351758793969884,0.41201842601205185,0.4150167498673458
UCB1_0.05,398,0.4135488721804511,0.41204884454204893,0.4150488998188533
UCB1_0.05,399,0.4135749999999998,0.4120786076978799,0.4150713923021197
UCB1_0.05,400,0.41373067331670904,0.41223218543020224,0.41522916120321585
UCB1_0.05,401,0.41373631840796,0.4122356871163839,0.41523694969953606
UCB1_0.05,402,0.41380148883374657,0.41229991694842877,0.41530306071906437
UCB1_0.05,403,0.41391089108910867,0.4124069667605254,0.41541481541769193
UCB1_0.05,404,0.41408395061728365,0.41257642434334085,0.41559147689122644
UCB1_0.05,405,0.41422167487684736,0.4127111165761207,0.415732233177574
UCB1_0.05,406,0.4141916461916464,0.41267777583792864,0.41570551654536414
UCB1_0.05,407,0.41423039215686214,0.41271159423522163,0.41574919007850264
UCB1_0.05,408,0.4143129584352088,0.41278538145670707,0.4158405354137106
UCB1_0.05,409,0.41439999999999966,0.4128735228650502,0.4159264771349491
UCB1_0.05,410,0.41455474452554725,0.4130316628535804,0.4160778261975141
UCB1_0.05,411,0.4146553398058261,0.4131326201310308,0.41617805948062137
UCB1_0.05,412,0.4147215496368043,0.4132062974891631,0.4162368017844455
UCB1_0.05,413,0.41473913043478233,0.4132238048347441,0.4162544560348206
UCB1_0.05,414,0.4148578313253014,0.4133476178861142,0.41636804476448863
UCB1_0.05,415,0.4149134615384614,0.41340893584913824,0.4164179872277846
UCB1_0.05,416,0.4149928057553953,0.41348802720582795,0.4164975843049627
UCB1_0.05,417,0.4150956937799052,0.41358386027093813,0.41660752728887224
UCB1_0.05,418,0.41516945107398656,0.4136588991827381,0.416680002965235
UCB1_0.05,419,0.41530476190476123,0.41379106286678996,0.4168184609427325
UCB1_0.05,420,0.4153729216152022,0.4138638711706308,0.41688197205977356
UCB1_0.05,421,0.41547867298578217,0.41396961105524355,0.4169877349163208
UCB1_0.05,422,0.415631205673759,0.4141215604131269,0.41714085093439107
UCB1_0.05,423,0.41583962264150864,0.41432007100140533,0.41735917428161196
UCB1_0.05,424,0.4159152941176466,0.4143971242446211,0.4174334639906721
UCB1_0.05,425,0.41588262910798135,0.4143654184851936,0.4173998397307691
UCB1_0.05,426,0.415967213114754,0.4144449101189629,0.4174895161105451
UCB1_0.05,427,0.41608411214953317,0.41456049149618013,0.4176077328028862
UCB1_0.05,428,0.4161398601398601,0.4146146196576148,0.4176651006221054
UCB1_0.05,429,0.4161581395348841,0.4146295681994756,0.41768671087029263
UCB1_0.05,430,0.4162969837587036,0.4147733329607987,0.4178206345566085
UCB1_0.05,431,0.4164027777777777,0.41487782062699036,0.417927734928565
UCB1_0.05,432,0.4164618937644343,0.41493588518004815,0.4179879023488205
UCB1_0.05,433,0.41651612903225677,0.4149984528413523,0.41803380522316125
UCB1_0.05,434,0.4165977011494248,0.4150843010167737,0.4181111012820759
UCB1_0.05,435,0.41670642201834873,0.4151872871794912,0.41822555685720625
UCB1_0.05,436,0.41669107551487405,0.415177213113659,0.4182049379160891
UCB1_0.05,437,0.41675342465753396,0.41523206691897524,0.41827478239609267
UCB1_0.05,438,0.4168154897494299,0.41529668826409133,0.41833429123476845
UCB1_0.05,439,0.416890909090909,0.4153765608821762,0.41840525729964173
UCB1_0.05,440,0.4169433106575941,0.41543158123348956,0.41845504008169865
UCB1_0.05,441,0.41708597285067833,0.41557588182770017,0.4185960638736565
UCB1_0.05,442,0.41709706546275443,0.415583644064107,0.41861048686140184
UCB1_0.05,443,0.4172702702702701,0.4157588970684182,0.418781643472122
UCB1_0.05,444,0.41742022471910417,0.415906402816082,0.41893404662212635
UCB1_0.05,445,0.41743497757847486,0.4159222643496913,0.4189476908072584
UCB1_0.05,446,0.4175302013422821,0.4160199219050528,0.41904048077951134
UCB1_0.05,447,0.4176607142857146,0.4161489272056829,0.4191725013657463
UCB1_0.05,448,0.41775946547884274,0.41624764336960923,0.41927128758807625
UCB1_0.05,449,0.4178533333333334,0.4163433553782038,0.419363311288463
UCB1_0.05,450,0.4180576496674051,0.4165448121412814,0.4195704871935288
UCB1_0.05,451,0.4180840707964622,0.41656838630529425,0.41959975528763016
UCB1_0.05,452,0.41814569536423724,0.41662926578608367,0.4196621249423908
UCB1_0.05,453,0.41819383259911913,0.41667871048544686,0.4197089547127914
UCB1_0.05,454,0.4183340659340666,0.41682098739736084,0.4198471444707723
UCB1_0.05,455,0.41840789473684176,0.4168978581528308,0.4199179313208527
UCB1_0.05,456,0.418463894967177,0.41695318264619224,0.41997460728816177
UCB1_0.05,457,0.4185196506550215,0.41700922663473144,0.42003007467531156
UCB1_0.05,458,0.41865359477124187,0.4171424555518372,0.4201647339906465
UCB1_0.05,459,0.41872173913043526,0.41720678731012484,0.4202366909507457
UCB1_0.05,460,0.4188199566160526,0.4173003944246208,0.4203395188074844
UCB1_0.05,461,0.41883116883116883,0.41730920007843825,0.4203531375838994
UCB1_0.05,462,0.41885961123110144,0.4173395897367535,0.42037963272544937
UCB1_0.05,463,0.41900431034482755,0.41748558687621573,0.42052303381343936
UCB1_0.05,464,0.4190623655913977,0.4175473049709502,0.4205774262118452
UCB1_0.05,465,0.4192274678111585,0.41770975003526434,0.42074518558705265
UCB1_0.05,466,0.4192633832976441,0.41774198550611225,0.420784781089176
UCB1_0.05,467,0.41941025641025625,0.41788853700637596,0.42093197581413655
UCB1_0.05,468,0.41949253731343294,0.417971390082836,0.4210136845440299
UCB1_0.05,469,0.4195787234042553,0.41805758150804323,0.42109986530046734
UCB1_0.05,470,0.4196093418259023,0.41809419488707,0.42112448876473463
UCB1_0.05,471,0.419699152542373,0.4181849216404092,0.4212133834443368
UCB1_0.05,472,0.4197758985200856,0.4182560283623707,0.42129576867780055
UCB1_0.05,473,0.4197468354430385,0.418236790963547,0.42125687992252997
UCB1_0.05,474,0.41977684210526284,0.41826662498613537,0.4212870592243903
UCB1_0.05,475,0.41994957983193226,0.4184403453217652,0.4214588143420993
UCB1_0.05,476,0.41994129979035777,0.41842763831479846,0.4214549612659171
UCB1_0.05,477,0.41999163179916327,0.41847706247853517,0.42150620111979137
UCB1_0.05,478,0.42013778705636734,0.41862641275468915,0.42164916135804553
UCB1_0.05,479,0.4201541666666665,0.4186365959822582,0.42167173735107477
UCB1_0.05,480,0.42029521829521876,0.41877856276937925,0.4218118738210583
UCB1_0.05,481,0.42034854771784186,0.41883922003188606,0.42185787540379766
UCB1_0.05,482,0.4203975155279507,0.41888738553391297,0.4219076455219884
UCB1_0.05,483,0.4204008264462811,0.41888165316804965,0.4219199997245125
UCB1_0.05,484,0.4205030927835054,0.418991380614135,0.4220148049528758
UCB1_0.05,485,0.420683127572016,0.4191709562481229,0.42219529889590907
UCB1_0.05,486,0.42069815195071897,0.41918816207599796,0.42220814182544
UCB1_0.05,487,0.42073770491803275,0.41922810862228277,0.42224730121378273
UCB1_0.05,488,0.42079754601226954,0.41928865052132813,0.42230644150321095
UCB1_0.05,489,0.42082040816326544,0.41930736855714157,0.4223334477693893
UCB1_0.05,490,0.420949083503055,0.41943399283313254,0.42246417417297744
UCB1_0.05,491,0.42099593495934895,0.41948740158501013,0.42250446833368777
UCB1_0.05,492,0.4210669371196756,0.41956330046464224,0.4225705737747089
UCB1_0.05,493,0.42120647773279346,0.41970009768070143,0.4227128577848855
UCB1_0.05,494,0.42122424242424295,0.4197175679967685,0.4227309168517174
UCB1_0.05,495,0.4213024193548381,0.4197943885945225,0.42281045011515367
UCB1_0.05,496,0.4213682092555335,0.41985822229099723,0.4228781962200697
UCB1_0.05,497,0.421497991967871,0.41999837220305364,0.4229976117326884
UCB1_0.05,498,0.42153907815631186,0.42003708418731484,0.4230410721253089
UCB1_0.05,499,0.421647999999999,0.42014865950691027,0.4231473404930878
UCB1_0.05,500,0.42171656686626713,0.4202127705675722,0.42322036316496203
UCB1_0.05,501,0.42174900398406284,0.4202472583256886,0.4232507496424371
UCB1_0.05,502,0.4218846918489063,0.4203813680779679,0.42338801561984474
UCB1_0.05,503,0.42199206349206164,0.4204873715024433,0.42349675548168
UCB1_0.05,504,0.42207920792079195,0.4205727653392144,0.4235856505023695
UCB1_0.05,505,0.4221936758893279,0.4206875169596894,0.42369983481896634
UCB1_0.05,506,0.42224457593688386,0.4207294525047896,0.4237596993689781
UCB1_0.05,507,0.4222677165354311,0.4207485102316313,0.4237869228392309
UCB1_0.05,508,0.42227504911591346,0.42075784497536534,0.4237922532564616
UCB1_0.05,509,0.42234117647058755,0.420828623265482,0.4238537296756931
UCB1_0.05,510,0.42239530332680636,0.42087981466808083,0.4239107919855319
UCB1_0.05,511,0.4225078125,0.42099871115767135,0.4240169138423287
UCB1_0.05,512,0.422690058479536,0.42117781851284836,0.42420229844622365
UCB1_0.05,513,0.42276264591439644,0.42124868686106764,0.42427660496772523
UCB1_0.05,514,0.42286213592232963,0.42134884265261807,0.4243754291920412
UCB1_0.05,515,0.4229689922480605,0.4214475538048363,0.4244904306912847
UCB1_0.05,516,0.42312572533849135,0.42161159889952365,0.42463985177745905
UCB1_0.05,517,0.4231274131274125,0.4216168635733545,0.42463796268147047
UCB1_0.05,518,0.42315606936416167,0.42164414750191936,0.424667991226404
UCB1_0.05,519,0.4231846153846172,0.42167582005509596,0.42469341071413846
UCB1_0.05,520,0.4233282149712089,0.4218145926021619,0.42484183734025593
UCB1_0.05,521,0.42336398467433,0.4218493685699921,0.4248786007786679
UCB1_0.05,522,0.423418738049714,0.42190378825515035,0.4249336878442777
UCB1_0.05,523,0.4234351145038166,0.421916743025624,0.4249534859820092
UCB1_0.05,524,0.4235390476190481,0.4220231606805249,0.42505493455757126
UCB1_0.05,525,0.4235437262357413,0.42203179277937175,0.4250556596921109
UCB1_0.05,526,0.4236356736242882,0.4221189401222188,0.42515240712635766
UCB1_0.05,527,0.42375378787878765,0.422239845149412,0.4252677306081633
UCB1_0.05,528,0.4238714555765593,0.4223539382765077,0.4253889728766109
UCB1_0.05,529,0.4238528301886791,0.42233834061668374,0.42536731976067443
UCB1_0.05,530,0.423935969868173,0.4224259221894507,0.4254460175468953
UCB1_0.05,531,0.42407518796992516,0.4225619949318077,0.42558838100804264
UCB1_0.05,532,0.4241763602251409,0.4226597012599237,0.42569301919035807
UCB1_0.05,533,0.4242022471910142,0.4226892952261891,0.4257151991558393
UCB1_0.05,534,0.42435140186915854,0.42284115503138897,0.4258616487069281
UCB1_0.05,535,0.42439925373134324,0.4228955060730989,0.4259030013895876
UCB1_0.05,536,0.42446554934823066,0.4229617885971723,0.425969310099289
UCB1_0.05,537,0.42453531598513017,0.42303199672766617,0.42603863524259417
UCB1_0.05,538,0.4245491651205946,0.42304775419183727,0.4260505760493519
UCB1_0.05,539,0.4246629629629628,0.4231616473720218,0.4261642785539038
UCB1_0.05,540,0.4247097966728284,0.4232096658315014,0.4262099275141554
UCB1_0.05,541,0.4247601476014762,0.42325847280135437,0.426261822401598
UCB1_0.05,542,0.4247697974217313,0.42327308548004583,0.4262665093634168
UCB1_0.05,543,0.4248419117647055,0.42334373004420117,0.4263400934852098
UCB1_0.05,544,0.4249651376146785,0.4234647408515646,0.42646553437779244
UCB1_0.05,545,0.4250659340659336,0.42357046087744166,0.4265614072544256
UCB1_0.05,546,0.4251188299817179,0.42362569611509765,0.42661196384833816
UCB1_0.05,547,0.4251970802919711,0.423704440696624,0.42668971988731824
UCB1_0.05,548,0.4252969034608376,0.42380217377489576,0.4267916331467794
UCB1_0.05,549,0.42535272727272677,0.42385595524691866,0.4268494992985349
UCB1_0.05,550,0.42541197822141585,0.42391345262169133,0.4269105038211404
UCB1_0.05,551,0.4254528985507249,0.4239502194565532,0.42695557764489656
UCB1_0.05,552,0.4254430379746839,0.4239445740338261,0.4269415019155417
UCB1_0.05,553,0.4254837545126369,0.4239871455891767,0.42698036343609713
UCB1_0.05,554,0.42557837837837753,0.424082467225259,0.42707428953149607
UCB1_0.05,555,0.42567985611510817,0.42418712976057654,0.4271725824696398
UCB1_0.05,556,0.4257450628366251,0.42425469934248083,0.4272354263307694
UCB1_0.05,557,0.42577419354838725,0.42428541377680407,0.42726297331997043
UCB1_0.05,558,0.42578175313059013,0.42429093110772303,0.42727257515345723
UCB1_0.05,559,0.4259035714285712,0.42441315242183814,0.4273939904353043
UCB1_0.05,560,0.4260035650623883,0.4245139140408565,0.4274932160839201
UCB1_0.05,561,0.4260462633451955,0.42455348539161764,0.4275390412987734
UCB1_0.05,562,0.42612078152753124,0.424626886433288,0.4276146766217745
UCB1_0.05,563,0.42614539007092156,0.4246596954469132,0.42763108469492994
UCB1_0.05,564,0.4262053097345151,0.42471969318326913,0.42769092628576105
UCB1_0.05,565,0.42628975265017743,0.42480131607732424,0.4277781892230306
UCB1_0.05,566,0.4263421516754847,0.4248530181684471,0.42783128518252234
UCB1_0.05,567,0.42645422535211264,0.4249651103338188,0.4279433403704065
UCB1_0.05,568,0.4264042179261867,0.4249179143509282,0.42789052150144524
UCB1_0.05,569,0.4264456140350878,0.42496116838705045,0.42793005968312514
UCB1_0.05,570,0.42651488616462385,0.4250298577670901,0.4279999145621576
UCB1_0.05,571,0.4265699300699298,0.4250831742011905,0.42805668593866913
UCB1_0.05,572,0.4265549738219897,0.4250708051520667,0.4280391424919127
UCB1_0.05,573,0.42662020905923304,0.4251350451651079,0.42810537295335815
UCB1_0.05,574,0.42670260869565196,0.42521805727883544,0.4281871601124685
UCB1_0.05,575,0.4267743055555558,0.4252909727749953,0.4282576383361163
UCB1_0.05,576,0.4268388214904679,0.4253586695083344,0.42831897347260145
UCB1_0.05,577,0.42689619377162635,0.4254156947076962,0.4283766928355565
UCB1_0.05,578,0.42698100172711567,0.4255067994913731,0.42845520396285824
UCB1_0.05,579,0.4270448275862086,0.4255728973930509,0.4285167577793663
UCB1_0.05,580,0.4271290877796906,0.4256550702988377,0.4286031052605435
UCB1_0.05,581,0.4271890034364253,0.42571400991932784,0.42866399695352275
UCB1_0.05,582,0.42727272727272836,0.42579394448693897,0.42875151005851775
UCB1_0.05,583,0.4273116438356165,0.42583449515988836,0.4287887925113446
UCB1_0.05,584,0.4273914529914531,0.4259129297539787,0.4288699762289275
UCB1_0.05,585,0.4273993174061433,0.42591976243372853,0.42887887237855804
UCB1_0.05,586,0.42749914821124385,0.42602254818793583,0.42897574823455187
UCB1_0.05,587,0.4275578231292501,0.42608362747848166,0.42903201878001856
UCB1_0.05,588,0.4276366723259763,0.4261664705974597,0.4291068740544929
UCB1_0.05,589,0.42771186440677983,0.4262439105782191,0.42917981823534057
UCB1_0.05,590,0.42778680203045694,0.426318486038668,0.42925511802224586
UCB1_0.05,591,0.42789527027027036,0.42642750945833513,0.4293630310822056
UCB1_0.05,592,0.4280101180438451,0.4265415602439201,0.4294786758437701
UCB1_0.05,593,0.4281582491582507,0.42669587545876264,0.4296206228577387
UCB1_0.05,594,0.42815798319327736,0.4266929985473555,0.42962296783919923
UCB1_0.05,595,0.4282046979865773,0.42673480702646405,0.4296745889466905
UCB1_0.05,596,0.42827470686767166,0.42680510330558186,0.42974431042976147
UCB1_0.05,597,0.4283478260869564,0.42687170311036626,0.4298239490635465
UCB1_0.05,598,0.4284540901502505,0.4269852998847908,0.4299228804157102
UCB1_0.05,599,0.42851333333333297,0.4270460938911099,0.429980572775556
UCB1_0.05,600,0.42856239600665536,0.42709386813916844,0.43003092387414227
UCB1_0.05,601,0.4286378737541513,0.42717183778424433,0.43010390972405826
UCB1_0.05,602,0.4286898839137648,0.4272272950577178,0.4301524727698118
UCB1_0.05,603,0.4287417218543038,0.42727976063701606,0.43020368307159157
UCB1_0.05,604,0.4288297520661159,0.42736741262357686,0.43029209150865494
UCB1_0.05,605,0.4288811881188113,0.4274186380935246,0.43034373814409804
UCB1_0.05,606,0.42895881383855,0.4274905768134991,0.4304270508636009
UCB1_0.05,607,0.42897368421052645,0.4275006973778537,0.4304466710431992
UCB1_0.05,608,0.42908374384236475,0.42761602615838756,0.43055146152634194
UCB1_0.05,609,0.42917377049180294,0.42770657001567025,0.43064097096793563
UCB1_0.05,610,0.42918166939443564,0.42771792144020254,0.43064541734866874
UCB1_0.05,611,0.4292941176470585,0.4278253752518059,0.43076286004231107
UCB1_0.05,612,0.4294551386623166,0.42798298832280773,0.4309272890018255
UCB1_0.05,613,0.42956026058631924,0.4280886678185877,0.4310318533540508
UCB1_0.05,614,0.4296617886178856,0.42819286623684294,0.4311307109989283
UCB1_0.05,615,0.42972077922077867,0.42824629925007,0.4311952591914873
UCB1_0.05,616,0.42973419773095656,0.42826569773265494,0.4312026977292582
UCB1_0.05,617,0.42981877022653686,0.4283512932793889,0.4312862471736848
UCB1_0.05,618,0.42991599353796395,0.42844482145505164,0.43138716562087626
UCB1_0.05,619,0.4299838709677417,0.42851236201099363,0.4314553799244898
UCB1_0.05,620,0.4300257648953299,0.4285541410671961,0.4314973887234637
UCB1_0.05,621,0.43001929260450145,0.42854964654269667,0.4314889386663062
UCB1_0.05,622,0.4300770465489571,0.42861151153431903,0.4315425815635952
UCB1_0.05,623,0.4301987179487178,0.4287333123612833,0.43166412353615224
UCB1_0.05,624,0.43023040000000023,0.4287619881938891,0.43169881180611136
UCB1_0.05,625,0.43030031948881825,0.4288341340516659,0.4317665049259706
UCB1_0.05,626,0.43030303030303446,0.4288341923879604,0.43177186821810853
UCB1_0.05,627,0.43034076433121016,0.42887281857937015,0.43180871008305016
UCB1_0.05,628,0.43041335453100144,0.4289414389352416,0.43188527012676126
UCB1_0.05,629,0.43053015873015793,0.4290604861687553,0.43199983129156055
UCB1_0.05,630,0.4306022187004713,0.42913451519499,0.43206992220595253
UCB1_0.05,631,0.43065506329113934,0.42918431349122094,0.43212581309105774
UCB1_0.05,632,0.4307488151658767,0.4292805237311592,0.4322171066005942
UCB1_0.05,633,0.43084858044164004,0.42937987733985905,0.432317283543421
UCB1_0.05,634,0.4309385826771653,0.42947613215015873,0.43240103320417184
UCB1_0.05,635,0.4310345911949683,0.42957539018473434,0.43249379220520223
UCB1_0.05,636,0.43105494505494496,0.42959548249343615,0.43251440761645377
UCB1_0.05,637,0.43105329153605015,0.42959845095228083,0.4325081321198195
UCB1_0.05,638,0.431120500782473,0.42966331078917286,0.4325776907757731
UCB1_0.05,639,0.4312124999999999,0.4297582741673678,0.432666725832632
UCB1_0.05,640,0.4312823712948513,0.4298251054344116,0.432739637155291
UCB1_0.05,641,0.4313582554517138,0.4298937670844864,0.4328227438189412
UCB1_0.05,642,0.43150233281493006,0.4300382341763167,0.4329664314535434
UCB1_0.05,643,0.43159316770186373,0.430131120178611,0.4330552152251165
UCB1_0.05,644,0.43160930232558115,0.4301470493313261,0.4330715553198362
UCB1_0.05,645,0.43164396284829754,0.4301811736320602,0.43310675206453486
UCB1_0.05,646,0.4317465224111289,0.43028594771183915,0.4332070971104186
UCB1_0.05,647,0.4317932098765427,0.4303347735167738,0.43325164623631157
UCB1_0.05,648,0.43187365177195713,0.430415797901292,0.4333315056426223
UCB1_0.05,649,0.43189846153846184,0.43043643634053114,0.43336048673639255
UCB1_0.05,650,0.4320276497695845,0.4305643637776226,0.43349093576154646
UCB1_0.05,651,0.43210429447852755,0.430643372557637,0.4335652163994181
UCB1_0.05,652,0.432171516079633,0.4307136450643236,0.4336293870949424
UCB1_0.05,653,0.43226911314984684,0.4308118668780306,0.4337263594216631
UCB1_0.05,654,0.4323755725190841,0.4309168609642111,0.4338342840739571
UCB1_0.05,655,0.43245426829268313,0.4310013816296386,0.4339071549557277
UCB1_0.05,656,0.4325266362252662,0.43107370544183404,0.4339795670086984
UCB1_0.05,657,0.4325744680851064,0.4311182467569159,0.4340306894132969
UCB1_0.05,658,0.43266464339909,0.43121276648416584,0.43411652031401415
UCB1_0.05,659,0.43267575757575766,0.4312252302538198,0.4341262848976955
UCB1_0.05,660,0.4327049924357035,0.43125442258516644,0.4341555622862405
UCB1_0.05,661,0.4327129909365575,0.43126394300347176,0.4341620388696433
UCB1_0.05,662,0.4327933634992458,0.4313427862947513,0.4342439407037403
UCB1_0.05,663,0.43289759036144543,0.43144577663436073,0.4343494040885301
UCB1_0.05,664,0.432959398496241,0.43150590368949704,0.43441289330298494
UCB1_0.05,665,0.43302702702702706,0.43157241819871067,0.43448163585534344
UCB1_0.05,666,0.4331424287856076,0.4316852786335369,0.4345995789376783
UCB1_0.05,667,0.4331137724550903,0.43165423114552187,0.43457331376465874
UCB1_0.05,668,0.43316292974588944,0.4317023949980876,0.43462346449369127
UCB1_0.05,669,0.4332119402985078,0.43174902806705967,0.4346748525299559
UCB1_0.05,670,0.43326676602086495,0.4318047924262581,0.4347287396154718
UCB1_0.05,671,0.43335416666666654,0.43189206113452505,0.43481627219880803
UCB1_0.05,672,0.4334115898959881,0.4319518711220612,0.434871308669915
UCB1_0.05,673,0.43338872403560746,0.43192730563199483,0.4348501424392201
UCB1_0.05,674,0.4334814814814814,0.43202304576032574,0.4349399172026371
UCB1_0.05,675,0.43356804733727783,0.43211043042847097,0.4350256642460847
UCB1_0.05,676,0.433607090103397,0.43214992060564217,0.4350642596011518
UCB1_0.05,677,0.43366371681415916,0.43220414487437886,0.43512328875393946
UCB1_0.05,678,0.4336995581737849,0.43224189379524897,0.43515722255232087
UCB1_0.05,679,0.4336911764705886,0.43223396249734625,0.4351483904438309
UCB1_0.05,680,0.4337621145374442,0.43230148111652295,0.4352227479583654
UCB1_0.05,681,0.4338387096774194,0.4323773791567955,0.43530004019804325
UCB1_0.05,682,0.43388579795022236,0.43242230119475034,0.4353492947056944
UCB1_0.05,683,0.43399415204678515,0.4325356553442936,0.4354526487492767
UCB1_0.05,684,0.4340379562043789,0.4325790108522646,0.43549690155649323
UCB1_0.05,685,0.4341516034985422,0.4326915640744046,0.4356116429226798
UCB1_0.05,686,0.4342387190684133,0.43278270870610236,0.4356947294307243
UCB1_0.05,687,0.43434011627906977,0.4328855432920248,0.43579468926611475
UCB1_0.05,688,0.4343570391872278,0.4328976141168642,0.43581646425759135
UCB1_0.05,689,0.4343942028985534,0.43293426469738583,0.435854141099721
UCB1_0.05,690,0.434463096960926,0.4329994654661814,0.4359267284556706
UCB1_0.05,691,0.4345982658959537,0.4331336769079594,0.43606285488394797
UCB1_0.05,692,0.43467243867243893,0.43320796634177267,0.4361369110031052
UCB1_0.05,693,0.43473198847262223,0.43326955874034334,0.4361944182049011
UCB1_0.05,694,0.4347625899280575,0.4332973067735682,0.4362278730825468
UCB1_0.05,695,0.4348477011494255,0.43338009905046315,0.43631530324838785
UCB1_0.05,696,0.43488378766140634,0.4334169146159494,0.4363506607068633
UCB1_0.05,697,0.435002865329513,0.43353898099410654,0.43646674966491944
UCB1_0.05,698,0.4350786838340487,0.4336122176952059,0.43654514997289146
UCB1_0.05,699,0.4351857142857132,0.433715606206854,0.43665582236457234
UCB1_0.05,700,0.4352410841654779,0.4337729874232705,0.43670918090768535
UCB1_0.05,701,0.4352991452991455,0.43382993364044725,0.4367683569578437
UCB1_0.05,702,0.43529729729729677,0.4338279782321879,0.43676661636240566
UCB1_0.05,703,0.43540340909090947,0.4339342747353127,0.4368725434465062
UCB1_0.05,704,0.4354695035460995,0.43399764358018156,0.4369413635120174
UCB1_0.05,705,0.43554390934843923,0.4340706284266753,0.43701719027020314
UCB1_0.05,706,0.4356492220650635,0.43417285186637633,0.4371255922637507
UCB1_0.05,707,0.43567796610169535,0.43420082737092547,0.4371551048324652
UCB1_0.05,708,0.43569534555712264,0.43421765985953525,0.43717303125471
UCB1_0.05,709,0.4357521126760562,0.4342730089828602,0.43723121636925216
UCB1_0.05,710,0.4358368495077366,0.4343572246983475,0.4373164743171257
UCB1_0.05,711,0.4359101123595507,0.4344338048219263,0.4373864198971751
UCB1_0.05,712,0.43597755960729323,0.43449483384363224,0.4374602853709542
UCB1_0.05,713,0.43606442577030746,0.434581344099456,0.43754750744115894
UCB1_0.05,714,0.43605874125874117,0.43457383958138235,0.4375436429361
UCB1_0.05,715,0.43612290502793316,0.43463971356737036,0.43760609648849597
UCB1_0.05,716,0.4362119944211991,0.43472243293239593,0.4377015559100023
UCB1_0.05,717,0.43627576601671286,0.43479142892239586,0.43776010311102986
UCB1_0.05,718,0.4363504867872046,0.434869235140738,0.43783173843367124
UCB1_0.05,719,0.4364166666666666,0.4349386107739817,0.4378947225593515
UCB1_0.05,720,0.4364826629680999,0.43500456765882284,0.43796075827737696
UCB1_0.05,721,0.4365346260387813,0.43505876840897767,0.4380104836685849
UCB1_0.05,722,0.43663347164591987,0.4351627308998132,0.4381042123920265
UCB1_0.05,723,0.4367403314917124,0.43526898155771065,0.4382116814257141
UCB1_0.05,724,0.43680827586206866,0.435332453495075,0.43828409822906234
UCB1_0.05,725,0.43690358126721807,0.43542953538638146,0.43837762714805467
UCB1_0.05,726,0.43703713892709734,0.43555899930173825,0.4385152785524564
UCB1_0.05,727,0.43713186813186805,0.435654857520285,0.4386088787434511
UCB1_0.05,728,0.43721810699588465,0.4357395028427319,0.4386967111490374
UCB1_0.05,729,0.4373671232876715,0.4358871801705116,0.43884706640483145
UCB1_0.05,730,0.4374117647058832,0.43593482235371,0.43888870705805644
UCB1_0.05,731,0.4374590163934426,0.4359831417388616,0.4389348910480236
UCB1_0.05,732,0.4375279672578433,0.43604989701982344,0.4390060374958632
UCB1_0.05,733,0.43756130790190745,0.43608456243731625,0.43903805336649865
UCB1_0.05,734,0.4376054421768704,0.4361268779356072,0.4390840064181336
UCB1_0.05,735,0.4376956521739134,0.43621920819906645,0.4391720961487603
UCB1_0.05,736,0.43772591587516996,0.4362503225170801,0.4392015092332598
UCB1_0.05,737,0.43782926829268304,0.4363499641805507,0.43930857240481536
UCB1_0.05,738,0.4378944519621107,0.43641919734320256,0.4393697065810188
UCB1_0.05,739,0.4380027027027026,0.43652201744432134,0.4394833879610838
UCB1_0.05,740,0.43807287449392684,0.4365926032077783,0.43955314578007537
UCB1_0.05,741,0.4381563342318064,0.436674703757923,0.4396379647056898
UCB1_0.05,742,0.438180349932705,0.43669995073073287,0.4396607491346771
UCB1_0.05,743,0.4382123655913978,0.43673312984859364,0.439691601334202
UCB1_0.05,744,0.4382469798657711,0.43676573107937006,0.43972822865217215
UCB1_0.05,745,0.43832707774798924,0.43684984538392607,0.4398043101120524
UCB1_0.05,746,0.43835341365461783,0.43687518994189517,0.4398316373673405
UCB1_0.05,747,0.43836631016042815,0.43688838545928577,0.43984423486157054
UCB1_0.05,748,0.4384379172229638,0.4369632014181264,0.43991263302780126
UCB1_0.05,749,0.43852000000000074,0.4370456900702928,0.43999430992970867
UCB1_0.05,750,0.43858322237017344,0.4371105570375364,0.4400558877028105
UCB1_0.05,751,0.43859840425531915,0.4371243820501124,0.4400724264605259
UCB1_0.05,752,0.43868791500663945,0.43721711425363086,0.44015871575964804
UCB1_0.05,753,0.43871087533156533,0.43723921939717986,0.4401825312659508
UCB1_0.05,754,0.43873907284768165,0.43726611923947656,0.44021202645588675
UCB1_0.05,755,0.43881481481481466,0.4373422355405202,0.4402873940891091
UCB1_0.05,756,0.4388348745046237,0.4373654270438932,0.44030432196535424
UCB1_0.05,757,0.43893931398416924,0.43747032422012105,0.44040830374821743
UCB1_0.05,758,0.4390039525691704,0.4375356278627429,0.4404722772755979
UCB1_0.05,759,0.4390605263157897,0.4375938563248765,0.44052719630670284
UCB1_0.05,760,0.43916688567674106,0.43770119868261953,0.4406325726708626
UCB1_0.05,761,0.43921522309711253,0.4377492270773036,0.44068121911692143
UCB1_0.05,762,0.43928178243774546,0.4378168159251914,0.4407467489502995
UCB1_0.05,763,0.4393481675392672,0.43788576170387833,0.44081057337465607
UCB1_0.05,764,0.43941699346405205,0.4379468102826398,0.4408871766454643
UCB1_0.05,765,0.439496083550914,0.43802373260516275,0.4409684344966653
UCB1_0.05,766,0.43956975228161643,0.43809449980581067,0.4410450047574222
UCB1_0.05,767,0.4395859375,0.43811446708311524,0.4410574079168848
UCB1_0.05,768,0.4396514954486341,0.43817891220630245,0.4411240786909657
UCB1_0.05,769,0.43972207792207757,0.43824624646271954,0.4411979093814356
UCB1_0.05,770,0.43982360570687457,0.43834324169328126,0.44130396972046787
UCB1_0.05,771,0.4399274611398962,0.43844761112256875,0.4414073111572237
UCB1_0.05,772,0.4399793014230269,0.4384989157733923,0.4414596870726615
UCB1_0.05,773,0.4399974160206718,0.4385186064485795,0.44147622559276417
UCB1_0.05,774,0.44006193548387124,0.43858564577065784,0.44153822519708463
UCB1_0.05,775,0.4401340206185565,0.4386531513043833,0.4416148899327297
UCB1_0.05,776,0.4402213642213643,0.43874170587344147,0.44170102256928717
UCB1_0.05,777,0.44028277634961427,0.43880419769312995,0.4417613550060986
UCB1_0.05,778,0.4403491655969191,0.43887687911660633,0.4418214520772319
UCB1_0.05,779,0.4403641025641021,0.438891902833196,0.44183630229500814
UCB1_0.05,780,0.4404046094750319,0.4389336239758573,0.44187559497420653
UCB1_0.05,781,0.4404603580562663,0.43898938525342657,0.4419313308591061
UCB1_0.05,782,0.44050063856960453,0.4390311946139078,0.44197008252530123
UCB1_0.05,783,0.4406071428571424,0.43913709323492434,0.4420771924793605
UCB1_0.05,784,0.44063949044585976,0.43916924510190347,0.44210973578981605
UCB1_0.05,785,0.440638676844784,0.43917033327269944,0.4421070204168686
UCB1_0.05,786,0.4406378653113089,0.4391714152883595,0.44210431533425826
UCB1_0.05,787,0.44076142131979706,0.4392972423746215,0.44222560026497265
UCB1_0.05,788,0.4408060836501916,0.43934433231502035,0.4422678349853628
UCB1_0.05,789,0.4408531645569626,0.4393913697857821,0.44231495932814313
UCB1_0.05,790,0.4409355246523385,0.4394734191089088,0.44239763019576817
UCB1_0.05,791,0.44102525252525293,0.4395583886002455,0.4424921164502604
UCB1_0.05,792,0.44108196721311455,0.4396145901585998,0.44254934426762926
UCB1_0.05,793,0.441151133501262,0.4396846124284363,0.4426176545740877
UCB1_0.05,794,0.4412125786163517,0.4397404804231203,0.4426846768095831
UCB1_0.05,795,0.4413341708542714,0.4398645068638086,0.4428038348447342
UCB1_0.05,796,0.4413676286072769,0.43989951839049785,0.44283573882405597
UCB1_0.05,797,0.4414185463659146,0.4399505808817968,0.4428865118500324
UCB1_0.05,798,0.44145932415519384,0.4399965291563954,0.44292211915399227
UCB1_0.05,799,0.44159000000000026,0.44012744077691146,0.44305255922308906
UCB1_0.05,800,0.44165293383270976,0.44018956490003247,0.44311630276538705
UCB1_0.05,801,0.4416882793017459,0.44022634632055585,0.443150212282936
UCB1_0.05,802,0.44177085927770876,0.4403065002339406,0.44323521832147694
UCB1_0.05,803,0.4418482587064674,0.4403776568933773,0.44331886051955743
UCB1_0.05,804,0.4419006211180117,0.4404340656009155,0.4433671766351079
UCB1_0.05,805,0.4419280397022333,0.44046162482210977,0.4433944545823569
UCB1_0.05,806,0.4419826517967785,0.4405146952173672,0.44345060837618977
UCB1_0.05,807,0.4420198019801981,0.44055229834857734,0.4434873056118188
UCB1_0.05,808,0.44206922126081605,0.440602989386164,0.4435354531354681
UCB1_0.05,809,0.442130864197531,0.4406615546020252,0.4436001737930368
UCB1_0.05,810,0.4421750924784219,0.44070915453256354,0.44364103042428027
UCB1_0.05,811,0.44221921182265983,0.4407564990528961,0.44368192459242356
UCB1_0.05,812,0.44224846248462507,0.44078512550138454,0.4437117994678656
UCB1_0.05,813,0.44228501228501216,0.4408183468596657,0.4437516777103586
UCB1_0.05,814,0.4423509202453986,0.4408825686966297,0.4438192717941676
UCB1_0.05,815,0.4423725490196085,0.4409050603134696,0.44384003772574737
UCB1_0.05,816,0.4424186046511628,0.4409515882092287,0.44388562109309687
UCB1_0.05,817,0.4424621026894864,0.4409951783366729,0.44392902704229986
UCB1_0.05,818,0.44249572649572644,0.4410287020941135,0.4439627508973394
UCB1_0.05,819,0.44254390243902497,0.44107754144037126,0.4440102634376787
UCB1_0.05,820,0.4426236297198532,0.44115593183629714,0.44409132760340925
UCB1_0.05,821,0.442661800486618,0.441197521986826,0.44412607898641004
UCB1_0.05,822,0.44273876063183476,0.44127850305353417,0.44419901821013535
UCB1_0.05,823,0.44282524271844675,0.4413615991796204,0.4442888862572731
UCB1_0.05,824,0.4428921212121214,0.44142403813287645,0.44436020429136636
UCB1_0.05,825,0.44295399515738487,0.44148361426578203,0.4444243760489877
UCB1_0.05,826,0.4430205562273279,0.4415513957416415,0.4444897167130143
UCB1_0.05,827,0.4431062801932367,0.4416362287190827,0.44457633166739075
UCB1_0.05,828,0.4431170084439081,0.4416448545327353,0.44458916235508095
UCB1_0.05,829,0.4431734939759032,0.44169983115225087,0.4446471567995556
UCB1_0.05,830,0.4432274368231046,0.4417550934655095,0.4446997801806997
UCB1_0.05,831,0.4433269230769234,0.4418540423489425,0.4447998038049043
UCB1_0.05,832,0.4433373349339734,0.44186189557002725,0.4448127742979196
UCB1_0.05,833,0.44340287769784215,0.44192626920827976,0.4448794861874045
UCB1_0.05,834,0.44342275449101776,0.4419472024264239,0.44489830655561163
UCB1_0.05,835,0.4434665071770346,0.44199141302170825,0.444941601332361
UCB1_0.05,836,0.4435029868578259,0.44202979790114394,0.4449761758145079
UCB1_0.05,837,0.4435894988066812,0.4421144849419042,0.4450645126714582
UCB1_0.05,838,0.443635280095352,0.44215984382350915,0.4451107163671949
UCB1_0.05,839,0.44371190476190503,0.442237808280219,0.44518600124359103
UCB1_0.05,840,0.44372413793103405,0.44225250434364854,0.44519577151841955
UCB1_0.05,841,0.4437838479809974,0.44230584335190337,0.44526185261009144
UCB1_0.05,842,0.4438196915776987,0.44234300748074956,0.4452963756746478
UCB1_0.05,843,0.4439431279620839,0.4424670425893523,0.4454192133348155
UCB1_0.05,844,0.44401183431952684,0.4425364312308233,0.4454872374082304
UCB1_0.05,845,0.44406382978723424,0.44258906009930316,0.44553859947516533
UCB1_0.05,846,0.44410861865407336,0.44263771860632434,0.4455795187018224
UCB1_0.05,847,0.4442216981132076,0.44275300051774424,0.44569039570867097
UCB1_0.05,848,0.4442991755005893,0.4428313347545847,0.4457670162465939
UCB1_0.05,849,0.4443764705882354,0.4429051487365069,0.44584779243996386
UCB1_0.05,850,0.44445123384253804,0.44298008501535613,0.44592238266971995
UCB1_0.05,851,0.44451408450704166,0.4430452293942611,0.4459829396198222
UCB1_0.05,852,0.44457209847596735,0.4431008867002113,0.4460433102517234
UCB1_0.05,853,0.44464637002341906,0.44317017829963246,0.44612256174720566
UCB1_0.05,854,0.4446479532163747,0.4431733105258144,0.446122595906935
UCB1_0.05,855,0.4446822429906542,0.4432075679630734,0.4461569180182349
UCB1_0.05,856,0.4447397899649944,0.44326547799580723,0.4462141019341816
UCB1_0.05,857,0.4448391608391604,0.4433636209204992,0.44631470075782165
UCB1_0.05,858,0.4448661233993013,0.4433880457830578,0.44634420101554484
UCB1_0.05,859,0.4449488372093022,0.44347391284033677,0.4464237615782676
UCB1_0.05,860,0.4449895470383276,0.4435151524781739,0.4464639415984813
UCB1_0.05,861,0.4450533642691447,0.4435827429540862,0.44652398558420325
UCB1_0.05,862,0.44512166859791397,0.4436508775416263,0.44659245965420163
UCB1_0.05,863,0.44521296296296325,0.44373867911810744,0.44668724680781907
UCB1_0.05,864,0.44526242774566477,0.44378759387508104,0.4467372616162485
UCB1_0.05,865,0.44533718244803716,0.4438658545472443,0.44680851034883
UCB1_0.05,866,0.4453679354094579,0.44389688256784665,0.44683898825106916
UCB1_0.05,867,0.44546082949308624,0.4439890243493188,0.4469326346368537
UCB1_0.05,868,0.4455327963176066,0.444056597165585,0.44700899546962825
UCB1_0.05,869,0.4455977011494252,0.4441207543208599,0.4470746479779905
UCB1_0.05,870,0.44567164179104457,0.4441960244056332,0.4471472591764559
UCB1_0.05,871,0.4457499999999999,0.4442763882267023,0.44722361177329756
UCB1_0.05,872,0.4457983963344792,0.44432507145741174,0.4472717212115467
UCB1_0.05,873,0.44585583524027433,0.4443828631780743,0.4473288073024744
UCB1_0.05,874,0.44591771428571375,0.4444503811952671,0.4473850473761604
UCB1_0.05,875,0.445963470319635,0.4444977137439627,0.44742922689530734
UCB1_0.05,876,0.446020524515394,0.44455375048854656,0.4474872985422414
UCB1_0.05,877,0.44607289293849633,0.44460887883362327,0.4475369070433694
UCB1_0.05,878,0.4461251422070536,0.4446607905379257,0.4475894938761816
UCB1_0.05,879,0.44616363636363643,0.44469700058582895,0.4476302721414439
UCB1_0.05,880,0.44622020431328036,0.4447519228607764,0.4476884857657843
UCB1_0.05,881,0.44625396825396946,0.44478195252963626,0.44772598397830266
UCB1_0.05,882,0.44629671574178886,0.4448233187221506,0.44777011276142714
UCB1_0.05,883,0.44635746606334825,0.44488468521599966,0.44783024691069684
UCB1_0.05,884,0.44638870056497065,0.4449160896897741,0.4478613114401672
UCB1_0.05,885,0.4463792325056435,0.444909594911446,0.447848870099841
UCB1_0.05,886,0.4464419391206311,0.4449716271617571,0.44791225107950516
UCB1_0.05,887,0.4464954954954957,0.4450276641875805,0.44796332680341094
UCB1_0.05,888,0.44654893138357826,0.4450806670854095,0.448017195681747
UCB1_0.05,889,0.446606741573036,0.44513610357749644,0.4480773795685755
UCB1_0.05,890,0.4466172839506183,0.4451452290364932,0.4480893388647434
UCB1_0.05,891,0.4466547085201795,0.4451821634337892,0.44812725360656985
UCB1_0.05,892,0.4467054871220605,0.4452353374928143,0.44817563675130667
UCB1_0.05,893,0.4467852348993287,0.44531262607046457,0.44825784372819283
UCB1_0.05,894,0.44684692737430143,0.44537634850702945,0.4483175062415734
UCB1_0.05,895,0.4469017857142857,0.44543382307302665,0.4483697483555447
UCB1_0.05,896,0.4469386845039022,0.4454715541769209,0.44840581483088343
UCB1_0.05,897,0.44701781737193785,0.44555406402799946,0.44848157071587624
UCB1_0.05,898,0.4470478309232478,0.4455850503076342,0.4485106115388614
UCB1_0.05,899,0.44710666666666665,0.44564403553132115,0.44856929780201216
UCB1_0.05,900,0.44719422863485025,0.44573291991225683,0.4486555373574437
UCB1_0.05,901,0.4472705099778272,0.4458055468968441,0.4487354730588103
UCB1_0.05,902,0.4473599114064244,0.44589555583155294,0.44882426698129585
UCB1_0.05,903,0.44746460176991015,0.445999275817264,0.4489299277225563
UCB1_0.05,904,0.44753370165745815,0.44606972599122713,0.44899767732368917
UCB1_0.05,905,0.44761810154525433,0.4461548102770014,0.4490813928135073
UCB1_0.05,906,0.4476957001102537,0.44622830903438226,0.4491630911861252
UCB1_0.05,907,0.44776431718061704,0.44630005690294694,0.44922857745828715
UCB1_0.05,908,0.4477623762376238,0.44629699455200944,0.4492277579232382
UCB1_0.05,909,0.44781978021977964,0.44635165205538946,0.4492879083841698
UCB1_0.05,910,0.4478770581778265,0.4464075022032609,0.44934661415239213
UCB1_0.05,911,0.4479451754385961,0.44647549918131907,0.4494148516958731
UCB1_0.05,912,0.44800438116100755,0.44653751705172867,0.4494712452702864
UCB1_0.05,913,0.4481466083150984,0.4466808097277981,0.4496124069023987
UCB1_0.05,914,0.4482098360655739,0.44674273871509285,0.44967693341605497
UCB1_0.05,915,0.44825545851528376,0.44678593588045384,0.44972498115011367
UCB1_0.05,916,0.4483227917121048,0.44684879737566613,0.4497967860485435
UCB1_0.05,917,0.4483769063180825,0.4469006807031983,0.4498531319329667
UCB1_0.05,918,0.4484483133841132,0.44697135090711826,0.4499252758611081
UCB1_0.05,919,0.44849565217391274,0.447016367244312,0.4499749371035135
UCB1_0.05,920,0.44856026058631926,0.4470853973179968,0.4500351238546417
UCB1_0.05,921,0.4486681127982649,0.4471931173436577,0.4501431082528721
UCB1_0.05,922,0.4487280606717222,0.4472505089334495,0.45020561240999496
UCB1_0.05,923,0.4487835497835494,0.44730410060951814,0.45026299895758065
UCB1_0.05,924,0.4488151351351347,0.4473315877523536,0.4502986825179158
UCB1_0.05,925,0.4488574514038877,0.4473789162216469,0.45033598658612856
UCB1_0.05,926,0.4489600862998922,0.4474822317405528,0.4504379408592316
UCB1_0.05,927,0.4489676724137933,0.4474889706992847,0.4504463741283019
UCB1_0.05,928,0.44902045209903146,0.4475393901156531,0.45050151408240985
UCB1_0.05,929,0.44907311827956964,0.4475890397322827,0.4505571968268566
UCB1_0.05,930,0.44913211600429626,0.44764841315407944,0.4506158188545131
UCB1_0.05,931,0.4491866952789693,0.4477029826179325,0.4506704079400061
UCB1_0.05,932,0.4492518756698814,0.4477684319634303,0.4507353193763325
UCB1_0.05,933,0.4493490364025694,0.4478675495325063,0.4508305232726325
UCB1_0.05,934,0.44939037433155066,0.4479071004515114,0.45087364821158993
UCB1_0.05,935,0.44944871794871766,0.4479619355388944,0.4509355003585409
UCB1_0.05,936,0.4494642475987163,0.4479783024550656,0.450950192742367
UCB1_0.05,937,0.44951385927505355,0.44802933570241565,0.45099838284769145
UCB1_0.05,938,0.44957401490947846,0.44809276237776724,0.4510552674411897
UCB1_0.05,939,0.4496787234042551,0.44819807161124214,0.451159375197268
UCB1_0.05,940,0.44976195536663127,0.44828252403768337,0.45124138669557917
UCB1_0.05,941,0.4498004246284497,0.448322768915912,0.45127808034098743
UCB1_0.05,942,0.4498663838812295,0.4483894954521031,0.4513432723103559
UCB1_0.05,943,0.44993432203389855,0.44845572390609834,0.45141292016169876
UCB1_0.05,944,0.4499597883597881,0.44848028895124836,0.45143928776832787
UCB1_0.05,945,0.4500422832980976,0.44856430900734245,0.4515202575888527
UCB1_0.05,946,0.4501203801478354,0.44864471707319054,0.45159604322248026
UCB1_0.05,947,0.45017088607594985,0.44869396081267915,0.45164781133922055
UCB1_0.05,948,0.450231822971549,0.44875123777892867,0.45171240816416935
UCB1_0.05,949,0.45027578947368396,0.4487972235261363,0.4517543554212316
UCB1_0.05,950,0.45035751840168264,0.44887499473710474,0.45184004206626055
UCB1_0.05,951,0.4504243697478989,0.44894242949989915,0.45190630999589865
UCB1_0.05,952,0.45047848898216153,0.44899961969267355,0.4519573582716495
UCB1_0.05,953,0.45053039832285124,0.4490501961917988,0.4520106004539037
UCB1_0.05,954,0.45059476439790597,0.44911499227009133,0.4520745365257206
UCB1_0.05,955,0.45063598326359844,0.4491551336273016,0.4521168328998953
UCB1_0.05,956,0.45067293625914245,0.44919437168833526,0.45215150082994965
UCB1_0.05,957,0.45077244258872673,0.4492968111100089,0.45224807406744455
UCB1_0.05,958,0.4508300312825861,0.4493558479956343,0.45230421456953784
UCB1_0.05,959,0.4509083333333332,0.4494331201657606,0.4523835465009058
UCB1_0.05,960,0.4509864724245575,0.4495130319949348,0.45245991285418025
UCB1_0.05,961,0.4510748440748441,0.44960177700579945,0.45254791114388876
UCB1_0.05,962,0.4511339563862939,0.4496599360577858,0.45260797671480196
UCB1_0.05,963,0.45116390041493776,0.44968819095962215,0.45263960987025337
UCB1_0.05,964,0.4512165803108805,0.44974412749417364,0.4526890331275874
UCB1_0.05,965,0.4512650103519667,0.44979222174969674,0.45273779895423666
UCB1_0.05,966,0.45133195449844915,0.4498606379119607,0.4528032710849376
UCB1_0.05,967,0.4513946280991732,0.44991738963141875,0.45287186656692763
UCB1_0.05,968,0.45143859649122775,0.4499589115384251,0.4529182814440304
UCB1_0.05,969,0.4515216494845353,0.4500444075868331,0.45299889138223753
UCB1_0.05,970,0.45161483007209036,0.45013622890172156,0.45309343124245915
UCB1_0.05,971,0.45166872427983484,0.4501886687540825,0.4531487798055872
UCB1_0.05,972,0.4517615621788283,0.4502844683866203,0.4532386559710363
UCB1_0.05,973,0.45180082135523625,0.45032271319250766,0.45327892951796483
UCB1_0.05,974,0.4518420512820513,0.450363461904663,0.4533206406594396
UCB1_0.05,975,0.4518729508196725,0.4503935710270759,0.4533523306122691
UCB1_0.05,976,0.45195905834186284,0.4504787861149311,0.4534393305687946
UCB1_0.05,977,0.45202658486707575,0.4505451143605366,0.4535080553736149
UCB1_0.05,978,0.4521389172625128,0.4506586072940658,0.4536192272309598
UCB1_0.05,979,0.4522244897959183,0.45074804929488,0.4537009302969566
UCB1_0.05,980,0.45226911314984686,0.4507972305603395,0.4537409957393542
UCB1_0.05,981,0.45228309572301467,0.4508109462716754,0.45375524517435395
UCB1_0.05,982,0.45232349949135325,0.450854880032451,0.4537921189502555
UCB1_0.05,983,0.45238414634146323,0.4509126884951624,0.45385560418776405
UCB1_0.05,984,0.4524548223350255,0.45098455315124186,0.4539250915188091
UCB1_0.05,985,0.4525050709939147,0.4510337307058819,0.4539764112819475
UCB1_0.05,986,0.45258358662613973,0.45111277792376236,0.4540543953285171
UCB1_0.05,987,0.4526234817813762,0.4511570708297857,0.4540898927329667
UCB1_0.05,988,0.45266936299292193,0.4512030203397445,0.45413570564609934
UCB1_0.05,989,0.45272525252525286,0.4512578384311996,0.45419266661930613
UCB1_0.05,990,0.4527971745711404,0.45132746561775683,0.45426688352452393
UCB1_0.05,991,0.45284072580645135,0.45137520303205136,0.45430624858085134
UCB1_0.05,992,0.45286606243706445,0.45140055209677254,0.45433157277735636
UCB1_0.05,993,0.4529275653923538,0.4514615234914279,0.4543936072932797
UCB1_0.05,994,0.4529989949748748,0.4515328945725896,0.45446509537715996
UCB1_0.05,995,0.4530602409638561,0.4515928300832684,0.4545276518444438
UCB1_0.05,996,0.45313340020060183,0.45166487348205203,0.45460192691915163
UCB1_0.05,997,0.4531563126252507,0.45168991986563184,0.45462270538486954
UCB1_0.05,998,0.4531631631631634,0.45169675826575045,0.45462956806057636
UCB1_0.05,999,0.4532179999999998,0.45174950127033014,0.45468649872966943
UCB1_0.05,1000,0.4532667332667333,0.45180048966301983,0.4547329768704467
UCB1_0.05,1001,0.45333932135728555,0.4518717799793282,0.4548068627352429
UCB1_0.05,1002,0.4533938185443674,0.45192606051001777,0.454861576578717
UCB1_0.05,1003,0.45347410358565754,0.4520072982202366,0.45494090895107847
UCB1_0.05,1004,0.4535184079601989,0.4520526586470161,0.45498415727338165
UCB1_0.05,1005,0.45358250497017916,0.4521207100175702,0.4550442999227881
UCB1_0.05,1006,0.4536246276067527,0.45216364909878426,0.45508560611472115
UCB1_0.05,1007,0.45364484126984117,0.4521841629177393,0.45510551962194307
UCB1_0.05,1008,0.45368880079286394,0.45223011666519713,0.45514748492053075
UCB1_0.05,1009,0.45373069306930736,0.4522720137448561,0.4551893723937586
UCB1_0.05,1010,0.45379030662710435,0.4523350606352153,0.4552455526189934
UCB1_0.05,1011,0.45388142292490075,0.45242728936496135,0.45533555648484014
UCB1_0.05,1012,0.45395459032576635,0.4524975326974651,0.4554116479540676
UCB1_0.05,1013,0.45401775147929024,0.45255980028560694,0.45547570267297355
UCB1_0.05,1014,0.45409655172413804,0.4526382899712943,0.4555548134769818
UCB1_0.05,1015,0.45413779527559306,0.45268047424987207,0.45559511630131405
UCB1_0.05,1016,0.4541553588987215,0.4526962334545174,0.45561448434292556
UCB1_0.05,1017,0.45421807465618824,0.45275806523161266,0.4556780840807638
UCB1_0.05,1018,0.45424337585868485,0.45278443490501596,0.45570231681235374
UCB1_0.05,1019,0.4542588235294112,0.45279897042734546,0.45571867663147697
UCB1_0.05,1020,0.4543134182174332,0.45285381297317884,0.4557730234616876
UCB1_0.05,1021,0.454375733855184,0.4529152210176045,0.45583624669276346
UCB1_0.05,1022,0.45440469208211126,0.4529417760796582,0.45586760808456434
UCB1_0.05,1023,0.454498046875,0.4530333632030895,0.4559627305469105
UCB1_0.05,1024,0.45454243902439,0.45307918431215943,0.4560056937366206
UCB1_0.05,1025,0.45460428849902756,0.45314015280055536,0.45606842419749977
UCB1_0.05,1026,0.4546484907497565,0.4531849276299548,0.45611205386955816
UCB1_0.05,1027,0.4547198443579764,0.4532553813293404,0.4561843073866124
UCB1_0.05,1028,0.45479883381924174,0.4533365093862244,0.4562611582522591
UCB1_0.05,1029,0.4548504854368937,0.45338898943637684,0.4563119814374106
UCB1_0.05,1030,0.45489233753637304,0.4534303853025638,0.4563542897701823
UCB1_0.05,1031,0.4549360465116306,0.4534739477692922,0.45639814525396905
UCB1_0.05,1032,0.4549990319457885,0.4535387738208245,0.4564592900707525
UCB1_0.05,1033,0.45507350096711846,0.4536131502314644,0.4565338517027725
UCB1_0.05,1034,0.45510724637681277,0.45364845730187286,0.45656603545175267
UCB1_0.05,1035,0.45515250965250925,0.45369452379040043,0.4566104955146181
UCB1_0.05,1036,0.45518804243008676,0.4537332119717439,0.45664287288842964
UCB1_0.05,1037,0.45525240847784265,0.45379714654898196,0.45670767040670335
UCB1_0.05,1038,0.4553301251203079,0.4538738794975415,0.4567863707430743
UCB1_0.05,1039,0.4553519230769233,0.45389635039134973,0.45680749576249685
UCB1_0.05,1040,0.45539097022094116,0.4539350954297129,0.45684684501216943
UCB1_0.05,1041,0.45541842610364647,0.45395764005385164,0.4568792121534413
UCB1_0.05,1042,0.45550143815915645,0.45404248826517507,0.4569603880531378
UCB1_0.05,1043,0.4555766283524904,0.4541195924534104,0.45703366425157044
UCB1_0.05,1044,0.45561339712918714,0.4541568757273678,0.4570699185310065
UCB1_0.05,1045,0.4556787762906305,0.454221917602574,0.45713563497868703
UCB1_0.05,1046,0.4557287488061126,0.4542719029557334,0.4571855946564918
UCB1_0.05,1047,0.45579007633587726,0.4543285561687466,0.4572515965030079
UCB1_0.05,1048,0.4558531935176359,0.45439376602844483,0.457312621006827
UCB1_0.05,1049,0.45590476190476203,0.4544445131666359,0.45736501064288815
UCB1_0.05,1050,0.45595242626070404,0.45449392630411584,0.45741092621729224
UCB1_0.05,1051,0.45602471482889745,0.45456985209032774,0.45747957756746715
UCB1_0.05,1052,0.45604748338081674,0.4545985159982832,0.45749645076335027
UCB1_0.05,1053,0.4560626185958253,0.45461426156939,0.4575109756222606
UCB1_0.05,1054,0.4561232227488143,0.45467490074486827,0.4575715447527603
UCB1_0.05,1055,0.45619128787878793,0.45474315590769987,0.457639419849876
UCB1_0.05,1056,0.4562138126773837,0.4547678389223297,0.4576597864324377
UCB1_0.05,1057,0.4562892249527413,0.45484263156663496,0.4577358183388477
UCB1_0.05,1058,0.4563305004721422,0.4548858336811272,0.45777516726315715
UCB1_0.05,1059,0.45637735849056643,0.45493592404563243,0.45781879293550043
UCB1_0.05,1060,0.45650518378887794,0.45506177399173997,0.4579485935860159
UCB1_0.05,1061,0.4565197740112998,0.4550770396993352,0.45796250832326435
UCB1_0.05,1062,0.45656820319849434,0.45512514257964803,0.45801126381734064
UCB1_0.05,1063,0.45662593984962335,0.4551815076657655,0.4580703720334812
UCB1_0.05,1064,0.45666666666666655,0.4552208183421794,0.4581125149911537
UCB1_0.05,1065,0.45670544090056325,0.4552610394377228,0.4581498423634037
UCB1_0.05,1066,0.4567835051546397,0.4553382179139871,0.45822879239529235
UCB1_0.05,1067,0.45681460674157176,0.4553654710237584,0.4582637424593851
UCB1_0.05,1068,0.4568774555659495,0.4554277844970396,0.4583271266348594
UCB1_0.05,1069,0.4569514018691591,0.45550024293915164,0.4584025607991666
UCB1_0.05,1070,0.4569953314659195,0.4555402123312603,0.45845045060057865
UCB1_0.05,1071,0.45702052238805985,0.4555647117055456,0.4584763330705741
UCB1_0.05,1072,0.4570549860205031,0.4556003779253088,0.4585095941156974
UCB1_0.05,1073,0.4570986964618254,0.45564511527749585,0.4585522776461549
UCB1_0.05,1074,0.45712186046511655,0.45566906516265876,0.45857465576757434
UCB1_0.05,1075,0.4571858736059477,0.45573132064040656,0.45864042657148885
UCB1_0.05,1076,0.45727576601671294,0.4558198932501951,0.45873163878323076
UCB1_0.05,1077,0.457324675324675,0.45587263707742903,0.458776713571921
UCB1_0.05,1078,0.45734569045412393,0.455892808367465,0.4587985725407829
UCB1_0.05,1079,0.45739814814814833,0.45594491969904805,0.4588513765972486
UCB1_0.05,1080,0.45746901017576286,0.4560137731754016,0.4589242471761241
UCB1_0.05,1081,0.45750831792976,0.4560510150295285,0.4589656208299915
UCB1_0.05,1082,0.4575789473684209,0.4561215859704898,0.45903630876635204
UCB1_0.05,1083,0.4576383763837637,0.45617935003592697,0.45909740273160043
UCB1_0.05,1084,0.45764976958525283,0.4561950476705999,0.4591044914999058
UCB1_0.05,1085,0.45771823204419854,0.45626392524172155,0.4591725388466755
UCB1_0.05,1086,0.4577810487580501,0.4563243200113398,0.45923777750476036
UCB1_0.05,1087,0.4578419117647062,0.4563856279352842,0.45929819559412816
UCB1_0.05,1088,0.45790449954086326,0.4564487356749002,0.45936026340682634
UCB1_0.05,1089,0.45795412844036726,0.4564992634519001,0.4594089934288344
UCB1_0.05,1090,0.4580073327222735,0.4565538762205939,0.4594607892239531
UCB1_0.05,1091,0.4580641025641025,0.45661068796470144,0.4595175171635036
UCB1_0.05,1092,0.45811710887465634,0.45666362863123516,0.4595705891180775
UCB1_0.05,1093,0.45818647166361937,0.456732616172604,0.4596403271546347
UCB1_0.05,1094,0.4582611872146124,0.4568095705048728,0.459712803924352
UCB1_0.05,1095,0.45831934306569355,0.4568652939386993,0.4597733921926878
UCB1_0.05,1096,0.4583500455788512,0.4568974958323965,0.4598025953253058
UCB1_0.05,1097,0.45841530054644825,0.45696362825398307,0.4598669728389134
UCB1_0.05,1098,0.45844949954504155,0.4569974248553901,0.459901574234693
UCB1_0.05,1099,0.4584727272727276,0.4570239640073221,0.4599214905381331
UCB1_0.05,1100,0.4585522252497729,0.4571066076874888,0.459997842812057
UCB1_0.05,1101,0.4586025408348459,0.4571561395234536,0.46004894214623826
UCB1_0.05,1102,0.4586545784224836,0.4572101331989282,0.46009902364603894
UCB1_0.05,1103,0.4587028985507251,0.4572627139768315,0.4601430831246187
UCB1_0.05,1104,0.45875113122171945,0.45731241636373837,0.46018984607970054
UCB1_0.05,1105,0.45879927667269454,0.4573632210907765,0.4602353322546126
UCB1_0.05,1106,0.45883107497741615,0.45739707183262235,0.46026507812220996
UCB1_0.05,1107,0.4588808664259942,0.4574469196299524,0.460314813222036
UCB1_0.05,1108,0.45894860234445445,0.45751361089515774,0.46038359379375116
UCB1_0.05,1109,0.4590450450450454,0.45761097363706366,0.46047911645302714
UCB1_0.05,1110,0.45908910891089083,0.4576556117377485,0.46052260608403317
UCB1_0.05,1111,0.4591510791366904,0.4577196047736214,0.4605825534997594
UCB1_0.05,1112,0.4591985624438461,0.45776803525202664,0.46062908963566557
UCB1_0.05,1113,0.45922262118491963,0.45779257045103017,0.4606526719188091
UCB1_0.05,1114,0.45926098654708486,0.45783150407015777,0.46069046902401195
UCB1_0.05,1115,0.4592670250896054,0.4578356804407848,0.46069836973842593
UCB1_0.05,1116,0.4593034914950762,0.4578712811590988,0.4607357018310536
UCB1_0.05,1117,0.4593881932021466,0.45795779657487634,0.4608185898294168
UCB1_0.05,1118,0.45943878462913335,0.45801207175094694,0.46086549750731975
UCB1_0.05,1119,0.4594857142857145,0.4580583408721596,0.4609130876992694
UCB1_0.05,1120,0.4595468331846567,0.4581187620517909,0.4609749043175225
UCB1_0.05,1121,0.45960784313725467,0.458179663827315,0.4610360224471943
UCB1_0.05,1122,0.4596669634906499,0.45823720533110635,0.46109672165019344
UCB1_0.05,1123,0.459729537366548,0.45829990261058756,0.4611591721225084
UCB1_0.05,1124,0.4597813333333331,0.458350843388002,0.46121182327866417
UCB1_0.05,1125,0.4598472468916518,0.4584124100460744,0.4612820837372292
UCB1_0.05,1126,0.4599148181011536,0.4584803499391386,0.46134928626316857
UCB1_0.05,1127,0.459978723404255,0.45854324008876574,0.46141420671974426
UCB1_0.05,1128,0.46001240035429614,0.458576502007205,0.46144829870138726
UCB1_0.05,1129,0.4600584070796432,0.45862247857528377,0.4614943355840026
UCB1_0.05,1130,0.4601237842617155,0.45868696244098484,0.4615606060824462
UCB1_0.05,1131,0.46017137809187314,0.45873265969978627,0.46161009648396
UCB1_0.05,1132,0.46022771403353974,0.4587887902243464,0.4616666378427331
UCB1_0.05,1133,0.4602680776014111,0.45882933476763776,0.4617068204351844
UCB1_0.05,1134,0.4602995594713655,0.4588618316390773,0.46173728730365377
UCB1_0.05,1135,0.4603644366197182,0.4589289321338493,0.46179994110558714
UCB1_0.05,1136,0.4604045734388744,0.4589709870992538,0.461838159778495
UCB1_0.05,1137,0.4604130052724081,0.4589808905659219,0.46184511997889427
UCB1_0.05,1138,0.46045127304653183,0.45902044806660985,0.4618820980264538
UCB1_0.05,1139,0.4604807017543862,0.4590486034897566,0.4619128000190158
UCB1_0.05,1140,0.46054688869412824,0.45911460712503677,0.4619791702632197
UCB1_0.05,1141,0.4605884413309982,0.45915719494090007,0.4620196877210963
UCB1_0.05,1142,0.46063342082240005,0.4592008121794248,0.4620660294653753
UCB1_0.05,1143,0.4606800699300702,0.45924641460573323,0.4621137252544072
UCB1_0.05,1144,0.4607109170305682,0.4592766371836739,0.4621451968774625
UCB1_0.05,1145,0.46078534031413676,0.45934867069814417,0.46222200993012935
UCB1_0.05,1146,0.46082476024411473,0.4593882566521189,0.46226126383611055
UCB1_0.05,1147,0.46087456445993047,0.4594363780264578,0.4623127508934031
UCB1_0.05,1148,0.4609329852045254,0.4594972836424073,0.46236868676664356
UCB1_0.05,1149,0.4609982608695655,0.45956299504246967,0.4624335266966614
UCB1_0.05,1150,0.46104778453518647,0.45961229068199494,0.462483278388378
UCB1_0.05,1151,0.4610850694444447,0.4596504604234116,0.4625196784654778
UCB1_0.05,1152,0.4611084128360797,0.4596760262318792,0.46254079944028015
UCB1_0.05,1153,0.46115077989601394,0.45971795766728024,0.46258360212474764
UCB1_0.05,1154,0.4611948051948051,0.4597615921637488,0.4626280182258614
UCB1_0.05,1155,0.4612560553633221,0.4598232426479899,0.4626888680786543
UCB1_0.05,1156,0.46130509939498693,0.4598736575533998,0.46273654123657404
UCB1_0.05,1157,0.46132987910189954,0.4598981839074412,0.4627615742963579
UCB1_0.05,1158,0.46137704918032796,0.4599404749346435,0.4628136234260124
UCB1_0.05,1159,0.4614103448275833,0.4599753797579536,0.462845309897213
UCB1_0.05,1160,0.4614728682170541,0.46003867550803934,0.4629070609260688
UCB1_0.05,1161,0.46151979345955213,0.46008696410952477,0.4629526228095795
UCB1_0.05,1162,0.4615717970765258,0.46013978843054104,0.46300380572251054
UCB1_0.05,1163,0.46159965635738776,0.4601642159748156,0.4630350967399599
UCB1_0.05,1164,0.4616360515021462,0.4602006383397666,0.4630714646645258
UCB1_0.05,1165,0.4617152658662088,0.46028179061033525,0.4631487411220824
UCB1_0.05,1166,0.4617754927163663,0.46034411845135914,0.4632068669813735
UCB1_0.05,1167,0.46179623287671245,0.46036749193922977,0.46322497381419514
UCB1_0.05,1168,0.4618220701454234,0.4603937899786958,0.46325035031215106
UCB1_0.05,1169,0.461876923076922,0.46045015909667175,0.4633036870571723
UCB1_0.05,1170,0.46196754910333104,0.46054034345704137,0.4633947547496207
UCB1_0.05,1171,0.46202218430034103,0.4605979992648942,0.46344636933578787
UCB1_0.05,1172,0.4620647911338449,0.46063807380028976,0.46349150846740006
UCB1_0.05,1173,0.46211925042589413,0.460689907199463,0.46354859365232526
UCB1_0.05,1174,0.46214638297872346,0.4607164138776648,0.4635763520797821
UCB1_0.05,1175,0.4621666666666697,0.4607358725634691,0.46359746076987035
UCB1_0.05,1176,0.4621971112999154,0.4607676727207342,0.4636265498790966
UCB1_0.05,1177,0.4622716468590826,0.4608414092740132,0.46370188444415206
UCB1_0.05,1178,0.4623002544529261,0.46087044258490645,0.46373006632094577
UCB1_0.05,1179,0.4623474576271186,0.4609168080908712,0.463778107163366
UCB1_0.05,1180,0.4623911939034717,0.46095879355951636,0.4638235942474271
UCB1_0.05,1181,0.4624162436548225,0.46098295588881355,0.4638495314208314
UCB1_0.05,1182,0.4624395604395602,0.4610063679804326,0.4638727528986878
UCB1_0.05,1183,0.4624966216216215,0.4610646796291917,0.46392856361405127
UCB1_0.05,1184,0.46256202531645546,0.46113116771842433,0.4639928829144866
UCB1_0.05,1185,0.462610455311973,0.4611770798979755,0.46404383072597044
UCB1_0.05,1186,0.4626419545071613,0.46121190565297543,0.46407200336134713
UCB1_0.05,1187,0.46267508417508546,0.4612442145384734,0.4641059538116975
UCB1_0.05,1188,0.4626930193439865,0.46126229309197925,0.46412374559599373
UCB1_0.05,1189,0.4627613445378142,0.46133094317466805,0.46419174590096035
UCB1_0.05,1190,0.4628077246011772,0.4613783439160065,0.4642371052863479
UCB1_0.05,1191,0.4628506711409396,0.4614241900657012,0.464277152216178
UCB1_0.05,1192,0.46284660519698206,0.461419949400961,0.46427326099300315
UCB1_0.05,1193,0.46288777219430505,0.4614608012062246,0.46431474318238547
UCB1_0.05,1194,0.46294393305439296,0.4615195183903205,0.4643683477184654
UCB1_0.05,1195,0.4630133779264213,0.46159258822253146,0.4644341676303111
UCB1_0.05,1196,0.46304260651629076,0.4616232894628604,0.4644619235697211
UCB1_0.05,1197,0.46308681135225344,0.4616660576021566,0.46450756510235025
UCB1_0.05,1198,0.4631442869057547,0.46172372785007076,0.46456484596143865
UCB1_0.05,1199,0.46321999999999974,0.4617985478342845,0.464641452165715
UCB1_0.05,1200,0.4632805995004161,0.4618589965019121,0.46470220249892014
UCB1_0.05,1201,0.4633244592346089,0.4619008670759361,0.46474805139328174
UCB1_0.05,1202,0.46336990856192856,0.4619473114818979,0.46479250564195923
UCB1_0.05,1203,0.4634551495016643,0.4620324448890352,0.46487785411429333
UCB1_0.05,1204,0.46353858921161833,0.46211683048893654,0.46496034793430013
UCB1_0.05,1205,0.46363018242122706,0.46220861730151186,0.46505174754094225
UCB1_0.05,1206,0.4636685998343,0.4622485675645415,0.46508863210405843
UCB1_0.05,1207,0.4637301324503311,0.4623084242358852,0.46515184066477705
UCB1_0.05,1208,0.4637535153019022,0.4623319176155886,0.46517511298821573
UCB1_0.05,1209,0.46383636363636405,0.4624149395943602,0.4652577876783679
UCB1_0.05,1210,0.4638909991742357,0.46246994227284693,0.4653120560756245
UCB1_0.05,1211,0.4639554455445546,0.46253613080230627,0.4653747602868029
UCB1_0.05,1212,0.46400000000000075,0.46258252630859015,0.46541747369141134
UCB1_0.05,1213,0.4640477759472818,0.46263109941363034,0.46546445248093327
UCB1_0.05,1214,0.46407901234567867,0.4626635633656522,0.46549446132570516
UCB1_0.05,1215,0.4641792763157893,0.46276369726786604,0.4655948553637126
UCB1_0.05,1216,0.4642366474938373,0.46282139252558757,0.46565190246208704
UCB1_0.05,1217,0.46429392446633816,0.4628811633289112,0.4657066856037651
UCB1_0.05,1218,0.4643297785069733,0.46291720079059345,0.4657423562233532
UCB1_0.05,1219,0.4644081967213113,0.4629941805476752,0.46582221289494735
UCB1_0.05,1220,0.4644324324324321,0.46301685967281836,0.46584800519204583
UCB1_0.05,1221,0.4644811783960723,0.4630666802697379,0.46589567652240665
UCB1_0.05,1222,0.4645412919051513,0.4631296570820205,0.46595292672828215
UCB1_0.05,1223,0.4646062091503269,0.4631916926062997,0.4660207256943541
UCB1_0.05,1224,0.46464000000000016,0.4632251220205711,0.46605487797942924
UCB1_0.05,1225,0.46465905383360534,0.4632460505786864,0.4660720570885243
UCB1_0.05,1226,0.46470089649551677,0.46329030537292876,0.4661114876181048
UCB1_0.05,1227,0.4647491856677524,0.46333739007154917,0.46616098126395566
UCB1_0.05,1228,0.46482831570382394,0.46341529721608804,0.46624133419155983
UCB1_0.05,1229,0.4648666666666671,0.4634512669819335,0.4662820663514007
UCB1_0.05,1230,0.4649098294069859,0.46349613395123895,0.4663235248627328
UCB1_0.05,1231,0.46494480519480524,0.4635314153063937,0.4663581950832168
UCB1_0.05,1232,0.4650040551500409,0.46359207900405813,0.46641603129602366
UCB1_0.05,1233,0.4650502431118321,0.46363927481906214,0.466461211404602
UCB1_0.05,1234,0.4650817813765181,0.46367008969307283,0.4664934730599634
UCB1_0.05,1235,0.4651537216828476,0.4637404480191377,0.46656699534655743
UCB1_0.05,1236,0.4652093775262731,0.4637938664093733,0.4666248886431729
UCB1_0.05,1237,0.46528432956381216,0.4638703937355125,0.46669826539211184
UCB1_0.05,1238,0.4653220338983053,0.4639099150558282,0.4667341527407824
UCB1_0.05,1239,0.4653548387096778,0.46394372817125523,0.4667659492481004
UCB1_0.05,1240,0.4654004834810635,0.46398518831189045,0.46681577865023655
UCB1_0.05,1241,0.4654508856682766,0.46403564391614255,0.4668661274204106
UCB1_0.05,1242,0.4654706355591315,0.46405458568670793,0.46688668543155504
UCB1_0.05,1243,0.4655112540192924,0.464094825811596,0.46692768222698877
UCB1_0.05,1244,0.4655196787148598,0.46410218247888335,0.4669371749508362
UCB1_0.05,1245,0.4655762439807384,0.4641589902283185,0.46699349773315824
UCB1_0.05,1246,0.46559101844426626,0.4641762282513162,0.4670058086372163
UCB1_0.05,1247,0.46564743589743557,0.46423197265386945,0.4670628991410017
UCB1_0.05,1248,0.46568775020016046,0.46427279640415875,0.46710270399616216
UCB1_0.05,1249,0.46572479999999966,0.46430985227862154,0.4671397477213778
UCB1_0.05,1250,0.4657601918465227,0.4643461476790675,0.46717423601397784
UCB1_0.05,1251,0.4658099041533541,0.4643964300186282,0.46722337828808
UCB1_0.05,1252,0.4658627294493214,0.4644474655529876,0.4672779933456552
UCB1_0.05,1253,0.4659377990430644,0.4645258650683931,0.46734973301773575
UCB1_0.05,1254,0.4660111553784861,0.4645988445394523,0.46742346621751985
UCB1_0.05,1255,0.4660652866242037,0.46465394211646915,0.46747663113193827
UCB1_0.05,1256,0.46611933174224346,0.46470847246906033,0.4675301910154266
UCB1_0.05,1257,0.4661732909379964,0.46476346548024244,0.4675831163957504
UCB1_0.05,1258,0.46621604447974624,0.46480471790908173,0.46762737105041075
UCB1_0.05,1259,0.46625238095238064,0.4648399880412116,0.46766477386354965
UCB1_0.05,1260,0.4663029341792228,0.4648897716084923,0.4677160967499533
UCB1_0.05,1261,0.4663122028526126,0.46489946552878386,0.46772494017644134
UCB1_0.05,1262,0.4663388756927953,0.4649273800119049,0.4677503713736857
UCB1_0.05,1263,0.4663813291139239,0.4649702325665488,0.46779242566129897
UCB1_0.05,1264,0.4664189723320159,0.4650086746105132,0.4678292700535186
UCB1_0.05,1265,0.46647709320695097,0.4650675979527079,0.467886588461194
UCB1_0.05,1266,0.4665177584846093,0.4651086990565626,0.467926817912656
UCB1_0.05,1267,0.46658044164037826,0.4651722032124107,0.4679886800683458
UCB1_0.05,1268,0.46662726556343553,0.4652179965973385,0.4680365345295326
UCB1_0.05,1269,0.4666960629921254,0.4652856871145765,0.4681064388696743
UCB1_0.05,1270,0.4667490165224239,0.46533616867209276,0.46816186437275503
UCB1_0.05,1271,0.46682861635220096,0.4654150687799825,0.4682421639244194
UCB1_0.05,1272,0.4668892380204245,0.4654730402442305,0.4683054357966185
UCB1_0.05,1273,0.4669466248037671,0.46553067679892507,0.4683625728086091
UCB1_0.05,1274,0.4669552941176476,0.465539140682178,0.46837144755311716
UCB1_0.05,1275,0.467040752351097,0.4656225774177091,0.46845892728448485
UCB1_0.05,1276,0.4671041503523882,0.46568747735675187,0.4685208233480246
UCB1_0.05,1277,0.4671690140845068,0.4657536588910971,0.46858436927791647
UCB1_0.05,1278,0.46722752150117264,0.46581252985763916,0.4686425131447061
UCB1_0.05,1279,0.4672734374999994,0.4658611491684923,0.4686857258315065
UCB1_0.05,1280,0.4673099141295864,0.46589769021468436,0.4687221380444884
UCB1_0.05,1281,0.46736505460218375,0.4659538175292996,0.4687762916750679
UCB1_0.05,1282,0.467409197194076,0.4659969197376373,0.46882147465051466
UCB1_0.05,1283,0.46747819314641725,0.46606577850893105,0.46889060778390346
UCB1_0.05,1284,0.46751595330739304,0.4661061119796553,0.4689257946351308
UCB1_0.05,1285,0.46754276827371744,0.46613169725060455,0.4689538392968303
UCB1_0.05,1286,0.4675959595959594,0.4661852830386851,0.4690066361532337
UCB1_0.05,1287,0.46763819875776375,0.4662282380813508,0.4690481594341767
UCB1_0.05,1288,0.4676927851047333,0.46628516463278025,0.4691004055766863
UCB1_0.05,1289,0.4677581395348836,0.46635195519709116,0.46916432387267604
UCB1_0.05,1290,0.46783888458559236,0.46643387155117966,0.46924389762000507
UCB1_0.05,1291,0.4678761609907122,0.46647039965210946,0.469281922329315
UCB1_0.05,1292,0.4679365815931946,0.4665321332663949,0.4693410299199943
UCB1_0.05,1293,0.4679567233384857,0.4665535561860945,0.4693598904908769
UCB1_0.05,1294,0.4680123552123546,0.46661505752090615,0.4694096529038031
UCB1_0.05,1295,0.46805401234567906,0.4666588467186605,0.46944917797269764
UCB1_0.05,1296,0.46810023130300715,0.4667043472867143,0.4694961153193
UCB1_0.05,1297,0.4681448382126355,0.4667478220473439,0.46954185437792706
UCB1_0.05,1298,0.4681816782140109,0.4667848930911816,0.4695784633368402
UCB1_0.05,1299,0.4682523076923072,0.46685738343605043,0.46964723194856395
UCB1_0.05,1300,0.46829823212913146,0.46690382470676034,0.4696926395515026
UCB1_0.05,1301,0.46833026113671244,0.46693598503498845,0.46972453723843643
UCB1_0.05,1302,0.46839447429009956,0.46699952867371625,0.4697894199064829
UCB1_0.05,1303,0.468450920245399,0.4670571620829965,0.46984467840780153
UCB1_0.05,1304,0.46850574712643667,0.4671131809771186,0.4698983132757547
UCB1_0.05,1305,0.46857733537519125,0.46718311902977083,0.46997155172061167
UCB1_0.05,1306,0.46862739097169037,0.4672322348453554,0.4700225470980253
UCB1_0.05,1307,0.4687094801223245,0.46731308654735576,0.47010587369729323
UCB1_0.05,1308,0.46876852559205506,0.4673737764723468,0.47016327471176333
UCB1_0.05,1309,0.46881984732824394,0.46742758281641156,0.47021211184007633
UCB1_0.05,1310,0.46887109077040395,0.4674775983192604,0.4702645832215475
UCB1_0.05,1311,0.46890396341463453,0.46751048108098664,0.4702974457482824
UCB1_0.05,1312,0.46896572734196446,0.4675737532850061,0.4703577013989228
UCB1_0.05,1313,0.469041095890411,0.46764896498334046,0.4704332267974815
UCB1_0.05,1314,0.46908441064638723,0.4676921920124094,0.47047662928036504
UCB1_0.05,1315,0.46910030395136765,0.46770970442425047,0.4704909034784848
UCB1_0.05,1316,0.4691495823842067,0.4677575845426736,0.4705415802257398
UCB1_0.05,1317,0.4691987860394537,0.4678057244573781,0.4705918476215293
UCB1_0.05,1318,0.469275208491281,0.46788255385019545,0.4706678631323666
UCB1_0.05,1319,0.46935454545454586,0.46796029662614824,0.4707487942829435
UCB1_0.05,1320,0.4693822861468588,0.46798722036216045,0.4707773519315571
UCB1_0.05,1321,0.4694069591527986,0.4680109659351361,0.47080295237046116
UCB1_0.05,1322,0.4694603174603172,0.4680655435118454,0.47085509140878895
UCB1_0.05,1323,0.46948640483383863,0.46809372897543683,0.47087908069224044
UCB1_0.05,1324,0.4695456603773583,0.46815036927991516,0.4709409514748014
UCB1_0.05,1325,0.46961236802413164,0.4682168963787711,0.47100783966949217
UCB1_0.05,1326,0.46967294649585545,0.4682751899584585,0.4710707030332524
UCB1_0.05,1327,0.4697108433734941,0.46831410285895647,0.47110758388803176
UCB1_0.05,1328,0.4697577125658389,0.46835973992367885,0.471155685207999
UCB1_0.05,1329,0.4698000000000002,0.46840255934079306,0.4711974406592074
UCB1_0.05,1330,0.4698512396694214,0.4684534691417146,0.47124901019712817
UCB1_0.05,1331,0.4698723723723722,0.4684719227969642,0.47127282194778025
UCB1_0.05,1332,0.46992348087021746,0.46852294851971354,0.47132401322072137
UCB1_0.05,1333,0.4699700149925036,0.46857182082022353,0.4713682091647837
UCB1_0.05,1334,0.47002247191011376,0.4686247544502941,0.4714201893699334
UCB1_0.05,1335,0.47004491017964073,0.4686481802410834,0.47144164011819806
UCB1_0.05,1336,0.47012266267763647,0.4687260959625233,0.47151922939274965
UCB1_0.05,1337,0.4701614349775788,0.4687626815219035,0.4715601884332541
UCB1_0.05,1338,0.4702195668409259,0.4688184515290617,0.4716206821527901
UCB1_0.05,1339,0.47029402985074664,0.4688947722990944,0.4716932874023989
UCB1_0.05,1340,0.4703489932885908,0.46895153719970595,0.4717464493774757
UCB1_0.05,1341,0.4704083457526089,0.46901266632870614,0.4718040251765117
UCB1_0.05,1342,0.47047356664184653,0.4690760872771475,0.47187104600654556
UCB1_0.05,1343,0.4704925595238095,0.46909786871943376,0.4718872503281852
UCB1_0.05,1344,0.4705442379182155,0.46915132469233345,0.4719371511440975
UCB1_0.05,1345,0.4706255572065375,0.46923273810997645,0.4720183763030985
UCB1_0.05,1346,0.47064587973273947,0.4692545553084783,0.4720372041570006
UCB1_0.05,1347,0.4707047477744837,0.46931280555439253,0.4720966899945748
UCB1_0.05,1348,0.4707516679021493,0.46935979040288905,0.4721435454014095
UCB1_0.05,1349,0.4707600000000001,0.4693671819010634,0.47215281809893683
UCB1_0.05,1350,0.47077572168763876,0.4693834916121895,0.472167951763088
UCB1_0.05,1351,0.47082544378698243,0.4694313867449663,0.47221950082899855
UCB1_0.05,1352,0.4708854397634892,0.469492181423432,0.47227869810354633
UCB1_0.05,1353,0.47093648449039893,0.46954447269170274,0.4723284962890951
UCB1_0.05,1354,0.4709933579335794,0.46960072628267374,0.472385989584485
UCB1_0.05,1355,0.4710471976401181,0.4696542355224796,0.4724401597577566
UCB1_0.05,1356,0.47109064112011845,0.46969930528873727,0.4724819769514996
UCB1_0.05,1357,0.47110898379970456,0.46971767278768806,0.47250029481172107
UCB1_0.05,1358,0.47116850625459894,0.4697771496051347,0.47255986290406315
UCB1_0.05,1359,0.47120882352941246,0.46981923439852,0.4725984126603049
UCB1_0.05,1360,0.4712755326965464,0.46988952082788804,0.4726615445652047
UCB1_0.05,1361,0.4713289280469899,0.4699410148260156,0.4727168412679642
UCB1_0.05,1362,0.47135730007336774,0.46996763968238187,0.4727469604643536
UCB1_0.05,1363,0.47136950146627626,0.4699819734589289,0.47275702947362364
UCB1_0.05,1364,0.47139633699633693,0.4700082726148631,0.47278440137781075
UCB1_0.05,1365,0.47141142020497945,0.4700233116156812,0.47279952879427767
UCB1_0.05,1366,0.4714572055596193,0.4700696367154475,0.4728447744037911
UCB1_0.05,1367,0.4714985380116962,0.47010895428029986,0.4728881217430926
UCB1_0.05,1368,0.47157195032870686,0.4701824510137139,0.4729614496436998
UCB1_0.05,1369,0.47162335766423324,0.47023446298204685,0.47301225234641964
UCB1_0.05,1370,0.47166010211524445,0.4702710404575533,0.4730491637729356
UCB1_0.05,1371,0.4716982507288629,0.47030743399350117,0.47308906746422463
UCB1_0.05,1372,0.4717378004369992,0.4703461430466119,0.4731294578273865
UCB1_0.05,1373,0.4717787481804945,0.4703857271501611,0.4731717692108279
UCB1_0.05,1374,0.47182109090909125,0.4704291419887092,0.47321303982947327
UCB1_0.05,1375,0.47185755813953445,0.4704639947828333,0.4732511214962356
UCB1_0.05,1376,0.4718867102396518,0.47049452744936093,0.47327889302994264
UCB1_0.05,1377,0.4719506531204646,0.4705600929904656,0.4733412132504636
UCB1_0.05,1378,0.47199854967367594,0.47060824921306127,0.4733888501342906
UCB1_0.05,1379,0.4720579710144913,0.4706679778171319,0.47344796421185076
UCB1_0.05,1380,0.4720955829109345,0.47070645048134874,0.4734847153405203
UCB1_0.05,1381,0.4721259044862519,0.4707380112659458,0.47351379770655805
UCB1_0.05,1382,0.4721836587129429,0.47079650846210336,0.4735708089637824
UCB1_0.05,1383,0.4722341040462428,0.47084331916819416,0.4736248889242914
UCB1_0.05,1384,0.4722353790613732,0.470844958763394,0.4736257993593524
UCB1_0.05,1385,0.47227849927849924,0.4708877501784703,0.4736692483785282
UCB1_0.05,1386,0.4723316510454221,0.4709419324247418,0.47372136966610234
UCB1_0.05,1387,0.4723717579250727,0.4709825079116494,0.47376100793849596
UCB1_0.05,1388,0.47243916486681053,0.47105012254291256,0.4738282071907085
UCB1_0.05,1389,0.4724618705035973,0.4710714780785615,0.4738522629286331
UCB1_0.05,1390,0.47250035945363017,0.47111112442100334,0.473889594486257
UCB1_0.05,1391,0.4725488505747122,0.4711610650236801,0.47393663612574427
UCB1_0.05,1392,0.4725599425699927,0.47117266591394735,0.473947219226038
UCB1_0.05,1393,0.4726068866571022,0.4712215606187367,0.4739922126954677
UCB1_0.05,1394,0.4726480286738353,0.4712654482327917,0.47403060911487893
UCB1_0.05,1395,0.47267621776504337,0.47129329362835043,0.4740591419017363
UCB1_0.05,1396,0.4727129563350033,0.4713280447429662,0.47409786792704045
UCB1_0.05,1397,0.47275965665236064,0.4713758329379887,0.4741434803667326
UCB1_0.05,1398,0.4727991422444603,0.4714174234493582,0.47418086103956236
UCB1_0.05,1399,0.47283428571428593,0.4714521039466455,0.47421646748192636
UCB1_0.05,1400,0.47288222698072824,0.47149896746166065,0.47426548649979583
UCB1_0.05,1401,0.4729372325249645,0.4715551286669854,0.4743193363829436
UCB1_0.05,1402,0.47297647897362793,0.47159333417192867,0.4743596237753272
UCB1_0.05,1403,0.47303133903133926,0.4716467360717656,0.4744159419909129
UCB1_0.05,1404,0.4730576512455511,0.471673392418004,0.4744419100730982
UCB1_0.05,1405,0.47309672830725485,0.47171346099865924,0.47447999561585047
UCB1_0.05,1406,0.47312579957356066,0.4717433931170701,0.4745082060300512
UCB1_0.05,1407,0.4731619318181818,0.4717800793985202,0.4745437842378434
UCB1_0.05,1408,0.4731852377572747,0.4718029859138108,0.47456748960073863
UCB1_0.05,1409,0.47323262411347494,0.4718500342479,0.4746152139790499
UCB1_0.05,1410,0.47324592487597467,0.47186322927759927,0.47462862047435006
UCB1_0.05,1411,0.47329745042493077,0.4719139119444452,0.4746809889054163
UCB1_0.05,1412,0.47333191790516654,0.47194875560271,0.4747150802076231
UCB1_0.05,1413,0.4733776520509194,0.4719944092081087,0.47476089489373013
UCB1_0.05,1414,0.47341908127208426,0.47203567292077125,0.4748024896233973
UCB1_0.05,1415,0.4734406779661015,0.4720536508306938,0.47482770510150923
UCB1_0.05,1416,0.4734918842625269,0.4721046140739028,0.47487915445115103
UCB1_0.05,1417,0.47354442877291975,0.4721565860912558,0.47493227145458367
UCB1_0.05,1418,0.4735856236786467,0.472198819868162,0.47497242748913143
UCB1_0.05,1419,0.4736295774647886,0.47224337370468245,0.4750157812248948
UCB1_0.05,1420,0.4736692470091488,0.4722821073968362,0.47505638662146144
UCB1_0.05,1421,0.4737327707454298,0.4723443573833826,0.475121184107477
UCB1_0.05,1422,0.47377090653548826,0.4723819996068137,0.4751598134641628
UCB1_0.05,1423,0.4737963483146064,0.4724064016825378,0.47518629494667497
UCB1_0.05,1424,0.473841403508772,0.4724519923192404,0.47523081469830364
UCB1_0.05,1425,0.4738976157082744,0.47250921854617695,0.4752860128703718
UCB1_0.05,1426,0.4739467414155572,0.4725573816758719,0.4753361011552425
UCB1_0.05,1427,0.4740070028011198,0.47261651052795,0.4753974950742896
UCB1_0.05,1428,0.4740573827851616,0.4726688830998292,0.47544588247049396
UCB1_0.05,1429,0.47410629370629387,0.4727185284203182,0.47549405899226954
UCB1_0.05,1430,0.47414535290006976,0.4727608001047045,0.475529905695435
UCB1_0.05,1431,0.47419134078212294,0.4728085715125774,0.4755741100516685
UCB1_0.05,1432,0.4742414515003493,0.4728567552535419,0.47562614774715667
UCB1_0.05,1433,0.4742914923291493,0.47290741842000333,0.47567556623829527
UCB1_0.05,1434,0.47435261324041783,0.4729689153285323,0.47573631115230336
UCB1_0.05,1435,0.4743802228412257,0.47299599578569224,0.4757644498967592
UCB1_0.05,1436,0.4744147529575506,0.4730295427922036,0.4757999631228976
UCB1_0.05,1437,0.47445479833101534,0.4730696588109513,0.47583993785107936
UCB1_0.05,1438,0.4744989576094514,0.4731155942865346,0.47588232093236815
UCB1_0.05,1439,0.47452916666666706,0.47314372083373646,0.47591461249959766
UCB1_0.05,1440,0.47456072172102715,0.4731751361894494,0.4759463072526049
UCB1_0.05,1441,0.4746213592233008,0.4732368204744843,0.4760058979721173
UCB1_0.05,1442,0.4746708246708246,0.47328772821070275,0.47605392113094647
UCB1_0.05,1443,0.47472714681440425,0.4733477323152713,0.47610656131353724
UCB1_0.05,1444,0.47478062283737027,0.47340246165501454,0.476158784019726
UCB1_0.05,1445,0.47485753803596065,0.4734788674872858,0.4762362085846355
UCB1_0.05,1446,0.47488735314443664,0.47350909839579347,0.4762656078930798
UCB1_0.05,1447,0.47492817679557975,0.4735493074470041,0.4763070461441554
UCB1_0.05,1448,0.4749827467218776,0.4736043076203555,0.47636118582339976
UCB1_0.05,1449,0.47501793103448275,0.4736415031800244,0.4763943588889411
UCB1_0.05,1450,0.4750668504479666,0.47369238643500167,0.4764413144609315
UCB1_0.05,1451,0.4751363636363632,0.47376196216969213,0.47651076510303425
UCB1_0.05,1452,0.47516035788024846,0.47378722369277065,0.47653349206772627
UCB1_0.05,1453,0.4752008253094906,0.47382694196540864,0.47657470865357254
UCB1_0.05,1454,0.47523161512027534,0.47385778380665083,0.47660544643389985
UCB1_0.05,1455,0.4752884615384615,0.47391531585212543,0.47666160722479756
UCB1_0.05,1456,0.4753397391901164,0.4739674071177139,0.4767120712625189
UCB1_0.05,1457,0.47539368998628223,0.4740194348689565,0.476767945103608
UCB1_0.05,1458,0.47545990404386484,0.4740816134047146,0.4768381946830151
UCB1_0.05,1459,0.4755479452054794,0.47416887635952565,0.4769270140514331
UCB1_0.05,1460,0.4756290212183432,0.47424980700506125,0.4770082354316252
UCB1_0.05,1461,0.47570998632010886,0.4743285478131525,0.47709142482706524
UCB1_0.05,1462,0.4757429938482578,0.4743621478963344,0.4771238398001812
UCB1_0.05,1463,0.4757745901639344,0.4743942592946288,0.47715492103324003
UCB1_0.05,1464,0.4758075085324242,0.4744279251184025,0.47718709194644593
UCB1_0.05,1465,0.47584993178717605,0.4744702736661625,0.4772295899081896
UCB1_0.05,1466,0.4759072937968649,0.47452632728324223,0.4772882603104876
UCB1_0.05,1467,0.47596730245231633,0.4745849566710827,0.47734964823355
UCB1_0.05,1468,0.4760381211708617,0.4746552239826093,0.4774210183591141
UCB1_0.05,1469,0.47609251700680255,0.4747087400681674,0.4774762939454377
UCB1_0.05,1470,0.4761291638341263,0.47474728279440587,0.4775110448738467
UCB1_0.05,1471,0.4761413043478267,0.4747581452712984,0.477524463424355
UCB1_0.05,1472,0.47618058384249834,0.4747952598788129,0.4775659078061838
UCB1_0.05,1473,0.4762116689280866,0.47482764664094984,0.47759569121522333
UCB1_0.05,1474,0.47625220338983026,0.4748684936213311,0.47763591315832943
UCB1_0.05,1475,0.4762710027100267,0.4748878647499668,0.4776541406700866
UCB1_0.05,1476,0.4763114421123902,0.47492746163905647,0.4776954225857239
UCB1_0.05,1477,0.4763410013531799,0.47495790997413373,0.4777240927322261
UCB1_0.05,1478,0.476362407031779,0.4749791137883281,0.47774570027522995
UCB1_0.05,1479,0.47640675675675653,0.47502339820151646,0.4777901153119966
UCB1_0.05,1480,0.476444294395679,0.47506227909341225,0.4778263096979457
UCB1_0.05,1481,0.476497975708502,0.4751161772814046,0.4778797741355994
UCB1_0.05,1482,0.4765219150370868,0.4751392702293496,0.477904559844824
UCB1_0.05,1483,0.47658221024258746,0.4752011328010211,0.4779632876841538
UCB1_0.05,1484,0.47660740740740815,0.4752243000362273,0.477990514778589
UCB1_0.05,1485,0.47662853297442825,0.47524517167408964,0.47801189427476687
UCB1_0.05,1486,0.4766523201075992,0.47526924782150703,0.4780353923936914
UCB1_0.05,1487,0.4766948924731182,0.47531145742459896,0.4780783275216374
UCB1_0.05,1488,0.4766971121558093,0.47531324999443136,0.4780809743171872
UCB1_0.05,1489,0.4767302013422819,0.47534562699682553,0.47811477568773825
UCB1_0.05,1490,0.4767833668678739,0.47539688817699327,0.4781698455587546
UCB1_0.05,1491,0.476833780160858,0.4754475877142885,0.47821997260742743
UCB1_0.05,1492,0.4768827863362353,0.4754971684843492,0.47826840418812144
UCB1_0.05,1493,0.4769290495314589,0.47554247831661933,0.4783156207462985
UCB1_0.05,1494,0.47694983277591957,0.47556234894484684,0.4783373166069923
UCB1_0.05,1495,0.4770013368983957,0.47561327944450443,0.47838939435228695
UCB1_0.05,1496,0.47705811623246397,0.4756702945945604,0.47844593787036754
UCB1_0.05,1497,0.4771041388518024,0.47571468139835177,0.47849359630525307
UCB1_0.05,1498,0.47715543695797197,0.4757660957676461,0.4785447781482978
UCB1_0.05,1499,0.4772026666666664,0.4758145288276959,0.47859080450563685
UCB1_0.05,1500,0.4772245169886738,0.47583665649857343,0.47861237747877416
UCB1_0.05,1501,0.47724766977363536,0.4758595376331627,0.47863580191410804
UCB1_0.05,1502,0.47729341317365276,0.4759066445589302,0.4786801817883753
UCB1_0.05,1503,0.47732978723404257,0.4759429278011176,0.47871664666696756
UCB1_0.05,1504,0.4773647840531562,0.4759777786754285,0.47875178943088387
UCB1_0.05,1505,0.47743293492695865,0.47604510292300284,0.47882076693091447
UCB1_0.05,1506,0.4774850696748508,0.4760947807974922,0.4788753585522095
UCB1_0.05,1507,0.47754509283819363,0.47615591371272636,0.4789342719636609
UCB1_0.05,1508,0.4775705765407553,0.47618303500974346,0.47895811807176714
UCB1_0.05,1509,0.4776013245033111,0.4762153789310182,0.47898727007560404
UCB1_0.05,1510,0.4776280608868303,0.4762445412695096,0.479011580504151
UCB1_0.05,1511,0.4776494708994706,0.4762673584160789,0.4790315833828622
UCB1_0.05,1512,0.47766556510244534,0.47628084589877007,0.4790502843061206
UCB1_0.05,1513,0.47768428005284025,0.47629853337185,0.4790700267338305
UCB1_0.05,1514,0.47773465346534666,0.4763485698506059,0.4791207370800874
UCB1_0.05,1515,0.4777585751978895,0.47637152053197396,0.47914562986380504
UCB1_0.05,1516,0.4777837837837841,0.4763974085076149,0.4791701590599533
UCB1_0.05,1517,0.47783267457180506,0.4764470892427011,0.479218259900909
UCB1_0.05,1518,0.47789466754443677,0.47650989268318306,0.4792794424056905
UCB1_0.05,1519,0.47791842105263194,0.47653380860023964,0.47930303350502423
UCB1_0.05,1520,0.47796844181459547,0.47658558169478354,0.4793513019344074
UCB1_0.05,1521,0.47801314060446787,0.4766304836553728,0.47939579755356293
UCB1_0.05,1522,0.4780840446487196,0.47670007973739614,0.4794680095600431
UCB1_0.05,1523,0.4781181102362231,0.47673477572037104,0.4795014447520751
UCB1_0.05,1524,0.4781403278688528,0.47675678239126196,0.47952387334644364
UCB1_0.05,1525,0.4781664482306693,0.4767826480977668,0.47955024836357174
UCB1_0.05,1526,0.47817943680419167,0.47679659694216564,0.4795622766662177
UCB1_0.05,1527,0.47822905759162265,0.47684633121635095,0.47961178396689436
UCB1_0.05,1528,0.4782432962720733,0.47686004986354663,0.47962654268059995
UCB1_0.05,1529,0.4782588235294112,0.47687455658856964,0.4796430904702527
UCB1_0.05,1530,0.47830568256041783,0.47692003064665445,0.4796913344741812
UCB1_0.05,1531,0.4783355091383813,0.4769500965916367,0.4797209216851259
UCB1_0.05,1532,0.4783613829093266,0.47697552782690894,0.4797472379917443
UCB1_0.05,1533,0.4784224250325949,0.4770345124059581,0.4798103376592317
UCB1_0.05,1534,0.4784807817589583,0.4770929408562085,0.4798686226617081
UCB1_0.05,1535,0.4785325520833329,0.4771421319386362,0.4799229722280296
UCB1_0.05,1536,0.4785829538061161,0.4771929435776238,0.4799729640346084
UCB1_0.05,1537,0.47862158647594316,0.4772315076609033,0.48001166529098305
UCB1_0.05,1538,0.478667966211827,0.47727739272467506,0.48005853969897894
UCB1_0.05,1539,0.4787246753246755,0.4773334508818534,0.4801158997674976
UCB1_0.05,1540,0.4787657365347174,0.4773726469962779,0.48015882607315685
UCB1_0.05,1541,0.4788015564202327,0.4774073787188637,0.4801957341216017
UCB1_0.05,1542,0.4788373298768638,0.47744533319886684,0.4802293265548607
UCB1_0.05,1543,0.47885621761657987,0.47746526364243036,0.4802471715907294
UCB1_0.05,1544,0.4789152103559876,0.4775228320052305,0.4803075887067447
UCB1_0.05,1545,0.4789443725743857,0.4775510984785189,0.4803376466702525
UCB1_0.05,1546,0.47897866839043296,0.4775849598386684,0.48037237694219753
UCB1_0.05,1547,0.47900000000000253,0.4776081120395385,0.48039188796046656
UCB1_0.05,1548,0.47901484828921925,0.47762340683510207,0.48040628974333643
UCB1_0.05,1549,0.47906580645161295,0.47767400812287714,0.48045760478034877
UCB1_0.05,1550,0.47912314635718917,0.47773041704543906,0.4805158756689393
UCB1_0.05,1551,0.4791365979381439,0.47774181370986657,0.4805313821664212
UCB1_0.05,1552,0.47917321313586636,0.47777837462919936,0.48056805164253336
UCB1_0.05,1553,0.47918790218790197,0.4777928303750821,0.48058297400072186
UCB1_0.05,1554,0.47922186495176855,0.4778262741476149,0.4806174557559222
UCB1_0.05,1555,0.47926606683804623,0.47787181593190253,0.48066031774418994
UCB1_0.05,1556,0.4793025048169559,0.47790704780737986,0.48069796182653196
UCB1_0.05,1557,0.47936970474967894,0.47797193254977727,0.4807674769495806
UCB1_0.05,1558,0.47942270686337357,0.4780269680311554,0.48081844569559173
UCB1_0.05,1559,0.47948974358974356,0.4780946359671768,0.48088485121231034
UCB1_0.05,1560,0.4795451633568226,0.4781509572610018,0.48093936945264343
UCB1_0.05,1561,0.47958642765685056,0.4781926387523006,0.4809802165614005
UCB1_0.05,1562,0.4796314779270632,0.478239175794347,0.48102378005977936
UCB1_0.05,1563,0.47967902813299246,0.4782887664736926,0.4810692897922923
UCB1_0.05,1564,0.4797214057507993,0.47833269113848265,0.48111012036311596
UCB1_0.05,1565,0.47975989782886336,0.47837083179847606,0.48114896385925066
UCB1_0.05,1566,0.47978940650925334,0.4784012974912786,0.4811775155272281
UCB1_0.05,1567,0.4798073979591836,0.4784189709006408,0.4811958250177264
UCB1_0.05,1568,0.4798521351179098,0.47846487732017395,0.48123939291564566
UCB1_0.05,1569,0.47990700636942635,0.47852122206485875,0.48129279067399394
UCB1_0.05,1570,0.47996435391470355,0.478578376015439,0.4813503318139681
UCB1_0.05,1571,0.4799923664122139,0.4786074678154018,0.48137726500902595
UCB1_0.05,1572,0.480048315321043,0.478663943285924,0.48143268735616196
UCB1_0.05,1573,0.48008005082592126,0.478694912759957,0.4814651888918855
UCB1_0.05,1574,0.48015238095238105,0.4787657817590515,0.4815389801457106
UCB1_0.05,1575,0.48020177664974606,0.47881468591850307,0.48158886738098905
UCB1_0.05,1576,0.48024857324032977,0.4788627564042496,0.48163439007640996
UCB1_0.05,1577,0.4803016476552599,0.4789151329239414,0.4816881623865784
UCB1_0.05,1578,0.48032678910702936,0.47894165511796327,0.48171192309609545
UCB1_0.05,1579,0.480384810126582,0.4790020083022739,0.48176761195089013
UCB1_0.05,1580,0.4804199873497782,0.47903536585098694,0.48180460884856946
UCB1_0.05,1581,0.4804690265486725,0.47908465850070303,0.481853394596642
UCB1_0.05,1582,0.4805243209096649,0.47913911689994093,0.4819095249193889
UCB1_0.05,1583,0.48058964646464614,0.47920591510283983,0.48197337782645244
UCB1_0.05,1584,0.48061198738170374,0.4792298742484249,0.4819941005149826
UCB1_0.05,1585,0.4806330390920555,0.47925353321636377,0.48201254496774726
UCB1_0.05,1586,0.4806616257088846,0.47928252071772787,0.48204073070004133
UCB1_0.05,1587,0.4807241813602002,0.47934529817524013,0.4821030645451602
UCB1_0.05,1588,0.4807803650094393,0.4794027252383211,0.48215800478055754
UCB1_0.05,1589,0.48083899371069183,0.47946244330315413,0.48221554411822953
UCB1_0.05,1590,0.4808962916404773,0.47951891188165235,0.4822736713993023
UCB1_0.05,1591,0.480937185929648,0.47955903040162184,0.4823153414576742
UCB1_0.05,1592,0.48099435028248594,0.4796149480982758,0.48237375246669606
UCB1_0.05,1593,0.4810552070263491,0.4796746353512681,0.48243577870143006
UCB1_0.05,1594,0.481105956112853,0.4797266353030866,0.4824852769226194
UCB1_0.05,1595,0.48116290726817024,0.47978281119138894,0.48254300334495154
UCB1_0.05,1596,0.4812172824045075,0.4798359007117253,0.4825986640972897
UCB1_0.05,1597,0.4812490613266583,0.4798675303729817,0.4826305922803349
UCB1_0.05,1598,0.4812695434646651,0.4798861653247543,0.4826529216045759
UCB1_0.05,1599,0.48130375000000003,0.47992067635384944,0.4826868236461506
UCB1_0.05,1600,0.481340412242348,0.47995634418034233,0.4827244803043537
UCB1_0.05,1601,0.48137702871410826,0.47999490904485553,0.482759148383361
UCB1_0.05,1602,0.48142358078602604,0.480041492532962,0.48280566903909006
UCB1_0.05,1603,0.4814538653366583,0.4800722837295329,0.48283544694378366
UCB1_0.05,1604,0.4815102803738316,0.48012958063885414,0.48289098010880904
UCB1_0.05,1605,0.4815554171855542,0.4801739534749113,0.48293688089619713
UCB1_0.05,1606,0.4815830740510266,0.4802016284865512,0.4829645196155021
UCB1_0.05,1607,0.4816355721393033,0.4802527248869041,0.4830184193917025
UCB1_0.05,1608,0.48167681789931477,0.4802933928391874,0.4830602429594421
UCB1_0.05,1609,0.4817217391304351,0.480338383953236,0.48310509430763415
UCB1_0.05,1610,0.4817517070142772,0.48036701644698215,0.4831363975815723
UCB1_0.05,1611,0.4817965260545907,0.48041250387588147,0.4831805482333
UCB1_0.05,1612,0.48180905145691233,0.48042608909994555,0.4831920138138791
UCB1_0.05,1613,0.48183023543990056,0.4804454525374536,0.48321501834234754
UCB1_0.05,1614,0.4818873065015479,0.4805036383214677,0.48327097468162805
UCB1_0.05,1615,0.4819269801980194,0.4805445039899459,0.48330945640609285
UCB1_0.05,1616,0.48196165739022867,0.4805787301766635,0.4833445846037938
UCB1_0.05,1617,0.48200494437577257,0.48062118689608385,0.4833887018554613
UCB1_0.05,1618,0.482024706609018,0.48063793420114587,0.4834114790168902
UCB1_0.05,1619,0.48204814814814845,0.48066149995120727,0.4834347963450896
UCB1_0.05,1620,0.48208019740900726,0.48069382502452057,0.48346656979349395
UCB1_0.05,1621,0.48211960542540117,0.4807325022352116,0.48350670861559075
UCB1_0.05,1622,0.4821737523105363,0.4807878460154371,0.48355965860563543
UCB1_0.05,1623,0.48221921182265975,0.48083380990502733,0.4836046137402922
UCB1_0.05,1624,0.48226707692307663,0.4808831177875425,0.48365103605861076
UCB1_0.05,1625,0.48230381303812986,0.4809185647886168,0.48368906128764294
UCB1_0.05,1626,0.4823564843269825,0.48097115019730785,0.4837418184566572
UCB1_0.05,1627,0.48240786240786254,0.48102054259257065,0.48379518222315443
UCB1_0.05,1628,0.4824493554327811,0.48106106016344086,0.48383765070212137
UCB1_0.05,1629,0.4824871165644173,0.48109904454992597,0.4838751885789086
UCB1_0.05,1630,0.48253218884120264,0.48114407317024294,0.48392030451216234
UCB1_0.05,1631,0.48256985294117627,0.48118151604765363,0.4839581898346989
UCB1_0.05,1632,0.4826111451316595,0.4812227534984484,0.48399953676487056
UCB1_0.05,1633,0.4826389228886167,0.4812502224933518,0.4840276232838816
UCB1_0.05,1634,0.4826862385321099,0.48129692061296964,0.48407555645125017
UCB1_0.05,1635,0.4827163814180918,0.4813261067294905,0.4841066561066931
UCB1_0.05,1636,0.4827733659132558,0.4813821612092653,0.4841645706172463
UCB1_0.05,1637,0.4828376068376065,0.4814459091702025,0.4842293045050105
UCB1_0.05,1638,0.482874923733984,0.4814823846150428,0.4842674628529252
UCB1_0.05,1639,0.4829207317073167,0.48153260801828146,0.48430885539635193
UCB1_0.05,1640,0.4829628275441799,0.48157470680832337,0.48435094828003644
UCB1_0.05,1641,0.4830012180267965,0.48161141739571267,0.48439101865788037
UCB1_0.05,1642,0.4830298234936093,0.4816421261164216,0.484417520870797
UCB1_0.05,1643,0.4830571776155716,0.48166973642386707,0.48444461880727613
UCB1_0.05,1644,0.4830869300911857,0.4817017470996161,0.4844721130827553
UCB1_0.05,1645,0.48313001215066825,0.4817449362043624,0.48451508809697413
UCB1_0.05,1646,0.4831621129326044,0.48177681221651497,0.48454741364869386
UCB1_0.05,1647,0.4831978155339807,0.48181481835931306,0.4845808127086484
UCB1_0.05,1648,0.4832456033959973,0.48186118767068137,0.48463001912131326
UCB1_0.05,1649,0.48329090909090866,0.48190788282704644,0.4846739353547709
UCB1_0.05,1650,0.48332162325863126,0.4819401525038525,0.48470309401341
UCB1_0.05,1651,0.48336924939467274,0.481990791981941,0.4847477068074045
UCB1_0.05,1652,0.48343617664851807,0.48205966999687483,0.4848126833001613
UCB1_0.05,1653,0.4834764207980654,0.4820992339594623,0.4848536076366685
UCB1_0.05,1654,0.48353474320241774,0.48215930123107564,0.48491018517375983
UCB1_0.05,1655,0.4835676328502418,0.48219388401745183,0.48494138168303175
UCB1_0.05,1656,0.48361013880507064,0.4822386596340923,0.484981617976049
UCB1_0.05,1657,0.4836622436670689,0.4822914739800667,0.48503301335407106
UCB1_0.05,1658,0.4836913803496087,0.4823208136929873,0.48506194700623007
UCB1_0.05,1659,0.48370963855421706,0.48233647379752576,0.48508280331090836
UCB1_0.05,1660,0.4837615894039736,0.48238799026568807,0.4851351885422592
UCB1_0.05,1661,0.483767749699158,0.48239155392465494,0.485143945473661
UCB1_0.05,1662,0.48381840048105784,0.4824416238808569,0.4851951770812588
UCB1_0.05,1663,0.4838870192307697,0.4825075234515532,0.48526651500998624
UCB1_0.05,1664,0.4839363363363367,0.4825572130933182,0.4853154595793552
UCB1_0.05,1665,0.483968787515006,0.48259087725632643,0.48534669777368555
UCB1_0.05,1666,0.4840143971205758,0.4826371652229048,0.48539162901824684
UCB1_0.05,1667,0.4840635491606715,0.48268850947564257,0.48543858884570046
UCB1_0.05,1668,0.4841138406231273,0.4827408093541108,0.4854868718921438
UCB1_0.05,1669,0.48413772455089826,0.48276570447043793,0.4855097446313586
UCB1_0.05,1670,0.48414482345900633,0.48277290473161905,0.4855167421863936
UCB1_0.05,1671,0.48419856459330196,0.48282543767069075,0.4855716915159132
UCB1_0.05,1672,0.48422355050806964,0.4828495825947778,0.4855975184213615
UCB1_0.05,1673,0.4842401433691757,0.48286505160200827,0.48561523513634314
UCB1_0.05,1674,0.4842758208955224,0.48289726420751444,0.48565437758353036
UCB1_0.05,1675,0.484315035799523,0.48293667982811334,0.4856933917709327
UCB1_0.05,1676,0.4843577817531304,0.48298092439040247,0.4857346391158583
UCB1_0.05,1677,0.4844171632896299,0.4830410172605566,0.48579330931870324
UCB1_0.05,1678,0.4844609886837404,0.48308519790612575,0.485836779461355
UCB1_0.05,1679,0.4844928571428571,0.4831181199965882,0.485867594289126
UCB1_0.05,1680,0.4845330160618683,0.4831568689807433,0.48590916314299337
UCB1_0.05,1681,0.48455410225921547,0.483177249096455,0.48593095542197595
UCB1_0.05,1682,0.48460368389780156,0.4832244776690494,0.4859828901265537
UCB1_0.05,1683,0.48460688836104493,0.48322742064067986,0.48598635608141
UCB1_0.05,1684,0.48463026706231416,0.48325087115381987,0.48600966297080844
UCB1_0.05,1685,0.48466310794780626,0.48328409585137416,0.48604212004423836
UCB1_0.05,1686,0.4846982809721398,0.4833184762351319,0.4860780857091477
UCB1_0.05,1687,0.4847381516587676,0.48335705189517736,0.48611925142235785
UCB1_0.05,1688,0.4847720544701008,0.483389640726565,0.4861544682136366
UCB1_0.05,1689,0.4848260355029586,0.4834431783625143,0.4862088926434029
UCB1_0.05,1690,0.48487167356593774,0.4834887636766348,0.4862545834552407
UCB1_0.05,1691,0.48490307328605176,0.48352076594351423,0.4862853806285893
UCB1_0.05,1692,0.4849427052569402,0.4835600873238902,0.4863253231899902
UCB1_0.05,1693,0.48496576151121656,0.4835821504535592,0.48634937256887395
UCB1_0.05,1694,0.48499351032448373,0.48360859436639025,0.4863784262825772
UCB1_0.05,1695,0.4850176886792452,0.48363347135119145,0.486401906007299
UCB1_0.05,1696,0.4850571596935767,0.48367186564331666,0.48644245374383677
UCB1_0.05,1697,0.48509422850412315,0.4837080848916177,0.4864803721166286
UCB1_0.05,1698,0.48511948204826366,0.4837346428227603,0.486504321273767
UCB1_0.05,1699,0.4851647058823532,0.483780283749054,0.4865491280156524
UCB1_0.05,1700,0.48521575543797774,0.4838300137779205,0.48660149709803496
UCB1_0.05,1701,0.48524911868390125,0.483863194986341,0.4866350423814615
UCB1_0.05,1702,0.48527422196124514,0.4838865567822334,0.4866618871402569
UCB1_0.05,1703,0.48533215962441306,0.4839431978235936,0.48672112142523255
UCB1_0.05,1704,0.4853700879765398,0.4839813868131595,0.4867587891399201
UCB1_0.05,1705,0.4854161781946075,0.4840267036356619,0.48680565275355303
UCB1_0.05,1706,0.48544346807264216,0.48405462362924717,0.48683231251603715
UCB1_0.05,1707,0.4855058548009368,0.48411670832994746,0.4868950012719261
UCB1_0.05,1708,0.4855354008191925,0.48414589137560454,0.48692491026278045
UCB1_0.05,1709,0.4855719298245615,0.48418151178939023,0.48696234785973275
UCB1_0.05,1710,0.48562945645821187,0.4842389280093465,0.48701998490707726
UCB1_0.05,1711,0.48565186915887854,0.4842618867928042,0.4870418515249529
UCB1_0.05,1712,0.4856941039112669,0.484305087794409,0.48708312002812476
UCB1_0.05,1713,0.4857491248541429,0.4843617437790228,0.487136505929263
UCB1_0.05,1714,0.4858029154518953,0.48441506747276747,0.48719076343102313
UCB1_0.05,1715,0.4858484848484844,0.48446250682094194,0.4872344628760269
UCB1_0.05,1716,0.48589400116482245,0.48450726435213587,0.48728073797750904
UCB1_0.05,1717,0.48594062863795084,0.48455447253870293,0.48732678473719876
UCB1_0.05,1718,0.4859662594531706,0.48458109372045954,0.4873514251858817
UCB1_0.05,1719,0.4859825581395352,0.48459763084067614,0.4873674854383943
UCB1_0.05,1720,0.48603137710633326,0.48464832300492194,0.4874144312077446
UCB1_0.05,1721,0.48606736353077806,0.48468356995393275,0.4874511571076234
UCB1_0.05,1722,0.4861265235055136,0.48474502188593643,0.4875080251250908
UCB1_0.05,1723,0.48617517401392235,0.4847941345302077,0.487556213497637
UCB1_0.05,1724,0.48620869565217467,0.4848282698462942,0.48758912145805516
UCB1_0.05,1725,0.4862444959443796,0.4848615943886355,0.4876273975001236
UCB1_0.05,1726,0.48625825130283684,0.4848763571303659,0.48764014547530776
UCB1_0.05,1727,0.4863148148148143,0.484933561754322,0.4876960678753066
UCB1_0.05,1728,0.48635511856564456,0.48497510896649604,0.4877351281647931
UCB1_0.05,1729,0.48638843930635844,0.4850109703009955,0.4877659083117214
UCB1_0.05,1730,0.48643212016175585,0.4850555457391064,0.4878086945844053
UCB1_0.05,1731,0.4864561200923788,0.4850823430642794,0.48782989712047825
UCB1_0.05,1732,0.48649624927870727,0.4851247779369201,0.48786772062049444
UCB1_0.05,1733,0.4865213379469437,0.4851515271594704,0.48789114873441697
UCB1_0.05,1734,0.4865521613832854,0.4851849625829635,0.48791936018360726
UCB1_0.05,1735,0.48658640552995336,0.48521831235125085,0.48795449870865587
UCB1_0.05,1736,0.4866125503742082,0.4852433451991983,0.4879817555492181
UCB1_0.05,1737,0.4866421173762947,0.48527398698994717,0.48801024776264224
UCB1_0.05,1738,0.4866797009775735,0.48531118325220535,0.4880482187029417
UCB1_0.05,1739,0.4867160919540228,0.48534877919680297,0.4880834047112427
UCB1_0.05,1740,0.4867811602527284,0.48541334282408954,0.4881489776813672
UCB1_0.05,1741,0.4868358208955227,0.4854678967036257,0.48820374508741965
UCB1_0.05,1742,0.4868846815834767,0.48551555013910946,0.48825381302784393
UCB1_0.05,1743,0.48692545871559606,0.4855542514720907,0.48829666595910143
UCB1_0.05,1744,0.486963896848138,0.4855907221981208,0.4883370714981552
UCB1_0.05,1745,0.487009163802978,0.4856351256763753,0.4883832019295807
UCB1_0.05,1746,0.48702575844304496,0.4856518846721069,0.488399632213983
UCB1_0.05,1747,0.48705263157894696,0.4856795234712891,0.4884257396866048
UCB1_0.05,1748,0.48708976558033207,0.4857171372221231,0.488462393938541
UCB1_0.05,1749,0.48713828571428547,0.48576578921231084,0.4885107822162601
UCB1_0.05,1750,0.4871890348372357,0.4858155500475936,0.4885625196268778
UCB1_0.05,1751,0.487216894977169,0.48584435876626814,0.4885894311880699
UCB1_0.05,1752,0.48724700513405667,0.4858755257864092,0.48861848448170414
UCB1_0.05,1753,0.487293044469784,0.4859209878129125,0.4886651011266555
UCB1_0.05,1754,0.4873287749287749,0.48595682918040917,0.48870072067714065
UCB1_0.05,1755,0.48733826879271086,0.48596817368972545,0.4887083638956963
UCB1_0.05,1756,0.4873784860557772,0.4860091928003734,0.488747779311181
UCB1_0.05,1757,0.48740500568828254,0.48603466248482263,0.48877534889174246
UCB1_0.05,1758,0.4874303581580442,0.48605949376030216,0.48880122255578623
UCB1_0.05,1759,0.4874738636363639,0.48610218456930615,0.4888455427034217
UCB1_0.05,1760,0.4874968767745606,0.48612634084944684,0.4888674126996744
UCB1_0.05,1761,0.4875402951191825,0.48617050968092934,0.4889100805574357
UCB1_0.05,1762,0.48758252977878697,0.4862135661266721,0.48895149343090183
UCB1_0.05,1763,0.487628117913834,0.4862585181481552,0.4889977176795128
UCB1_0.05,1764,0.48766572237960304,0.4862958662201893,0.4890355785390168
UCB1_0.05,1765,0.4877021517553792,0.4863345420951451,0.48906976141561326
UCB1_0.05,1766,0.48774419920769696,0.4863776150233622,0.48911078339203173
UCB1_0.05,1767,0.4877703619909499,0.48640399957170216,0.4891367244101977
UCB1_0.05,1768,0.4877964951950253,0.48643127169778155,0.4891617186922691
UCB1_0.05,1769,0.48784406779661,0.48648074575003475,0.48920738984318524
UCB1_0.05,1770,0.48790965556182964,0.4865458334297596,0.48927347769389967
UCB1_0.05,1771,0.4879616252821673,0.4865976471894846,0.48932560337485
UCB1_0.05,1772,0.4880056401579247,0.48664161467691863,0.48936966563893075
UCB1_0.05,1773,0.48806426155580623,0.4867001829408212,0.4894283401707913
UCB1_0.05,1774,0.48811267605633735,0.4867481438613475,0.4894772082513272
UCB1_0.05,1775,0.48816779279279293,0.48680385549849986,0.489531730087086
UCB1_0.05,1776,0.48819583567810915,0.4868324123320028,0.4895592590242155
UCB1_0.05,1777,0.4882204724409465,0.4868555486272184,0.4895853962546746
UCB1_0.05,1778,0.48826306913996637,0.48689759834069835,0.4896285399392344
UCB1_0.05,1779,0.4882988764044929,0.4869363904770827,0.48966136233190305
UCB1_0.05,1780,0.48833127456485154,0.4869700670124323,0.4896924821172708
UCB1_0.05,1781,0.4883995510662182,0.4870380760264272,0.4897610261060092
UCB1_0.05,1782,0.4884531688166013,0.48709303424572753,0.48981330338747503
UCB1_0.05,1783,0.4885056053811662,0.4871476773708964,0.489863533391436
UCB1_0.05,1784,0.4885422969187676,0.4871861806958017,0.4898984131417335
UCB1_0.05,1785,0.48857446808510624,0.48721934671457695,0.48992958945563553
UCB1_0.05,1786,0.4886088416340242,0.4872540816078905,0.48996360166015784
UCB1_0.05,1787,0.4886286353467559,0.48727414000261543,0.48998313069089633
UCB1_0.05,1788,0.48869759642258215,0.4873433822409768,0.4900518106041875
UCB1_0.05,1789,0.48875977653631286,0.4874047823998233,0.4901147706728024
UCB1_0.05,1790,0.4887872696817421,0.4874294094345035,0.4901451299289806
UCB1_0.05,1791,0.4888136160714282,0.48745561238661106,0.49017161975624535
UCB1_0.05,1792,0.48885108756274476,0.48749405123328765,0.49020812389220186
UCB1_0.05,1793,0.4888628762541801,0.48750669009754444,0.4902190624108158
UCB1_0.05,1794,0.48891476323119765,0.48756000264679716,0.49026952381559813
UCB1_0.05,1795,0.48894988864142513,0.4875945586315189,0.49030521865133136
UCB1_0.05,1796,0.4889760712298279,0.4876209186195122,0.4903312238401436
UCB1_0.05,1797,0.489022246941045,0.4876700446114709,0.49037444927061913
UCB1_0.05,1798,0.48904502501389613,0.48769463137295976,0.4903954186548325
UCB1_0.05,1799,0.4890844444444448,0.4877344600825802,0.49043442880630944
UCB1_0.05,1800,0.4890927262631871,0.48774371387604937,0.49044173865032487
UCB1_0.05,1801,0.48913318534961153,0.4877844890649773,0.4904818816342458
UCB1_0.05,1802,0.4891813643926788,0.48783283412458045,0.4905298946607771
UCB1_0.05,1803,0.4892084257206208,0.48785934564212363,0.49055750579911794
UCB1_0.05,1804,0.489259833795014,0.4879093192445732,0.49061034834545475
UCB1_0.05,1805,0.48930011074197266,0.48794920254336144,0.4906510189405839
UCB1_0.05,1806,0.4893657996679583,0.4880135937152027,0.4907180056207139
UCB1_0.05,1807,0.4894081858407086,0.4880567032565583,0.4907596684248589
UCB1_0.05,1808,0.4894449972360417,0.4880922484289514,0.490797746043132
UCB1_0.05,1809,0.4894784530386742,0.488126530779851,0.4908303752974974
UCB1_0.05,1810,0.48952622860298184,0.4881743139278049,0.49087814327815876
UCB1_0.05,1811,0.4895562913907283,0.4882045144888803,0.4909080682925763
UCB1_0.05,1812,0.4895896304467727,0.48823783666207954,0.4909414242314658
UCB1_0.05,1813,0.4896416758544651,0.48828898683348537,0.49099436487544484
UCB1_0.05,1814,0.4896760330578512,0.4883214993400216,0.49103056677568074
UCB1_0.05,1815,0.4896960352422907,0.48834389371734405,0.4910481767672374
UCB1_0.05,1816,0.48972922399559693,0.4883779830591591,0.4910804649320348
UCB1_0.05,1817,0.4897821782178214,0.48843115590789116,0.4911332005277516
UCB1_0.05,1818,0.48980428807036863,0.4884546085701493,0.491153967570588
UCB1_0.05,1819,0.4898472527472524,0.4884971285438376,0.4911973769506672
UCB1_0.05,1820,0.4898934651290498,0.48854199073801285,0.49124493952008674
UCB1_0.05,1821,0.4899154774972561,0.48856285815172107,0.49126809684279116
UCB1_0.05,1822,0.4899572133845311,0.48860392732862207,0.4913104994404401
UCB1_0.05,1823,0.4899912280701752,0.4886362880406078,0.4913461680997426
UCB1_0.05,1824,0.4900153424657535,0.48866073335766924,0.4913699515738378
UCB1_0.05,1825,0.49007886089813774,0.488722841533867,0.49143488026240845
UCB1_0.05,1826,0.49010399562123697,0.4887476866763742,0.49146030456609974
UCB1_0.05,1827,0.49013676148796564,0.48878054755075356,0.4914929754251777
UCB1_0.05,1828,0.49017167851284793,0.4888150992748136,0.49152825775088227
UCB1_0.05,1829,0.490198907103825,0.48884251443907306,0.491555299768577
UCB1_0.05,1830,0.4902424904423809,0.48888811286109135,0.4915968680236704
UCB1_0.05,1831,0.4902816593886467,0.4889260555242139,0.4916372632530795
UCB1_0.05,1832,0.49031096563011434,0.488956190266105,0.4916657409941237
UCB1_0.05,1833,0.49035332606324983,0.4890001173127553,0.4917065348137444
UCB1_0.05,1834,0.4903618528610355,0.4890093120193667,0.4917143937027043
UCB1_0.05,1835,0.49041394335511995,0.48906167585052224,0.49176621085971767
UCB1_0.05,1836,0.4904507348938486,0.48909813356282694,0.49180333622487027
UCB1_0.05,1837,0.4904842219804136,0.4891313440993996,0.49183709986142754
UCB1_0.05,1838,0.4905067971723761,0.48915420186928454,0.49185939247546767
UCB1_0.05,1839,0.49052934782608626,0.48917517483643047,0.49188352081574205
UCB1_0.05,1840,0.49059098316132543,0.4892359105694513,0.49194605575319955
UCB1_0.05,1841,0.4906536373507057,0.48929686076256623,0.4920104139388452
UCB1_0.05,1842,0.49069777536625037,0.4893407358759258,0.49205481485657493
UCB1_0.05,1843,0.490732104121475,0.4893758968444235,0.4920883113985265
UCB1_0.05,1844,0.49075555555555556,0.48940035287103634,0.4921107582400748
UCB1_0.05,1845,0.49077248104008675,0.4894168371169264,0.4921281249632471
UCB1_0.05,1846,0.4907991337303736,0.4894427313010851,0.49215553615966207
UCB1_0.05,1847,0.49084848484848476,0.489492212678767,0.4922047570182025
UCB1_0.05,1848,0.49087398593834497,0.48951548204670686,0.4922324898299831
UCB1_0.05,1849,0.49090594594594567,0.4895470743814986,0.49226481751039275
UCB1_0.05,1850,0.49093679092382486,0.4895776224916121,0.49229595935603765
UCB1_0.05,1851,0.49098056155507563,0.4896211751567299,0.49233994795342134
UCB1_0.05,1852,0.491024284943335,0.4896642085721317,0.4923843613145383
UCB1_0.05,1853,0.4910517799352748,0.4896889689040054,0.4924145909665443
UCB1_0.05,1854,0.4910738544474394,0.48970981110925177,0.492437897785627
UCB1_0.05,1855,0.4910959051724142,0.489731214967946,0.49246059537688236
UCB1_0.05,1856,0.49113085621970937,0.4897670942408347,0.49249461819858403
UCB1_0.05,1857,0.4911700753498382,0.48980800969204347,0.49253214100763293
UCB1_0.05,1858,0.49118343195266284,0.4898219412950569,0.4925449226102688
UCB1_0.05,1859,0.49120645161290316,0.4898454906940418,0.4925674125317645
UCB1_0.05,1860,0.4912487909725956,0.4898886733566803,0.4926089085885109
UCB1_0.05,1861,0.49127067669172897,0.48991142570862933,0.4926299276748286
UCB1_0.05,1862,0.49129361245303327,0.4899332472235341,0.49265397768253244
UCB1_0.05,1863,0.4913454935622324,0.48998630068698407,0.4927046864374807
UCB1_0.05,1864,0.4914112600536194,0.4900520865040721,0.4927704336031667
UCB1_0.05,1865,0.49145444801714877,0.4900946547313165,0.492814241302981
UCB1_0.05,1866,0.49149330476700615,0.4901324298385151,0.49285417969549716
UCB1_0.05,1867,0.4915556745182013,0.49019437461216014,0.4929169744242425
UCB1_0.05,1868,0.49160620652755527,0.4902439499878553,0.4929684630672552
UCB1_0.05,1869,0.49165561497326193,0.4902950942306485,0.4930161357158754
UCB1_0.05,1870,0.49169321218599676,0.49033235721936036,0.49305406715263317
UCB1_0.05,1871,0.49171260683760654,0.49035187361555943,0.49307334005965364
UCB1_0.05,1872,0.4917437266417511,0.49038277717919954,0.49310467610430264
UCB1_0.05,1873,0.49177694770544195,0.4904147217387899,0.493139173672094
UCB1_0.05,1874,0.4918026666666666,0.4904421750895804,0.49316315824375284
UCB1_0.05,1875,0.49182729211087434,0.49046700407215055,0.4931875801495981
UCB1_0.05,1876,0.4918668087373468,0.49050689711130047,0.4932267203633931
UCB1_0.05,1877,0.4919030883919064,0.4905448099270831,0.49326136685672967
UCB1_0.05,1878,0.4919329430548166,0.49057425277581457,0.49329163333381865
UCB1_0.05,1879,0.49196382978723374,0.490605635027114,0.49332202454735347
UCB1_0.05,1880,0.4920010632642243,0.490642895451325,0.49335923107712365
UCB1_0.05,1881,0.49202231668437885,0.4906652821722525,0.49337935119650517
UCB1_0.05,1882,0.4920785979819437,0.49072082404448114,0.49343637191940626
UCB1_0.05,1883,0.49213269639065804,0.49077562126611274,0.49348977151520335
UCB1_0.05,1884,0.4921771883289114,0.4908196171239648,0.49353475953385795
UCB1_0.05,1885,0.4922248144220578,0.4908673748599568,0.4935822539841588
UCB1_0.05,1886,0.492256491785903,0.49089824868665266,0.4936147348851534
UCB1_0.05,1887,0.4922860169491525,0.49092722549605394,0.4936448084022511
UCB1_0.05,1888,0.49233033350979327,0.4909711387099241,0.49368952830966245
UCB1_0.05,1889,0.4923566137566137,0.49099662288462353,0.4937166046286039
UCB1_0.05,1890,0.4923807509254366,0.49101866249897863,0.49374283935189456
UCB1_0.05,1891,0.4924143763213535,0.49105271988490745,0.4937760327577995
UCB1_0.05,1892,0.49243106180665536,0.49106843795005567,0.49379368566325504
UCB1_0.05,1893,0.49245934530095037,0.4910971509204992,0.4938215396814015
UCB1_0.05,1894,0.4925034300791559,0.49114167971726785,0.493865180441044
UCB1_0.05,1895,0.492534810126582,0.4911712762828173,0.4938983439703467
UCB1_0.05,1896,0.4925756457564572,0.4912125350915684,0.49393875642134594
UCB1_0.05,1897,0.4926016859852475,0.49123917955401436,0.49396419241648065
UCB1_0.05,1898,0.4926382306477094,0.4912758450535302,0.49400061624188857
UCB1_0.05,1899,0.49267473684210533,0.4913116300156535,0.4940378436685572
UCB1_0.05,1900,0.4927143608627043,0.49135151126605514,0.4940772104593535
UCB1_0.05,1901,0.49276025236593046,0.4913976525619217,0.49412285216993923
UCB1_0.05,1902,0.49280399369416733,0.4914400079292271,0.49416797945910756
UCB1_0.05,1903,0.4928256302521005,0.4914618032799528,0.49418945722424823
UCB1_0.05,1904,0.4928650918635172,0.4915016515897321,0.4942285321373023
UCB1_0.05,1905,0.4929045120671559,0.49154159284829985,0.49426743128601197
UCB1_0.05,1906,0.49292920818038793,0.4915681772268353,0.49429023913394055
UCB1_0.05,1907,0.4929549266247378,0.4915937955016123,0.49431605774786325
UCB1_0.05,1908,0.4929732844421162,0.4916117239390017,0.49433484494523067
UCB1_0.05,1909,0.49299895287958134,0.4916369310568973,0.49436097470226537
UCB1_0.05,1910,0.493022501308215,0.4916626604167083,0.4943823421997217
UCB1_0.05,1911,0.49304916317991637,0.4916880954059556,0.49441023095387715
UCB1_0.05,1912,0.4930831155253525,0.49172351852819823,0.49444271252250677
UCB1_0.05,1913,0.4931222570532916,0.4917624761102676,0.4944820379963156
UCB1_0.05,1914,0.4931373368146213,0.4917773172865864,0.4944973563426562
UCB1_0.05,1915,0.4931607515657622,0.4917996754922056,0.49452182763931885
UCB1_0.05,1916,0.4931956181533645,0.4918343354335072,0.4945569008732218
UCB1_0.05,1917,0.4932241918665279,0.49186149184207545,0.4945868918909803
UCB1_0.05,1918,0.49324439812402293,0.4918816925684219,0.49460710367962396
UCB1_0.05,1919,0.4932760416666669,0.4919141706747399,0.49463791265859386
UCB1_0.05,1920,0.4933128578865177,0.4919498606442372,0.4946758551287982
UCB1_0.05,1921,0.4933506763787723,0.49198660775698716,0.4947147450005574
UCB1_0.05,1922,0.4933978159126364,0.4920325812381199,0.49476305058715286
UCB1_0.05,1923,0.4934272349272349,0.49206225031232104,0.49479221954214875
UCB1_0.05,1924,0.493471168831169,0.4921079667813953,0.4948343708809427
UCB1_0.05,1925,0.4935306334371754,0.49216781551126376,0.49489345136308704
UCB1_0.05,1926,0.49358069538142196,0.49221786287355246,0.49494352788929147
UCB1_0.05,1927,0.4936058091286307,0.49224221297438153,0.4949694052828799
UCB1_0.05,1928,0.4936433385173665,0.4922784219331271,0.49500825510160595
UCB1_0.05,1929,0.49368808290155414,0.4923223960403756,0.4950537697627327
UCB1_0.05,1930,0.4937369238736407,0.49237154174869724,0.4951023059985842
UCB1_0.05,1931,0.4937712215320913,0.492406455689875,0.4951359873743076
UCB1_0.05,1932,0.4938034143817901,0.49243890703900356,0.49516792172457663
UCB1_0.05,1933,0.4938500517063083,0.4924866565033263,0.4952134469092903
UCB1_0.05,1934,0.49390077519379844,0.49253704987033453,0.49526450051726234
UCB1_0.05,1935,0.49394421487603296,0.4925795606281741,0.4953088691238918
UCB1_0.05,1936,0.4939845121321634,0.49262045629584156,0.4953485679684852
UCB1_0.05,1937,0.4940196078431375,0.49265521208752344,0.4953840035987515
UCB1_0.05,1938,0.4940567302733367,0.49269235249884236,0.495421108047831
UCB1_0.05,1939,0.49409072164948403,0.49272647331509783,0.49545496998387023
UCB1_0.05,1940,0.494130860381246,0.4927666080167081,0.4954951127457839
UCB1_0.05,1941,0.49416168898043256,0.4927979748808734,0.4955254030799917
UCB1_0.05,1942,0.4941976325270201,0.49283430975245773,0.49556095530158245
UCB1_0.05,1943,0.4942376543209877,0.49287603316911677,0.49559927547285865
UCB1_0.05,1944,0.4942899742930591,0.49292778158770745,0.49565216699841075
UCB1_0.05,1945,0.49433401849948594,0.4929730406148835,0.49569499638408837
UCB1_0.05,1946,0.494391371340524,0.4930324739635435,0.49575026871750455
UCB1_0.05,1947,0.4944353182751537,0.49307888611100853,0.49579175043929885
UCB1_0.05,1948,0.49448127244740936,0.4931262389846448,0.4958363059101739
UCB1_0.05,1949,0.49451282051282014,0.4931585510534661,0.49586708997217416
UCB1_0.05,1950,0.4945381855458738,0.49318389194935247,0.49589247914239515
UCB1_0.05,1951,0.49456659836065575,0.4932106995003057,0.4959224972210058
UCB1_0.05,1952,0.49458883768561157,0.4932318465691882,0.4959458288020349
UCB1_0.05,1953,0.49463868986693954,0.4932819933341371,0.495995386399742
UCB1_0.05,1954,0.49467109974424567,0.49331420482293503,0.4960279946655563
UCB1_0.05,1955,0.4947208588957055,0.49336308849105037,0.4960786293003606
UCB1_0.05,1956,0.49473684210526325,0.4933793239602978,0.4960943602502287
UCB1_0.05,1957,0.4947865168539328,0.49342883335336785,0.4961442003544978
UCB1_0.05,1958,0.494802450229709,0.4934453650662963,0.49615953539312163
UCB1_0.05,1959,0.4948397959183668,0.49348319622300085,0.49619639561373274
UCB1_0.05,1960,0.4948924018357982,0.4935361922164699,0.4962486114551265
UCB1_0.05,1961,0.4949408766564732,0.49358589337392356,0.4962958599390228
UCB1_0.05,1962,0.494981151299032,0.49362679663559866,0.4963355059624653
UCB1_0.05,1963,0.4950203665987779,0.4936654669008446,0.4963752662967112
UCB1_0.05,1964,0.4950666666666667,0.4937117994300944,0.496421533903239
UCB1_0.05,1965,0.49511495422177,0.49376056227474147,0.4964693461687985
UCB1_0.05,1966,0.49515404168784966,0.4938011294729081,0.4965069539027912
UCB1_0.05,1967,0.4952063008130088,0.49385622197147117,0.49655637965454646
UCB1_0.05,1968,0.49524022346368757,0.49389063754778634,0.4965898093795888
UCB1_0.05,1969,0.4952649746192895,0.49391600553755116,0.4966139437010278
UCB1_0.05,1970,0.49530289193302934,0.49395511368452516,0.4966506701815335
UCB1_0.05,1971,0.4953306288032456,0.49398181472030916,0.496679442886182
UCB1_0.05,1972,0.4953654333502278,0.4940166278722907,0.4967142388281649
UCB1_0.05,1973,0.49541641337385983,0.49406856347671535,0.4967642632710043
UCB1_0.05,1974,0.49545316455696226,0.4941056338995278,0.49680069521439674
UCB1_0.05,1975,0.4954979757085019,0.4941506033208447,0.4968453480961591
UCB1_0.05,1976,0.49552959028831606,0.49418407107122725,0.49687510950540487
UCB1_0.05,1977,0.4955611729019215,0.49421458817369135,0.4969077576301516
UCB1_0.05,1978,0.49557958564931753,0.4942342109746439,0.4969249603239912
UCB1_0.05,1979,0.4956262626262628,0.4942811250901333,0.49697140016239233
UCB1_0.05,1980,0.4956537102473496,0.49430783602150774,0.4969995844731915
UCB1_0.05,1981,0.4956952573158424,0.4943492006240399,0.4970413140076449
UCB1_0.05,1982,0.4957286938981338,0.4943834410670199,0.49707394672924765
UCB1_0.05,1983,0.49576411290322586,0.4944203444424042,0.49710788136404754
UCB1_0.05,1984,0.49578035264483644,0.4944373281814855,0.4971233771081874
UCB1_0.05,1985,0.49582175226586184,0.49448018324494214,0.49716332128678153
UCB1_0.05,1986,0.4958520382486159,0.4945103519263898,0.497193724570842
UCB1_0.05,1987,0.4958792756539236,0.4945372509094101,0.4972213003984371
UCB1_0.05,1988,0.49592659627953756,0.4945854171269695,0.4972677754321056
UCB1_0.05,1989,0.4959638190954772,0.49462381912716924,0.4973038190637852
UCB1_0.05,1990,0.49598694123555986,0.49464717723271356,0.49732670523840616
UCB1_0.05,1991,0.49603112449799125,0.49469141074076384,0.49737083825521866
UCB1_0.05,1992,0.49606623181133974,0.4947270692364936,0.49740539438618586
UCB1_0.1,0,0.216,0.1798930582396326,0.2521069417603674
UCB1_0.1,1,0.164,0.14340331337812803,0.18459668662187198
UCB1_0.1,2,0.354000000000001,0.3423687234966543,0.36563127650334765
UCB1_0.1,3,0.33,0.3196740341302963,0.3403259658697037
UCB1_0.1,4,0.3040000000000013,0.29475417806539256,0.3132458219346101
UCB1_0.1,5,0.3556666666666674,0.34912607083678754,0.3622072624965473
UCB1_0.1,6,0.3499999999999989,0.34346880462502716,0.3565311953749707
UCB1_0.1,7,0.345,0.3387725058517303,0.35122749414826965
UCB1_0.1,8,0.358222222222224,0.353271996983495,0.363172447460953
UCB1_0.1,9,0.36320000000000274,0.35835767830573445,0.36804232169427104
UCB1_0.1,10,0.36581818181818393,0.36122614786368384,0.370410215772684
UCB1_0.1,11,0.3631666666666672,0.3591762968408066,0.3671570364925278
UCB1_0.1,12,0.36707692307692513,0.36318788717162226,0.370965958982228
UCB1_0.1,13,0.3728571428571433,0.36911983702140816,0.3765944486928784
UCB1_0.1,14,0.3721333333333359,0.3686271982623425,0.3756394684043293
UCB1_0.1,15,0.375,0.37170968811438654,0.37829031188561346
UCB1_0.1,16,0.37611764705882145,0.37282588729913424,0.37940940681850865
UCB1_0.1,17,0.3779999999999995,0.3747315735460774,0.3812684264539216
UCB1_0.1,18,0.37863157894737093,0.3755950532512963,0.3816681046434456
UCB1_0.1,19,0.37950000000000006,0.37650551488863876,0.38249448511136136
UCB1_0.1,20,0.3825714285714274,0.37967416100682383,0.38546869613603096
UCB1_0.1,21,0.382454545454546,0.3796610455547802,0.3852480453543118
UCB1_0.1,22,0.3835652173913071,0.3807976306018859,0.38633280418072835
UCB1_0.1,23,0.38599999999999945,0.3833578575254281,0.3886421424745708
UCB1_0.1,24,0.38760000000000266,0.38494121082299454,0.3902587891770108
UCB1_0.1,25,0.38823076923077005,0.3856142198623672,0.3908473185991729
UCB1_0.1,26,0.3880740740740768,0.385587442647769,0.3905607055003846
UCB1_0.1,27,0.3897142857142847,0.3871834916418097,0.39224507978675965
UCB1_0.1,28,0.3900689655172417,0.3875764799789075,0.3925614510555759
UCB1_0.1,29,0.39120000000000216,0.3887559684455526,0.3936440315544517
UCB1_0.1,30,0.39148387096773934,0.389007487837109,0.3939602540983697
UCB1_0.1,31,0.3933125,0.3908930640164582,0.39573193598354184
UCB1_0.1,32,0.3933333333333361,0.39097969855731785,0.39568696810935433
UCB1_0.1,33,0.39341176470587885,0.39112877758002046,0.39569475183173725
UCB1_0.1,34,0.3942285714285714,0.3918277004042657,0.39662944245287707
UCB1_0.1,35,0.3954444444444439,0.39309617239619055,0.3977927164926972
UCB1_0.1,36,0.39535135135135213,0.3930797372119162,0.39762296549078807
UCB1_0.1,37,0.3961578947368422,0.3939203361135684,0.398395453360116
UCB1_0.1,38,0.39758974358974375,0.3953422491340436,0.3998372380454439
UCB1_0.1,39,0.39865000000000134,0.39642262761454644,0.40087737238545623
UCB1_0.1,40,0.399365853658535,0.3972022697898391,0.4015294375272309
UCB1_0.1,41,0.3998095238095215,0.3976742194428408,0.4019448281762022
UCB1_0.1,42,0.400093023255813,0.39800972614647034,0.4021763203651556
UCB1_0.1,43,0.40177272727272667,0.3996339690003993,0.403911485545054
UCB1_0.1,44,0.4016000000000002,0.39947227441704497,0.4037277255829554
UCB1_0.1,45,0.402478260869568,0.4003629903460778,0.4045935313930582
UCB1_0.1,46,0.40302127659574355,0.400967208993775,0.4050753441977121
UCB1_0.1,47,0.403666666666667,0.4016289939532902,0.4057043393800438
UCB1_0.1,48,0.4042448979591829,0.4022228662025456,0.4062669297158202
UCB1_0.1,49,0.4044000000000001,0.40233883676634985,0.40646116323365034
UCB1_0.1,50,0.4051764705882361,0.40317966315221637,0.4071732780242558
UCB1_0.1,51,0.4059615384615397,0.40392978279419944,0.40799329412887997
UCB1_0.1,52,0.4062264150943384,0.40419001201735943,0.4082628181713173
UCB1_0.1,53,0.4074074074074078,0.4053701856321501,0.40944462918266544
UCB1_0.1,54,0.4077818181818184,0.40576843742325963,0.4097951989403772
UCB1_0.1,55,0.4082499999999993,0.406271244546111,0.41022875545388754
UCB1_0.1,56,0.40898245614035417,0.4070047615285958,0.4109601507521125
UCB1_0.1,57,0.40910344827586376,0.4070862637062851,0.4111206328454424
UCB1_0.1,58,0.4093898305084752,0.4074586665543883,0.41132099446256215
UCB1_0.1,59,0.4103666666666669,0.4083899810209301,0.41234335231240365
UCB1_0.1,60,0.41068852459016303,0.40873036376553806,0.412646685414788
UCB1_0.1,61,0.41077419354838635,0.408784368893845,0.4127640182029277
UCB1_0.1,62,0.41184126984126884,0.4098662095639513,0.4138163301185864
UCB1_0.1,63,0.4125625,0.4105963340661432,0.4145286659338568
UCB1_0.1,64,0.412892307692309,0.4109325489565207,0.4148520664280973
UCB1_0.1,65,0.4133636363636368,0.41136575542717674,0.4153615173000969
UCB1_0.1,66,0.4140895522388047,0.4120989678267145,0.41608013665089494
UCB1_0.1,67,0.4143529411764705,0.4123635798580271,0.4163423024949139
UCB1_0.1,68,0.4145217391304377,0.4125306937446976,0.41651278451617785
UCB1_0.1,69,0.4147142857142846,0.4127997016696085,0.4166288697589607
UCB1_0.1,70,0.41569014084507067,0.41376697407681573,0.4176133076133256
UCB1_0.1,71,0.41586111111110946,0.4139209799030132,0.41780124231920573
UCB1_0.1,72,0.41624657534246223,0.414281483997943,0.41821166668698145
UCB1_0.1,73,0.4167837837837835,0.4147937049651068,0.4187738626024602
UCB1_0.1,74,0.4175466666666664,0.41559742570170394,0.41949590763162886
UCB1_0.1,75,0.41771052631578964,0.4157575909632047,0.4196634616683746
UCB1_0.1,76,0.4181558441558447,0.41621976494870944,0.42009192336298
UCB1_0.1,77,0.4186410256410247,0.416719372620532,0.42056267866151736
UCB1_0.1,78,0.4187088607594938,0.41681100201086496,0.4206067195081227
UCB1_0.1,79,0.41969999999999946,0.4178309071912134,0.4215690928087855
UCB1_0.1,80,0.4204691358024697,0.41861347796557086,0.42232479363936853
UCB1_0.1,81,0.42036585365853574,0.41851094977532466,0.4222207575417468
UCB1_0.1,82,0.42060240963855416,0.41873338405374844,0.4224714352233599
UCB1_0.1,83,0.4208571428571422,0.4190227580005019,0.4226915277137825
UCB1_0.1,84,0.42112941176470664,0.4192775617766538,0.42298126175275946
UCB1_0.1,85,0.42174418604651087,0.4198916212504411,0.42359675084258064
UCB1_0.1,86,0.4221379310344834,0.4203285005310076,0.42394736153795914
UCB1_0.1,87,0.42238636363636306,0.4205880235165291,0.42418470375619705
UCB1_0.1,88,0.4229213483146097,0.42110500767027154,0.42473768895894787
UCB1_0.1,89,0.4237333333333327,0.42189970310923935,0.425566963557426
UCB1_0.1,90,0.42406593406593407,0.42221480721470395,0.4259170609171642
UCB1_0.1,91,0.4246739130434783,0.4228590735130135,0.4264887525739431
UCB1_0.1,92,0.42496774193548353,0.42317132242563615,0.4267641614453309
UCB1_0.1,93,0.42574468085106243,0.4239070959295185,0.4275822657726064
UCB1_0.1,94,0.42568421052631605,0.4238485062080136,0.4275199148446185
UCB1_0.1,95,0.4261041666666672,0.4242768637426508,0.42793146959068357
UCB1_0.1,96,0.42626804123711404,0.424456472718783,0.42807960975544507
UCB1_0.1,97,0.4267551020408161,0.4249276086032003,0.42858259547843197
UCB1_0.1,98,0.42733333333333734,0.4255195190690208,0.4291471475976539
UCB1_0.1,99,0.4279399999999993,0.4261291254195902,0.42975087458040845
UCB1_0.1,100,0.4279405940594056,0.42612731748871746,0.42975387063009374
UCB1_0.1,101,0.42831372549019475,0.4264859705815493,0.4301414803988402
UCB1_0.1,102,0.42900970873786404,0.42720733257345017,0.4308120849022779
UCB1_0.1,103,0.4293461538461543,0.42754005106996884,0.4311522566223398
UCB1_0.1,104,0.42960000000000015,0.4278022514825739,0.4313977485174264
UCB1_0.1,105,0.4301509433962272,0.4283570351458693,0.43194485164658514
UCB1_0.1,106,0.4304112149532725,0.42860660635748293,0.4322158235490621
UCB1_0.1,107,0.4307592592592602,0.42896428013684845,0.4325542383816719
UCB1_0.1,108,0.4313944954128436,0.4296108905798995,0.4331781002457877
UCB1_0.1,109,0.43167272727272765,0.4298753116414883,0.433470142903967
UCB1_0.1,110,0.43227027027027026,0.4304897612228208,0.43405077931771974
UCB1_0.1,111,0.43251785714285723,0.4307530785627306,0.43428263572298387
UCB1_0.1,112,0.4324955752212391,0.43071211287994815,0.43427903756253006
UCB1_0.1,113,0.432947368421054,0.43115928499378964,0.4347354518483184
UCB1_0.1,114,0.4333217391304373,0.4315304992993978,0.4351129789614768
UCB1_0.1,115,0.4340689655172411,0.4323041037427094,0.43583382729177284
UCB1_0.1,116,0.43420512820512785,0.4324497831434242,0.4359604732668315
UCB1_0.1,117,0.4344067796610172,0.4326221417596908,0.4361914175623436
UCB1_0.1,118,0.43485714285714316,0.4331035346097987,0.4366107511044876
UCB1_0.1,119,0.4350999999999998,0.4333538627766264,0.43684613722337323
UCB1_0.1,120,0.4357355371900834,0.43398138990304397,0.43748968447712283
UCB1_0.1,121,0.43616393442622925,0.43442606441900256,0.43790180443345594
UCB1_0.1,122,0.43647154471544763,0.4347097942811845,0.43823329514971077
UCB1_0.1,123,0.43667741935483717,0.4349061580483513,0.43844868066132303
UCB1_0.1,124,0.4368159999999992,0.4350671300810035,0.4385648699189949
UCB1_0.1,125,0.4370793650793645,0.4353107123009803,0.43884801785774874
UCB1_0.1,126,0.437606299212599,0.43583837419613913,0.4393742242290589
UCB1_0.1,127,0.437765625,0.43601571992210086,0.4395155300778991
UCB1_0.1,128,0.43806201550387636,0.4363298028275142,0.4397942281802385
UCB1_0.1,129,0.4383384615384602,0.436595644067592,0.44008127900932836
UCB1_0.1,130,0.4388244274809166,0.43705921997728847,0.44058963498454473
UCB1_0.1,131,0.4392272727272738,0.4374805260119023,0.4409740194426453
UCB1_0.1,132,0.43945864661654194,0.4377113076674905,0.4412059855655934
UCB1_0.1,133,0.43967164179104506,0.43791503295947964,0.4414282506226105
UCB1_0.1,134,0.44017777777777845,0.4384337835874719,0.44192177196808496
UCB1_0.1,135,0.4405588235294119,0.43879611637492727,0.4423215306838965
UCB1_0.1,136,0.4408759124087579,0.4391233715606934,0.4426284532568224
UCB1_0.1,137,0.4409420289855096,0.4391814577400101,0.4427026002310091
UCB1_0.1,138,0.4415539568345316,0.4397853019936416,0.4433226116754216
UCB1_0.1,139,0.4420714285714271,0.4403096816246129,0.4438331755182413
UCB1_0.1,140,0.44217021276595625,0.44041605469006506,0.44392437084184744
UCB1_0.1,141,0.44235211267605684,0.4405975185785755,0.4441067067735382
UCB1_0.1,142,0.44250349650349663,0.44075369991918273,0.44425329308781053
UCB1_0.1,143,0.44280555555555584,0.44106198195224394,0.44454912915886774
UCB1_0.1,144,0.4433103448275851,0.44157064232359905,0.4450500473315711
UCB1_0.1,145,0.4434931506849303,0.4417510107146984,0.44523529065516215
UCB1_0.1,146,0.4437551020408172,0.4420126384455062,0.4454975656361282
UCB1_0.1,147,0.4443648648648649,0.4426235387079446,0.44610619102178517
UCB1_0.1,148,0.44471140939597353,0.4429755548730217,0.44644726391892536
UCB1_0.1,149,0.44490666666666706,0.4431578587921169,0.44665547454121723
UCB1_0.1,150,0.4451788079470152,0.44343824067901316,0.44691937521501723
UCB1_0.1,151,0.4455526315789479,0.44380329254567535,0.4473019706122205
UCB1_0.1,152,0.44593464052287574,0.44416409642044213,0.44770518462530934
UCB1_0.1,153,0.44607792207792224,0.44434082768848837,0.4478150164673561
UCB1_0.1,154,0.44624516129032193,0.44449711825358934,0.44799320432705453
UCB1_0.1,155,0.4464743589743584,0.44475769898408574,0.44819101896463104
UCB1_0.1,156,0.446828025477707,0.4451014254382336,0.4485546255171804
UCB1_0.1,157,0.44698734177215277,0.4452675647423259,0.4487071188019796
UCB1_0.1,158,0.4473333333333345,0.44557384506461245,0.4490928216020566
UCB1_0.1,159,0.44762499999999994,0.4458777579849034,0.44937224201509646
UCB1_0.1,160,0.44798757763975217,0.44624789649317426,0.4497272587863301
UCB1_0.1,161,0.44813580246913587,0.44638642787127847,0.44988517706699327
UCB1_0.1,162,0.4485766871165646,0.44682445867069326,0.450328915562436
UCB1_0.1,163,0.4490365853658531,0.44729719894629283,0.4507759717854134
UCB1_0.1,164,0.449406060606061,0.44768253502814254,0.4511295861839794
UCB1_0.1,165,0.4497349397590364,0.4480061499766987,0.4514637295413741
UCB1_0.1,166,0.4499640718562875,0.4482184129555809,0.4517097307569941
UCB1_0.1,167,0.45040476190476314,0.44867086884986984,0.45213865495965644
UCB1_0.1,168,0.4503786982248524,0.4486395565886085,0.45211783986109627
UCB1_0.1,169,0.4505058823529407,0.4487746921070522,0.4522370725988292
UCB1_0.1,170,0.450970760233923,0.449269392081857,0.452672128385989
UCB1_0.1,171,0.4513255813953502,0.449627420248903,0.45302374254179734
UCB1_0.1,172,0.45156069364161844,0.44985175492039925,0.4532696323628376
UCB1_0.1,173,0.45160919540229844,0.449897999089451,0.4533203917151459
UCB1_0.1,174,0.45188571428571317,0.4501900682380257,0.45358136033340063
UCB1_0.1,175,0.45220454545454575,0.4505099574666759,0.4538991334424156
UCB1_0.1,176,0.4524632768361579,0.45075104034845076,0.454175513323865
UCB1_0.1,177,0.45280898876404707,0.4510878207237724,0.45453015680432174
UCB1_0.1,178,0.453184357541899,0.45146429084074763,0.4549044242430504
UCB1_0.1,179,0.4532888888888879,0.4515758839556539,0.4550018938221219
UCB1_0.1,180,0.4536795580110487,0.4519753960082519,0.4553837200138455
UCB1_0.1,181,0.4539450549450537,0.45221513432134347,0.45567497556876396
UCB1_0.1,182,0.45406557377049145,0.4523354402787997,0.4557957072621832
UCB1_0.1,183,0.4544782608695648,0.4527680377906521,0.45618848394847744
UCB1_0.1,184,0.4546378378378373,0.45292199981346065,0.4563536758622139
UCB1_0.1,185,0.4548279569892473,0.45310343982143325,0.4565524741570613
UCB1_0.1,186,0.45519786096256754,0.453469860198922,0.4569258617262131
UCB1_0.1,187,0.4552872340425521,0.45354989280688035,0.4570245752782239
UCB1_0.1,188,0.4556084656084661,0.4538910291598428,0.45732590205708934
UCB1_0.1,189,0.45595789473684173,0.4542275020940886,0.4576882873795949
UCB1_0.1,190,0.4562827225130897,0.454550943824018,0.4580145012021614
UCB1_0.1,191,0.4566145833333335,0.4548770019199122,0.4583521647467548
UCB1_0.1,192,0.4567357512953362,0.4550058342729319,0.45846566831774055
UCB1_0.1,193,0.4569278350515451,0.45519134847437387,0.45866432162871634
UCB1_0.1,194,0.4570358974358973,0.4553014239165885,0.45877037095520606
UCB1_0.1,195,0.45744897959183883,0.4557293300959306,0.4591686290877471
UCB1_0.1,196,0.4577461928934004,0.4560044411359079,0.45948794465089293
UCB1_0.1,197,0.45801010101010337,0.456250473650409,0.45976972836979774
UCB1_0.1,198,0.4581809045226139,0.45642906984838705,0.45993273919684075
UCB1_0.1,199,0.45845000000000014,0.45671203413073647,0.4601879658692638
UCB1_0.1,200,0.4585970149253729,0.456858003127993,0.4603360267227528
UCB1_0.1,201,0.45893069306930667,0.45718627789204347,0.4606751082465699
UCB1_0.1,202,0.45916256157635454,0.45743247925238906,0.46089264390032003
UCB1_0.1,203,0.45946078431372595,0.45775000508405667,0.4611715635433952
UCB1_0.1,204,0.4596878048780492,0.45798175899171384,0.4613938507643846
UCB1_0.1,205,0.4599514563106795,0.4582350310202573,0.4616678816011017
UCB1_0.1,206,0.4599806763285029,0.4582617513036314,0.46169960135337446
UCB1_0.1,207,0.46035576923076954,0.45864843288937834,0.46206310557216074
UCB1_0.1,208,0.46064114832536385,0.4589452286748369,0.4623370679758908
UCB1_0.1,209,0.46095238095237967,0.45925684527359506,0.4626479166311643
UCB1_0.1,210,0.4610616113744085,0.4593598592016234,0.46276336354719355
UCB1_0.1,211,0.461518867924528,0.4598230359567932,0.4632146998922628
UCB1_0.1,212,0.46174647887323916,0.4600486318858737,0.46344432586060463
UCB1_0.1,213,0.46191588785046644,0.4602131213321674,0.4636186543687655
UCB1_0.1,214,0.462186046511628,0.460500580743452,0.46387151227980394
UCB1_0.1,215,0.4625833333333341,0.4608986932482709,0.4642679734183974
UCB1_0.1,216,0.462737327188935,0.46105367209525194,0.4644209822826181
UCB1_0.1,217,0.4629633027522944,0.46129405752293784,0.464632547981651
UCB1_0.1,218,0.4630684931506838,0.4614145322980307,0.46472245400333695
UCB1_0.1,219,0.4634636363636367,0.4618024636687996,0.46512480905847375
UCB1_0.1,220,0.46356561085972847,0.46191315910753333,0.4652180626119236
UCB1_0.1,221,0.4637207207207208,0.46205140263230765,0.46539003880913393
UCB1_0.1,222,0.4638834080717495,0.4622139543316782,0.46555286181182076
UCB1_0.1,223,0.46412500000000007,0.4624633860340188,0.4657866139659813
UCB1_0.1,224,0.46432888888888924,0.4626716005591564,0.46598617721862207
UCB1_0.1,225,0.4647079646017672,0.46305754813832534,0.4663583810652091
UCB1_0.1,226,0.46492511013215787,0.46327991368964294,0.4665703065746728
UCB1_0.1,227,0.4651403508771942,0.4634893688150461,0.4667913329393423
UCB1_0.1,228,0.4652576419213978,0.463597041683357,0.46691824215943856
UCB1_0.1,229,0.4655739130434799,0.46391986345903846,0.4672279626279213
UCB1_0.1,230,0.4658874458874464,0.464215675742972,0.4675592160319208
UCB1_0.1,231,0.46599999999999764,0.464344057081648,0.4676559429183473
UCB1_0.1,232,0.46620600858369066,0.46453841564511966,0.46787360152226165
UCB1_0.1,233,0.4664017094017084,0.46474019194964583,0.46806322685377094
UCB1_0.1,234,0.4667063829787235,0.4650423550162182,0.46837041094122883
UCB1_0.1,235,0.4669322033898303,0.46527562018330093,0.4685887865963597
UCB1_0.1,236,0.4672489451476799,0.46557069551605107,0.4689271947793087
UCB1_0.1,237,0.4673949579831927,0.46573154279330187,0.4690583731730835
UCB1_0.1,238,0.46753974895397493,0.46586351658747155,0.4692159813204783
UCB1_0.1,239,0.4678166666666667,0.46614436321563535,0.4694889701176981
UCB1_0.1,240,0.4681161825726142,0.4664483399040703,0.46978402524115814
UCB1_0.1,241,0.46823966942148776,0.46656998579846976,0.46990935304450576
UCB1_0.1,242,0.4685843621399181,0.466917139599265,0.4702515846805712
UCB1_0.1,243,0.46886885245901616,0.4672073440492833,0.470530360868749
UCB1_0.1,244,0.46890612244898006,0.4672501834416516,0.4705620614563085
UCB1_0.1,245,0.46910569105691013,0.4674547902824081,0.47075659183141216
UCB1_0.1,246,0.4693198380566804,0.46766842588690427,0.4709712502264566
UCB1_0.1,247,0.4697177419354829,0.46806683637715796,0.4713686474938078
UCB1_0.1,248,0.4699437751004013,0.4682852944332228,0.4716022557675798
UCB1_0.1,249,0.47019199999999917,0.46853420020399167,0.47184979979600666
UCB1_0.1,250,0.4704063745019924,0.46874782783409713,0.4720649211698877
UCB1_0.1,251,0.47061904761904977,0.46895327155179695,0.4722848236863026
UCB1_0.1,252,0.47085375494071174,0.46918454114393227,0.4725229687374912
UCB1_0.1,253,0.4710157480314981,0.4693469153561471,0.4726845807068491
UCB1_0.1,254,0.4712313725490196,0.46957285818821715,0.47288988690982203
UCB1_0.1,255,0.4714609375,0.4698070802432401,0.47311479475675994
UCB1_0.1,256,0.47168093385214027,0.4700157653933682,0.47334610231091234
UCB1_0.1,257,0.4719844961240337,0.4703318136950751,0.4736371785529923
UCB1_0.1,258,0.47205405405405154,0.47042044228053564,0.47368766582756744
UCB1_0.1,259,0.47235384615384346,0.47071816552551027,0.47398952678217665
UCB1_0.1,260,0.4725900383141761,0.47094483102499596,0.4742352456033563
UCB1_0.1,261,0.47274809160305303,0.4711006281867534,0.47439555501935265
UCB1_0.1,262,0.4729505703422037,0.4713063693601926,0.47459477132421485
UCB1_0.1,263,0.47321212121212197,0.47155998665559523,0.4748642557686487
UCB1_0.1,264,0.47348679245283043,0.4718486868608293,0.47512489804483155
UCB1_0.1,265,0.47362406015037595,0.47199189884762094,0.47525622145313096
UCB1_0.1,266,0.4737752808988776,0.4721384346619431,0.4754121271358121
UCB1_0.1,267,0.47393283582089574,0.47229528194460235,0.4755703896971891
UCB1_0.1,268,0.4740817843866164,0.47245255599367514,0.4757110127795577
UCB1_0.1,269,0.47431111111111113,0.47267861758496,0.47594360463726226
UCB1_0.1,270,0.4743985239852402,0.47276093435661565,0.4760361136138647
UCB1_0.1,271,0.4746544117647061,0.4730263987198478,0.47628242480956434
UCB1_0.1,272,0.4748278388278392,0.4731983283426522,0.4764573493130262
UCB1_0.1,273,0.4750072992700729,0.47337921741797684,0.47663538112216897
UCB1_0.1,274,0.47520727272727253,0.47358398259315804,0.47683056286138703
UCB1_0.1,275,0.47527536231883954,0.4736437647726547,0.4769069598650244
UCB1_0.1,276,0.47564620938628294,0.47402196977609057,0.4772704489964753
UCB1_0.1,277,0.4757410071942443,0.47412036572350735,0.4773616486649812
UCB1_0.1,278,0.47591397849462314,0.4743008267418076,0.47752713024743865
UCB1_0.1,279,0.476121428571429,0.47450478492939446,0.4777380722134635
UCB1_0.1,280,0.47635587188612133,0.47474147903344155,0.4779702647388011
UCB1_0.1,281,0.47664539007092044,0.47502977607465524,0.47826100406718564
UCB1_0.1,282,0.47690459363957605,0.47528516032722873,0.47852402695192336
UCB1_0.1,283,0.47711971830985955,0.4755054167818562,0.4787340198378629
UCB1_0.1,284,0.47746666666666704,0.47585256143174137,0.4790807719015927
UCB1_0.1,285,0.47765734265734233,0.47603995356193135,0.4792747317527533
UCB1_0.1,286,0.4778815331010456,0.4762765496159959,0.47948651658609526
UCB1_0.1,287,0.47803472222222243,0.4764279345353012,0.47964150990914367
UCB1_0.1,288,0.478235294117646,0.47662791348955724,0.4798426747457347
UCB1_0.1,289,0.47842758620689396,0.4768299666223939,0.480025205791394
UCB1_0.1,290,0.4785773195876285,0.4769733348688818,0.4801813043063752
UCB1_0.1,291,0.4787876712328754,0.47719140894774753,0.4803839335180033
UCB1_0.1,292,0.47907167235494935,0.4774724188016815,0.4806709259082172
UCB1_0.1,293,0.47917687074830173,0.4775775189535305,0.48077622254307295
UCB1_0.1,294,0.47950508474576226,0.47791124417410963,0.4810989253174149
UCB1_0.1,295,0.4797635135135135,0.4781671664678203,0.48135986055920665
UCB1_0.1,296,0.4800269360269403,0.4784412533741012,0.4816126186797794
UCB1_0.1,297,0.480261744966443,0.4786695051262398,0.48185398480664626
UCB1_0.1,298,0.480401337792642,0.4787978418102861,0.48200483377499787
UCB1_0.1,299,0.48062666666666654,0.4790228986357793,0.4822304346975538
UCB1_0.1,300,0.48088372093023474,0.47928154221979213,0.48248589964067734
UCB1_0.1,301,0.4811920529801308,0.47959782161735937,0.4827862843429022
UCB1_0.1,302,0.48145874587458726,0.47986823377684573,0.4830492579723288
UCB1_0.1,303,0.4815921052631583,0.4800088045810493,0.48317540594526737
UCB1_0.1,304,0.48181639344262334,0.4802272286426143,0.48340555824263237
UCB1_0.1,305,0.48202614379084985,0.48043207972361934,0.48362020785808035
UCB1_0.1,306,0.4822149837133553,0.4806182043221826,0.483811763104528
UCB1_0.1,307,0.48234415584415563,0.480734819705165,0.48395349198314624
UCB1_0.1,308,0.4825372168284795,0.48093120440640863,0.48414322925055037
UCB1_0.1,309,0.4828129032258061,0.4812032076079901,0.4844225988436221
UCB1_0.1,310,0.48295176848874577,0.48134194011452486,0.4845615968629667
UCB1_0.1,311,0.48330769230769266,0.48169756374336375,0.48491782087202157
UCB1_0.1,312,0.483565495207668,0.48195326798219074,0.4851777224331453
UCB1_0.1,313,0.48369426751592337,0.4820885275876623,0.48530000744418444
UCB1_0.1,314,0.4839619047619052,0.48235068921345087,0.48557312031035954
UCB1_0.1,315,0.48403164556962075,0.48242955190772413,0.48563373923151737
UCB1_0.1,316,0.4842334384858044,0.4826307933093817,0.48583608366222714
UCB1_0.1,317,0.4844716981132078,0.48287361243410765,0.4860697837923079
UCB1_0.1,318,0.4846896551724139,0.483096047662218,0.48628326268260985
UCB1_0.1,319,0.48484374999999985,0.4832577996661944,0.4864297003338053
UCB1_0.1,320,0.4851339563862927,0.48354205563943137,0.486725857133154
UCB1_0.1,321,0.4853664596273295,0.4837829912781558,0.48694992797650316
UCB1_0.1,322,0.4856160990712077,0.484036980940961,0.48719521720145437
UCB1_0.1,323,0.48580246913580266,0.484225076103698,0.4873798621679073
UCB1_0.1,324,0.48598153846153846,0.4844108339667566,0.4875522429563203
UCB1_0.1,325,0.48617791411042943,0.48461533658061423,0.48774049164024463
UCB1_0.1,326,0.48630581039755394,0.48474885388438116,0.4878627669107267
UCB1_0.1,327,0.486469512195122,0.4849122249060431,0.48802679948420097
UCB1_0.1,328,0.48668693009118574,0.48512234138123717,0.4882515188011343
UCB1_0.1,329,0.4868303030303032,0.4852641079431614,0.48839649811744507
UCB1_0.1,330,0.48696676737160455,0.48539917067749305,0.48853436406571604
UCB1_0.1,331,0.48729518072289113,0.4857237692585501,0.48886659218723216
UCB1_0.1,332,0.48759159159159177,0.48602955674130244,0.4891536264418811
UCB1_0.1,333,0.4877365269461075,0.4861689614097605,0.48930409248245443
UCB1_0.1,334,0.48794029850746257,0.4863795729460116,0.48950102406891355
UCB1_0.1,335,0.4881607142857144,0.4866127816764099,0.48970864689501886
UCB1_0.1,336,0.48837388724035746,0.48682087652991624,0.4899268979507987
UCB1_0.1,337,0.48846745562130267,0.48691329863471516,0.4900216126078902
UCB1_0.1,338,0.48870796460177,0.4871491504418994,0.49026677876164065
UCB1_0.1,339,0.4888176470588236,0.4872677432531107,0.4903675508645365
UCB1_0.1,340,0.489108504398827,0.48755040112902115,0.4906666076686329
UCB1_0.1,341,0.4892807017543869,0.48771815102676525,0.4908432524820086
UCB1_0.1,342,0.4895160349854231,0.48796249109953704,0.4910695788713092
UCB1_0.1,343,0.4896686046511642,0.48811311625952786,0.4912240930428005
UCB1_0.1,344,0.489884057971015,0.48832927092673417,0.4914388450152958
UCB1_0.1,345,0.49010982658959523,0.4885662256468222,0.49165342753236824
UCB1_0.1,346,0.4902824207492801,0.48872888558503297,0.4918359559135272
UCB1_0.1,347,0.49047701149425305,0.48892450152173167,0.4920295214667744
UCB1_0.1,348,0.4906418338108886,0.4890870939482064,0.49219657367357084
UCB1_0.1,349,0.4908114285714284,0.4892584151403486,0.4923644420025082
UCB1_0.1,350,0.49092877492877496,0.4893744907877564,0.4924830590697935
UCB1_0.1,351,0.4911477272727275,0.4895864670311671,0.4927089875142879
UCB1_0.1,352,0.4913711048158636,0.48981114856651875,0.49293106106520845
UCB1_0.1,353,0.4914745762711865,0.48991481073677146,0.4930343418056016
UCB1_0.1,354,0.4917070422535213,0.49015054778907946,0.49326353671796314
UCB1_0.1,355,0.49199999999999944,0.49045356233536364,0.49354643766463524
UCB1_0.1,356,0.4921232492997197,0.49056583005354987,0.4936806685458895
UCB1_0.1,357,0.49222346368715086,0.4906638587786368,0.49378306859566495
UCB1_0.1,358,0.4923899721448468,0.49083277637555506,0.49394716791413856
UCB1_0.1,359,0.49256666666666654,0.4910156174584992,0.4941177158748339
UCB1_0.1,360,0.49265927977839313,0.4911113726761262,0.49420718688066007
UCB1_0.1,361,0.4929502762430937,0.4913984501403763,0.49450210234581105
UCB1_0.1,362,0.4931460055096415,0.4915998791150943,0.4946921319041887
UCB1_0.1,363,0.49334615384615393,0.49180457542343514,0.4948877322688727
UCB1_0.1,364,0.4933589041095885,0.4918293439222613,0.4948884642969157
UCB1_0.1,365,0.49359016393442623,0.49205906562243773,0.49512126224641473
UCB1_0.1,366,0.4937220708446868,0.4921849348957628,0.49525920679361074
UCB1_0.1,367,0.49397282608695653,0.4924284711154321,0.49551718105848097
UCB1_0.1,368,0.49413550135501383,0.4926044513036255,0.49566655140640214
UCB1_0.1,369,0.494335135135135,0.4928018340085321,0.4958684362617379
UCB1_0.1,370,0.4945175202156335,0.49298670579830794,0.49604833463295905
UCB1_0.1,371,0.494741935483871,0.4932104841936446,0.49627338677409744
UCB1_0.1,372,0.4948954423592497,0.4933586571893058,0.4964322275291936
UCB1_0.1,373,0.4951336898395723,0.49359587253157966,0.4966715071475649
UCB1_0.1,374,0.4953333333333332,0.4938062006156898,0.49686046605097656
UCB1_0.1,375,0.49552127659574446,0.4939912735297327,0.4970512796617562
UCB1_0.1,376,0.4957931034482752,0.4942637112791571,0.49732249561739333
UCB1_0.1,377,0.49586243386243356,0.49433568778333814,0.497389179941529
UCB1_0.1,378,0.4960738786279692,0.4945485242058133,0.4975992330501251
UCB1_0.1,379,0.49634736842105265,0.49482600005425864,0.49786873678784666
UCB1_0.1,380,0.49646719160105035,0.4949428276059259,0.4979915555961748
UCB1_0.1,381,0.4966492146596857,0.49513741348076495,0.49816101583860645
UCB1_0.1,382,0.49685117493472597,0.49534286923286747,0.4983594806365845
UCB1_0.1,383,0.4970468750000002,0.4955385376874026,0.49855521231259786
UCB1_0.1,384,0.49730389610389625,0.49579822536851903,0.49880956683927347
UCB1_0.1,385,0.4974404145077716,0.49593473931499754,0.49894608970054566
UCB1_0.1,386,0.49758656330749385,0.4960862549076757,0.499086871707312
UCB1_0.1,387,0.4978659793814428,0.4963639306299201,0.49936802813296544
UCB1_0.1,388,0.4980565552699231,0.4965474720515835,0.4995656384882627
UCB1_0.1,389,0.49827179487179507,0.496764409370922,0.49977918037266816
UCB1_0.1,390,0.4983375959079284,0.4968217278079892,0.4998534640078676
UCB1_0.1,391,0.49844387755102065,0.4969316379081482,0.4999561171938931
UCB1_0.1,392,0.4987124681933843,0.4972055301336333,0.5002194062531352
UCB1_0.1,393,0.49879695431472154,0.49729748522337663,0.5002964234060665
UCB1_0.1,394,0.49890632911392435,0.4974129333244928,0.5003997249033559
UCB1_0.1,395,0.49905555555555575,0.4975695152398282,0.5005415958712833
UCB1_0.1,396,0.4993098236775819,0.4978210030107981,0.5007986443443657
UCB1_0.1,397,0.499462311557789,0.49797022382838346,0.5009543992871945
UCB1_0.1,398,0.4996140350877193,0.4981294267750251,0.5010986434004134
UCB1_0.1,399,0.4997149999999997,0.4982315918121486,0.5011984081878508
UCB1_0.1,400,0.49992518703241945,0.4984447649172225,0.5014056091476164
UCB1_0.1,401,0.5000248756218907,0.49854889766576965,0.5015008535780118
UCB1_0.1,402,0.5001389578163774,0.49865988120242927,0.5016180344303255
UCB1_0.1,403,0.5003267326732672,0.4988458969014398,0.5018075684450947
UCB1_0.1,404,0.5005580246913585,0.4990849124129754,0.5020311369697416
UCB1_0.1,405,0.5006847290640394,0.49921026695005855,0.5021591911780202
UCB1_0.1,406,0.5007960687960682,0.4993128899761212,0.5022792476160152
UCB1_0.1,407,0.5009411764705882,0.499453597607177,0.5024287553339994
UCB1_0.1,408,0.501232273838631,0.49975948545079035,0.5027050622264717
UCB1_0.1,409,0.5014536585365851,0.49998202046326384,0.5029252966099064
UCB1_0.1,410,0.5016009732360095,0.5001321049454852,0.5030698415265338
UCB1_0.1,411,0.5017621359223298,0.5003035666512947,0.5032207051933648
UCB1_0.1,412,0.5018450363196127,0.5003861815796602,0.5033038910595653
UCB1_0.1,413,0.5020386473429949,0.5005736831722443,0.5035036115137455
UCB1_0.1,414,0.5021975903614456,0.5007276990566648,0.5036674816662264
UCB1_0.1,415,0.5023846153846154,0.5009185960820122,0.5038506346872187
UCB1_0.1,416,0.5025323741007197,0.5010735238728402,0.5039912243285992
UCB1_0.1,417,0.5026937799043059,0.5012414616603008,0.5041460981483109
UCB1_0.1,418,0.5028162291169448,0.501357190750442,0.5042752674834475
UCB1_0.1,419,0.5029095238095245,0.5014506781156947,0.5043683695033543
UCB1_0.1,420,0.5030831353919241,0.501627210619652,0.5045390601641961
UCB1_0.1,421,0.503199052132701,0.5017451152393788,0.5046529890260232
UCB1_0.1,422,0.5033995271867612,0.5019410013342064,0.504858053039316
UCB1_0.1,423,0.5035754716981128,0.5021101859139366,0.5050407574822889
UCB1_0.1,424,0.5038117647058824,0.5023368666932575,0.5052866627185073
UCB1_0.1,425,0.5039718309859156,0.5025049063256761,0.505438755646155
UCB1_0.1,426,0.5041405152224826,0.5026715682496044,0.5056094621953608
UCB1_0.1,427,0.5043271028037384,0.5028637988944038,0.505790406713073
UCB1_0.1,428,0.5044055944055944,0.5029355959449077,0.5058755928662811
UCB1_0.1,429,0.5046139534883721,0.5031426989049566,0.5060852080717877
UCB1_0.1,430,0.5048816705336423,0.503415589024816,0.5063477520424686
UCB1_0.1,431,0.5050185185185184,0.5035589844841639,0.5064780525528729
UCB1_0.1,432,0.5051870669745958,0.5037277248468649,0.5066464091023267
UCB1_0.1,433,0.5053963133640562,0.5039363032422125,0.5068563234858999
UCB1_0.1,434,0.5054758620689653,0.5040164313084936,0.5069352928294371
UCB1_0.1,435,0.5056192660550459,0.5041579710511634,0.5070805610589284
UCB1_0.1,436,0.5057208237986267,0.5042592204916756,0.5071824271055778
UCB1_0.1,437,0.5058493150684935,0.5043884896235086,0.5073101405134784
UCB1_0.1,438,0.5059407744874713,0.5044818223070408,0.5073997266679019
UCB1_0.1,439,0.506109090909091,0.5046529312049082,0.5075652506132737
UCB1_0.1,440,0.5062857142857133,0.5048188193553307,0.507752609216096
UCB1_0.1,441,0.5064298642533943,0.5049627514884742,0.5078969770183144
UCB1_0.1,442,0.5065643340857787,0.5051058422611153,0.5080228259104421
UCB1_0.1,443,0.5067252252252253,0.5052664230873077,0.5081840273631429
UCB1_0.1,444,0.5070382022471907,0.5055715723494393,0.508504832144942
UCB1_0.1,445,0.5071434977578473,0.5056794842675696,0.508607511248125
UCB1_0.1,446,0.5072796420581663,0.5058194039579584,0.5087398801583742
UCB1_0.1,447,0.5074151785714286,0.5059495792068784,0.5088807779359787
UCB1_0.1,448,0.50769710467706,0.5062337807494823,0.5091604286046376
UCB1_0.1,449,0.5078266666666668,0.5063639481983839,0.5092893851349496
UCB1_0.1,450,0.5079778270509979,0.5065131888082075,0.5094424652937883
UCB1_0.1,451,0.5082079646017712,0.5067422733242032,0.5096736558793392
UCB1_0.1,452,0.5082604856512147,0.5067965231157511,0.5097244481866784
UCB1_0.1,453,0.5084361233480184,0.5069749550719039,0.5098972916241328
UCB1_0.1,454,0.508676923076923,0.5072158806864608,0.5101379654673852
UCB1_0.1,455,0.5088157894736842,0.5073596752395313,0.5102719037078371
UCB1_0.1,456,0.5089321663019699,0.5074785829290634,0.5103857496748764
UCB1_0.1,457,0.5091048034934502,0.507654775721078,0.5105548312658225
UCB1_0.1,458,0.5093071895424834,0.5078521746893896,0.5107622043955773
UCB1_0.1,459,0.5095391304347834,0.5080834565904712,0.5109948042790956
UCB1_0.1,460,0.509687635574837,0.5082341796067312,0.5111410915429427
UCB1_0.1,461,0.5097835497835496,0.5083346237749201,0.511232475792179
UCB1_0.1,462,0.5099611231101511,0.5085177895257924,0.5114044566945097
UCB1_0.1,463,0.510168103448276,0.5087212539391708,0.5116149529573812
UCB1_0.1,464,0.5103311827956993,0.5088842779456457,0.5117780876457529
UCB1_0.1,465,0.5105278969957084,0.5090780010238065,0.5119777929676104
UCB1_0.1,466,0.5106809421841545,0.5092364377854945,0.5121254465828144
UCB1_0.1,467,0.5108418803418805,0.5093966795724162,0.5122870811113448
UCB1_0.1,468,0.5110874200426437,0.5096430517532975,0.51253178833199
UCB1_0.1,469,0.5112340425531914,0.50979043276693,0.5126776523394527
UCB1_0.1,470,0.5113503184713376,0.5099119351877914,0.5127887017548838
UCB1_0.1,471,0.5114576271186443,0.5100179251736404,0.5128973290636482
UCB1_0.1,472,0.5116786469344609,0.5102344173686503,0.5131228765002714
UCB1_0.1,473,0.5118185654008439,0.5103699343218073,0.5132671964798805
UCB1_0.1,474,0.5120252631578944,0.5105731411433214,0.5134773851724674
UCB1_0.1,475,0.5121512605042019,0.5107038046099578,0.513598716398446
UCB1_0.1,476,0.5122348008385742,0.5107896562578907,0.5136799454192577
UCB1_0.1,477,0.5124142259414232,0.5109738517531821,0.5138546001296642
UCB1_0.1,478,0.5126221294363252,0.5111820774534857,0.5140621814191648
UCB1_0.1,479,0.5127625000000002,0.5113224025759759,0.5142025974240245
UCB1_0.1,480,0.5129313929313926,0.5114864444581705,0.5143763414046146
UCB1_0.1,481,0.513091286307054,0.5116505277048822,0.5145320449092259
UCB1_0.1,482,0.5132339544513453,0.5117935825168781,0.5146743263858126
UCB1_0.1,483,0.5134173553719011,0.5119726430722994,0.5148620676715029
UCB1_0.1,484,0.5134474226804122,0.5120043328378929,0.5148905125229315
UCB1_0.1,485,0.5136543209876544,0.5122131824808553,0.5150954594944535
UCB1_0.1,486,0.5137618069815199,0.5123151919802041,0.5152084219828356
UCB1_0.1,487,0.5139426229508196,0.5124963280427942,0.515388917858845
UCB1_0.1,488,0.5140368098159502,0.5125926483635111,0.5154809712683893
UCB1_0.1,489,0.5141959183673468,0.5127569913121629,0.5156348454225307
UCB1_0.1,490,0.514325865580448,0.512886462088978,0.515765269071918
UCB1_0.1,491,0.51449593495935,0.5130550608696027,0.5159368090490972
UCB1_0.1,492,0.5146288032454359,0.513180158695116,0.5160774477957558
UCB1_0.1,493,0.5147854251012138,0.5133374614528718,0.5162333887495558
UCB1_0.1,494,0.5149858585858583,0.5135389547610004,0.5164327624107162
UCB1_0.1,495,0.5150887096774195,0.513643439889388,0.516533979465451
UCB1_0.1,496,0.5152676056338031,0.5138275089725597,0.5167077022950466
UCB1_0.1,497,0.5154056224899604,0.5139616497013414,0.5168495952785793
UCB1_0.1,498,0.5155751503006006,0.5141216637613208,0.5170286368398804
UCB1_0.1,499,0.5157320000000006,0.5142869715334362,0.5171770284665651
UCB1_0.1,500,0.515828343313373,0.5143821526550431,0.517274533971703
UCB1_0.1,501,0.5159920318725097,0.5145418159922394,0.5174422477527801
UCB1_0.1,502,0.5161550695825048,0.5147001994419624,0.5176099397230471
UCB1_0.1,503,0.5163650793650775,0.514911965277089,0.5178181934530659
UCB1_0.1,504,0.5165306930693071,0.5150764819289971,0.5179849042096171
UCB1_0.1,505,0.5167272727272727,0.5152708911503281,0.5181836543042173
UCB1_0.1,506,0.5168205128205127,0.5153645897062865,0.5182764359347388
UCB1_0.1,507,0.5169881889763759,0.5155317494323239,0.5184446285204278
UCB1_0.1,508,0.5171473477406682,0.5156935353577102,0.5186011601236261
UCB1_0.1,509,0.5172470588235301,0.5157912260430144,0.5187028916040457
UCB1_0.1,510,0.5174090019569515,0.5159473108956787,0.5188706930182243
UCB1_0.1,511,0.5176015625,0.5161445727597322,0.5190585522402678
UCB1_0.1,512,0.5177621832358631,0.5163055251671708,0.5192188413045554
UCB1_0.1,513,0.5179143968871598,0.5164562170419349,0.5193725767323847
UCB1_0.1,514,0.5181126213592232,0.51665502409497,0.5195702186234764
UCB1_0.1,515,0.5182519379844939,0.5167967992625743,0.5197070767064135
UCB1_0.1,516,0.5184758220502902,0.5170276087578258,0.5199240353427546
UCB1_0.1,517,0.5186061776061794,0.5171583636130779,0.520053991599281
UCB1_0.1,518,0.5187591522157992,0.5173130863875752,0.5202052180440231
UCB1_0.1,519,0.5188807692307713,0.5174334993791023,0.5203280390824403
UCB1_0.1,520,0.5190095969289816,0.5175577420231315,0.5204614518348317
UCB1_0.1,521,0.5191570881226052,0.517704983741989,0.5206091925032214
UCB1_0.1,522,0.5192045889101338,0.5177536688609049,0.5206555089593626
UCB1_0.1,523,0.5192633587786262,0.5178163203965787,0.5207103971606737
UCB1_0.1,524,0.5193980952380951,0.5179524698556951,0.5208437206204951
UCB1_0.1,525,0.5195627376425855,0.5181150690390753,0.5210104062460957
UCB1_0.1,526,0.5197419354838707,0.5182945902103464,0.521189280757395
UCB1_0.1,527,0.5198712121212116,0.5184282227757225,0.5213142014667006
UCB1_0.1,528,0.5201058601134215,0.5186601500468055,0.5215515701800375
UCB1_0.1,529,0.5202339622641505,0.518789097811068,0.5216788267172331
UCB1_0.1,530,0.5204143126177023,0.5189658917210508,0.5218627335143539
UCB1_0.1,531,0.520541353383459,0.5190878263943705,0.5219948803725475
UCB1_0.1,532,0.520671669793621,0.5192161065581942,0.5221272330290478
UCB1_0.1,533,0.5209325842696622,0.5194801497398988,0.5223850187994256
UCB1_0.1,534,0.5210654205607471,0.5196151185552086,0.5225157225662856
UCB1_0.1,535,0.521182835820896,0.5197325802828454,0.5226330913589465
UCB1_0.1,536,0.5213929236499071,0.5199503275861368,0.5228355197136774
UCB1_0.1,537,0.5215501858736059,0.5201035878369005,0.5229967839103113
UCB1_0.1,538,0.52165120593692,0.5202075492993079,0.5230948625745322
UCB1_0.1,539,0.5217999999999997,0.5203561347884609,0.5232438652115385
UCB1_0.1,540,0.5220036968576712,0.5205619460872261,0.5234454476281164
UCB1_0.1,541,0.5222066420664205,0.5207616457454628,0.5236516383873783
UCB1_0.1,542,0.5223462246777161,0.5209018512894953,0.5237905980659369
UCB1_0.1,543,0.522485294117647,0.5210381176295599,0.5239324706057341
UCB1_0.1,544,0.5226458715596326,0.5212003920654731,0.5240913510537921
UCB1_0.1,545,0.5228021978021983,0.5213535919722224,0.5242508036321741
UCB1_0.1,546,0.5229433272394879,0.521494489871324,0.5243921646076518
UCB1_0.1,547,0.5230729927007304,0.5216218286710147,0.5245241567304461
UCB1_0.1,548,0.5231876138433523,0.5217410708644896,0.524634156822215
UCB1_0.1,549,0.5233381818181814,0.5218906425514281,0.5247857210849346
UCB1_0.1,550,0.5234373865698734,0.5219821787759803,0.5248925943637665
UCB1_0.1,551,0.523557971014494,0.5221041356568895,0.5250118063720984
UCB1_0.1,552,0.5237142857142859,0.5222594321544055,0.5251691392741663
UCB1_0.1,553,0.5238122743682293,0.5223629677625959,0.5252615809738627
UCB1_0.1,554,0.5240648648648653,0.5226186868957076,0.525511042834023
UCB1_0.1,555,0.5242374100719426,0.5227890610369986,0.5256857591068865
UCB1_0.1,556,0.5243842010771985,0.5229327151573891,0.5258356869970079
UCB1_0.1,557,0.5245555555555557,0.5230978755753684,0.526013235535743
UCB1_0.1,558,0.5246440071556352,0.5231867131442686,0.5261013011670018
UCB1_0.1,559,0.5247821428571431,0.5233237491632686,0.5262405365510175
UCB1_0.1,560,0.5248912655971476,0.5234377451727215,0.5263447860215738
UCB1_0.1,561,0.5250355871886115,0.5235900018104978,0.5264811725667253
UCB1_0.1,562,0.5251403197158081,0.5236926875641641,0.5265879518674521
UCB1_0.1,563,0.5252907801418452,0.5238444422500569,0.5267371180336334
UCB1_0.1,564,0.5254159292035429,0.5239723341530163,0.5268595242540695
UCB1_0.1,565,0.5255088339222602,0.5240601903656491,0.5269574774788713
UCB1_0.1,566,0.5256366843033511,0.5241960329161075,0.5270773356905947
UCB1_0.1,567,0.525746478873239,0.5243053477696239,0.5271876099768541
UCB1_0.1,568,0.5259507908611597,0.5245099411899303,0.5273916405323891
UCB1_0.1,569,0.526070175438596,0.5246324702055853,0.5275078806716067
UCB1_0.1,570,0.5262136602451842,0.5247748203486777,0.5276525001416907
UCB1_0.1,571,0.5263286713286714,0.524886400863151,0.5277709417941919
UCB1_0.1,572,0.5264712041884814,0.5250297793685298,0.5279126290084329
UCB1_0.1,573,0.526560975609756,0.5251170391023368,0.5280049121171753
UCB1_0.1,574,0.5266782608695646,0.5252340200872916,0.5281225016518376
UCB1_0.1,575,0.5268472222222218,0.5254044084189635,0.5282900360254801
UCB1_0.1,576,0.5269601386481804,0.5255246163822733,0.5283956609140874
UCB1_0.1,577,0.5271038062283745,0.5256674782261628,0.5285401342305862
UCB1_0.1,578,0.5272055267702935,0.5257671856282817,0.5286438679123053
UCB1_0.1,579,0.527341379310348,0.5259014647703757,0.5287812938503202
UCB1_0.1,580,0.5275008605851982,0.5260549476753923,0.5289467734950041
UCB1_0.1,581,0.5276013745704479,0.526153839128048,0.5290489100128477
UCB1_0.1,582,0.5277015437392812,0.5262613930972865,0.529141694381276
UCB1_0.1,583,0.5277979452054797,0.5263563740350623,0.5292395163758972
UCB1_0.1,584,0.5279897435897436,0.5265456830355362,0.529433804143951
UCB1_0.1,585,0.5281194539249144,0.5266759663213327,0.5295629415284961
UCB1_0.1,586,0.5282623509369675,0.5268173247869801,0.5297073770869549
UCB1_0.1,587,0.5284013605442145,0.5269591307705284,0.5298435903179006
UCB1_0.1,588,0.5285670628183361,0.52712924255339,0.5300048830832822
UCB1_0.1,589,0.5286881355932203,0.5272514524848115,0.530124818701629
UCB1_0.1,590,0.5288324873096446,0.5273958713996834,0.5302691032196059
UCB1_0.1,591,0.5289222972972972,0.5274838967443305,0.530360697850264
UCB1_0.1,592,0.5291062394603708,0.5276666764302687,0.530545802490473
UCB1_0.1,593,0.5292828282828259,0.5278404122156627,0.5307252443499891
UCB1_0.1,594,0.5294386554621848,0.5279931096142209,0.5308842013101488
UCB1_0.1,595,0.5295704697986581,0.5281244471700648,0.5310164924272514
UCB1_0.1,596,0.5296984924623115,0.5282536470367067,0.5311433378879162
UCB1_0.1,597,0.5297892976588625,0.5283398831768296,0.5312387121408955
UCB1_0.1,598,0.5299232053422372,0.5284763824539384,0.5313700282305361
UCB1_0.1,599,0.5300699999999998,0.5286251147014246,0.531514885298575
UCB1_0.1,600,0.5302828618968385,0.5288386252190587,0.5317270985746183
UCB1_0.1,601,0.5304584717607942,0.5290141529422279,0.5319027905793605
UCB1_0.1,602,0.5305605306799343,0.5291176110519417,0.5320034503079268
UCB1_0.1,603,0.5307152317880809,0.5292672749098889,0.5321631886662729
UCB1_0.1,604,0.5308363636363638,0.5293916706616069,0.5322810566111207
UCB1_0.1,605,0.5310066006600658,0.5295613424099072,0.5324518589102244
UCB1_0.1,606,0.5311894563426698,0.5297492498865208,0.5326296627988187
UCB1_0.1,607,0.5313026315789472,0.5298627270249003,0.532742536132994
UCB1_0.1,608,0.5314909688013149,0.5300503754217164,0.5329315621809133
UCB1_0.1,609,0.5315737704918037,0.5301319893134406,0.5330155516701667
UCB1_0.1,610,0.5316628477905075,0.5302217805396165,0.5331039150413985
UCB1_0.1,611,0.5318267973856213,0.5303850646759873,0.5332685300952553
UCB1_0.1,612,0.532,0.5305571998995453,0.5334428001004548
UCB1_0.1,613,0.5321465798045601,0.5307067902442751,0.5335863693648452
UCB1_0.1,614,0.5322731707317065,0.5308331365603292,0.5337132049030839
UCB1_0.1,615,0.5323961038961043,0.5309612101849749,0.5338309976072336
UCB1_0.1,616,0.5325996758508913,0.5311592316489712,0.5340401200528114
UCB1_0.1,617,0.5327508090614888,0.5313122654593437,0.5341893526636338
UCB1_0.1,618,0.5328917609046849,0.5314536818516231,0.5343298399577467
UCB1_0.1,619,0.5329870967741929,0.531545161988562,0.5344290315598237
UCB1_0.1,620,0.533159420289855,0.5317182285969236,0.5346006119827863
UCB1_0.1,621,0.533270096463023,0.531830524764735,0.534709668161311
UCB1_0.1,622,0.5334414125200645,0.5320047997559494,0.5348780252841796
UCB1_0.1,623,0.5335641025641029,0.5321239151164063,0.5350042900117995
UCB1_0.1,624,0.5336991999999996,0.5322575573195941,0.5351408426804051
UCB1_0.1,625,0.5338785942492015,0.532439155014883,0.5353180334835199
UCB1_0.1,626,0.5340127591706485,0.5325763585971414,0.5354491597441556
UCB1_0.1,627,0.5341433121019109,0.5327090973060431,0.5355775268977787
UCB1_0.1,628,0.5342766295707488,0.5328407746778965,0.5357124844636012
UCB1_0.1,629,0.5344380952380962,0.5329979642253657,0.5358782262508266
UCB1_0.1,630,0.534576862123619,0.5331335286280355,0.5360201956192024
UCB1_0.1,631,0.5346550632911397,0.5332112908039345,0.5360988357783448
UCB1_0.1,632,0.5347677725118481,0.5333297936941997,0.5362057513294965
UCB1_0.1,633,0.5348675078864351,0.5334287000384,0.5363063157344702
UCB1_0.1,634,0.5350047244094495,0.5335699960428231,0.5364394527760759
UCB1_0.1,635,0.5351289308176106,0.5336933326163087,0.5365645290189125
UCB1_0.1,636,0.535299843014129,0.5338648001154342,0.5367348859128238
UCB1_0.1,637,0.5353636363636363,0.5339223382162985,0.536804934510974
UCB1_0.1,638,0.5354929577464794,0.5340540629232773,0.5369318525696816
UCB1_0.1,639,0.535596875,0.534160916274351,0.5370328337256489
UCB1_0.1,640,0.535728549141965,0.5342962824826076,0.5371608158013224
UCB1_0.1,641,0.5359096573208725,0.5344722303167994,0.5373470843249456
UCB1_0.1,642,0.536087091757387,0.5346545149863565,0.5375196685284175
UCB1_0.1,643,0.5362080745341616,0.5347760329686829,0.5376401160996404
UCB1_0.1,644,0.5363441860465118,0.5349119739327624,0.5377763981602612
UCB1_0.1,645,0.5364303405572758,0.5350010280464953,0.5378596530680563
UCB1_0.1,646,0.5365533230293663,0.5351254037901502,0.5379812422685825
UCB1_0.1,647,0.5366635802469135,0.5352378135606489,0.5380893469331781
UCB1_0.1,648,0.5368012326656388,0.5353805603779178,0.5382219049533599
UCB1_0.1,649,0.5369107692307693,0.5354986981922112,0.5383228402693274
UCB1_0.1,650,0.5370199692780344,0.5356063611010405,0.5384335774550283
UCB1_0.1,651,0.5371779141104293,0.5357611055795216,0.5385947226413369
UCB1_0.1,652,0.5372986217457888,0.5358826762097031,0.5387145672818745
UCB1_0.1,653,0.5374189602446479,0.5359997541968979,0.5388381662923978
UCB1_0.1,654,0.5375664122137404,0.5361504272012863,0.5389823972261945
UCB1_0.1,655,0.5376737804878049,0.536253707888142,0.5390938530874678
UCB1_0.1,656,0.5377747336377476,0.5363536269016257,0.5391958403738696
UCB1_0.1,657,0.537917933130699,0.5364967909546144,0.5393390753067836
UCB1_0.1,658,0.5380091047040966,0.5365907675951342,0.5394274418130589
UCB1_0.1,659,0.5381030303030304,0.5366853055291683,0.5395207550768926
UCB1_0.1,660,0.538245083207262,0.536830091482566,0.5396600749319581
UCB1_0.1,661,0.5383806646525655,0.5369698887218153,0.5397914405833157
UCB1_0.1,662,0.5384705882352939,0.5370577413557379,0.5398834351148499
UCB1_0.1,663,0.5385753012048197,0.5371662971931959,0.5399843052164435
UCB1_0.1,664,0.5387127819548868,0.5372994309759749,0.5401261329337987
UCB1_0.1,665,0.5388438438438439,0.5374288035954238,0.540258884092264
UCB1_0.1,666,0.5389715142428785,0.5375571457576386,0.5403858827281184
UCB1_0.1,667,0.5391047904191615,0.5376891644940617,0.5405204163442613
UCB1_0.1,668,0.5392257100149472,0.537809863628411,0.5406415564014835
UCB1_0.1,669,0.5393940298507457,0.5379811987212885,0.5408068609802029
UCB1_0.1,670,0.5395439642324883,0.5381317723485434,0.5409561561164332
UCB1_0.1,671,0.5396636904761901,0.5382516100087025,0.5410757709436778
UCB1_0.1,672,0.539812778603269,0.5384021859897515,0.5412233712167865
UCB1_0.1,673,0.5399287833827862,0.5385163625247984,0.5413412042407739
UCB1_0.1,674,0.540074074074074,0.5386651646618326,0.5414829834863155
UCB1_0.1,675,0.5402189349112427,0.5388093033955172,0.5416285664269682
UCB1_0.1,676,0.540316100443131,0.538904220456878,0.5417279804293841
UCB1_0.1,677,0.5404454277286138,0.5390315474595823,0.5418593079976454
UCB1_0.1,678,0.5405213549337259,0.5391071822588216,0.5419355276086302
UCB1_0.1,679,0.5406352941176477,0.5392244586957257,0.5420461295395697
UCB1_0.1,680,0.5407900146842874,0.5393744086905792,0.5422056206779957
UCB1_0.1,681,0.5409061583577717,0.5394880051940601,0.5423243115214832
UCB1_0.1,682,0.5409985358711563,0.539584030928254,0.5424130408140586
UCB1_0.1,683,0.5411491228070159,0.5397331795128568,0.5425650661011749
UCB1_0.1,684,0.5413138686131413,0.5398958480914577,0.542731889134825
UCB1_0.1,685,0.5414577259475216,0.540037167832388,0.5428782840626553
UCB1_0.1,686,0.5416069868995638,0.5401887809380288,0.5430251928610987
UCB1_0.1,687,0.5417383720930234,0.5403230178588602,0.5431537263271867
UCB1_0.1,688,0.5418577648766333,0.5404422573934946,0.543273272359772
UCB1_0.1,689,0.5419565217391292,0.540537362303997,0.5433756811742615
UCB1_0.1,690,0.5420578871201159,0.5406397200038023,0.5434760542364295
UCB1_0.1,691,0.5422456647398834,0.5408327231464168,0.5436586063333501
UCB1_0.1,692,0.5424098124098121,0.540993247776804,0.5438263770428202
UCB1_0.1,693,0.5425158501440928,0.541101642747162,0.5439300575410235
UCB1_0.1,694,0.5426215827338133,0.5412054814754087,0.544037683992218
UCB1_0.1,695,0.5427356321839079,0.541321277036037,0.5441499873317787
UCB1_0.1,696,0.5428407460545194,0.5414229778063151,0.5442585143027237
UCB1_0.1,697,0.5429971346704874,0.5415790252571159,0.5444152440838589
UCB1_0.1,698,0.5431473533619454,0.5417323382620972,0.5445623684617936
UCB1_0.1,699,0.5433057142857143,0.5418919035854746,0.544719524985954
UCB1_0.1,700,0.5434322396576319,0.5420174988638634,0.5448469804514003
UCB1_0.1,701,0.5435441595441596,0.5421272255775045,0.5449610935108147
UCB1_0.1,702,0.5436358463726888,0.5422212602225074,0.5450504325228702
UCB1_0.1,703,0.5437642045454543,0.5423471434826201,0.5451812656082884
UCB1_0.1,704,0.5438638297872334,0.5424438924756295,0.5452837670988372
UCB1_0.1,705,0.5439518413597746,0.542536090794136,0.5453675919254132
UCB1_0.1,706,0.544067892503536,0.5426520946925956,0.5454836903144765
UCB1_0.1,707,0.5442288135593213,0.5428147018770586,0.545642925241584
UCB1_0.1,708,0.5443272214386464,0.5429166266472034,0.5457378162300894
UCB1_0.1,709,0.5444816901408451,0.5430806676684015,0.5458827126132888
UCB1_0.1,710,0.5445541490857941,0.5431518188283266,0.5459564793432616
UCB1_0.1,711,0.5447303370786526,0.5433288133569087,0.5461318608003964
UCB1_0.1,712,0.5448892005610096,0.5434819537577356,0.5462964473642837
UCB1_0.1,713,0.5450196078431377,0.5436106974842851,0.5464285182019903
UCB1_0.1,714,0.5450881118881123,0.5436774409823278,0.5464987827938969
UCB1_0.1,715,0.5451843575418995,0.54377685802138,0.5465918570624191
UCB1_0.1,716,0.5453138075313805,0.5439059194278979,0.5467216956348631
UCB1_0.1,717,0.5453788300835656,0.5439690556758402,0.546788604491291
UCB1_0.1,718,0.545488178025035,0.5440797705876171,0.5468965854624529
UCB1_0.1,719,0.5456249999999998,0.5442214663262237,0.5470285336737759
UCB1_0.1,720,0.5457891816920944,0.5443868430584685,0.5471915203257204
UCB1_0.1,721,0.5459058171745155,0.5445071015021764,0.5473045328468545
UCB1_0.1,722,0.5460497925311207,0.5446504184523008,0.5474491666099407
UCB1_0.1,723,0.5461629834254146,0.544766023874974,0.5475599429758552
UCB1_0.1,724,0.5462868965517242,0.5448916186051187,0.5476821744983298
UCB1_0.1,725,0.5464269972451791,0.5450343702899936,0.5478196242003646
UCB1_0.1,726,0.5466134800550211,0.5452180952934381,0.548008864816604
UCB1_0.1,727,0.5467115384615387,0.5453189854386874,0.5481040914843901
UCB1_0.1,728,0.5468395061728396,0.5454461434571467,0.5482328688885325
UCB1_0.1,729,0.5470054794520546,0.5456120193610511,0.5483989395430581
UCB1_0.1,730,0.5471409028727768,0.5457512397938437,0.54853056595171
UCB1_0.1,731,0.5472896174863388,0.5459033126745078,0.5486759222981697
UCB1_0.1,732,0.5474324693042298,0.5460500877514808,0.5488148508569789
UCB1_0.1,733,0.5474713896457768,0.5460867805068599,0.5488559987846937
UCB1_0.1,734,0.5475972789115648,0.5462149758033874,0.5489795820197423
UCB1_0.1,735,0.5477309782608695,0.5463516689509115,0.5491102875708275
UCB1_0.1,736,0.5478724559023062,0.5464940852705324,0.5492508265340799
UCB1_0.1,737,0.5479647696476962,0.5465893293466246,0.5493402099487679
UCB1_0.1,738,0.5481055480378891,0.546727154334337,0.5494839417414412
UCB1_0.1,739,0.5482702702702708,0.5468895475042261,0.5496509930363154
UCB1_0.1,740,0.5483886639676113,0.5470042046148843,0.5497731233203383
UCB1_0.1,741,0.5484824797843665,0.5470947778907613,0.5498701816779716
UCB1_0.1,742,0.5485868102288026,0.5472017275554794,0.5499718929021259
UCB1_0.1,743,0.5487311827956993,0.5473438330920827,0.550118532499316
UCB1_0.1,744,0.5488187919463087,0.5474314104063679,0.5502061734862495
UCB1_0.1,745,0.5489517426273456,0.5475658985103996,0.5503375867442916
UCB1_0.1,746,0.5491137884872825,0.5477270958266262,0.5505004811479389
UCB1_0.1,747,0.5492272727272731,0.5478435190660739,0.5506110263884724
UCB1_0.1,748,0.5493137516688917,0.5479279602426039,0.5506995430951795
UCB1_0.1,749,0.5494133333333338,0.5480227081702476,0.5508039584964199
UCB1_0.1,750,0.5495312916111846,0.5481388744965254,0.5509237087258438
UCB1_0.1,751,0.5496542553191487,0.5482674856877437,0.5510410249505536
UCB1_0.1,752,0.5497981407702522,0.5484124600906745,0.55118382144983
UCB1_0.1,753,0.5499336870026554,0.5485498171664845,0.5513175568388263
UCB1_0.1,754,0.5500079470198678,0.5486271666151633,0.5513887274245722
UCB1_0.1,755,0.5501587301587303,0.5487825574001363,0.5515349029173243
UCB1_0.1,756,0.550243064729194,0.5488699653807959,0.5516161640775922
UCB1_0.1,757,0.5503218997361474,0.548941717620042,0.5517020818522529
UCB1_0.1,758,0.550463768115942,0.5490837594596112,0.5518437767722728
UCB1_0.1,759,0.550544736842105,0.5491659261052413,0.5519235475789688
UCB1_0.1,760,0.5506649145860705,0.5492874414689719,0.552042387703169
UCB1_0.1,761,0.5508320209973725,0.5494545911263411,0.5522094508684039
UCB1_0.1,762,0.5509436435124508,0.5495658583686854,0.5523214286562163
UCB1_0.1,763,0.551041884816754,0.5496608756464797,0.5524228939870283
UCB1_0.1,764,0.5511581699346407,0.5497775383235501,0.5525388015457313
UCB1_0.1,765,0.5513133159268925,0.5499304538297901,0.5526961780239948
UCB1_0.1,766,0.5514132985658403,0.5500330295334519,0.5527935675982287
UCB1_0.1,767,0.5515104166666662,0.5501291224912249,0.5528917108421075
UCB1_0.1,768,0.5516124837451237,0.5502283340732471,0.5529966334170003
UCB1_0.1,769,0.5517506493506489,0.5503662933085475,0.5531350053927503
UCB1_0.1,770,0.5518651102464333,0.5504801492726661,0.5532500712202004
UCB1_0.1,771,0.5519740932642487,0.5505899984411154,0.553358188087382
UCB1_0.1,772,0.5520646830530397,0.5506820951793949,0.5534472709266844
UCB1_0.1,773,0.5521757105943125,0.5507943550897396,0.5535570660988853
UCB1_0.1,774,0.5523122580645164,0.550934248162238,0.5536902679667949
UCB1_0.1,775,0.5524510309278355,0.5510693594031161,0.553832702452555
UCB1_0.1,776,0.5525431145431144,0.5511602740256464,0.5539259550605825
UCB1_0.1,777,0.5526940874035988,0.5513111456463868,0.5540770291608108
UCB1_0.1,778,0.5528215661103977,0.5514398664758701,0.5542032657449253
UCB1_0.1,779,0.5529102564102568,0.5515271178420107,0.5542933949785029
UCB1_0.1,780,0.5530678617157493,0.5516864485207869,0.5544492749107117
UCB1_0.1,781,0.5531304347826085,0.5517488521785562,0.5545120173866608
UCB1_0.1,782,0.5531902937420179,0.5518075919395019,0.5545729955445339
UCB1_0.1,783,0.5533010204081632,0.5519188630662387,0.5546831777500877
UCB1_0.1,784,0.5533579617834394,0.5519713616922364,0.5547445618746425
UCB1_0.1,785,0.5534783715012723,0.5520955714005433,0.5548611716020013
UCB1_0.1,786,0.5535628970775095,0.5521771394613256,0.5549486546936934
UCB1_0.1,787,0.5536979695431465,0.5523150229601386,0.5550809161261545
UCB1_0.1,788,0.5537845373890994,0.5524041653373433,0.5551649094408555
UCB1_0.1,789,0.5538987341772151,0.5525160545001145,0.5552814138543157
UCB1_0.1,790,0.5540581542351458,0.5526729665017043,0.5554433419685874
UCB1_0.1,791,0.5541616161616161,0.5527753379311896,0.5555478943920426
UCB1_0.1,792,0.5543076923076924,0.5529242924570119,0.5556910921583729
UCB1_0.1,793,0.5544005037783364,0.553017986012893,0.5557830215437798
UCB1_0.1,794,0.5545232704402518,0.5531400153611128,0.5559065255193909
UCB1_0.1,795,0.5546507537688443,0.5532643739164902,0.5560371336211984
UCB1_0.1,796,0.5547327478042663,0.5533485928023926,0.55611690280614
UCB1_0.1,797,0.5548195488721809,0.5534384829481416,0.5562006147962202
UCB1_0.1,798,0.5549536921151437,0.5535727991264067,0.5563345851038807
UCB1_0.1,799,0.5551074999999993,0.5537243395875839,0.5564906604124147
UCB1_0.1,800,0.5552159800249682,0.553830922989673,0.5566010370602634
UCB1_0.1,801,0.5553117206982541,0.5539269361653867,0.5566965052311215
UCB1_0.1,802,0.555454545454545,0.5540649285802446,0.5568441623288454
UCB1_0.1,803,0.5555621890547265,0.5541752477428433,0.5569491303666098
UCB1_0.1,804,0.5556770186335404,0.5542903722178864,0.5570636650491944
UCB1_0.1,805,0.5557642679900742,0.5543787196753674,0.5571498163047809
UCB1_0.1,806,0.5558513011152416,0.5544664717533528,0.5572361304771304
UCB1_0.1,807,0.5559653465346531,0.5545784389868621,0.5573522540824442
UCB1_0.1,808,0.5560642768850435,0.5546737624277929,0.557454791342294
UCB1_0.1,809,0.5561234567901226,0.5547315147696746,0.5575153988105707
UCB1_0.1,810,0.5561898890258943,0.554794919899757,0.5575848581520315
UCB1_0.1,811,0.5562709359605914,0.5548779025359901,0.5576639693851927
UCB1_0.1,812,0.5563345633456335,0.5549484229835644,0.5577207037077025
UCB1_0.1,813,0.5564226044226049,0.5550359496768436,0.5578092591683663
UCB1_0.1,814,0.5565766871165644,0.55519215612308,0.5579612181100487
UCB1_0.1,815,0.5567034313725489,0.5553218551833756,0.5580850075617221
UCB1_0.1,816,0.5567931456548348,0.5554133236089541,0.5581729677007156
UCB1_0.1,817,0.5569193154034233,0.5555378431159016,0.558300787690945
UCB1_0.1,818,0.5570427350427349,0.5556626664268538,0.5584228036586161
UCB1_0.1,819,0.5571658536585367,0.5557832459440861,0.5585484613729872
UCB1_0.1,820,0.5572813641900127,0.5559008351427857,0.5586618932372398
UCB1_0.1,821,0.5573868613138689,0.5560096935137411,0.5587640291139968
UCB1_0.1,822,0.5575309842041306,0.5561530687578418,0.5589088996504195
UCB1_0.1,823,0.5576577669902919,0.556280481945892,0.5590350520346918
UCB1_0.1,824,0.5577527272727272,0.556376574080696,0.5591288804647584
UCB1_0.1,825,0.5578595641646494,0.5564833375145231,0.5592357908147758
UCB1_0.1,826,0.5579975816203142,0.5566223151383151,0.5593728481023134
UCB1_0.1,827,0.5581038647342986,0.556729878315323,0.5594778511532743
UCB1_0.1,828,0.5581616405307596,0.5567887669772336,0.5595345140842856
UCB1_0.1,829,0.5582578313253012,0.5568837243770025,0.5596319382735998
UCB1_0.1,830,0.5583537906137178,0.5569778032203994,0.5597297780070363
UCB1_0.1,831,0.5584831730769231,0.5571046496313197,0.5598616965225265
UCB1_0.1,832,0.5586026410564227,0.5572260984547484,0.559979183658097
UCB1_0.1,833,0.5587338129496402,0.5573581016044391,0.5601095242948413
UCB1_0.1,834,0.558838323353293,0.5574639648593341,0.5602126818472518
UCB1_0.1,835,0.5589401913875586,0.5575650643101578,0.5603153184649593
UCB1_0.1,836,0.5590537634408601,0.5576783129135555,0.5604292139681647
UCB1_0.1,837,0.5592124105011943,0.5578368118639274,0.5605880091384612
UCB1_0.1,838,0.5593349225268168,0.5579611589866422,0.5607086860669914
UCB1_0.1,839,0.5594404761904759,0.5580683376505354,0.5608126147304163
UCB1_0.1,840,0.5595671819262784,0.5581959457128888,0.560938418139668
UCB1_0.1,841,0.5597078384798094,0.5583360674849881,0.5610796094746308
UCB1_0.1,842,0.5597935943060496,0.558422935778597,0.5611642528335021
UCB1_0.1,843,0.5599028436018972,0.5585320676341208,0.5612736195696737
UCB1_0.1,844,0.5600284023668641,0.5586614901275223,0.561395314606206
UCB1_0.1,845,0.5601749408983451,0.5588061283640428,0.5615437534326474
UCB1_0.1,846,0.560318772136954,0.5589517390841882,0.5616858051897199
UCB1_0.1,847,0.560450471698113,0.559084849002701,0.5618160943935251
UCB1_0.1,848,0.5605606595995284,0.5591934872471847,0.5619278319518721
UCB1_0.1,849,0.5606658823529413,0.5593003469199131,0.5620314177859695
UCB1_0.1,850,0.5607732079905996,0.5594105527514396,0.5621358632297596
UCB1_0.1,851,0.5608967136150236,0.5595312231790374,0.5622622040510098
UCB1_0.1,852,0.5609894490035177,0.5596234242607528,0.5623554737462825
UCB1_0.1,853,0.5610889929742388,0.5597220183727635,0.562455967575714
UCB1_0.1,854,0.5611859649122803,0.5598218766285451,0.5625500531960156
UCB1_0.1,855,0.561257009345794,0.5598946746426139,0.5626193440489742
UCB1_0.1,856,0.5613745624270705,0.5600120372013073,0.5627370876528337
UCB1_0.1,857,0.5614918414918417,0.5601249466881779,0.5628587362955055
UCB1_0.1,858,0.5615739231664729,0.5602102868019915,0.5629375595309544
UCB1_0.1,859,0.5616744186046516,0.5603090396632797,0.5630397975460235
UCB1_0.1,860,0.5617816492450638,0.5604187931853845,0.5631445053047431
UCB1_0.1,861,0.5618607888631052,0.560497875915979,0.5632237018102314
UCB1_0.1,862,0.5619606025492468,0.5605955979822324,0.5633256071162613
UCB1_0.1,863,0.5620578703703708,0.5606920995879618,0.5634236411527798
UCB1_0.1,864,0.5622011560693639,0.5608393364135286,0.5635629757251993
UCB1_0.1,865,0.5622863741339488,0.560925052729641,0.5636476955382566
UCB1_0.1,866,0.5624267589388691,0.5610677828659655,0.5637857350117726
UCB1_0.1,867,0.5625737327188951,0.5612165602573516,0.5639309051804386
UCB1_0.1,868,0.5626996547756047,0.5613447421441501,0.5640545674070593
UCB1_0.1,869,0.5627816091954021,0.5614297360780505,0.5641334823127537
UCB1_0.1,870,0.56286337543054,0.5615113349651866,0.5642154158958934
UCB1_0.1,871,0.5629633027522933,0.5616155395783223,0.5643110659262643
UCB1_0.1,872,0.5630492554410081,0.5617019505741828,0.5643965603078335
UCB1_0.1,873,0.5631304347826088,0.561782393795183,0.5644784757700346
UCB1_0.1,874,0.5632045714285724,0.5618586665190756,0.5645504763380692
UCB1_0.1,875,0.5632922374429221,0.5619489093328338,0.5646355655530104
UCB1_0.1,876,0.5633865450399088,0.5620451849944197,0.5647279050853979
UCB1_0.1,877,0.5635353075170838,0.5621931388627317,0.5648774761714359
UCB1_0.1,878,0.5636359499431169,0.562295008877395,0.5649768910088389
UCB1_0.1,879,0.5637386363636362,0.5623967423975306,0.5650805303297418
UCB1_0.1,880,0.5638592508513053,0.5625209369768115,0.5651975647257991
UCB1_0.1,881,0.5639750566893409,0.562634496876763,0.5653156165019187
UCB1_0.1,882,0.5640407701019251,0.5627020633964376,0.5653794768074126
UCB1_0.1,883,0.5641244343891402,0.5627851450737608,0.5654637237045196
UCB1_0.1,884,0.5642418079096053,0.5629075439447639,0.5655760718744467
UCB1_0.1,885,0.5643544018058688,0.5630195225551917,0.5656892810565459
UCB1_0.1,886,0.5644599774520864,0.563127743499108,0.5657922114050649
UCB1_0.1,887,0.564599099099098,0.5632683343027832,0.5659298638954128
UCB1_0.1,888,0.56468616422947,0.5633539593192897,0.5660183691396504
UCB1_0.1,889,0.5647685393258409,0.563434245194448,0.5661028334572339
UCB1_0.1,890,0.5648754208754201,0.5635384024384776,0.5662124393123625
UCB1_0.1,891,0.5649618834080712,0.5636280475571401,0.5662957192590022
UCB1_0.1,892,0.5651153415453526,0.5637803607868502,0.566450322303855
UCB1_0.1,893,0.5652371364653238,0.5639040021775291,0.5665702707531185
UCB1_0.1,894,0.5653474860335188,0.5640136508591355,0.5666813212079022
UCB1_0.1,895,0.5654933035714282,0.5641579408788855,0.566828666263971
UCB1_0.1,896,0.5655986622073578,0.5642592613924143,0.5669380630223012
UCB1_0.1,897,0.5657126948775048,0.564377139345616,0.5670482504093936
UCB1_0.1,898,0.5658331479421588,0.5645040488774055,0.5671622470069121
UCB1_0.1,899,0.5659466666666667,0.5646179139105942,0.5672754194227392
UCB1_0.1,900,0.5660643729189788,0.5647371116069865,0.5673916342309712
UCB1_0.1,901,0.5661906873614185,0.564858244697511,0.5675231300253261
UCB1_0.1,902,0.5663344407530441,0.56499998951676,0.5676688919893281
UCB1_0.1,903,0.5664048672566374,0.5650690643810301,0.5677406701322447
UCB1_0.1,904,0.5665259668508292,0.5651928012194112,0.5678591324822473
UCB1_0.1,905,0.5666114790286977,0.5652824217582048,0.5679405362991906
UCB1_0.1,906,0.5667453142227126,0.5654171829430732,0.568073445502352
UCB1_0.1,907,0.5668348017621141,0.5655096302337971,0.5681599732904311
UCB1_0.1,908,0.5669570957095713,0.5656293335884902,0.5682848578306524
UCB1_0.1,909,0.5670505494505499,0.5657234046965964,0.5683776942045033
UCB1_0.1,910,0.5671701427003294,0.5658431350314497,0.5684971503692091
UCB1_0.1,911,0.567287280701754,0.5659590253557042,0.5686155360478039
UCB1_0.1,912,0.567384446878423,0.5660570983984793,0.5687117953583668
UCB1_0.1,913,0.5674770240700214,0.5661481764741237,0.5688058716659191
UCB1_0.1,914,0.5675628415300541,0.566235259629912,0.5688904234301962
UCB1_0.1,915,0.5677030567685585,0.5663775949932612,0.5690285185438557
UCB1_0.1,916,0.5678015267175575,0.5664764598113953,0.5691265936237196
UCB1_0.1,917,0.5678583877995648,0.566532764864485,0.5691840107346445
UCB1_0.1,918,0.5680021762785636,0.5666721080320829,0.5693322445250444
UCB1_0.1,919,0.5681065217391305,0.5667790119069117,0.5694340315713492
UCB1_0.1,920,0.5682019543973943,0.5668735938389933,0.5695303149557953
UCB1_0.1,921,0.5683275488069417,0.5669964634067162,0.5696586342071672
UCB1_0.1,922,0.5684420368364035,0.5671093034089931,0.5697747702638138
UCB1_0.1,923,0.5685432900432901,0.5672099346442444,0.5698766454423357
UCB1_0.1,924,0.5686378378378377,0.5673027814257738,0.5699728942499016
UCB1_0.1,925,0.5687602591792658,0.5674237174658641,0.5700968008926675
UCB1_0.1,926,0.568908306364617,0.5675719230553002,0.5702446896739337
UCB1_0.1,927,0.5689762931034483,0.5676388918566061,0.5703136943502906
UCB1_0.1,928,0.5690785791173303,0.5677413967251204,0.5704157615095402
UCB1_0.1,929,0.5691978494623655,0.5678634351254385,0.5705322637992926
UCB1_0.1,930,0.5693018259935554,0.5679686620216834,0.5706349899654274
UCB1_0.1,931,0.5693991416309003,0.5680676543583951,0.5707306289034055
UCB1_0.1,932,0.5694941050375137,0.5681608233323626,0.5708273867426649
UCB1_0.1,933,0.5695952890792291,0.5682627914944163,0.5709277866640419
UCB1_0.1,934,0.5697090909090907,0.568373539375999,0.5710446424421824
UCB1_0.1,935,0.5698226495726499,0.5684883063579153,0.5711569927873846
UCB1_0.1,936,0.5699252934898623,0.5685919832454207,0.5712586037343039
UCB1_0.1,937,0.570038379530917,0.5687062280210238,0.5713705310408101
UCB1_0.1,938,0.5701490947816829,0.5688190132788933,0.5714791762844724
UCB1_0.1,939,0.5702978723404252,0.5689689943546322,0.5716267503262181
UCB1_0.1,940,0.5703783209351755,0.5690492536960559,0.5717073881742951
UCB1_0.1,941,0.570481953290871,0.5691527170221936,0.5718111895595485
UCB1_0.1,942,0.5706129374337221,0.5692853536653798,0.5719405212020644
UCB1_0.1,943,0.5706800847457627,0.5693530592335159,0.5720071102580095
UCB1_0.1,944,0.5707703703703696,0.5694401968755657,0.5721005438651735
UCB1_0.1,945,0.5708689217758979,0.5695386884174849,0.5721991551343109
UCB1_0.1,946,0.5710052798310453,0.5696717204085098,0.5723388392535809
UCB1_0.1,947,0.5710991561181431,0.5697654707534202,0.572432841482866
UCB1_0.1,948,0.5711865121180181,0.5698540381361048,0.5725189860999313
UCB1_0.1,949,0.5712694736842099,0.5699371381699224,0.5726018091984973
UCB1_0.1,950,0.5713606729758149,0.5700297642205078,0.5726915817311221
UCB1_0.1,951,0.5714642857142855,0.5701335062372326,0.5727950651913385
UCB1_0.1,952,0.5715865687303252,0.5702571095575067,0.5729160279031437
UCB1_0.1,953,0.571729559748427,0.5703984772690599,0.5730606422277941
UCB1_0.1,954,0.5718554973821985,0.5705236583334569,0.5731873364309402
UCB1_0.1,955,0.5719560669456066,0.570623120006506,0.5732890138847073
UCB1_0.1,956,0.5721024033437823,0.5707665882379854,0.5734382184495791
UCB1_0.1,957,0.5722442588726512,0.5709084938791307,0.5735800238661717
UCB1_0.1,958,0.5723899895724707,0.5710563390284111,0.5737236401165302
UCB1_0.1,959,0.5724458333333333,0.5711103537151565,0.5737813129515101
UCB1_0.1,960,0.5725390218522375,0.5712065130955869,0.5738715306088881
UCB1_0.1,961,0.5726611226611216,0.571330148731889,0.5739920965903541
UCB1_0.1,962,0.5727497403945981,0.5714180628385341,0.5740814179506621
UCB1_0.1,963,0.5728132780082993,0.5714806532809777,0.5741459027356208
UCB1_0.1,964,0.572895336787565,0.5715626638206264,0.5742280097545036
UCB1_0.1,965,0.5730082815734991,0.571675088106552,0.5743414750404463
UCB1_0.1,966,0.5731209927611173,0.5717876969937472,0.5744542885284873
UCB1_0.1,967,0.5732665289256194,0.5719345267019194,0.5745985311493194
UCB1_0.1,968,0.5733766769865842,0.5720412405269404,0.5747121134462281
UCB1_0.1,969,0.573492783505155,0.5721595291430089,0.574826037867301
UCB1_0.1,970,0.5736045314109165,0.5722693313016649,0.5749397315201681
UCB1_0.1,971,0.573695473251029,0.5723590240554601,0.5750319224465978
UCB1_0.1,972,0.5737841726618705,0.5724462672533795,0.5751220780703615
UCB1_0.1,973,0.5738788501026694,0.5725411970269201,0.5752165031784187
UCB1_0.1,974,0.5739425641025645,0.5726037493025351,0.5752813789025939
UCB1_0.1,975,0.5740553278688526,0.5727160504122825,0.5753946053254227
UCB1_0.1,976,0.574159672466735,0.5728213223014058,0.5754980226320643
UCB1_0.1,977,0.5742617586912064,0.5729224379904321,0.5756010793919808
UCB1_0.1,978,0.5743718079673139,0.5730312035388236,0.5757124123958042
UCB1_0.1,979,0.5744816326530612,0.5731431923919119,0.5758200729142104
UCB1_0.1,980,0.5746014271151884,0.5732645779674221,0.5759382762629546
UCB1_0.1,981,0.5747209775967405,0.5733843351321165,0.5760576200613644
UCB1_0.1,982,0.5747995930824007,0.5734650486800317,0.5761341374847697
UCB1_0.1,983,0.574867886178861,0.5735333214177938,0.5762024509399282
UCB1_0.1,984,0.5749441624365483,0.5736112486932419,0.5762770761798548
UCB1_0.1,985,0.5750405679513184,0.5737073529214691,0.5763737829811677
UCB1_0.1,986,0.575132725430598,0.5738018353405839,0.5764636155206121
UCB1_0.1,987,0.5752287449392715,0.5738928519394219,0.576564637939121
UCB1_0.1,988,0.5753710819009109,0.5740347228707695,0.5767074409310523
UCB1_0.1,989,0.5754969696969698,0.5741619628779516,0.576831976515988
UCB1_0.1,990,0.5756165489404639,0.5742834463901305,0.5769496514907972
UCB1_0.1,991,0.5756552419354839,0.574321647007258,0.5769888368637098
UCB1_0.1,992,0.5757220543806603,0.5743881460534068,0.5770559627079137
UCB1_0.1,993,0.575826961770624,0.5744946863932627,0.5771592371479852
UCB1_0.1,994,0.5759115577889449,0.5745806407794738,0.577242474798416
UCB1_0.1,995,0.5760080321285138,0.5746780037470516,0.577338060509976
UCB1_0.1,996,0.5760942828485452,0.5747657410519942,0.5774228246450963
UCB1_0.1,997,0.5761923847695386,0.5748626770551941,0.5775220924838831
UCB1_0.1,998,0.5762902902902901,0.5749592050290588,0.5776213755515214
UCB1_0.1,999,0.5763879999999997,0.5750552350739022,0.5777207649260971
UCB1_0.1,1000,0.5764555444555441,0.5751214777693682,0.5777896111417201
UCB1_0.1,1001,0.5765548902195609,0.5752219830337139,0.5778877974054079
UCB1_0.1,1002,0.5766440677966093,0.5753117099226933,0.5779764256705252
UCB1_0.1,1003,0.5767171314741036,0.5753864182827821,0.5780478446654251
UCB1_0.1,1004,0.5768378109452735,0.5755058977551821,0.5781697241353649
UCB1_0.1,1005,0.5769423459244526,0.5756116193073616,0.5782730725415436
UCB1_0.1,1006,0.5770486593843104,0.5757200555015796,0.5783772632670412
UCB1_0.1,1007,0.5771388888888894,0.5758098568032466,0.5784679209745323
UCB1_0.1,1008,0.5772150644202183,0.5758796561370092,0.5785504727034274
UCB1_0.1,1009,0.5773128712871287,0.5759784098908897,0.5786473326833678
UCB1_0.1,1010,0.5773946587537097,0.5760614187706383,0.578727898736781
UCB1_0.1,1011,0.5775098814229245,0.5761754640627931,0.5788442987830559
UCB1_0.1,1012,0.5776347482724572,0.576299846131808,0.5789696504131064
UCB1_0.1,1013,0.5777258382642997,0.5763930272347207,0.5790586492938786
UCB1_0.1,1014,0.5778088669950738,0.5764772960661007,0.579140437924047
UCB1_0.1,1015,0.5778877952755925,0.5765542462919883,0.5792213442591968
UCB1_0.1,1016,0.5780058997050145,0.5766702812228389,0.57934151818719
UCB1_0.1,1017,0.578115913555992,0.5767795327338859,0.5794522943780981
UCB1_0.1,1018,0.5782237487733073,0.5768849405877831,0.5795625569588315
UCB1_0.1,1019,0.5782823529411759,0.5769467978614228,0.579617908020929
UCB1_0.1,1020,0.5783956904995108,0.5770622536992478,0.5797291272997738
UCB1_0.1,1021,0.5785029354207459,0.5771695842555333,0.5798362865859585
UCB1_0.1,1022,0.578609970674486,0.5772755994250486,0.5799443419239235
UCB1_0.1,1023,0.57874609375,0.5774116157794532,0.5800805717205467
UCB1_0.1,1024,0.5788409756097556,0.5775074172079713,0.5801745340115398
UCB1_0.1,1025,0.578929824561402,0.5775961859888296,0.5802634631339744
UCB1_0.1,1026,0.5790029211295039,0.5776693714225408,0.580336470836467
UCB1_0.1,1027,0.5791031128404678,0.5777704410978008,0.5804357845831347
UCB1_0.1,1028,0.5792069970845479,0.577876103555198,0.5805378906138978
UCB1_0.1,1029,0.5792815533980578,0.5779483100568199,0.5806147967392956
UCB1_0.1,1030,0.5793734238603301,0.578040304986324,0.5807065427343362
UCB1_0.1,1031,0.5794554263565919,0.5781259472543787,0.580784905458805
UCB1_0.1,1032,0.5795682478218782,0.5782377590290682,0.5808987366146883
UCB1_0.1,1033,0.5796653771760155,0.5783290279559306,0.5810017263961005
UCB1_0.1,1034,0.5797565217391301,0.5784221324990013,0.5810909109792588
UCB1_0.1,1035,0.5798262548262552,0.5784886836416109,0.5811638260108994
UCB1_0.1,1036,0.5799286403085829,0.5785900599233418,0.5812672206938241
UCB1_0.1,1037,0.5800211946050102,0.5786800592331113,0.5813623299769092
UCB1_0.1,1038,0.5801308950914337,0.5787892465379381,0.5814725436449293
UCB1_0.1,1039,0.5802096153846145,0.5788692175498575,0.5815500132193714
UCB1_0.1,1040,0.5803035542747356,0.5789637876791254,0.5816433208703458
UCB1_0.1,1041,0.5803934740882918,0.5790562166821897,0.5817307314943939
UCB1_0.1,1042,0.5804793863854265,0.5791432169778473,0.5818155557930057
UCB1_0.1,1043,0.5805996168582379,0.5792639806855924,0.5819352530308834
UCB1_0.1,1044,0.5807177033492821,0.5793835914803723,0.5820518152181918
UCB1_0.1,1045,0.5808240917782027,0.5794886901661221,0.5821594933902833
UCB1_0.1,1046,0.5809245463228278,0.5795914529016846,0.5822576397439709
UCB1_0.1,1047,0.5810000000000003,0.5796673698137642,0.5823326301862364
UCB1_0.1,1048,0.5810943755958055,0.5797615506878562,0.5824272005037547
UCB1_0.1,1049,0.581177142857143,0.5798465448936607,0.5825077408206252
UCB1_0.1,1050,0.5812540437678401,0.5799218959853994,0.5825861915502807
UCB1_0.1,1051,0.5813479087452476,0.5800134977505559,0.5826823197399392
UCB1_0.1,1052,0.581460588793922,0.5801317099967265,0.5827894675911176
UCB1_0.1,1053,0.5815578747628077,0.5802327859910866,0.5828829635345288
UCB1_0.1,1054,0.5816758293838865,0.5803494461649478,0.5830022126028253
UCB1_0.1,1055,0.5817859848484845,0.5804591128212084,0.5831128568757606
UCB1_0.1,1056,0.5818372753074779,0.5805094306162266,0.5831651199987291
UCB1_0.1,1057,0.5819395085066162,0.5806118431644997,0.5832671738487328
UCB1_0.1,1058,0.5820377714825308,0.5807105372607069,0.5833650057043547
UCB1_0.1,1059,0.5821490566037735,0.5808209452120366,0.5834771679955103
UCB1_0.1,1060,0.58226013195099,0.5809302533629201,0.5835900105390599
UCB1_0.1,1061,0.5823521657250472,0.581020420613564,0.5836839108365305
UCB1_0.1,1062,0.5824703668861707,0.58113800630146,0.5838027274708815
UCB1_0.1,1063,0.5825281954887224,0.5811960671523139,0.5838603238251309
UCB1_0.1,1064,0.5826272300469483,0.581293835247235,0.5839606248466616
UCB1_0.1,1065,0.5827054409005633,0.5813746017725663,0.5840362800285603
UCB1_0.1,1066,0.5827553889409557,0.5814205311973026,0.5840902466846087
UCB1_0.1,1067,0.5828258426966298,0.5814891707440565,0.5841625146492032
UCB1_0.1,1068,0.5828999064546306,0.5815610755717537,0.5842387373375075
UCB1_0.1,1069,0.5830093457943919,0.5816687080987727,0.5843499834900111
UCB1_0.1,1070,0.583099906629318,0.5817597932923544,0.5844400199662816
UCB1_0.1,1071,0.5832220149253735,0.5818844778043576,0.5845595520463894
UCB1_0.1,1072,0.5833159366262817,0.5819771479360927,0.5846547253164707
UCB1_0.1,1073,0.5834040968342641,0.5820695304376957,0.5847386632308325
UCB1_0.1,1074,0.5835032558139532,0.5821661513954617,0.5848403602324448
UCB1_0.1,1075,0.583579925650558,0.5822455576999137,0.5849142936012024
UCB1_0.1,1076,0.5836490250696382,0.5823130053443508,0.5849850447949256
UCB1_0.1,1077,0.583766233766234,0.582429558534895,0.5851029089975731
UCB1_0.1,1078,0.5838591288229839,0.5825240149276468,0.5851942427183209
UCB1_0.1,1079,0.5839481481481481,0.5826111780583084,0.5852851182379878
UCB1_0.1,1080,0.5840684551341353,0.5827297165451636,0.585407193723107
UCB1_0.1,1081,0.5841460258780035,0.5828060862828146,0.5854859654731923
UCB1_0.1,1082,0.5842289935364721,0.5828907871904152,0.5855671998825289
UCB1_0.1,1083,0.5843173431734319,0.5829809438233645,0.5856537425234992
UCB1_0.1,1084,0.5844110599078342,0.5830758075202102,0.5857463122954581
UCB1_0.1,1085,0.5845046040515646,0.5831687880352,0.5858404200679291
UCB1_0.1,1086,0.5846053357865684,0.5832709614794263,0.5859397100937105
UCB1_0.1,1087,0.5846819852941176,0.5833495225343155,0.5860144480539198
UCB1_0.1,1088,0.5847438016528924,0.5834104376516759,0.586077165654109
UCB1_0.1,1089,0.5848587155963306,0.5835213081895133,0.5861961230031479
UCB1_0.1,1090,0.5849165902841431,0.5835801733073112,0.5862530072609751
UCB1_0.1,1091,0.5850128205128204,0.5836776970393575,0.5863479439862834
UCB1_0.1,1092,0.585114364135407,0.5837821864216842,0.5864465418491297
UCB1_0.1,1093,0.5851791590493602,0.5838464837232373,0.5865118343754832
UCB1_0.1,1094,0.5852675799086761,0.5839351595182057,0.5866000002991464
UCB1_0.1,1095,0.5853667883211677,0.584032401299217,0.5867011753431185
UCB1_0.1,1096,0.5854402917046491,0.5841087587362742,0.5867718246730239
UCB1_0.1,1097,0.5855282331511844,0.5841968431573666,0.5868596231450022
UCB1_0.1,1098,0.5856141947224744,0.5842821295202916,0.5869462599246573
UCB1_0.1,1099,0.5857199999999994,0.5843892106998683,0.5870507893001304
UCB1_0.1,1100,0.5858383287920068,0.5845096054066161,0.5871670521773975
UCB1_0.1,1101,0.5859255898366598,0.5845938718090927,0.5872573078642268
UCB1_0.1,1102,0.586018132366273,0.5846837530440911,0.5873525116884548
UCB1_0.1,1103,0.5861195652173914,0.5847847205126805,0.5874544099221023
UCB1_0.1,1104,0.5861972850678724,0.5848634444491333,0.5875311256866115
UCB1_0.1,1105,0.5862965641952981,0.5849641506969488,0.5876289776936473
UCB1_0.1,1106,0.5863775971093039,0.5850438160104608,0.587711378208147
UCB1_0.1,1107,0.5864584837545117,0.5851257822377663,0.5877911852712571
UCB1_0.1,1108,0.5865392245266009,0.5852055666734371,0.5878728823797646
UCB1_0.1,1109,0.5866612612612617,0.5853289194486453,0.5879936030738782
UCB1_0.1,1110,0.586750675067507,0.5854205795577527,0.5880807705772613
UCB1_0.1,1111,0.5868435251798563,0.5855131941305173,0.5881738562291953
UCB1_0.1,1112,0.5869398023360285,0.5856117489541984,0.5882678557178586
UCB1_0.1,1113,0.5870323159784566,0.5857041145733818,0.5883605173835315
UCB1_0.1,1114,0.5871156950672646,0.5857867726298369,0.5884446175046922
UCB1_0.1,1115,0.587222222222222,0.5858926474202601,0.5885517970241838
UCB1_0.1,1116,0.587312444046553,0.5859836071745884,0.5886412809185176
UCB1_0.1,1117,0.5873828264758495,0.5860566794809798,0.5887089734707192
UCB1_0.1,1118,0.5874316353887397,0.586104747461534,0.5887585233159454
UCB1_0.1,1119,0.5875125000000003,0.58618567069617,0.5888393293038306
UCB1_0.1,1120,0.5876306868867083,0.5863029045060772,0.5889584692673393
UCB1_0.1,1121,0.5876898395721918,0.5863629865925726,0.589016692551811
UCB1_0.1,1122,0.5877364203027605,0.5864112514258006,0.5890615891797204
UCB1_0.1,1123,0.5878790035587186,0.5865566471555457,0.5892013599618915
UCB1_0.1,1124,0.5879360000000002,0.5866167749291075,0.589255225070893
UCB1_0.1,1125,0.5880142095914743,0.5866954091818789,0.5893330100010697
UCB1_0.1,1126,0.588125998225377,0.5868074949751975,0.5894445014755566
UCB1_0.1,1127,0.5882375886524823,0.5869202265007464,0.5895549508042183
UCB1_0.1,1128,0.588340124003543,0.5870249217986242,0.5896553262084617
UCB1_0.1,1129,0.5884123893805306,0.5870974592813346,0.5897273194797267
UCB1_0.1,1130,0.5884350132626,0.5871199535617534,0.5897500729634465
UCB1_0.1,1131,0.5885494699646644,0.587236148801288,0.5898627911280407
UCB1_0.1,1132,0.5886531332744931,0.5873399672618881,0.5899662992870981
UCB1_0.1,1133,0.5887530864197538,0.5874409145553242,0.5900652582841833
UCB1_0.1,1134,0.5888387665198233,0.5875269917911782,0.5901505412484683
UCB1_0.1,1135,0.588917253521127,0.587605777792417,0.590228729249837
UCB1_0.1,1136,0.5889938434476689,0.5876801770656799,0.590307509829658
UCB1_0.1,1137,0.5890861159929697,0.5877749902057875,0.5903972417801518
UCB1_0.1,1138,0.5891834942932397,0.5878748748066364,0.590492113779843
UCB1_0.1,1139,0.5892894736842101,0.5879818473936427,0.5905970999747776
UCB1_0.1,1140,0.5894040315512713,0.5880947661017314,0.5907132970008112
UCB1_0.1,1141,0.5894991243432582,0.5881886004400534,0.5908096482464631
UCB1_0.1,1142,0.5895975503062121,0.5882897284226128,0.5909053721898113
UCB1_0.1,1143,0.5896923076923083,0.5883843231451154,0.5910002922395012
UCB1_0.1,1144,0.5897816593886471,0.5884758968088264,0.5910874219684679
UCB1_0.1,1145,0.5898813263525304,0.5885758093737781,0.5911868433312828
UCB1_0.1,1146,0.5899337401918048,0.5886278676839031,0.5912396126997065
UCB1_0.1,1147,0.5900313588850171,0.5887274950457483,0.591335222724286
UCB1_0.1,1148,0.590109660574412,0.5888051300738004,0.5914141910750237
UCB1_0.1,1149,0.5902121739130434,0.5889092339563401,0.5915151138697466
UCB1_0.1,1150,0.5902884448305815,0.5889851792261113,0.5915917104350518
UCB1_0.1,1151,0.5903541666666663,0.5890521830916114,0.5916561502417211
UCB1_0.1,1152,0.5904319167389419,0.5891316903948146,0.5917321430830692
UCB1_0.1,1153,0.5905233968804162,0.5892225217475872,0.5918242720132453
UCB1_0.1,1154,0.590593939393939,0.5892952726073364,0.5918926061805416
UCB1_0.1,1155,0.590704152249135,0.5894043926353935,0.5920039118628765
UCB1_0.1,1156,0.5908072601555746,0.5895065238138408,0.5921079964973084
UCB1_0.1,1157,0.5908998272884283,0.5896005246830144,0.5921991298938422
UCB1_0.1,1158,0.5909939603106122,0.5896948890448522,0.5922930315763723
UCB1_0.1,1159,0.5910896551724119,0.5897892936739072,0.5923900166709165
UCB1_0.1,1160,0.5911662360034446,0.5898655390504031,0.5924669329564862
UCB1_0.1,1161,0.591247848537005,0.5899451696751812,0.5925505273988287
UCB1_0.1,1162,0.5913293207222695,0.5900263496873547,0.5926322917571843
UCB1_0.1,1163,0.5914037800687288,0.590102986352776,0.5927045737846817
UCB1_0.1,1164,0.5915175965665238,0.5902159104785987,0.5928192826544489
UCB1_0.1,1165,0.5916106346483705,0.5903103157395174,0.5929109535572236
UCB1_0.1,1166,0.5916795201371031,0.5903810270053815,0.5929780132688247
UCB1_0.1,1167,0.5917363013698628,0.5904382063826291,0.5930343963570964
UCB1_0.1,1168,0.5918237810094096,0.590526755321113,0.5931208066977062
UCB1_0.1,1169,0.5919299145299148,0.5906336207768046,0.5932262082830251
UCB1_0.1,1170,0.5920529461998294,0.5907575753856256,0.5933483170140332
UCB1_0.1,1171,0.592146757679181,0.5908512273475023,0.5934422880108597
UCB1_0.1,1172,0.5922608695652171,0.5909660358565075,0.5935557032739266
UCB1_0.1,1173,0.592349233390119,0.5910514880415014,0.5936469787387366
UCB1_0.1,1174,0.5924493617021277,0.5911497218250805,0.5937490015791749
UCB1_0.1,1175,0.5925289115646278,0.5912255079135239,0.5938323152157318
UCB1_0.1,1176,0.5926100254885307,0.5913050381099592,0.5939150128671022
UCB1_0.1,1177,0.5926842105263154,0.5913785560133269,0.5939898650393038
UCB1_0.1,1178,0.5927718405428324,0.5914681805474375,0.5940755005382272
UCB1_0.1,1179,0.5928813559322034,0.5915779671542511,0.5941847447101556
UCB1_0.1,1180,0.5929602032176124,0.5916549541059907,0.5942654523292342
UCB1_0.1,1181,0.5930575296108295,0.5917520972169702,0.5943629620046887
UCB1_0.1,1182,0.5931749788672859,0.5918699817484961,0.5944799759860756
UCB1_0.1,1183,0.593258445945946,0.5919560842685024,0.5945608076233896
UCB1_0.1,1184,0.5933350210970463,0.5920336398212735,0.594636402372819
UCB1_0.1,1185,0.5934198988195613,0.5921170522675064,0.5947227453716161
UCB1_0.1,1186,0.5935400168491997,0.5922389342118622,0.5948410994865371
UCB1_0.1,1187,0.5936313131313126,0.592329836378223,0.5949327898844021
UCB1_0.1,1188,0.5937275021026072,0.5924249119825025,0.5950300922227119
UCB1_0.1,1189,0.593830252100841,0.5925286179219091,0.5951318862797728
UCB1_0.1,1190,0.5939160369437446,0.5926158469831259,0.5952162269043634
UCB1_0.1,1191,0.5939597315436244,0.5926610258852675,0.5952584372019812
UCB1_0.1,1192,0.5940352053646273,0.5927358134260675,0.595334597303187
UCB1_0.1,1193,0.5941407035175876,0.5928425981804845,0.5954388088546908
UCB1_0.1,1194,0.5942158995815905,0.5929189730690722,0.5955128260941088
UCB1_0.1,1195,0.5942709030100338,0.5929734664853944,0.5955683395346733
UCB1_0.1,1196,0.594337510442774,0.5930436067527867,0.5956314141327614
UCB1_0.1,1197,0.5944190317195324,0.5931232218895154,0.5957148415495493
UCB1_0.1,1198,0.5945137614678904,0.5932176241478865,0.5958098987878943
UCB1_0.1,1199,0.5946066666666666,0.5933083627839962,0.595904970549337
UCB1_0.1,1200,0.5946910907577027,0.5933925178087357,0.5959896637066696
UCB1_0.1,1201,0.5947520798668884,0.593454516397411,0.5960496433363658
UCB1_0.1,1202,0.5948428927680791,0.593546045962946,0.5961397395732122
UCB1_0.1,1203,0.5949318936877078,0.5936340836793284,0.5962297036960873
UCB1_0.1,1204,0.5950157676348544,0.5937162802079913,0.5963152550617176
UCB1_0.1,1205,0.5951111111111117,0.5938091381525527,0.5964130840696708
UCB1_0.1,1206,0.5951731565865784,0.5938747797426709,0.596471533430486
UCB1_0.1,1207,0.5952632450331123,0.5939663704959266,0.5965601195702981
UCB1_0.1,1208,0.5953614557485524,0.5940651889447806,0.5966577225523242
UCB1_0.1,1209,0.5954561983471074,0.5941596693498713,0.5967527273443435
UCB1_0.1,1210,0.5955590421139553,0.5942613513996926,0.5968567328282179
UCB1_0.1,1211,0.5956435643564362,0.594344019466462,0.5969431092464104
UCB1_0.1,1212,0.5957098103874691,0.5944117092616578,0.5970079115132804
UCB1_0.1,1213,0.5958039538714993,0.5945088655250994,0.5970990422178992
UCB1_0.1,1214,0.5958699588477364,0.5945744917997877,0.5971654258956851
UCB1_0.1,1215,0.5959638157894737,0.5946694714923303,0.597258160086617
UCB1_0.1,1216,0.5960838126540678,0.5947908765848431,0.5973767487232926
UCB1_0.1,1217,0.5961609195402301,0.5948672166071057,0.5974546224733545
UCB1_0.1,1218,0.5962477440525021,0.5949521736782002,0.5975433144268041
UCB1_0.1,1219,0.5963459016393449,0.5950477293665308,0.5976440739121589
UCB1_0.1,1220,0.5964275184275187,0.5951303275098963,0.5977247093451412
UCB1_0.1,1221,0.5965106382978723,0.5952140107174821,0.5978072658782625
UCB1_0.1,1222,0.5965641864268192,0.5952688644095077,0.5978595084441307
UCB1_0.1,1223,0.596660130718954,0.5953640136406497,0.5979562477972582
UCB1_0.1,1224,0.5967428571428577,0.5954477362356337,0.5980379780500816
UCB1_0.1,1225,0.5968564437194119,0.5955611536180216,0.5981517338208022
UCB1_0.1,1226,0.5969209453952732,0.5956257029783576,0.5982161878121888
UCB1_0.1,1227,0.5970097719869721,0.595713425007158,0.5983061189667863
UCB1_0.1,1228,0.5970984540276654,0.5958015832607839,0.5983953247945468
UCB1_0.1,1229,0.5971691056910571,0.5958712582184176,0.5984669531636966
UCB1_0.1,1230,0.5972445166531269,0.5959493482469086,0.5985396850593453
UCB1_0.1,1231,0.5973051948051948,0.5960109035381688,0.5985994860722209
UCB1_0.1,1232,0.5974047039740464,0.5961107139570604,0.5986986939910325
UCB1_0.1,1233,0.5974797406807132,0.5961856620963333,0.5987738192650931
UCB1_0.1,1234,0.597556275303644,0.5962597598423398,0.5988527907649481
UCB1_0.1,1235,0.5976731391585761,0.5963751968124754,0.5989710815046768
UCB1_0.1,1236,0.5977801131770415,0.5964844930588874,0.5990757332951956
UCB1_0.1,1237,0.5978739903069477,0.5965785248241313,0.599169455789764
UCB1_0.1,1238,0.5979402744148504,0.5966446596014542,0.5992358892282467
UCB1_0.1,1239,0.5980048387096777,0.5967081502023444,0.599301527217011
UCB1_0.1,1240,0.5980999194198228,0.5968026985348033,0.5993971403048423
UCB1_0.1,1241,0.5982077294685993,0.596912574014892,0.5995028849223067
UCB1_0.1,1242,0.5982847948511664,0.5969921984024119,0.5995773912999208
UCB1_0.1,1243,0.5983360128617359,0.5970452350665982,0.5996267906568735
UCB1_0.1,1244,0.5984112449799207,0.5971190716322431,0.5997034183275983
UCB1_0.1,1245,0.5984686998394856,0.5971777102313833,0.5997596894475878
UCB1_0.1,1246,0.5985404971932641,0.5972511907548833,0.5998298036316448
UCB1_0.1,1247,0.5986282051282054,0.5973370637608654,0.5999193464955453
UCB1_0.1,1248,0.598690152121698,0.5973978887579899,0.599982415485406
UCB1_0.1,1249,0.5987823999999993,0.5974890482814463,0.6000757517185522
UCB1_0.1,1250,0.598863309352518,0.5975703430206706,0.6001562756843654
UCB1_0.1,1251,0.5989520766773171,0.5976603614086722,0.600243791945962
UCB1_0.1,1252,0.5990263367916996,0.5977344825315898,0.6003181910518094
UCB1_0.1,1253,0.5991180223285466,0.5978273348682519,0.6004087097888413
UCB1_0.1,1254,0.5992063745019924,0.597916366041287,0.6004963829626979
UCB1_0.1,1255,0.599299363057325,0.598008910468763,0.600589815645887
UCB1_0.1,1256,0.5993874303898145,0.5980993512864645,0.6006755094931644
UCB1_0.1,1257,0.5994833068362477,0.5981944039580016,0.6007722097144939
UCB1_0.1,1258,0.5995774424146141,0.5982875376917802,0.6008673471374479
UCB1_0.1,1259,0.5996476190476191,0.5983593546876816,0.6009358834075565
UCB1_0.1,1260,0.5997224425059471,0.5984335071652456,0.6010113778466486
UCB1_0.1,1261,0.59980348652932,0.5985142404538134,0.6010927326048267
UCB1_0.1,1262,0.5998749010292957,0.5985872600417546,0.6011625420168369
UCB1_0.1,1263,0.5999525316455694,0.5986639286584116,0.6012411346327272
UCB1_0.1,1264,0.6000237154150199,0.5987358383716709,0.6013115924583688
UCB1_0.1,1265,0.6001216429699839,0.5988344689892884,0.6014088169506795
UCB1_0.1,1266,0.6002036306235207,0.5989170797040165,0.6014901815430248
UCB1_0.1,1267,0.6002744479495267,0.5989886028096284,0.6015602930894249
UCB1_0.1,1268,0.6003404255319148,0.5990552408294804,0.6016256102343492
UCB1_0.1,1269,0.600436220472441,0.5991497243358233,0.6017227166090588
UCB1_0.1,1270,0.6005318646734857,0.5992449861813857,0.6018187431655858
UCB1_0.1,1271,0.6006273584905661,0.59934099932648,0.6019137176546523
UCB1_0.1,1272,0.6007069913589951,0.5994214209399251,0.601992561778065
UCB1_0.1,1273,0.6007896389324957,0.5995026517789447,0.6020766260860467
UCB1_0.1,1274,0.6008815686274513,0.599596630791275,0.6021665064636277
UCB1_0.1,1275,0.6009811912225707,0.5996947558740824,0.6022676265710589
UCB1_0.1,1276,0.6010696945967106,0.599784054469504,0.6023553347239171
UCB1_0.1,1277,0.6011580594679182,0.5998711671621272,0.6024449517737093
UCB1_0.1,1278,0.6012572322126661,0.5999689577726641,0.6025455066526682
UCB1_0.1,1279,0.6013265624999995,0.6000374727687817,0.6026156522312173
UCB1_0.1,1280,0.6013957845433261,0.6001086290324441,0.6026829400542081
UCB1_0.1,1281,0.6014711388455538,0.6001848468761694,0.6027574308149383
UCB1_0.1,1282,0.6015744349181609,0.6002874128049405,0.6028614570313813
UCB1_0.1,1283,0.6016775700934572,0.6003890917594202,0.6029660484274942
UCB1_0.1,1284,0.6017680933852135,0.6004782101470677,0.6030579766233594
UCB1_0.1,1285,0.6018662519440108,0.600577303133051,0.6031552007549705
UCB1_0.1,1286,0.6019425019425023,0.6006525245213136,0.6032324793636911
UCB1_0.1,1287,0.6020295031055898,0.6007400941727213,0.6033189120384582
UCB1_0.1,1288,0.6021334367726913,0.6008423465201577,0.6034245270252249
UCB1_0.1,1289,0.6022093023255818,0.6009180300747887,0.6035005745763748
UCB1_0.1,1290,0.6023036405886911,0.6010143981542979,0.6035928830230843
UCB1_0.1,1291,0.6023885448916411,0.601098218991992,0.6036788707912901
UCB1_0.1,1292,0.6024655839133797,0.6011742652046561,0.6037569026221032
UCB1_0.1,1293,0.6025548686244208,0.6012646125038165,0.603845124745025
UCB1_0.1,1294,0.6026332046332042,0.6013454940730729,0.6039209151933356
UCB1_0.1,1295,0.6027052469135802,0.601415866647469,0.6039946271796913
UCB1_0.1,1296,0.6027987663839636,0.601509871795747,0.6040876609721801
UCB1_0.1,1297,0.6028767334360563,0.6015889458270018,0.6041645210451108
UCB1_0.1,1298,0.602966897613549,0.6016796252228699,0.6042541700042282
UCB1_0.1,1299,0.6030723076923076,0.6017833288562725,0.6043612865283426
UCB1_0.1,1300,0.60315142198309,0.6018617187320922,0.6044411252340879
UCB1_0.1,1301,0.6032427035330257,0.6019529799995048,0.6045324270665465
UCB1_0.1,1302,0.6033292402148883,0.6020398750028776,0.604618605426899
UCB1_0.1,1303,0.603409509202454,0.6021180382317325,0.6047009801731754
UCB1_0.1,1304,0.6034865900383146,0.602195308137398,0.6047778719392313
UCB1_0.1,1305,0.6035666156202142,0.6022752455847349,0.6048579856556935
UCB1_0.1,1306,0.6036266258607498,0.6023355787708813,0.6049176729506183
UCB1_0.1,1307,0.6037217125382259,0.6024307156229111,0.6050127094535408
UCB1_0.1,1308,0.6038258212375863,0.6025345438390888,0.6051170986360839
UCB1_0.1,1309,0.6039083969465646,0.6026180773305596,0.6051987165625696
UCB1_0.1,1310,0.6039588100686498,0.6026694046772423,0.6052482154600574
UCB1_0.1,1311,0.6040304878048782,0.6027437464490935,0.605317229160663
UCB1_0.1,1312,0.6041218583396806,0.6028332362196104,0.6054104804597508
UCB1_0.1,1313,0.6041826484018259,0.6028973670683155,0.6054679297353363
UCB1_0.1,1314,0.6042296577946763,0.6029450194354146,0.605514296153938
UCB1_0.1,1315,0.6042917933130701,0.6030055151921574,0.6055780714339829
UCB1_0.1,1316,0.6043902809415332,0.603105464463629,0.6056750974194375
UCB1_0.1,1317,0.6044658573596354,0.6031805430196746,0.6057511716995962
UCB1_0.1,1318,0.604574677786202,0.603290961266109,0.605858394306295
UCB1_0.1,1319,0.604645454545455,0.6033608640201966,0.6059300450707135
UCB1_0.1,1320,0.6047403482210447,0.603457355153346,0.6060233412887435
UCB1_0.1,1321,0.60483358547655,0.6035477632609558,0.6061194076921441
UCB1_0.1,1322,0.6049191232048371,0.6036349521800533,0.6062032942296209
UCB1_0.1,1323,0.6049954682779446,0.6037118485534845,0.6062790880024047
UCB1_0.1,1324,0.6051033962264152,0.6038200897987905,0.6063867026540398
UCB1_0.1,1325,0.6051689291101061,0.6038862720786999,0.6064515861415123
UCB1_0.1,1326,0.6052464204973623,0.603963755082162,0.6065290859125626
UCB1_0.1,1327,0.6053268072289146,0.6040448312031641,0.6066087832546652
UCB1_0.1,1328,0.6054221218961627,0.6041403814534495,0.606703862338876
UCB1_0.1,1329,0.6054676691729328,0.6041887912575286,0.6067465470883371
UCB1_0.1,1330,0.6055326821938395,0.6042559751273664,0.6068093892603126
UCB1_0.1,1331,0.6055945945945951,0.6043183220061124,0.6068708671830778
UCB1_0.1,1332,0.6056819204801205,0.6044063416847222,0.6069574992755188
UCB1_0.1,1333,0.6057856071964008,0.6045126318674683,0.6070585825253334
UCB1_0.1,1334,0.6058756554307116,0.6046024056189485,0.6071489052424748
UCB1_0.1,1335,0.6059491017964075,0.6046753751504066,0.6072228284424084
UCB1_0.1,1336,0.6060433807030671,0.6047697849101468,0.6073169764959874
UCB1_0.1,1337,0.6061405082212254,0.6048656594515751,0.6074153569908758
UCB1_0.1,1338,0.6062255414488427,0.6049508721764465,0.6075002107212388
UCB1_0.1,1339,0.6062835820895522,0.6050096599312115,0.607557504247893
UCB1_0.1,1340,0.606363907531693,0.6050910422285241,0.607636772834862
UCB1_0.1,1341,0.6064351713859917,0.6051609627571906,0.6077093800147928
UCB1_0.1,1342,0.6065018615040956,0.6052277975702178,0.6077759254379733
UCB1_0.1,1343,0.6065788690476186,0.6053050327586685,0.6078527053365687
UCB1_0.1,1344,0.6066349442379192,0.6053599525174018,0.6079099359584366
UCB1_0.1,1345,0.6067102526002975,0.6054349240884127,0.6079855811121824
UCB1_0.1,1346,0.6068136599851524,0.6055393539464439,0.6080879660238608
UCB1_0.1,1347,0.6068991097922848,0.6056244938738791,0.6081737257106905
UCB1_0.1,1348,0.6069977761304671,0.6057224845608336,0.6082730677001007
UCB1_0.1,1349,0.607048888888889,0.6057754251078268,0.6083223526699512
UCB1_0.1,1350,0.6071324944485569,0.6058591008973562,0.6084058879997576
UCB1_0.1,1351,0.6072100591715975,0.6059371028307248,0.6084830155124703
UCB1_0.1,1352,0.6072697708795275,0.6059952811287472,0.6085442606303078
UCB1_0.1,1353,0.6073500738552432,0.6060756542160779,0.6086244934944085
UCB1_0.1,1354,0.6074199261992612,0.6061446259497476,0.6086952264487748
UCB1_0.1,1355,0.6074926253687318,0.6062170976305132,0.6087681531069504
UCB1_0.1,1356,0.6075711127487108,0.6062962250061775,0.608846000491244
UCB1_0.1,1357,0.6076141384388813,0.6063405449605297,0.608887731917233
UCB1_0.1,1358,0.6076938925680646,0.606419052026267,0.6089687331098622
UCB1_0.1,1359,0.6077764705882359,0.6065000198651603,0.6090529213113115
UCB1_0.1,1360,0.6078530492285077,0.606579739639312,0.6091263588177034
UCB1_0.1,1361,0.6079280469897214,0.6066558468928648,0.6092002470865779
UCB1_0.1,1362,0.6079853264856933,0.6067129679852316,0.609257684986155
UCB1_0.1,1363,0.608030791788857,0.6067594889029092,0.6093020946748048
UCB1_0.1,1364,0.6080952380952376,0.6068242831785174,0.6093661930119577
UCB1_0.1,1365,0.6081815519765718,0.6069092711720422,0.6094538327811013
UCB1_0.1,1366,0.6082618873445504,0.606989934436904,0.6095338402521969
UCB1_0.1,1367,0.6083362573099422,0.6070651040563312,0.6096074105635533
UCB1_0.1,1368,0.6084207450693937,0.6071469157465496,0.6096945743922378
UCB1_0.1,1369,0.6084948905109491,0.6072196856307096,0.6097700953911885
UCB1_0.1,1370,0.608557257476295,0.6072825732675028,0.6098319416850871
UCB1_0.1,1371,0.6086486880466475,0.6073742012605923,0.6099231748327028
UCB1_0.1,1372,0.6087021121631463,0.6074294857370836,0.609974738589209
UCB1_0.1,1373,0.6087758369723432,0.60750516373024,0.6100465102144463
UCB1_0.1,1374,0.6088610909090914,0.6075912232899482,0.6101309585282345
UCB1_0.1,1375,0.6089345930232565,0.6076665191458153,0.6102026669006977
UCB1_0.1,1376,0.6089891067538129,0.6077215738924865,0.6102566396151393
UCB1_0.1,1377,0.6090638606676336,0.607796406115544,0.6103313152197233
UCB1_0.1,1378,0.609124002900652,0.6078563687212636,0.6103916370800405
UCB1_0.1,1379,0.6091999999999991,0.6079334983813639,0.6104665016186342
UCB1_0.1,1380,0.609275887038378,0.6080087050361793,0.6105430690405766
UCB1_0.1,1381,0.6093907380607814,0.6081254786220635,0.6106559974994993
UCB1_0.1,1382,0.6094591467823574,0.6081956592374035,0.6107226343273112
UCB1_0.1,1383,0.6095404624277455,0.6082753451193319,0.6108055797361591
UCB1_0.1,1384,0.6096057761732849,0.60834305827843,0.6108684940681398
UCB1_0.1,1385,0.609688311688312,0.6084249754830856,0.6109516478935383
UCB1_0.1,1386,0.6097620764239366,0.6084969449425701,0.6110272079053032
UCB1_0.1,1387,0.6098371757925075,0.608573658518563,0.611100693066452
UCB1_0.1,1388,0.6098934485241175,0.608632020356671,0.6111548766915641
UCB1_0.1,1389,0.6099640287769786,0.6087041694768252,0.6112238880771321
UCB1_0.1,1390,0.61003738317757,0.6087783305930277,0.6112964357621122
UCB1_0.1,1391,0.6101192528735633,0.6088597822309455,0.611378723516181
UCB1_0.1,1392,0.6101966977745873,0.6089384090579948,0.6114549864911798
UCB1_0.1,1393,0.6102754662840756,0.6090195180412108,0.6115314145269404
UCB1_0.1,1394,0.6103526881720432,0.6090976925578845,0.611607683786202
UCB1_0.1,1395,0.6104097421203443,0.6091542100188436,0.6116652742218449
UCB1_0.1,1396,0.6104867573371507,0.6092318207167173,0.6117416939575842
UCB1_0.1,1397,0.6105307582260369,0.6092754163531063,0.6117861000989674
UCB1_0.1,1398,0.6106032880629008,0.6093462784722606,0.6118602976535409
UCB1_0.1,1399,0.6106785714285716,0.6094204970817525,0.6119366457753908
UCB1_0.1,1400,0.6107380442541043,0.6094783281146079,0.6119977603936007
UCB1_0.1,1401,0.6108231098430816,0.6095633951221826,0.6120828245639807
UCB1_0.1,1402,0.6108980755523871,0.6096373218074831,0.612158829297291
UCB1_0.1,1403,0.6109658119658121,0.6097053232099715,0.6122263007216527
UCB1_0.1,1404,0.6110462633451961,0.6097845136483266,0.6123080130420655
UCB1_0.1,1405,0.6111152204836414,0.6098540494515328,0.6123763915157501
UCB1_0.1,1406,0.6112068230277188,0.6099459391272007,0.6124677069282368
UCB1_0.1,1407,0.6112926136363633,0.6100310189475789,0.6125542083251477
UCB1_0.1,1408,0.6113896380411634,0.6101282663662093,0.6126510097161175
UCB1_0.1,1409,0.6114780141843966,0.610217256264913,0.6127387721038803
UCB1_0.1,1410,0.611552090715805,0.6102896326135323,0.6128145488180776
UCB1_0.1,1411,0.611623229461757,0.6103611277004991,0.6128853312230148
UCB1_0.1,1412,0.6117225760792642,0.6104604353148806,0.6129847168436477
UCB1_0.1,1413,0.6117736916548795,0.6105137352376616,0.6130336480720974
UCB1_0.1,1414,0.6118332155477019,0.610571701564242,0.6130947295311617
UCB1_0.1,1415,0.6119067796610175,0.6106446742469284,0.6131688850751066
UCB1_0.1,1416,0.6119717713479187,0.6107072765472247,0.6132362661486127
UCB1_0.1,1417,0.6120535966149503,0.6107911405990821,0.6133160526308185
UCB1_0.1,1418,0.6121057082452435,0.6108434396290445,0.6133679768614424
UCB1_0.1,1419,0.6121915492957747,0.610927565063285,0.6134555335282643
UCB1_0.1,1420,0.612260380014075,0.61099598369507,0.61352477633308
UCB1_0.1,1421,0.6123586497890288,0.6110937792643178,0.6136235203137397
UCB1_0.1,1422,0.6124286718200982,0.6111651009947213,0.6136922426454751
UCB1_0.1,1423,0.612518258426966,0.6112579749230806,0.6137785419308512
UCB1_0.1,1424,0.6125824561403513,0.6113221870873483,0.6138427251933544
UCB1_0.1,1425,0.6126423562412342,0.6113810837293343,0.6139036287531341
UCB1_0.1,1426,0.6126993693062367,0.6114381340127902,0.6139606045996832
UCB1_0.1,1427,0.6127422969187674,0.6114817865911965,0.6140028072463383
UCB1_0.1,1428,0.612811756473059,0.6115526330285852,0.6140708799175327
UCB1_0.1,1429,0.6128867132867127,0.6116278629802678,0.6141455635931576
UCB1_0.1,1430,0.6129783368273932,0.6117202921065931,0.6142363815481934
UCB1_0.1,1431,0.6130837988826813,0.6118250546889413,0.6143425430764212
UCB1_0.1,1432,0.613169574319609,0.6119101767313346,0.6144289719078833
UCB1_0.1,1433,0.6132454672245465,0.6119865934119423,0.6145043410371508
UCB1_0.1,1434,0.6133198606271784,0.6120589339086477,0.614580787345709
UCB1_0.1,1435,0.6134206128133701,0.612161283458236,0.6146799421685043
UCB1_0.1,1436,0.6135086986778012,0.6122512743339977,0.6147661230216047
UCB1_0.1,1437,0.6135897079276774,0.612330891110561,0.6148485247447938
UCB1_0.1,1438,0.6136733842946496,0.6124158070413616,0.6149309615479376
UCB1_0.1,1439,0.6137375000000002,0.6124782634601394,0.6149967365398609
UCB1_0.1,1440,0.6137973629424014,0.6125382415259049,0.6150564843588979
UCB1_0.1,1441,0.6138515950069351,0.6125904634195998,0.6151127265942704
UCB1_0.1,1442,0.613900207900208,0.6126385456415026,0.6151618701589135
UCB1_0.1,1443,0.6139764542936288,0.6127157280807962,0.6152371805064614
UCB1_0.1,1444,0.6140608996539799,0.6128002478063145,0.6153215515016454
UCB1_0.1,1445,0.6141493775933614,0.6128883830147039,0.6154103721720189
UCB1_0.1,1446,0.614233586731168,0.6129724807013719,0.6154946927609641
UCB1_0.1,1447,0.6142969613259669,0.6130338456657412,0.6155600769861926
UCB1_0.1,1448,0.6143588681849552,0.6130949904649579,0.6156227459049526
UCB1_0.1,1449,0.6144510344827591,0.6131881497086806,0.6157139192568375
UCB1_0.1,1450,0.6145389386629913,0.6132762526540041,0.6158016246719784
UCB1_0.1,1451,0.6146308539944908,0.61336676609186,0.6158949418971216
UCB1_0.1,1452,0.6146923606331729,0.6134279723645985,0.6159567489017473
UCB1_0.1,1453,0.6147757909215951,0.6135132749508316,0.6160383068923585
UCB1_0.1,1454,0.614843986254295,0.6135817820335713,0.6161061904750188
UCB1_0.1,1455,0.6149217032967033,0.6136601020917464,0.6161833045016601
UCB1_0.1,1456,0.614993822923816,0.6137328630292109,0.616254782818421
UCB1_0.1,1457,0.6150548696844994,0.6137923747830157,0.6163173645859831
UCB1_0.1,1458,0.6151199451679229,0.6138587730327799,0.6163811173030659
UCB1_0.1,1459,0.6152082191780814,0.6139478048563534,0.6164686334998095
UCB1_0.1,1460,0.6152936344969199,0.6140331976881481,0.6165540713056916
UCB1_0.1,1461,0.6153830369357053,0.6141216834130878,0.6166443904583228
UCB1_0.1,1462,0.6154313055365691,0.6141721835904184,0.6166904274827198
UCB1_0.1,1463,0.6154931693989061,0.6142336283288333,0.6167527104689788
UCB1_0.1,1464,0.6155604095563137,0.6143012565271262,0.6168195625855013
UCB1_0.1,1465,0.6156316507503415,0.6143734941913246,0.6168898073093585
UCB1_0.1,1466,0.6157205180640762,0.6144612864454637,0.6169797496826888
UCB1_0.1,1467,0.6158010899182559,0.6145414298319628,0.617060750004549
UCB1_0.1,1468,0.6158910823689592,0.614632792168165,0.6171493725697533
UCB1_0.1,1469,0.6159863945578232,0.6147274432636236,0.6172453458520228
UCB1_0.1,1470,0.6160625424881031,0.6148042519046861,0.6173208330715201
UCB1_0.1,1471,0.6161399456521741,0.6148821423010765,0.6173977490032717
UCB1_0.1,1472,0.6162199592668018,0.6149632231062317,0.6174766954273719
UCB1_0.1,1473,0.6162808683853462,0.6150244454036295,0.6175372913670629
UCB1_0.1,1474,0.6163579661016955,0.6151036919889612,0.6176122402144297
UCB1_0.1,1475,0.6164105691056908,0.6151568816184567,0.6176642565929249
UCB1_0.1,1476,0.6165023696682465,0.6152484072969344,0.6177563320395585
UCB1_0.1,1477,0.6165548037889031,0.615299537899092,0.6178100696787143
UCB1_0.1,1478,0.6166206896551715,0.6153641455088975,0.6178772338014454
UCB1_0.1,1479,0.6166810810810817,0.6154279454804323,0.617934216681731
UCB1_0.1,1480,0.616729237002026,0.6154779009128445,0.6179805730912075
UCB1_0.1,1481,0.6167813765182193,0.61552943016953,0.6180333228669086
UCB1_0.1,1482,0.6168550236008089,0.6156039420379247,0.6181061051636931
UCB1_0.1,1483,0.6169110512129379,0.6156601926782282,0.6181619097476475
UCB1_0.1,1484,0.6169764309764304,0.6157252926777297,0.6182275692751311
UCB1_0.1,1485,0.6170578734858676,0.6158075389421275,0.6183082080296077
UCB1_0.1,1486,0.6171418964357773,0.615888879181471,0.6183949136900837
UCB1_0.1,1487,0.617233870967743,0.6159822332661633,0.6184855086693226
UCB1_0.1,1488,0.617300201477502,0.6160497881703189,0.6185506147846851
UCB1_0.1,1489,0.6173812080536915,0.6161290928919637,0.6186333232154192
UCB1_0.1,1490,0.6174728370221333,0.6162212858815297,0.6187243881627369
UCB1_0.1,1491,0.6175254691689014,0.6162738226024475,0.6187771157353553
UCB1_0.1,1492,0.6176208975217683,0.6163705291833451,0.6188712658601915
UCB1_0.1,1493,0.6177135207496651,0.6164624594317645,0.6189645820675658
UCB1_0.1,1494,0.6177819397993314,0.6165305181772202,0.6190333614214426
UCB1_0.1,1495,0.6178489304812845,0.6165969600147903,0.6191009009477788
UCB1_0.1,1496,0.6179291917167666,0.6166759292065409,0.6191824542269924
UCB1_0.1,1497,0.6180080106809082,0.616756265108876,0.6192597562529403
UCB1_0.1,1498,0.618085390260173,0.6168352303318162,0.6193355501885297
UCB1_0.1,1499,0.6181639999999997,0.6169151397565504,0.619412860243449
UCB1_0.1,1500,0.6182291805463027,0.6169800807749671,0.6194782803176383
UCB1_0.1,1501,0.6183222370173109,0.6170739237035985,0.6195705503310234
UCB1_0.1,1502,0.6183992015968066,0.6171530495705134,0.6196453536230998
UCB1_0.1,1503,0.618452127659574,0.6172073003070178,0.6196969550121303
UCB1_0.1,1504,0.6185315614617943,0.6172880353648037,0.619775087558785
UCB1_0.1,1505,0.6186135458167337,0.6173684131583661,0.6198586784751012
UCB1_0.1,1506,0.6187126741871272,0.6174675515184664,0.6199577968557879
UCB1_0.1,1507,0.6188116710875339,0.6175659549918361,0.6200573871832317
UCB1_0.1,1508,0.6188986083499003,0.617652057479069,0.6201451592207315
UCB1_0.1,1509,0.6189801324503311,0.6177325963470712,0.620227668553591
UCB1_0.1,1510,0.6190483123759102,0.6178034374761529,0.6202931872756675
UCB1_0.1,1511,0.6191058201058202,0.6178616708484179,0.6203499693632224
UCB1_0.1,1512,0.6191606080634503,0.6179135894998748,0.6204076266270258
UCB1_0.1,1513,0.6192391017173056,0.6179916309124077,0.6204865725222034
UCB1_0.1,1514,0.6193333333333332,0.6180864859359323,0.6205801807307341
UCB1_0.1,1515,0.6194063324538265,0.6181597193076891,0.6206529455999639
UCB1_0.1,1516,0.6194792353328938,0.6182336374407994,0.6207248332249883
UCB1_0.1,1517,0.6195625823451915,0.6183197356214718,0.6208054290689111
UCB1_0.1,1518,0.6195997366688608,0.6183583363329833,0.6208411370047383
UCB1_0.1,1519,0.6196697368421059,0.6184299684297615,0.6209095052544503
UCB1_0.1,1520,0.6197304404996716,0.6184907859449348,0.6209700950544085
UCB1_0.1,1521,0.619805519053877,0.618564845717245,0.6210461923905091
UCB1_0.1,1522,0.6198673670387399,0.6186261104480243,0.6211086236294555
UCB1_0.1,1523,0.6199278215223092,0.6186884454410233,0.6211671976035951
UCB1_0.1,1524,0.6199921311475406,0.6187534010640913,0.6212308612309899
UCB1_0.1,1525,0.6200537352555693,0.6188139071192835,0.621293563391855
UCB1_0.1,1526,0.6201244269810086,0.6188865199424817,0.6213623340195354
UCB1_0.1,1527,0.6201884816753929,0.6189498518072041,0.6214271115435817
UCB1_0.1,1528,0.6202550686723357,0.619015121106823,0.6214950162378484
UCB1_0.1,1529,0.6203241830065364,0.6190848950118509,0.6215634710012218
UCB1_0.1,1530,0.6203892880470275,0.6191501740482562,0.6216284020457988
UCB1_0.1,1531,0.620432114882506,0.6191915603745877,0.6216726693904244
UCB1_0.1,1532,0.6205166340508811,0.6192745148911832,0.6217587532105789
UCB1_0.1,1533,0.620597131681878,0.619356661329502,0.6218376020342541
UCB1_0.1,1534,0.6206879478827364,0.6194486066154193,0.6219272891500535
UCB1_0.1,1535,0.6207460937499995,0.6195052635675885,0.6219869239324104
UCB1_0.1,1536,0.6208327911515946,0.6195923074586404,0.6220732748445489
UCB1_0.1,1537,0.6209089726918086,0.6196708236268267,0.6221471217567904
UCB1_0.1,1538,0.6210006497725793,0.6197637921307526,0.622237507414406
UCB1_0.1,1539,0.6210896103896097,0.6198536085380919,0.6223256122411276
UCB1_0.1,1540,0.6211550940947447,0.6199191249070668,0.6223910632824226
UCB1_0.1,1541,0.6212140077821015,0.6199774408130899,0.622450574751113
UCB1_0.1,1542,0.6213026571613741,0.6200661842027173,0.6225391301200309
UCB1_0.1,1543,0.6213691709844557,0.6201331726514525,0.6226051693174588
UCB1_0.1,1544,0.6214407766990295,0.6202066449761364,0.6226749084219226
UCB1_0.1,1545,0.6215006468305296,0.6202680601743721,0.6227332334866872
UCB1_0.1,1546,0.6215578539107952,0.6203248931704782,0.6227908146511122
UCB1_0.1,1547,0.6216149870801028,0.6203839172301654,0.6228460569300401
UCB1_0.1,1548,0.62165655261459,0.6204254241061485,0.6228876811230314
UCB1_0.1,1549,0.6217251612903227,0.6204939201915919,0.6229564023890536
UCB1_0.1,1550,0.621769181173436,0.6205374084485553,0.6230009538983168
UCB1_0.1,1551,0.6218298969072165,0.620597550164103,0.6230622436503299
UCB1_0.1,1552,0.6218686413393427,0.6206368603742931,0.6231004223043923
UCB1_0.1,1553,0.6219214929214927,0.6206901686513115,0.6231528171916738
UCB1_0.1,1554,0.622001286173633,0.6207714600310122,0.6232311123162538
UCB1_0.1,1555,0.6220964010282775,0.6208666376760273,0.6233261643805276
UCB1_0.1,1556,0.6221605651894665,0.6209318827772562,0.6233892476016768
UCB1_0.1,1557,0.6222297817715029,0.6210005233211084,0.6234590402218974
UCB1_0.1,1558,0.6223130211674156,0.6210834149572696,0.6235426273775616
UCB1_0.1,1559,0.6223807692307687,0.6211497248520838,0.6236118136094536
UCB1_0.1,1560,0.6224612427930806,0.6212302718392856,0.6236922137468756
UCB1_0.1,1561,0.62255185659411,0.6213207496919627,0.6237829634962574
UCB1_0.1,1562,0.6226129238643636,0.6213823962158753,0.6238434515128519
UCB1_0.1,1563,0.6226918158567777,0.6214606801387852,0.6239229515747702
UCB1_0.1,1564,0.6227552715654953,0.6215235595818854,0.6239869835491051
UCB1_0.1,1565,0.6228275862068968,0.6215977407344515,0.6240574316793421
UCB1_0.1,1566,0.6228998085513718,0.6216694501150449,0.6241301669876987
UCB1_0.1,1567,0.6229668367346937,0.6217366421128491,0.6241970313565383
UCB1_0.1,1568,0.6230108349267055,0.6217831128662042,0.6242385569872068
UCB1_0.1,1569,0.6230828025477707,0.6218583183557429,0.6243072867397985
UCB1_0.1,1570,0.6231610439210696,0.6219365601495255,0.6243855276926138
UCB1_0.1,1571,0.623229007633588,0.6220049953741579,0.6244530198930182
UCB1_0.1,1572,0.6232727272727264,0.6220461628144432,0.6244992917310096
UCB1_0.1,1573,0.6233468869123251,0.6221197733598466,0.6245740004648036
UCB1_0.1,1574,0.6234069841269845,0.6221799793063778,0.6246339889475911
UCB1_0.1,1575,0.6234670050761422,0.6222415235772923,0.624692486574992
UCB1_0.1,1576,0.6235358275206085,0.6223126846850909,0.6247589703561262
UCB1_0.1,1577,0.623617237008872,0.6223943493471175,0.6248401246706264
UCB1_0.1,1578,0.6236808106396454,0.6224598079365367,0.6249018133427542
UCB1_0.1,1579,0.62376582278481,0.6225459735835718,0.6249856719860482
UCB1_0.1,1580,0.6238153067678688,0.6225935779515434,0.6250370355841942
UCB1_0.1,1581,0.623869785082174,0.6226463317593544,0.6250932384049938
UCB1_0.1,1582,0.6239393556538217,0.622715691847983,0.6251630194596605
UCB1_0.1,1583,0.6240315656565661,0.6228074239057422,0.6252557074073901
UCB1_0.1,1584,0.6241022082018931,0.6228770011016318,0.6253274153021544
UCB1_0.1,1585,0.6241715006305175,0.6229464928862329,0.6253965083748021
UCB1_0.1,1586,0.6242142407057343,0.6229894585340368,0.6254390228774318
UCB1_0.1,1587,0.6242884130982368,0.6230631314785019,0.6255136947179717
UCB1_0.1,1588,0.6243561988672124,0.6231316952023481,0.6255807025320766
UCB1_0.1,1589,0.6244276729559751,0.6232042445373341,0.6256511013746161
UCB1_0.1,1590,0.6245028284098053,0.6232789997097494,0.6257266571098612
UCB1_0.1,1591,0.6245703517587938,0.6233449133505886,0.625795790166999
UCB1_0.1,1592,0.6246566227244196,0.6234309633830086,0.6258822820658305
UCB1_0.1,1593,0.6247264742785443,0.6234988566207524,0.6259540919363362
UCB1_0.1,1594,0.6247862068965518,0.623558666675163,0.6260137471179407
UCB1_0.1,1595,0.6248408521303264,0.623614829439581,0.6260668748210717
UCB1_0.1,1596,0.6249092047589223,0.6236843118358525,0.6261340976819921
UCB1_0.1,1597,0.6249787234042541,0.6237533714442944,0.6262040753642137
UCB1_0.1,1598,0.6250531582238901,0.6238276618674278,0.6262786545803524
UCB1_0.1,1599,0.6251424999999996,0.6239165184097057,0.6263684815902935
UCB1_0.1,1600,0.6252204871955036,0.6239945049256795,0.6264464694653277
UCB1_0.1,1601,0.6252933832709116,0.6240669572919897,0.6265198092498334
UCB1_0.1,1602,0.6253611977542108,0.6241352212215197,0.626587174286902
UCB1_0.1,1603,0.6254239401496262,0.6242008059698446,0.6266470743294078
UCB1_0.1,1604,0.6254816199376945,0.6242612200068789,0.62670201986851
UCB1_0.1,1605,0.6255442092154418,0.6243231957598722,0.6267652226710115
UCB1_0.1,1606,0.6255992532669563,0.6243780507091576,0.626820455824755
UCB1_0.1,1607,0.6256716417910443,0.6244486862170386,0.6268945973650499
UCB1_0.1,1608,0.6257426973275332,0.6245197648201906,0.6269656298348758
UCB1_0.1,1609,0.6258111801242233,0.6245877839297792,0.6270345763186674
UCB1_0.1,1610,0.6258882681564246,0.6246663721796597,0.6271101641331895
UCB1_0.1,1611,0.6259503722084373,0.624728663478525,0.6271720809383496
UCB1_0.1,1612,0.6260012399256045,0.6247807280417141,0.6272217518094949
UCB1_0.1,1613,0.6260594795539032,0.6248379951627272,0.6272809639450792
UCB1_0.1,1614,0.6261226006191948,0.6249005527674398,0.6273446484709497
UCB1_0.1,1615,0.6261881188118812,0.6249663047595883,0.6274099328641741
UCB1_0.1,1616,0.6262671614100189,0.6250470797895984,0.6274872430304395
UCB1_0.1,1617,0.6263176761433868,0.6250959965565049,0.6275393557302688
UCB1_0.1,1618,0.6263755404570722,0.6251519486991166,0.6275991322150278
UCB1_0.1,1619,0.6264135802469135,0.6251911297126062,0.6276360307812209
UCB1_0.1,1620,0.6264787168414557,0.6252571743945758,0.6277002592883356
UCB1_0.1,1621,0.6265265104808879,0.6253057578079501,0.6277472631538258
UCB1_0.1,1622,0.6265964263709183,0.6253755805974984,0.6278172721443381
UCB1_0.1,1623,0.6266416256157636,0.6254212617540476,0.6278619894774797
UCB1_0.1,1624,0.6267027692307691,0.625484979390117,0.6279205590714211
UCB1_0.1,1625,0.6267872078720792,0.625569796990873,0.6280046187532854
UCB1_0.1,1626,0.6268531038721573,0.6256360609534435,0.6280701467908711
UCB1_0.1,1627,0.6269090909090901,0.6256928762392948,0.6281253055788854
UCB1_0.1,1628,0.6269846531614488,0.6257698159835914,0.6281994903393062
UCB1_0.1,1629,0.6270478527607362,0.6258322696535289,0.6282634358679434
UCB1_0.1,1630,0.6271220110361747,0.6259068720933442,0.6283371499790052
UCB1_0.1,1631,0.627186274509804,0.6259723083233031,0.628400240696305
UCB1_0.1,1632,0.627251684017146,0.6260389641107427,0.6284644039235494
UCB1_0.1,1633,0.6273145654834766,0.6261019073097669,0.6285272236571864
UCB1_0.1,1634,0.6273847094801215,0.626171330130088,0.628598088830155
UCB1_0.1,1635,0.6274621026894861,0.6262494480637074,0.6286747573152648
UCB1_0.1,1636,0.6275345143555285,0.6263217501383624,0.6287472785726946
UCB1_0.1,1637,0.6275982905982905,0.6263869025421847,0.6288096786543964
UCB1_0.1,1638,0.6276510067114092,0.6264385793577855,0.6288634340650329
UCB1_0.1,1639,0.6277170731707312,0.6265061194485042,0.6289280268929582
UCB1_0.1,1640,0.6277879341864717,0.6265766087128125,0.6289992596601309
UCB1_0.1,1641,0.6278501827040199,0.6266391078564542,0.6290612575515857
UCB1_0.1,1642,0.6279087035909923,0.6266964808911872,0.6291209262907973
UCB1_0.1,1643,0.6279829683698299,0.6267697602383806,0.6291961765012792
UCB1_0.1,1644,0.6280693009118538,0.6268557901654593,0.6292828116582482
UCB1_0.1,1645,0.6281421628189551,0.6269303454167182,0.6293539802211919
UCB1_0.1,1646,0.6282197935640561,0.6270100080730732,0.629429579055039
UCB1_0.1,1647,0.6282936893203878,0.627084386499796,0.6295029921409795
UCB1_0.1,1648,0.6283420254699817,0.6271321861751427,0.6295518647648208
UCB1_0.1,1649,0.6284133333333328,0.6272048933258658,0.6296217733407998
UCB1_0.1,1650,0.6284869775893402,0.627280157935326,0.6296937972433545
UCB1_0.1,1651,0.6285496368038741,0.6273440121159911,0.6297552614917571
UCB1_0.1,1652,0.6286073805202659,0.6274039302990512,0.6298108307414806
UCB1_0.1,1653,0.6286711003627566,0.627470450162438,0.6298717505630753
UCB1_0.1,1654,0.6287166163141995,0.627516121333307,0.629917111295092
UCB1_0.1,1655,0.6287632850241541,0.6275643144871765,0.6299622555611317
UCB1_0.1,1656,0.6288195534097772,0.6276220628599061,0.6300170439596484
UCB1_0.1,1657,0.6288841978287096,0.6276879327351818,0.6300804629222375
UCB1_0.1,1658,0.628946353224834,0.6277520147226786,0.6301406917269895
UCB1_0.1,1659,0.6289771084337353,0.6277831481063416,0.630171068761129
UCB1_0.1,1660,0.6290475617098129,0.6278547256566305,0.6302403977629953
UCB1_0.1,1661,0.6291155234657049,0.6279223570213838,0.630308689910026
UCB1_0.1,1662,0.629207456404089,0.6280157597044769,0.6303991531037012
UCB1_0.1,1663,0.6292836538461543,0.6280920734861147,0.6304752342061938
UCB1_0.1,1664,0.629357357357358,0.6281654600701921,0.6305492546445238
UCB1_0.1,1665,0.6294093637454985,0.628217656698862,0.630601070792135
UCB1_0.1,1666,0.6294625074985013,0.6282711541187133,0.6306538608782893
UCB1_0.1,1667,0.6295179856115111,0.628326018688253,0.6307099525347691
UCB1_0.1,1668,0.6295662073097658,0.6283745987493926,0.6307578158701389
UCB1_0.1,1669,0.6296107784431136,0.6284199645334768,0.6308015923527505
UCB1_0.1,1670,0.6296971873129862,0.6285054396098155,0.6308889350161568
UCB1_0.1,1671,0.6297631578947367,0.6285708324657394,0.630955483323734
UCB1_0.1,1672,0.6298350268977886,0.6286427247628195,0.6310273290327577
UCB1_0.1,1673,0.6298936678614094,0.6287018169776665,0.6310855187451524
UCB1_0.1,1674,0.6299462686567165,0.6287543788390603,0.6311381584743728
UCB1_0.1,1675,0.6300131264916461,0.6288224702355617,0.6312037827477305
UCB1_0.1,1676,0.6300954084675017,0.628906055064518,0.6312847618704853
UCB1_0.1,1677,0.6301668653158516,0.6289773992235047,0.6313563314081986
UCB1_0.1,1678,0.6302084574151281,0.6290199915523522,0.631396923277904
UCB1_0.1,1679,0.6302511904761905,0.629062260578274,0.631440120374107
UCB1_0.1,1680,0.6303176680547284,0.6291291753772129,0.631506160732244
UCB1_0.1,1681,0.6303947681331742,0.6292063761033673,0.6315831601629811
UCB1_0.1,1682,0.6304789067142008,0.6292910837750958,0.6316667296533058
UCB1_0.1,1683,0.6305071258907365,0.62931845412327,0.631695797658203
UCB1_0.1,1684,0.6305578635014842,0.6293699394312902,0.6317457875716783
UCB1_0.1,1685,0.6306417556346383,0.6294536656627903,0.6318298456064864
UCB1_0.1,1686,0.6306840545346762,0.6294959020656219,0.6318722070037306
UCB1_0.1,1687,0.6307511848341238,0.629563313067171,0.6319390566010767
UCB1_0.1,1688,0.6308182356423915,0.6296296439055857,0.6320068273791972
UCB1_0.1,1689,0.6308840236686389,0.629696474903195,0.6320715724340829
UCB1_0.1,1690,0.6309627439384973,0.6297759248160181,0.6321495630609765
UCB1_0.1,1691,0.6310153664302591,0.6298284757954749,0.6322022570650434
UCB1_0.1,1692,0.6310608387477853,0.6298727682081326,0.6322489092874379
UCB1_0.1,1693,0.6311015348288072,0.6299126599957763,0.632290409661838
UCB1_0.1,1694,0.6311563421828906,0.629967912475306,0.6323447718904752
UCB1_0.1,1695,0.6312028301886796,0.6300156154357265,0.6323900449416328
UCB1_0.1,1696,0.6312751915144371,0.6300881837992017,0.6324621992296725
UCB1_0.1,1697,0.6313486454652524,0.6301608992186905,0.6325363917118143
UCB1_0.1,1698,0.631437316068275,0.6302487111759741,0.6326259209605759
UCB1_0.1,1699,0.6315164705882345,0.6303298670667403,0.6327030741097286
UCB1_0.1,1700,0.631570840681952,0.6303835861055819,0.6327580952583222
UCB1_0.1,1701,0.6316145710928318,0.6304282502435414,0.6328008919421222
UCB1_0.1,1702,0.6316570757486787,0.6304710517947786,0.6328430997025788
UCB1_0.1,1703,0.6317230046948361,0.6305362158841811,0.6329097935054911
UCB1_0.1,1704,0.6317818181818171,0.6305947829192037,0.6329688534444305
UCB1_0.1,1705,0.6318440797186408,0.63065778499811,0.6330303744391715
UCB1_0.1,1706,0.6319050966608093,0.6307176807158216,0.633092512605797
UCB1_0.1,1707,0.6319730679156899,0.630783479613232,0.6331626562181477
UCB1_0.1,1708,0.63204564072557,0.6308575906885135,0.6332336907626265
UCB1_0.1,1709,0.6321064327485378,0.6309188136927547,0.633294051804321
UCB1_0.1,1710,0.6321811805961426,0.6309946330668751,0.6333677281254101
UCB1_0.1,1711,0.6322570093457942,0.6310708310300467,0.6334431876615417
UCB1_0.1,1712,0.6323222416812616,0.6311369333790159,0.6335075499835073
UCB1_0.1,1713,0.6324072345390894,0.6312202185956899,0.633594250482489
UCB1_0.1,1714,0.6324594752186586,0.6312730469542172,0.6336459034831001
UCB1_0.1,1715,0.6325291375291372,0.6313447620547273,0.6337135130035471
UCB1_0.1,1716,0.6326010483401284,0.6314168273217405,0.6337852693585163
UCB1_0.1,1717,0.6326623981373685,0.6314795392545786,0.6338452570201584
UCB1_0.1,1718,0.6327318208260617,0.6315499676235915,0.6339136740285319
UCB1_0.1,1719,0.6328081395348844,0.6316274729540219,0.6339888061157468
UCB1_0.1,1720,0.6328622893666476,0.6316796919726478,0.6340448867606473
UCB1_0.1,1721,0.6329198606271784,0.6317385874197905,0.6341011338345663
UCB1_0.1,1722,0.6329901334881016,0.6318089327736292,0.6341713342025741
UCB1_0.1,1723,0.6330603248259875,0.631880338885822,0.6342403107661531
UCB1_0.1,1724,0.6331257971014487,0.6319461632701482,0.6343054309327492
UCB1_0.1,1725,0.6331772885283897,0.6319993955138646,0.6343551815429148
UCB1_0.1,1726,0.6332345107122178,0.6320570681329186,0.634411953291517
UCB1_0.1,1727,0.6333032407407405,0.6321257281674242,0.6344807533140568
UCB1_0.1,1728,0.6333765182186234,0.6321989019559153,0.6345541344813315
UCB1_0.1,1729,0.6334369942196524,0.632261005453775,0.6346129829855298
UCB1_0.1,1730,0.6334835355285968,0.6323081604250774,0.6346589106321162
UCB1_0.1,1731,0.633536951501155,0.6323607291263368,0.6347131738759731
UCB1_0.1,1732,0.6335960761684939,0.6324209323816915,0.6347712199552963
UCB1_0.1,1733,0.6336562860438286,0.6324812784647097,0.6348312936229475
UCB1_0.1,1734,0.6337383285302601,0.6325641524934013,0.634912504567119
UCB1_0.1,1735,0.6337949308755759,0.6326203134118068,0.634969548339345
UCB1_0.1,1736,0.633864133563616,0.6326894607989133,0.6350388063283188
UCB1_0.1,1737,0.6339298043728424,0.6327569417073489,0.635102667038336
UCB1_0.1,1738,0.6339953996549743,0.6328226245779418,0.6351681747320068
UCB1_0.1,1739,0.6340643678160917,0.6328913425609924,0.6352373930711909
UCB1_0.1,1740,0.6341332567489952,0.632960152312818,0.6353063611851725
UCB1_0.1,1741,0.6341974741676233,0.6330224810389063,0.6353724672963402
UCB1_0.1,1742,0.6342650602409644,0.633089359472993,0.6354407610089358
UCB1_0.1,1743,0.6343405963302746,0.633164849932626,0.6355163427279232
UCB1_0.1,1744,0.6344034383954158,0.6332281904980783,0.6355786862927533
UCB1_0.1,1745,0.6344593356242851,0.6332837395903032,0.6356349316582671
UCB1_0.1,1746,0.6345071551230683,0.633332478397006,0.6356818318491306
UCB1_0.1,1747,0.6345549199084668,0.6333802506656754,0.6357295891512582
UCB1_0.1,1748,0.6346197827329899,0.6334461213973549,0.6357934440686249
UCB1_0.1,1749,0.6346960000000006,0.6335242926967043,0.6358677073032969
UCB1_0.1,1750,0.6347652769845809,0.6335958965881018,0.6359346573810599
UCB1_0.1,1751,0.6348230593607312,0.6336551100364702,0.6359910086849923
UCB1_0.1,1752,0.6348841985168283,0.6337174909942679,0.6360509060393887
UCB1_0.1,1753,0.6349669327251996,0.6338022533901312,0.6361316120602679
UCB1_0.1,1754,0.6350290598290598,0.6338650986208273,0.6361930210372923
UCB1_0.1,1755,0.6350831435079717,0.6339209250405575,0.6362453619753858
UCB1_0.1,1756,0.6351394422310763,0.6339765882946224,0.6363022961675302
UCB1_0.1,1757,0.635180887372014,0.6340176411684137,0.6363441335756141
UCB1_0.1,1758,0.6352166003411025,0.6340550494259118,0.6363781512562932
UCB1_0.1,1759,0.6352636363636359,0.634102859300208,0.6364244134270638
UCB1_0.1,1760,0.6353231118682567,0.6341634972876435,0.6364827264488699
UCB1_0.1,1761,0.6353893303064697,0.6342299061420523,0.6365487544708871
UCB1_0.1,1762,0.6354679523539422,0.6343087303769065,0.6366271743309778
UCB1_0.1,1763,0.6355396825396847,0.6343799540040544,0.636699411075315
UCB1_0.1,1764,0.6356101983002843,0.6344518961888739,0.6367685004116947
UCB1_0.1,1765,0.6356919592298981,0.6345351123965473,0.6368488060632489
UCB1_0.1,1766,0.6357351443123938,0.6345787974778198,0.6368914911469677
UCB1_0.1,1767,0.6358110859728503,0.6346549464383462,0.6369672255073544
UCB1_0.1,1768,0.6358756359525163,0.6347196300634796,0.6370316418415529
UCB1_0.1,1769,0.6359288135593221,0.6347730996231671,0.6370845274954771
UCB1_0.1,1770,0.6359909655561835,0.6348338116037994,0.6371481195085676
UCB1_0.1,1771,0.636059819413093,0.6349041243714453,0.6372155144547407
UCB1_0.1,1772,0.6361252115059224,0.6349708352089808,0.637279587802864
UCB1_0.1,1773,0.6362040586245776,0.6350506059393695,0.6373575113097858
UCB1_0.1,1774,0.6362771830985913,0.635122905702501,0.6374314604946816
UCB1_0.1,1775,0.6363558558558562,0.6352005143999991,0.6375111973117132
UCB1_0.1,1776,0.6364423185143502,0.635285753332766,0.6375988836959343
UCB1_0.1,1777,0.6365309336332982,0.6353741825693608,0.6376876846972355
UCB1_0.1,1778,0.6365980888139402,0.6354430073928299,0.6377531702350505
UCB1_0.1,1779,0.6366505617977525,0.6354955617628638,0.6378055618326411
UCB1_0.1,1780,0.6367074677147678,0.6355533873808802,0.6378615480486555
UCB1_0.1,1781,0.636800224466892,0.6356465466174701,0.6379539023163139
UCB1_0.1,1782,0.6368794167134043,0.6357257075751246,0.638033125851684
UCB1_0.1,1783,0.6369495515695064,0.6357932316015406,0.6381058715374722
UCB1_0.1,1784,0.6370117647058812,0.6358570496897026,0.6381664797220598
UCB1_0.1,1785,0.6370727883538633,0.6359178721497939,0.6382277045579327
UCB1_0.1,1786,0.6371326245103526,0.6359775171523102,0.6382877318683949
UCB1_0.1,1787,0.6371901565995529,0.6360350514062938,0.638345261792812
UCB1_0.1,1788,0.6372677473448852,0.6361137854576411,0.6384217092321294
UCB1_0.1,1789,0.6373452513966478,0.6361912905300906,0.6384992122632049
UCB1_0.1,1790,0.6374048017867112,0.6362498625273992,0.6385597410460232
UCB1_0.1,1791,0.6374575892857148,0.6363031392972103,0.6386120392742194
UCB1_0.1,1792,0.6375203569436698,0.636367583313698,0.6386731305736416
UCB1_0.1,1793,0.6375785953177255,0.636425487187831,0.6387317034476201
UCB1_0.1,1794,0.6376479108635096,0.6364941544491155,0.6388016672779037
UCB1_0.1,1795,0.6377060133630291,0.636553775533864,0.6388582511921942
UCB1_0.1,1796,0.6377662771285488,0.63661434926817,0.6389182049889277
UCB1_0.1,1797,0.63783426028921,0.6366810158435589,0.6389875047348611
UCB1_0.1,1798,0.6379043913285156,0.6367520457536309,0.6390567369034004
UCB1_0.1,1799,0.637961111111111,0.6368089403816006,0.6391132818406213
UCB1_0.1,1800,0.6380188784008877,0.6368680713929757,0.6391696854087996
UCB1_0.1,1801,0.6380788013318539,0.6369297774791107,0.6392278251845971
UCB1_0.1,1802,0.6381231281198003,0.6369743211157963,0.6392719351238043
UCB1_0.1,1803,0.6381884700665171,0.637040417284116,0.6393365228489183
UCB1_0.1,1804,0.638259279778393,0.6371109367931771,0.639407622763609
UCB1_0.1,1805,0.6383300110741994,0.6371818532369176,0.6394781689114812
UCB1_0.1,1806,0.6383940232429444,0.637246374558159,0.6395416719277297
UCB1_0.1,1807,0.6384469026548668,0.6372986300079782,0.6395951753017555
UCB1_0.1,1808,0.6385118850193473,0.6373640619152292,0.6396597081234654
UCB1_0.1,1809,0.6385723756906079,0.6374257617070547,0.6397189896741611
UCB1_0.1,1810,0.6386239646604083,0.637476471565208,0.6397714577556085
UCB1_0.1,1811,0.6386898454746138,0.6375445971607732,0.6398350937884545
UCB1_0.1,1812,0.6387523441809151,0.6376074265184101,0.6398972618434201
UCB1_0.1,1813,0.6388103638368245,0.6376651656515168,0.6399555620221323
UCB1_0.1,1814,0.6388760330578509,0.6377296586159977,0.6400224074997041
UCB1_0.1,1815,0.6389372246696038,0.6377904596430037,0.6400839896962038
UCB1_0.1,1816,0.6389895432030819,0.6378438079799673,0.6401352784261964
UCB1_0.1,1817,0.6390561056105614,0.6379109441388079,0.6402012670823148
UCB1_0.1,1818,0.6391083012644303,0.637963002209969,0.6402536003188916
UCB1_0.1,1819,0.6391813186813194,0.6380348945980395,0.6403277427645994
UCB1_0.1,1820,0.639257550796266,0.6381119159916617,0.6404031856008703
UCB1_0.1,1821,0.6393073545554346,0.638160647843287,0.6404540612675823
UCB1_0.1,1822,0.6393867251782781,0.6382384719180283,0.6405349784385279
UCB1_0.1,1823,0.639452850877193,0.6383042200620109,0.640601481692375
UCB1_0.1,1824,0.6395221917808224,0.6383741655266707,0.640670218034974
UCB1_0.1,1825,0.6395936473165392,0.6384445486353929,0.6407427459976855
UCB1_0.1,1826,0.6396639299397923,0.6385133867240229,0.6408144731555616
UCB1_0.1,1827,0.6397374179431072,0.6385872998304188,0.6408875360557956
UCB1_0.1,1828,0.6398086386003281,0.6386582292276516,0.6409590479730046
UCB1_0.1,1829,0.6398754098360661,0.638724864279694,0.6410259553924381
UCB1_0.1,1830,0.6399279082468594,0.6387772688687673,0.6410785476249515
UCB1_0.1,1831,0.639982532751092,0.6388327522909971,0.6411323132111868
UCB1_0.1,1832,0.6400567375886526,0.6389091980872263,0.6412042770900788
UCB1_0.1,1833,0.6401286804798243,0.6389820599183929,0.6412753010412557
UCB1_0.1,1834,0.6401831062670301,0.6390377987508704,0.6413284137831898
UCB1_0.1,1835,0.6402429193899779,0.6390972390254147,0.6413885997545411
UCB1_0.1,1836,0.6402961350027204,0.6391495332638848,0.641442736741556
UCB1_0.1,1837,0.6403525571273119,0.6392073260258522,0.6414977882287716
UCB1_0.1,1838,0.6404274061990216,0.6392824612812554,0.6415723511167878
UCB1_0.1,1839,0.6404913043478264,0.6393452020964241,0.6416374065992287
UCB1_0.1,1840,0.6405627376425861,0.6394157579652867,0.6417097173198855
UCB1_0.1,1841,0.6406254071661238,0.6394786354309665,0.6417721789012811
UCB1_0.1,1842,0.6406749864351599,0.639528369020046,0.6418216038502738
UCB1_0.1,1843,0.640727765726681,0.6395815827556415,0.6418739486977205
UCB1_0.1,1844,0.640783739837398,0.6396386485753212,0.6419288310994749
UCB1_0.1,1845,0.6408569880823402,0.6397116133707187,0.6420023627939616
UCB1_0.1,1846,0.6409171629669732,0.6397704019109655,0.642063924022981
UCB1_0.1,1847,0.6409696969696963,0.6398226373914229,0.6421167565479697
UCB1_0.1,1848,0.6410286641427803,0.6398809376275598,0.6421763906580007
UCB1_0.1,1849,0.6410908108108111,0.6399432181643407,0.6422384034572814
UCB1_0.1,1850,0.6411366828741227,0.6399886128974762,0.6422847528507692
UCB1_0.1,1851,0.6412041036717063,0.6400567167525079,0.6423514905909048
UCB1_0.1,1852,0.6412552617377225,0.6401071227183399,0.6424034007571051
UCB1_0.1,1853,0.6413128371089537,0.6401653754528718,0.6424602987650356
UCB1_0.1,1854,0.6413714285714289,0.6402233059736248,0.6425195511692331
UCB1_0.1,1855,0.6414278017241374,0.6402794377558083,0.6425761656924664
UCB1_0.1,1856,0.6414808831448574,0.6403340334480789,0.6426277328416359
UCB1_0.1,1857,0.6415554359526374,0.6404088953681174,0.6427019765371574
UCB1_0.1,1858,0.6416169983862283,0.6404698142253356,0.6427641825471211
UCB1_0.1,1859,0.6416741935483854,0.6405270454504624,0.6428213416463084
UCB1_0.1,1860,0.6417184309511006,0.6405709113404863,0.6428659505617149
UCB1_0.1,1861,0.6417765843179376,0.6406288037935689,0.6429243648423063
UCB1_0.1,1862,0.6418529253891571,0.6407040836888976,0.6430017670894165
UCB1_0.1,1863,0.6419055793991415,0.6407560832072644,0.6430550755910186
UCB1_0.1,1864,0.6419656836461134,0.6408172957700914,0.6431140715221354
UCB1_0.1,1865,0.6420321543408355,0.6408838814117296,0.6431804272699414
UCB1_0.1,1866,0.6420964113551153,0.6409469952803244,0.6432458274299062
UCB1_0.1,1867,0.6421563169164884,0.6410069745821608,0.6433056592508161
UCB1_0.1,1868,0.6422354200107017,0.6410852085602763,0.643385631461127
UCB1_0.1,1869,0.6423176470588217,0.6411672119274825,0.6434680821901608
UCB1_0.1,1870,0.642373062533405,0.6412229156881283,0.6435232093786817
UCB1_0.1,1871,0.6424337606837617,0.6412833973057855,0.6435841240617378
UCB1_0.1,1872,0.6424826481580358,0.6413314782596686,0.643633818056403
UCB1_0.1,1873,0.6425282817502656,0.6413776848914642,0.6436788786090669
UCB1_0.1,1874,0.6425951999999998,0.6414470580804325,0.6437433419195672
UCB1_0.1,1875,0.6426620469083159,0.6415144941298165,0.6438095996868152
UCB1_0.1,1876,0.642732019179542,0.6415845811098867,0.6438794572491974
UCB1_0.1,1877,0.6427976570820019,0.6416519666961018,0.6439433474679019
UCB1_0.1,1878,0.6428493879723255,0.6417047578764736,0.6439940180681774
UCB1_0.1,1879,0.6429148936170211,0.6417707857430771,0.6440590014909652
UCB1_0.1,1880,0.6429845826687905,0.6418408068934015,0.6441283584441796
UCB1_0.1,1881,0.643037194473964,0.6418944660251982,0.6441799229227299
UCB1_0.1,1882,0.6431035581518847,0.6419603068262396,0.6442468094775298
UCB1_0.1,1883,0.6431634819532914,0.6420208119224302,0.6443061519841526
UCB1_0.1,1884,0.6432212201591485,0.642078470126382,0.644363970191915
UCB1_0.1,1885,0.6432873806998937,0.6421441368915121,0.6444306245082753
UCB1_0.1,1886,0.6433471118176994,0.6422033905580798,0.644490833077319
UCB1_0.1,1887,0.6434004237288133,0.6422571982824741,0.6445436491751526
UCB1_0.1,1888,0.6434737956590788,0.6423311026116174,0.6446164887065402
UCB1_0.1,1889,0.6435206349206354,0.6423790485741306,0.6446622212671401
UCB1_0.1,1890,0.6435631940772083,0.6424215813435216,0.644704806810895
UCB1_0.1,1891,0.6436088794926006,0.6424660948373085,0.6447516641478926
UCB1_0.1,1892,0.6436693079767568,0.6425267150575699,0.6448119008959438
UCB1_0.1,1893,0.6437307286166838,0.6425882034253363,0.6448732538080313
UCB1_0.1,1894,0.6438153034300786,0.6426723169996954,0.6449582898604619
UCB1_0.1,1895,0.6438797468354441,0.6427352306676473,0.645024263003241
UCB1_0.1,1896,0.6439219820769639,0.6427779315866079,0.64506603256732
UCB1_0.1,1897,0.6439926238145414,0.6428474097844664,0.6451378378446163
UCB1_0.1,1898,0.6440421274354927,0.6428961245372367,0.6451881303337488
UCB1_0.1,1899,0.6441105263157894,0.6429646768432894,0.6452563757882893
UCB1_0.1,1900,0.6441651762230408,0.6430190065642013,0.6453113458818803
UCB1_0.1,1901,0.644217665615142,0.6430708952782134,0.6453644359520707
UCB1_0.1,1902,0.6442743037309514,0.6431265232392086,0.6454220842226942
UCB1_0.1,1903,0.6443371848739482,0.6431895280468582,0.6454848417010381
UCB1_0.1,1904,0.6444052493438321,0.643257876293462,0.6455526223942023
UCB1_0.1,1905,0.644460650577125,0.6433143716273085,0.6456069295269414
UCB1_0.1,1906,0.6445191400104876,0.6433736438378992,0.645664636183076
UCB1_0.1,1907,0.6445901467505243,0.6434446132081952,0.6457356802928533
UCB1_0.1,1908,0.6446600314300681,0.6435149664577149,0.6458050964024213
UCB1_0.1,1909,0.6447089005235612,0.6435638920637219,0.6458539089834006
UCB1_0.1,1910,0.6447608581894291,0.6436155795876076,0.6459061367912505
UCB1_0.1,1911,0.644812761506276,0.643667694593489,0.6459578284190629
UCB1_0.1,1912,0.6448687924725562,0.6437237250846096,0.6460138598605029
UCB1_0.1,1913,0.644926854754441,0.643782416973618,0.646071292535264
UCB1_0.1,1914,0.6449827676240207,0.6438392689376237,0.6461262663104178
UCB1_0.1,1915,0.6450386221294362,0.6438948536644975,0.6461823905943749
UCB1_0.1,1916,0.6450975482524776,0.6439540355081048,0.6462410609968503
UCB1_0.1,1917,0.6451532846715327,0.6440109378283979,0.6462956315146674
UCB1_0.1,1918,0.6451922876498177,0.6440498187061008,0.6463347565935347
UCB1_0.1,1919,0.6452604166666666,0.6441194233720278,0.6464014099613054
UCB1_0.1,1920,0.6453055700156172,0.6441650292999156,0.6464461107313187
UCB1_0.1,1921,0.645369406867846,0.6442283271801068,0.6465104865555853
UCB1_0.1,1922,0.6454342173686941,0.6442920446203625,0.6465763901170257
UCB1_0.1,1923,0.645495841995842,0.6443540438045307,0.6466376401871533
UCB1_0.1,1924,0.6455636363636368,0.644422696902532,0.6467045758247416
UCB1_0.1,1925,0.6456240913811011,0.6444825552961756,0.6467656274660266
UCB1_0.1,1926,0.6456689154125579,0.6445280324404666,0.6468097983846491
UCB1_0.1,1927,0.6457282157676343,0.6445881603894411,0.6468682711458275
UCB1_0.1,1928,0.6457884914463453,0.644649175774805,0.6469278071178857
UCB1_0.1,1929,0.6458362694300521,0.6446976332159305,0.6469749056441737
UCB1_0.1,1930,0.6458922837907819,0.6447543771475044,0.6470301904340594
UCB1_0.1,1931,0.6459534161490679,0.6448155697930925,0.6470912625050432
UCB1_0.1,1932,0.6460124159337819,0.6448754936539828,0.647149338213581
UCB1_0.1,1933,0.6460920372285424,0.6449543950723037,0.647229679384781
UCB1_0.1,1934,0.6461374677002578,0.6450008877166061,0.6472740476839095
UCB1_0.1,1935,0.6461993801652888,0.6450630433964121,0.6473357169341655
UCB1_0.1,1936,0.6462601961796592,0.6451244640094043,0.6473959283499142
UCB1_0.1,1937,0.6463240454076371,0.6451884227847686,0.6474596680305056
UCB1_0.1,1938,0.6463960804538422,0.6452615174063271,0.6475306435013574
UCB1_0.1,1939,0.6464608247422677,0.6453254105744002,0.6475962389101353
UCB1_0.1,1940,0.6465285935085027,0.6453926554527754,0.64766453156423
UCB1_0.1,1941,0.6465849639546858,0.6454498468209866,0.647720081088385
UCB1_0.1,1942,0.6466402470406585,0.6455038874868237,0.6477766065944932
UCB1_0.1,1943,0.6467150205761316,0.6455786428198235,0.6478513983324398
UCB1_0.1,1944,0.6467722365038562,0.64563658365237,0.6479078893553424
UCB1_0.1,1945,0.6468417266187058,0.645705656364381,0.6479777968730305
UCB1_0.1,1946,0.6469080636877254,0.6457711080483327,0.648045019327118
UCB1_0.1,1947,0.6469733059548255,0.645837221007035,0.648109390902616
UCB1_0.1,1948,0.6470343766033861,0.645899715966872,0.6481690372399003
UCB1_0.1,1949,0.6471025641025643,0.6459692332528179,0.6482358949523107
UCB1_0.1,1950,0.6471655561250631,0.646032566849998,0.6482985454001282
UCB1_0.1,1951,0.6472254098360657,0.6460941747696212,0.6483566449025102
UCB1_0.1,1952,0.6472852022529443,0.646154220178936,0.6484161843269526
UCB1_0.1,1953,0.6473326509723639,0.6462014084474688,0.6484638934972591
UCB1_0.1,1954,0.6473974424552432,0.6462652259064405,0.6485296590040459
UCB1_0.1,1955,0.6474519427402861,0.6463195627362455,0.6485843227443266
UCB1_0.1,1956,0.6475012774655083,0.6463687912198629,0.6486337637111538
UCB1_0.1,1957,0.647547497446374,0.6464146699251697,0.6486803249675782
UCB1_0.1,1958,0.6476069423175091,0.6464737188833627,0.6487401657516556
UCB1_0.1,1959,0.647672448979592,0.6465404245670721,0.6488044733921119
UCB1_0.1,1960,0.6477470678225398,0.646615514503208,0.6488786211418716
UCB1_0.1,1961,0.647807339449541,0.6466758008390026,0.6489388780600795
UCB1_0.1,1962,0.6478614365766681,0.6467307248339015,0.6489921483194346
UCB1_0.1,1963,0.6479063136456213,0.6467751543530372,0.6490374729382055
UCB1_0.1,1964,0.6479582697201016,0.6468255581756348,0.6490909812645684
UCB1_0.1,1965,0.6480091556459814,0.6468767665433065,0.6491415447486563
UCB1_0.1,1966,0.6480701576004059,0.6469379577703085,0.6492023574305033
UCB1_0.1,1967,0.6481260162601615,0.6469943914081387,0.6492576411121843
UCB1_0.1,1968,0.6481848654139157,0.6470531080041675,0.649316622823664
UCB1_0.1,1969,0.6482507614213198,0.647118383788854,0.6493831390537855
UCB1_0.1,1970,0.6483044140030444,0.6471721801988766,0.6494366478072122
UCB1_0.1,1971,0.6483681541582155,0.6472356200389856,0.6495006882774453
UCB1_0.1,1972,0.6484358844399386,0.6473025272924247,0.6495692415874526
UCB1_0.1,1973,0.6484954407294831,0.6473626877267442,0.6496281937322219
UCB1_0.1,1974,0.6485660759493679,0.6474344176937081,0.6496977342050276
UCB1_0.1,1975,0.6486356275303646,0.6475055908913102,0.649765664169419
UCB1_0.1,1976,0.6486970156803233,0.6475681603482824,0.6498258710123643
UCB1_0.1,1977,0.6487563195146612,0.6476271274474965,0.6498855115818258
UCB1_0.1,1978,0.6487973724103081,0.6476695465550562,0.6499251982655601
UCB1_0.1,1979,0.6488535353535355,0.6477259237867786,0.6499811469202924
UCB1_0.1,1980,0.6489076224129232,0.6477800782617298,0.6500351665641166
UCB1_0.1,1981,0.6489687184661963,0.6478424627929564,0.6500949741394362
UCB1_0.1,1982,0.6490297528996474,0.6479045393340652,0.6501549664652295
UCB1_0.1,1983,0.6490766129032262,0.6479517953267929,0.6502014304796594
UCB1_0.1,1984,0.6491153652392965,0.647991371745987,0.650239358732606
UCB1_0.1,1985,0.6491631419939565,0.6480409179354739,0.6502853660524391
UCB1_0.1,1986,0.6492148968293909,0.6480921146234391,0.6503376790353428
UCB1_0.1,1987,0.6492645875251501,0.648140442008322,0.6503887330419783
UCB1_0.1,1988,0.6493132227249878,0.6481879875181821,0.6504384579317936
UCB1_0.1,1989,0.6493678391959797,0.6482435759815044,0.6504921024104551
UCB1_0.1,1990,0.6494203917629331,0.6482971802338192,0.650543603292047
UCB1_0.1,1991,0.6494799196787185,0.6483555966479679,0.6506042427094691
UCB1_0.1,1992,0.6495454089312601,0.6484208709306699,0.6506699469318503
