method,t,mean,lower,upper
UCB1_0.01,0,0.0069999999999999386,0.00659791724597763,0.007402082754022247
UCB1_0.01,1,0.013719999999999845,0.013292295677956933,0.014147704322042758
UCB1_0.01,2,0.019719999999999786,0.019328377255681053,0.02011162274431852
UCB1_0.01,3,0.026739999999999757,0.026306833415115232,0.027173166584884282
UCB1_0.01,4,0.0335599999999997,0.03312546706197491,0.03399453293802449
UCB1_0.01,5,0.03991999999999967,0.0395010981678122,0.04033890183218714
UCB1_0.01,6,0.04676000000000003,0.04628992743526962,0.04723007256473044
UCB1_0.01,7,0.05352000000000013,0.05306909327742335,0.05397090672257691
UCB1_0.01,8,0.059499999999999754,0.05904619665608314,0.05995380334391637
UCB1_0.01,9,0.06639999999999993,0.06590490068201481,0.06689509931798505
UCB1_0.01,10,0.0733599999999998,0.07289645827897108,0.07382354172102852
UCB1_0.01,11,0.07955999999999945,0.07908097237301451,0.0800390276269844
UCB1_0.01,12,0.08634000000000011,0.08583440401437388,0.08684559598562634
UCB1_0.01,13,0.09306000000000081,0.0925696160061727,0.09355038399382892
UCB1_0.01,14,0.09930000000000072,0.09878158122328048,0.09981841877672096
UCB1_0.01,15,0.10608000000000017,0.10555184482270603,0.10660815517729431
UCB1_0.01,16,0.11271999999999953,0.11218053796083143,0.11325946203916763
UCB1_0.01,17,0.11907999999999942,0.11853097559698056,0.11962902440301829
UCB1_0.01,18,0.1259000000000001,0.12533824783133674,0.12646175216866345
UCB1_0.01,19,0.13246000000000058,0.1318717486709479,0.13304825132905326
UCB1_0.01,20,0.13888000000000045,0.13829834763572627,0.13946165236427463
UCB1_0.01,21,0.14575999999999997,0.14514692252393083,0.14637307747606912
UCB1_0.01,22,0.1522399999999995,0.15160617725014233,0.15287382274985664
UCB1_0.01,23,0.1585999999999992,0.15797192666014112,0.1592280733398573
UCB1_0.01,24,0.1653799999999999,0.16474938469949216,0.16601061530050762
UCB1_0.01,25,0.17194000000000084,0.17129740756419326,0.17258259243580842
UCB1_0.01,26,0.1784800000000011,0.17782053758555116,0.17913946241445106
UCB1_0.01,27,0.18540000000000054,0.18472467422839428,0.1860753257716068
UCB1_0.01,28,0.19228000000000003,0.19159583114132964,0.19296416885867043
UCB1_0.01,29,0.19854000000000027,0.19781397614905302,0.19926602385094752
UCB1_0.01,30,0.20523999999999998,0.204519970825797,0.20596002917420295
UCB1_0.01,31,0.21179999999999904,0.21107243176052856,0.21252756823946953
UCB1_0.01,32,0.21845999999999904,0.21771018920029642,0.21920981079970167
UCB1_0.01,33,0.22495999999999952,0.22417620427510895,0.2257437957248901
UCB1_0.01,34,0.23145999999999978,0.23068276348253025,0.2322372365174693
UCB1_0.01,35,0.2380799999999996,0.23728008867505443,0.23887991132494477
UCB1_0.01,36,0.24463999999999958,0.24382032954390567,0.2454596704560935
UCB1_0.01,37,0.25160000000000016,0.25078707467552913,0.2524129253244712
UCB1_0.01,38,0.25760000000000066,0.25676281406570817,0.25843718593429316
UCB1_0.01,39,0.26444000000000045,0.2635989314051507,0.2652810685948502
UCB1_0.01,40,0.2710600000000005,0.27023003448143723,0.2718899655185638
UCB1_0.01,41,0.27780000000000055,0.2769585946292095,0.2786414053707916
UCB1_0.01,42,0.2840800000000008,0.28320366514100553,0.284956334858996
UCB1_0.01,43,0.2906600000000009,0.2897542426423925,0.2915657573576093
UCB1_0.01,44,0.2973600000000006,0.29645396219820835,0.2982660378017929
UCB1_0.01,45,0.30380000000000046,0.302871595485856,0.3047284045141449
UCB1_0.01,46,0.3104199999999998,0.3094996590967055,0.3113403409032941
UCB1_0.01,47,0.31693999999999944,0.3160063183458246,0.3178736816541743
UCB1_0.01,48,0.32367999999999986,0.322747881336564,0.3246121186634357
UCB1_0.01,49,0.33036000000000015,0.3293993575456342,0.3313206424543661
UCB1_0.01,50,0.33668000000000065,0.3357117455449634,0.3376482544550379
UCB1_0.01,51,0.3431000000000007,0.342125356522715,0.3440746434772864
UCB1_0.01,52,0.3499800000000007,0.34898499421119367,0.3509750057888077
UCB1_0.01,53,0.3563000000000007,0.3552718490476783,0.3573281509523232
UCB1_0.01,54,0.36298000000000136,0.3619729964533313,0.3639870035466714
UCB1_0.01,55,0.36956000000000094,0.3685284984715064,0.37059150152849546
UCB1_0.01,56,0.37629999999999986,0.3752540326738875,0.3773459673261122
UCB1_0.01,57,0.38235999999999887,0.3812939104243785,0.38342608957561924
UCB1_0.01,58,0.38919999999999866,0.3881148376034636,0.3902851623965337
UCB1_0.01,59,0.3959399999999994,0.39483809481598897,0.39704190518400984
UCB1_0.01,60,0.4024799999999996,0.4013637496353981,0.4035962503646011
UCB1_0.01,61,0.40897999999999934,0.4078523931389053,0.4101076068610934
UCB1_0.01,62,0.415719999999999,0.4145690061151473,0.41687099388485066
UCB1_0.01,63,0.4221799999999998,0.4210311283742971,0.42332887162570243
UCB1_0.01,64,0.429,0.4278379612967307,0.4301620387032693
UCB1_0.01,65,0.4354199999999997,0.43422457483455756,0.43661542516544183
UCB1_0.01,66,0.4418399999999989,0.44062988263123987,0.44305011736875793
UCB1_0.01,67,0.4486599999999992,0.4474607786569022,0.44985922134309625
UCB1_0.01,68,0.4550599999999995,0.45383100160513107,0.456288998394868
UCB1_0.01,69,0.4617799999999995,0.46054091019040844,0.4630190898095906
UCB1_0.01,70,0.46823999999999893,0.4669901744732254,0.4694898255267725
UCB1_0.01,71,0.47497999999999924,0.47373234088258515,0.4762276591174133
UCB1_0.01,72,0.48131999999999936,0.4800261226993025,0.4826138773006962
UCB1_0.01,73,0.4879600000000005,0.4866793373478797,0.4892406626521213
UCB1_0.01,74,0.49449999999999966,0.4931799327763516,0.49582006722364774
UCB1_0.01,75,0.5007199999999998,0.49941067347808027,0.5020293265219195
UCB1_0.01,76,0.5076200000000003,0.5063122796526272,0.5089277203473734
UCB1_0.01,77,0.5144200000000004,0.5130966895176171,0.5157433104823838
UCB1_0.01,78,0.520740000000001,0.519406868483999,0.522073131516003
UCB1_0.01,79,0.5274000000000003,0.5260417320471783,0.5287582679528223
UCB1_0.01,80,0.5342200000000006,0.5328550839392754,0.5355849160607258
UCB1_0.01,81,0.540400000000001,0.5390389010216539,0.5417610989783481
UCB1_0.01,82,0.5471000000000016,0.5457221766868862,0.548477823313117
UCB1_0.01,83,0.5534600000000011,0.5520742695859446,0.5548457304140575
UCB1_0.01,84,0.5606400000000008,0.5592361599182143,0.5620438400817873
UCB1_0.01,85,0.5669800000000007,0.5655666249894105,0.568393375010591
UCB1_0.01,86,0.5736600000000005,0.5722150455256498,0.5751049544743512
UCB1_0.01,87,0.5800400000000004,0.5785993301954124,0.5814806698045885
UCB1_0.01,88,0.5865600000000011,0.585128529462309,0.5879914705376932
UCB1_0.01,89,0.5928800000000012,0.5914157246055547,0.5943442753944477
UCB1_0.01,90,0.5994000000000022,0.5979485716909656,0.6008514283090387
UCB1_0.01,91,0.6058800000000024,0.6044259601540328,0.607334039845972
UCB1_0.01,92,0.6120400000000019,0.6105534627414975,0.6135265372585064
UCB1_0.01,93,0.618940000000001,0.6174595916325738,0.6204204083674283
UCB1_0.01,94,0.6255399999999997,0.6240144343343923,0.627065565665607
UCB1_0.01,95,0.6321399999999987,0.6306263092864007,0.6336536907135967
UCB1_0.01,96,0.6386999999999976,0.6371789788157646,0.6402210211842306
UCB1_0.01,97,0.6451999999999983,0.6436487832069362,0.6467512167930605
UCB1_0.01,98,0.6519199999999995,0.650354570925306,0.653485429074693
UCB1_0.01,99,0.6586199999999997,0.6570418801317522,0.6601981198682471
UCB1_0.01,100,0.6645399999999999,0.662949990561377,0.6661300094386228
UCB1_0.01,101,0.6712000000000004,0.669596078792934,0.6728039212070667
UCB1_0.01,102,0.6778800000000007,0.6762776500767714,0.67948234992323
UCB1_0.01,103,0.68422,0.682601192470751,0.6858388075292491
UCB1_0.01,104,0.6908399999999993,0.6892001594931647,0.692479840506834
UCB1_0.01,105,0.6974199999999987,0.6957683497207902,0.6990716502792073
UCB1_0.01,106,0.7036399999999996,0.7019892663581322,0.705290733641867
UCB1_0.01,107,0.7101600000000003,0.7084878955125613,0.7118321044874394
UCB1_0.01,108,0.7166800000000009,0.7149791295237229,0.7183808704762789
UCB1_0.01,109,0.7235800000000013,0.7218575270389005,0.7253024729611022
UCB1_0.01,110,0.7297600000000017,0.7280282580943658,0.7314917419056377
UCB1_0.01,111,0.7363200000000021,0.7345844497524888,0.7380555502475153
UCB1_0.01,112,0.7429400000000012,0.7411958239904239,0.7446841760095784
UCB1_0.01,113,0.7496200000000006,0.7478668006268533,0.751373199373148
UCB1_0.01,114,0.755939999999999,0.7541648487138666,0.7577151512861313
UCB1_0.01,115,0.7624199999999983,0.7606565377617717,0.764183462238225
UCB1_0.01,116,0.768979999999998,0.7671819177442831,0.7707780822557129
UCB1_0.01,117,0.775979999999999,0.774166399827444,0.7777936001725541
UCB1_0.01,118,0.7821599999999991,0.78032929953557,0.7839907004644282
UCB1_0.01,119,0.78898,0.7871454658166008,0.7908145341833992
UCB1_0.01,120,0.7952000000000002,0.7933591810134939,0.7970408189865066
UCB1_0.01,121,0.8016000000000014,0.7997307939250323,0.8034692060749705
UCB1_0.01,122,0.8078600000000006,0.8059756565924884,0.8097443434075128
UCB1_0.01,123,0.81432,0.8124256384665121,0.816214361533488
UCB1_0.01,124,0.8210199999999996,0.8191251874213692,0.8229148125786301
UCB1_0.01,125,0.8277199999999997,0.8258129526402351,0.8296270473597642
UCB1_0.01,126,0.8342800000000005,0.8323368015362147,0.8362231984637862
UCB1_0.01,127,0.8407600000000006,0.8388244613557554,0.8426955386442458
UCB1_0.01,128,0.8472400000000005,0.8452890897105215,0.8491909102894796
UCB1_0.01,129,0.8539400000000011,0.8519463590983919,0.8559336409016104
UCB1_0.01,130,0.8604000000000022,0.858404113697563,0.8623958863024414
UCB1_0.01,131,0.8671200000000011,0.8651174410393956,0.8691225589606066
UCB1_0.01,132,0.8735400000000002,0.8715252476517127,0.8755547523482877
UCB1_0.01,133,0.8799399999999994,0.8778781712835946,0.8820018287164042
UCB1_0.01,134,0.8863999999999991,0.8843165468466778,0.8884834531533203
UCB1_0.01,135,0.8927199999999991,0.8906447632452416,0.8947952367547566
UCB1_0.01,136,0.8997400000000011,0.8976252034270964,0.9018547965729058
UCB1_0.01,137,0.9060800000000009,0.9039613823286892,0.9081986176713126
UCB1_0.01,138,0.912540000000001,0.9104179061964424,0.9146620938035597
UCB1_0.01,139,0.9192400000000022,0.9171119757242203,0.921368024275784
UCB1_0.01,140,0.925600000000001,0.9234510638583062,0.9277489361416957
UCB1_0.01,141,0.9320600000000008,0.9299058461684604,0.9342141538315412
UCB1_0.01,142,0.9386000000000008,0.9364357138643538,0.9407642861356478
UCB1_0.01,143,0.9450999999999997,0.9429468585173078,0.9472531414826917
UCB1_0.01,144,0.9512600000000008,0.949055933237794,0.9534640667622075
UCB1_0.01,145,0.9576200000000009,0.9554265717570821,0.9598134282429197
UCB1_0.01,146,0.9641200000000009,0.9619383790728783,0.9663016209271235
UCB1_0.01,147,0.970700000000001,0.9684794080768918,0.9729205919231102
UCB1_0.01,148,0.9772400000000021,0.9750251838367611,0.9794548161632431
UCB1_0.01,149,0.983900000000002,0.9816910876169882,0.9861089123830158
UCB1_0.01,150,0.9902600000000011,0.9880255448728817,0.9924944551271205
UCB1_0.01,151,0.9968600000000007,0.9946300145849851,0.9990899854150164
UCB1_0.01,152,1.00346,1.0012054861925692,1.0057145138074308
UCB1_0.01,153,1.0100599999999986,1.0077905653108974,1.0123294346890999
UCB1_0.01,154,1.0165199999999985,1.0142335098317934,1.0188064901682037
UCB1_0.01,155,1.022759999999999,1.020425375550903,1.025094624449095
UCB1_0.01,156,1.0292399999999986,1.0269056393717397,1.0315743606282575
UCB1_0.01,157,1.0358399999999992,1.0334734230739786,1.0382065769260198
UCB1_0.01,158,1.0425400000000002,1.0401801762856508,1.0448998237143496
UCB1_0.01,159,1.0488399999999998,1.0464911207878675,1.051188879212132
UCB1_0.01,160,1.0552399999999997,1.0528413570286745,1.057638642971325
UCB1_0.01,161,1.0617399999999995,1.0593416298570972,1.0641383701429017
UCB1_0.01,162,1.0680999999999992,1.0656840117121935,1.0705159882878048
UCB1_0.01,163,1.07462,1.0721750830476828,1.077064916952317
UCB1_0.01,164,1.0811199999999996,1.0786551847732282,1.083584815226771
UCB1_0.01,165,1.0877800000000009,1.0853250024229497,1.090234997577052
UCB1_0.01,166,1.0940200000000013,1.0915407128313883,1.0964992871686143
UCB1_0.01,167,1.1005200000000022,1.0980066502677777,1.1030333497322267
UCB1_0.01,168,1.107060000000001,1.1045243476740865,1.1095956523259156
UCB1_0.01,169,1.1136800000000013,1.1111308708406094,1.1162291291593933
UCB1_0.01,170,1.1200000000000008,1.117433500485191,1.1225664995148106
UCB1_0.01,171,1.1262599999999998,1.1236770366260314,1.1288429633739683
UCB1_0.01,172,1.1329799999999994,1.13039122041297,1.1355687795870288
UCB1_0.01,173,1.13942,1.1368185472203691,1.142021452779631
UCB1_0.01,174,1.1460799999999995,1.1434738608790478,1.1486861391209513
UCB1_0.01,175,1.1526200000000002,1.1499981015456489,1.1552418984543515
UCB1_0.01,176,1.1590799999999999,1.156425102944317,1.1617348970556827
UCB1_0.01,177,1.1655000000000002,1.1628179887605425,1.1681820112394579
UCB1_0.01,178,1.17192,1.1692157436926447,1.1746242563073555
UCB1_0.01,179,1.1782000000000008,1.175492832368477,1.1809071676315246
UCB1_0.01,180,1.1850600000000007,1.182356479986869,1.1877635200131322
UCB1_0.01,181,1.1917400000000022,1.1889754105524881,1.1945045894475164
UCB1_0.01,182,1.1977000000000033,1.1949257677456304,1.2004742322543762
UCB1_0.01,183,1.2042200000000034,1.2014354062368178,1.207004593763189
UCB1_0.01,184,1.2110000000000047,1.2081777723944926,1.2138222276055168
UCB1_0.01,185,1.2176200000000037,1.2147772035695483,1.220462796430459
UCB1_0.01,186,1.223660000000004,1.2207888170121783,1.2265311829878296
UCB1_0.01,187,1.2305800000000027,1.2276807211159324,1.233479278884073
UCB1_0.01,188,1.2374000000000016,1.2344957116138284,1.2403042883861748
UCB1_0.01,189,1.2436000000000003,1.2406927972303456,1.2465072027696549
UCB1_0.01,190,1.25008,1.247176303325712,1.2529836966742882
UCB1_0.01,191,1.2565599999999983,1.253630208676563,1.2594897913234337
UCB1_0.01,192,1.2633399999999986,1.260394382771676,1.2662856172283212
UCB1_0.01,193,1.2698999999999967,1.2669320616711484,1.272867938328845
UCB1_0.01,194,1.276759999999996,1.2737913971830044,1.2797286028169874
UCB1_0.01,195,1.282959999999996,1.2799793160535742,1.285940683946418
UCB1_0.01,196,1.2894799999999964,1.2864806602893066,1.2924793397106862
UCB1_0.01,197,1.2959599999999973,1.2929331312827679,1.2989868687172268
UCB1_0.01,198,1.302099999999998,1.2990275509941092,1.305172449005887
UCB1_0.01,199,1.3089199999999985,1.3058407385662332,1.3119992614337639
UCB1_0.01,200,1.31536,1.3122682173010065,1.3184517826989937
UCB1_0.01,201,1.3217799999999995,1.3186895108874106,1.3248704891125884
UCB1_0.01,202,1.3281200000000002,1.3249729409826259,1.3312670590173745
UCB1_0.01,203,1.3348800000000012,1.3317548872754739,1.3380051127245285
UCB1_0.01,204,1.3414200000000012,1.3382825965965874,1.344557403403415
UCB1_0.01,205,1.3480200000000016,1.3448502551921324,1.3511897448078707
UCB1_0.01,206,1.3544200000000024,1.3512318692550653,1.3576081307449395
UCB1_0.01,207,1.360560000000002,1.3573571456385611,1.3637628543614428
UCB1_0.01,208,1.367180000000001,1.363970708835292,1.37038929116471
UCB1_0.01,209,1.3734400000000009,1.370215012226884,1.3766649877731179
UCB1_0.01,210,1.3799999999999997,1.376779032819298,1.3832209671807014
UCB1_0.01,211,1.3861799999999997,1.3829366341995153,1.3894233658004842
UCB1_0.01,212,1.3924599999999998,1.389204621120333,1.3957153788796666
UCB1_0.01,213,1.3987599999999993,1.3955009410741983,1.4020190589258004
UCB1_0.01,214,1.4055599999999995,1.4023049309350308,1.4088150690649681
UCB1_0.01,215,1.4121400000000002,1.4088673183063098,1.4154126816936905
UCB1_0.01,216,1.4184200000000011,1.4151420494483364,1.4216979505516658
UCB1_0.01,217,1.4250000000000003,1.421717242568708,1.4282827574312926
UCB1_0.01,218,1.4316600000000017,1.4283964771831008,1.4349235228169026
UCB1_0.01,219,1.4380800000000018,1.434767228501464,1.4413927714985395
UCB1_0.01,220,1.4444000000000032,1.4410789582531158,1.4477210417468906
UCB1_0.01,221,1.4508400000000021,1.4475089423565308,1.4541710576434734
UCB1_0.01,222,1.4577400000000038,1.454404094765266,1.4610759052347415
UCB1_0.01,223,1.4643600000000043,1.4609902289461802,1.4677297710538284
UCB1_0.01,224,1.4705200000000036,1.4671316160379253,1.473908383962082
UCB1_0.01,225,1.4770400000000046,1.473637209115085,1.4804427908849243
UCB1_0.01,226,1.4831600000000034,1.4797423366866962,1.4865776633133105
UCB1_0.01,227,1.4896400000000014,1.4862279096350495,1.4930520903649533
UCB1_0.01,228,1.496220000000001,1.4928223337720272,1.4996176662279748
UCB1_0.01,229,1.5023600000000008,1.4989333201961328,1.5057866798038688
UCB1_0.01,230,1.5092000000000003,1.5057539082879043,1.5126460917120963
UCB1_0.01,231,1.5154399999999988,1.5120205440944694,1.5188594559055282
UCB1_0.01,232,1.5220199999999975,1.5185574610033468,1.5254825389966482
UCB1_0.01,233,1.5284799999999967,1.524996656925784,1.5319633430742094
UCB1_0.01,234,1.5354799999999968,1.5319932550061632,1.5389667449938305
UCB1_0.01,235,1.5419599999999984,1.5384585052291697,1.5454614947708272
UCB1_0.01,236,1.5481999999999987,1.5446833654456018,1.5517166345543956
UCB1_0.01,237,1.5547399999999996,1.5512240524819643,1.5582559475180349
UCB1_0.01,238,1.5611599999999999,1.557643043210929,1.5646769567890708
UCB1_0.01,239,1.567360000000001,1.5638338876214326,1.5708861123785693
UCB1_0.01,240,1.5740400000000014,1.5704766967483814,1.5776033032516215
UCB1_0.01,241,1.5805800000000017,1.5769876639566984,1.5841723360433049
UCB1_0.01,242,1.5868600000000022,1.5832800327134442,1.5904399672865601
UCB1_0.01,243,1.593720000000002,1.5901217775033532,1.597318222496651
UCB1_0.01,244,1.600000000000002,1.5963865776829067,1.6036134223170975
UCB1_0.01,245,1.6067400000000018,1.6030707910536124,1.6104092089463913
UCB1_0.01,246,1.61318,1.6095182311281484,1.6168417688718517
UCB1_0.01,247,1.6196800000000002,1.616004999240615,1.6233550007593855
UCB1_0.01,248,1.62616,1.622482740841889,1.6298372591581112
UCB1_0.01,249,1.6328799999999992,1.629204781382053,1.6365552186179455
UCB1_0.01,250,1.6390999999999987,1.6354272074632445,1.6427727925367528
UCB1_0.01,251,1.6460599999999992,1.6423678834843392,1.6497521165156592
UCB1_0.01,252,1.6527799999999997,1.6490926874468181,1.6564673125531812
UCB1_0.01,253,1.659359999999999,1.6556561066033328,1.6630638933966653
UCB1_0.01,254,1.6656200000000005,1.6618972141120592,1.669342785887942
UCB1_0.01,255,1.6722400000000006,1.6685384019949139,1.6759415980050874
UCB1_0.01,256,1.678800000000001,1.6750587059090547,1.6825412940909472
UCB1_0.01,257,1.6851200000000017,1.6813622538518236,1.6888777461481799
UCB1_0.01,258,1.6918200000000019,1.6880754894034706,1.6955645105965331
UCB1_0.01,259,1.6984000000000032,1.6946578006145507,1.7021421993854557
UCB1_0.01,260,1.7051000000000043,1.7013312024679423,1.7088687975320662
UCB1_0.01,261,1.7116800000000036,1.7079016265154607,1.7154583734845466
UCB1_0.01,262,1.7183800000000031,1.7146020360837348,1.7221579639162714
UCB1_0.01,263,1.7246400000000037,1.7208214027356388,1.7284585972643687
UCB1_0.01,264,1.7313400000000028,1.7275226791275364,1.735157320872469
UCB1_0.01,265,1.7374400000000025,1.7336244522661248,1.7412555477338802
UCB1_0.01,266,1.7442600000000021,1.7404301474204318,1.7480898525795725
UCB1_0.01,267,1.7507400000000026,1.746895301049536,1.7545846989504692
UCB1_0.01,268,1.757280000000001,1.7534247536964243,1.7611352463035779
UCB1_0.01,269,1.7639199999999995,1.76002143240997,1.7678185675900289
UCB1_0.01,270,1.7702599999999995,1.7663540353951075,1.7741659646048915
UCB1_0.01,271,1.7771399999999993,1.7732380898443183,1.7810419101556803
UCB1_0.01,272,1.7831599999999983,1.7792498177935205,1.787070182206476
UCB1_0.01,273,1.7896799999999975,1.7857233500384573,1.7936366499615377
UCB1_0.01,274,1.7960199999999975,1.792088665277015,1.79995133472298
UCB1_0.01,275,1.80276,1.798828642952854,1.806691357047146
UCB1_0.01,276,1.8092000000000006,1.805230274504072,1.8131697254959291
UCB1_0.01,277,1.815700000000001,1.8117334271628853,1.8196665728371166
UCB1_0.01,278,1.8219600000000007,1.8180069894607374,1.825913010539264
UCB1_0.01,279,1.8287000000000013,1.824745478857444,1.8326545211425587
UCB1_0.01,280,1.8353400000000009,1.831347528911456,1.8393324710885457
UCB1_0.01,281,1.8417600000000018,1.8377613458527093,1.8457586541472943
UCB1_0.01,282,1.848040000000002,1.8440282214626265,1.8520517785373773
UCB1_0.01,283,1.8544000000000014,1.8503621296352961,1.8584378703647066
UCB1_0.01,284,1.8606400000000012,1.8565731102417349,1.8647068897582675
UCB1_0.01,285,1.8673000000000008,1.8632133578723171,1.8713866421276846
UCB1_0.01,286,1.8739800000000009,1.869937061645314,1.8780229383546878
UCB1_0.01,287,1.8804999999999998,1.876399966841133,1.8846000331588666
UCB1_0.01,288,1.8868000000000005,1.8826862731728014,1.8909137268271996
UCB1_0.01,289,1.8929000000000002,1.8888016195427042,1.8969983804572963
UCB1_0.01,290,1.89948,1.8953606910828844,1.9035993089171157
UCB1_0.01,291,1.9062800000000018,1.902139410630628,1.9104205893693755
UCB1_0.01,292,1.9128400000000012,1.9086832913843883,1.916996708615614
UCB1_0.01,293,1.9193800000000012,1.915220439033651,1.9235395609663515
UCB1_0.01,294,1.9257200000000017,1.9215564931069586,1.9298835068930447
UCB1_0.01,295,1.9323800000000024,1.9282264400181355,1.9365335599818694
UCB1_0.01,296,1.9388600000000016,1.9346754495584277,1.9430445504415754
UCB1_0.01,297,1.9450600000000027,1.9408661726984378,1.9492538273015676
UCB1_0.01,298,1.9513000000000025,1.9470930554940513,1.9555069445059536
UCB1_0.01,299,1.9578200000000023,1.953585206172927,1.9620547938270776
UCB1_0.01,300,1.9643000000000022,1.9600529868904504,1.968547013109554
UCB1_0.01,301,1.970860000000001,1.9665900722639589,1.975129927736043
UCB1_0.01,302,1.9773800000000015,1.973076421333287,1.981683578666716
UCB1_0.01,303,1.9837000000000014,1.97940181425793,1.9879981857420728
UCB1_0.01,304,1.9904400000000002,1.9861625550426447,1.9947174449573557
UCB1_0.01,305,1.99682,1.9925057442154797,2.0011342557845206
UCB1_0.01,306,2.00308,1.9987429402556605,2.00741705974434
UCB1_0.01,307,2.0100000000000007,2.005616428556851,2.01438357144315
UCB1_0.01,308,2.0164400000000007,2.012045442649699,2.020834557350302
UCB1_0.01,309,2.02284,2.018397521104208,2.027282478895792
UCB1_0.01,310,2.0290399999999984,2.024590989215926,2.033489010784071
UCB1_0.01,311,2.0355599999999985,2.0311238057631447,2.0399961942368523
UCB1_0.01,312,2.0420999999999987,2.0376642365117763,2.046535763488221
UCB1_0.01,313,2.0482999999999976,2.0438200948657315,2.0527799051342637
UCB1_0.01,314,2.0550999999999973,2.050607327617297,2.0595926723826974
UCB1_0.01,315,2.061359999999998,2.0568687326378474,2.0658512673621483
UCB1_0.01,316,2.0679599999999985,2.0634256677124982,2.0724943322874987
UCB1_0.01,317,2.074359999999998,2.069821635423707,2.0788983645762893
UCB1_0.01,318,2.080939999999998,2.076383752246455,2.0854962477535404
UCB1_0.01,319,2.08722,2.082638850889628,2.091801149110372
UCB1_0.01,320,2.09366,2.089069506114337,2.0982504938856628
UCB1_0.01,321,2.099719999999999,2.0951145063869365,2.1043254936130618
UCB1_0.01,322,2.106059999999997,2.1014385244229223,2.110681475577072
UCB1_0.01,323,2.112759999999998,2.108166842017064,2.117353157982932
UCB1_0.01,324,2.119239999999997,2.1146386029890247,2.123841397010969
UCB1_0.01,325,2.1257199999999976,2.121106689877136,2.130333310122859
UCB1_0.01,326,2.1321399999999966,2.127529411791912,2.136750588208081
UCB1_0.01,327,2.138979999999998,2.13434215895725,2.1436178410427456
UCB1_0.01,328,2.145459999999999,2.140822135053993,2.150097864946005
UCB1_0.01,329,2.1518199999999994,2.147159862945894,2.1564801370541047
UCB1_0.01,330,2.157939999999998,2.153256242223779,2.1626237577762173
UCB1_0.01,331,2.1641999999999992,2.1594593843241645,2.168940615675834
UCB1_0.01,332,2.1706999999999987,2.1659791159721915,2.175420884027806
UCB1_0.01,333,2.176919999999997,2.1721601358859397,2.181679864114054
UCB1_0.01,334,2.183099999999998,2.178313622607325,2.1878863773926707
UCB1_0.01,335,2.189879999999996,2.1850941087023434,2.1946658912976487
UCB1_0.01,336,2.1961999999999966,2.1914176695428655,2.2009823304571277
UCB1_0.01,337,2.202919999999996,2.1981274472891235,2.207712552710869
UCB1_0.01,338,2.209379999999998,2.2045577077252094,2.214202292274787
UCB1_0.01,339,2.2161999999999984,2.2114022403491473,2.2209977596508494
UCB1_0.01,340,2.2223599999999974,2.217530836029019,2.227189163970976
UCB1_0.01,341,2.2291199999999955,2.224266985924067,2.233973014075924
UCB1_0.01,342,2.235439999999995,2.2305854150535263,2.240294584946464
UCB1_0.01,343,2.242119999999996,2.23723199023068,2.2470080097693117
UCB1_0.01,344,2.2482199999999963,2.2433437175460917,2.253096282453901
UCB1_0.01,345,2.2544599999999955,2.2495499875985403,2.2593700124014506
UCB1_0.01,346,2.2609999999999943,2.256077544839242,2.2659224551607466
UCB1_0.01,347,2.267379999999995,2.262459472346715,2.272300527653275
UCB1_0.01,348,2.2742199999999944,2.26927305790479,2.2791669420951988
UCB1_0.01,349,2.280799999999992,2.2758302583995516,2.285769741600433
UCB1_0.01,350,2.287199999999991,2.2822277804668074,2.2921722195331746
UCB1_0.01,351,2.2931599999999914,2.288168113557113,2.29815188644287
UCB1_0.01,352,2.299819999999992,2.2947981661462262,2.3048418338537577
UCB1_0.01,353,2.3063999999999916,2.301374126410388,2.311425873589595
UCB1_0.01,354,2.3129399999999913,2.307874367906215,2.318005632093768
UCB1_0.01,355,2.3197799999999913,2.3147209107914124,2.32483908920857
UCB1_0.01,356,2.3262199999999913,2.321125910202309,2.3313140897976736
UCB1_0.01,357,2.3324999999999916,2.3274082997945627,2.3375917002054205
UCB1_0.01,358,2.338919999999991,2.3337977858389722,2.3440422141610098
UCB1_0.01,359,2.345359999999992,2.3402155622564993,2.3505044377434845
UCB1_0.01,360,2.352179999999993,2.3470441164186955,2.3573158835812906
UCB1_0.01,361,2.358119999999993,2.3529564462981725,2.3632835537018133
UCB1_0.01,362,2.3647799999999934,2.3596101240704015,2.3699498759295854
UCB1_0.01,363,2.3712399999999936,2.366086298348452,2.3763937016515353
UCB1_0.01,364,2.377739999999995,2.3725816472616077,2.382898352738382
UCB1_0.01,365,2.384239999999997,2.3790455591354314,2.3894344408645627
UCB1_0.01,366,2.3904999999999963,2.385268397203947,2.3957316027960456
UCB1_0.01,367,2.397279999999997,2.39202384187742,2.4025361581225746
UCB1_0.01,368,2.4034999999999966,2.398233782989352,2.4087662170106414
UCB1_0.01,369,2.4099599999999963,2.4046724473285437,2.415247552671449
UCB1_0.01,370,2.416279999999995,2.4109911638879606,2.4215688361120296
UCB1_0.01,371,2.422699999999996,2.4174181931463448,2.427981806853647
UCB1_0.01,372,2.4290599999999944,2.423757241047383,2.434362758952606
UCB1_0.01,373,2.435399999999993,2.430053631175528,2.440746368824458
UCB1_0.01,374,2.442239999999995,2.436872833570057,2.447607166429933
UCB1_0.01,375,2.4486999999999948,2.4433059861547473,2.4540940138452423
UCB1_0.01,376,2.4552599999999956,2.449898322909932,2.4606216770900593
UCB1_0.01,377,2.4618599999999953,2.4564726766770035,2.467247323322987
UCB1_0.01,378,2.4686799999999933,2.463295594670356,2.4740644053296306
UCB1_0.01,379,2.474719999999993,2.4693265488053777,2.480113451194608
UCB1_0.01,380,2.4807599999999934,2.4753590595987194,2.4861609404012674
UCB1_0.01,381,2.4869399999999935,2.4815215453781057,2.4923584546218813
UCB1_0.01,382,2.493279999999995,2.4878669434527674,2.4986930565472227
UCB1_0.01,383,2.500079999999995,2.4946775123866503,2.50548248761334
UCB1_0.01,384,2.5065199999999934,2.5010917129132495,2.5119482870867373
UCB1_0.01,385,2.512679999999992,2.5072422699957055,2.5181177300042785
UCB1_0.01,386,2.519359999999991,2.513890949267633,2.524829050732349
UCB1_0.01,387,2.5257799999999895,2.5203030711671492,2.5312569288328297
UCB1_0.01,388,2.532279999999987,2.5267669179181387,2.5377930820818357
UCB1_0.01,389,2.538359999999986,2.53285215084538,2.5438678491545925
UCB1_0.01,390,2.5449799999999856,2.5394581288525706,2.5505018711474006
UCB1_0.01,391,2.5515399999999846,2.5460203399400503,2.557059660059919
UCB1_0.01,392,2.5577399999999844,2.552210262240646,2.5632697377593225
UCB1_0.01,393,2.564559999999985,2.559012668932126,2.570107331067844
UCB1_0.01,394,2.5708799999999843,2.5653146434690375,2.576445356530931
UCB1_0.01,395,2.5772399999999838,2.571652584152978,2.5828274158469897
UCB1_0.01,396,2.583819999999983,2.5782199049971815,2.5894200950027844
UCB1_0.01,397,2.5904999999999845,2.5848727906516396,2.5961272093483294
UCB1_0.01,398,2.597279999999987,2.5916310445488886,2.6029289554510857
UCB1_0.01,399,2.6034399999999875,2.59776713323625,2.609112866763725
UCB1_0.01,400,2.609799999999986,2.604123474612661,2.615476525387311
UCB1_0.01,401,2.616819999999986,2.6111708496667685,2.6224691503332034
UCB1_0.01,402,2.6233599999999857,2.6176807964456743,2.629039203554297
UCB1_0.01,403,2.6295799999999865,2.623856699114171,2.635303300885802
UCB1_0.01,404,2.6360399999999875,2.630306287306332,2.641773712693643
UCB1_0.01,405,2.6426399999999894,2.6368731434734514,2.6484068565265275
UCB1_0.01,406,2.649319999999989,2.643572863233708,2.6550671367662697
UCB1_0.01,407,2.6557799999999885,2.6499866642026744,2.6615733357973026
UCB1_0.01,408,2.6618399999999873,2.65605396244227,2.6676260375577048
UCB1_0.01,409,2.668399999999988,2.66262833316934,2.6741716668306363
UCB1_0.01,410,2.6745399999999875,2.6687506543165997,2.680329345683375
UCB1_0.01,411,2.6813599999999873,2.675525773762957,2.6871942262370174
UCB1_0.01,412,2.687539999999988,2.681688645975943,2.693391354024033
UCB1_0.01,413,2.6939599999999895,2.6881006454414598,2.699819354558519
UCB1_0.01,414,2.70007999999999,2.6942082584862375,2.7059517415137426
UCB1_0.01,415,2.7069799999999895,2.701069129793674,2.712890870206305
UCB1_0.01,416,2.7136999999999882,2.7077845532025244,2.719615446797452
UCB1_0.01,417,2.720079999999988,2.7141404711876542,2.7260195288123215
UCB1_0.01,418,2.7264199999999876,2.720481385052839,2.7323586149471364
UCB1_0.01,419,2.732759999999987,2.726782750267509,2.738737249732465
UCB1_0.01,420,2.739159999999986,2.7331680132991223,2.7451519867008494
UCB1_0.01,421,2.7459599999999886,2.739970593764226,2.7519494062357515
UCB1_0.01,422,2.7523399999999887,2.74636098470331,2.7583190152966672
UCB1_0.01,423,2.7585999999999875,2.7525964959757414,2.7646035040242336
UCB1_0.01,424,2.7651599999999856,2.7591282644672264,2.771191735532745
UCB1_0.01,425,2.7716199999999835,2.7655871150971847,2.7776528849027824
UCB1_0.01,426,2.778219999999983,2.772156403397583,2.7842835966023824
UCB1_0.01,427,2.7845999999999815,2.7785535625116253,2.7906464374883377
UCB1_0.01,428,2.791159999999983,2.7851144446802194,2.797205555319747
UCB1_0.01,429,2.797619999999981,2.79155291034879,2.8036870896511723
UCB1_0.01,430,2.804079999999981,2.797981258714268,2.810178741285694
UCB1_0.01,431,2.81065999999998,2.804557213797191,2.816762786202769
UCB1_0.01,432,2.8170999999999786,2.8109674988537403,2.823232501146217
UCB1_0.01,433,2.8235599999999783,2.8173929874944807,2.829727012505476
UCB1_0.01,434,2.8296799999999793,2.823507889338272,2.8358521106616865
UCB1_0.01,435,2.836439999999979,2.8302473248553124,2.842632675144646
UCB1_0.01,436,2.8431199999999786,2.83691308247933,2.849326917520627
UCB1_0.01,437,2.8496599999999783,2.8434494749251162,2.8558705250748404
UCB1_0.01,438,2.8560599999999794,2.849804151764066,2.862315848235893
UCB1_0.01,439,2.86277999999998,2.856485998654015,2.8690740013459446
UCB1_0.01,440,2.869239999999979,2.8629642804415836,2.8755157195583747
UCB1_0.01,441,2.875519999999978,2.8692341636785934,2.881805836321363
UCB1_0.01,442,2.882159999999978,2.8758630253548456,2.8884569746451105
UCB1_0.01,443,2.8886599999999802,2.8823635938833094,2.894956406116651
UCB1_0.01,444,2.894979999999982,2.888703313118902,2.9012566868810623
UCB1_0.01,445,2.901239999999982,2.8949413579674017,2.907538642032562
UCB1_0.01,446,2.9078599999999843,2.901553565971344,2.914166434028625
UCB1_0.01,447,2.9145399999999846,2.9082114067328866,2.9208685932670826
UCB1_0.01,448,2.9207599999999854,2.9143647095528293,2.9271552904471414
UCB1_0.01,449,2.926899999999985,2.920530300639113,2.9332696993608574
UCB1_0.01,450,2.9334399999999845,2.9270686230425955,2.9398113769573735
UCB1_0.01,451,2.939939999999984,2.933529094972844,2.946350905027124
UCB1_0.01,452,2.946679999999984,2.940267905511615,2.9530920944883534
UCB1_0.01,453,2.9529799999999846,2.9465408629613496,2.9594191370386196
UCB1_0.01,454,2.9592399999999843,2.9527993669681014,2.9656806330318672
UCB1_0.01,455,2.9655199999999855,2.959049251323086,2.971990748676885
UCB1_0.01,456,2.9721799999999856,2.9656926648093185,2.9786673351906527
UCB1_0.01,457,2.9786399999999853,2.9721546215174754,2.985125378482495
UCB1_0.01,458,2.9852399999999832,2.9787297455076622,2.9917502544923043
UCB1_0.01,459,2.9916199999999815,2.985084350925286,2.9981556490746772
UCB1_0.01,460,2.997979999999982,2.9914259162609658,3.004534083738998
UCB1_0.01,461,3.003639999999982,2.997086955417509,3.010193044582455
UCB1_0.01,462,3.010419999999983,3.003850954507609,3.016989045492357
UCB1_0.01,463,3.016579999999981,3.009981440773358,3.0231785592266043
UCB1_0.01,464,3.0231399999999806,3.016539902763702,3.0297400972362594
UCB1_0.01,465,3.0293399999999786,3.022761269146892,3.0359187308530653
UCB1_0.01,466,3.035759999999979,3.029178544256522,3.042341455743436
UCB1_0.01,467,3.041799999999978,3.03519919150878,3.0484008084911762
UCB1_0.01,468,3.048459999999977,3.0418218188287973,3.0550981811711564
UCB1_0.01,469,3.0548199999999768,3.0481978779908223,3.0614421220091312
UCB1_0.01,470,3.0614399999999775,3.0548284897146507,3.0680515102853043
UCB1_0.01,471,3.0678799999999753,3.0612401506293008,3.07451984937065
UCB1_0.01,472,3.074259999999974,3.067599459490418,3.08092054050953
UCB1_0.01,473,3.0809799999999754,3.0743123044503418,3.087647695549609
UCB1_0.01,474,3.0875199999999747,3.080825220317512,3.0942147796824373
UCB1_0.01,475,3.0940199999999742,3.0873030688657104,3.100736931134238
UCB1_0.01,476,3.1006199999999744,3.0938999887261027,3.107340011273846
UCB1_0.01,477,3.1072999999999737,3.100551012869554,3.1140489871303934
UCB1_0.01,478,3.113699999999974,3.1069501003679734,3.1204498996319745
UCB1_0.01,479,3.1204199999999704,3.1136589814089373,3.1271810185910036
UCB1_0.01,480,3.12691999999997,3.120120778647969,3.1337192213519707
UCB1_0.01,481,3.13341999999997,3.1265950172132078,3.140244982786732
UCB1_0.01,482,3.139959999999971,3.1331362046518687,3.1467837953480733
UCB1_0.01,483,3.146479999999972,3.1396616158333233,3.1532983841666207
UCB1_0.01,484,3.153079999999971,3.1462331633145584,3.159926836685383
UCB1_0.01,485,3.1592399999999725,3.1524178836181207,3.1660621163818243
UCB1_0.01,486,3.1655199999999755,3.1587014351806673,3.1723385648192837
UCB1_0.01,487,3.172579999999977,3.165763234017163,3.1793967659827906
UCB1_0.01,488,3.1790599999999745,3.172225991941979,3.18589400805797
UCB1_0.01,489,3.185419999999975,3.1785867201586178,3.192253279841332
UCB1_0.01,490,3.191619999999977,3.184782242133893,3.1984577578660605
UCB1_0.01,491,3.1979799999999763,3.1910919062475798,3.204868093752373
UCB1_0.01,492,3.204479999999977,3.1975971556959015,3.2113628443040527
UCB1_0.01,493,3.2110599999999763,3.2041613206836796,3.217958679316273
UCB1_0.01,494,3.2173799999999764,3.2104698029573258,3.224290197042627
UCB1_0.01,495,3.224119999999976,3.2171759672558555,3.2310640327440967
UCB1_0.01,496,3.2307799999999753,3.223837205743677,3.237722794256274
UCB1_0.01,497,3.236939999999976,3.2299779135192717,3.2439020864806807
UCB1_0.01,498,3.2432599999999763,3.236314999016463,3.2502050009834895
UCB1_0.01,499,3.2495199999999764,3.2425523131822516,3.2564876868177013
UCB1_0.01,500,3.2562399999999756,3.249263869790678,3.263216130209273
UCB1_0.01,501,3.2623599999999753,3.2553613009189366,3.269358699081014
UCB1_0.01,502,3.268839999999974,3.261833482057842,3.2758465179421066
UCB1_0.01,503,3.2750199999999747,3.2679819384068445,3.282058061593105
UCB1_0.01,504,3.281099999999974,3.2740446819523235,3.288155318047625
UCB1_0.01,505,3.2876799999999746,3.2806122384554106,3.2947477615445386
UCB1_0.01,506,3.2942599999999747,3.2871449947914093,3.30137500520854
UCB1_0.01,507,3.300479999999974,3.2933720762587866,3.3075879237411616
UCB1_0.01,508,3.306639999999972,3.299492899727141,3.3137871002728025
UCB1_0.01,509,3.313279999999969,3.3061511641860903,3.320408835813848
UCB1_0.01,510,3.31975999999997,3.3125827853516614,3.3269372146482783
UCB1_0.01,511,3.3260999999999705,3.3189166483749184,3.3332833516250227
UCB1_0.01,512,3.332219999999969,3.3250532355792806,3.339386764420657
UCB1_0.01,513,3.33849999999997,3.331309064545844,3.3456909354540962
UCB1_0.01,514,3.3449399999999696,3.3377577167525776,3.3521222832473616
UCB1_0.01,515,3.351179999999969,3.3439875350388624,3.358372464961076
UCB1_0.01,516,3.35749999999997,3.3502955876467864,3.364704412353154
UCB1_0.01,517,3.3639599999999708,3.3567690814613043,3.3711509185386372
UCB1_0.01,518,3.3702199999999687,3.3630201832150366,3.3774198167849008
UCB1_0.01,519,3.3767399999999674,3.369520204337867,3.3839597956620677
UCB1_0.01,520,3.3831599999999686,3.375925056122931,3.3903949438770065
UCB1_0.01,521,3.389519999999968,3.3822794424843488,3.3967605575155875
UCB1_0.01,522,3.3959399999999693,3.3886682779833732,3.4032117220165654
UCB1_0.01,523,3.4021999999999695,3.394908272926125,3.409491727073814
UCB1_0.01,524,3.40885999999997,3.4015673542278244,3.4161526457721156
UCB1_0.01,525,3.4153399999999694,3.4080140795442775,3.4226659204556613
UCB1_0.01,526,3.4218999999999693,3.414551150951808,3.4292488490481308
UCB1_0.01,527,3.4284799999999693,3.4211190614152227,3.435840938584716
UCB1_0.01,528,3.4348799999999673,3.4275254984323196,3.442234501567615
UCB1_0.01,529,3.441059999999969,3.4336841275019734,3.448435872497965
UCB1_0.01,530,3.4473799999999697,3.4400031572919683,3.454756842707971
UCB1_0.01,531,3.4538199999999697,3.4464205080068777,3.4612194919930617
UCB1_0.01,532,3.460359999999972,3.452956834770957,3.467763165228987
UCB1_0.01,533,3.466499999999972,3.459070219626853,3.473929780373091
UCB1_0.01,534,3.4730399999999713,3.465572799755042,3.4805072002449005
UCB1_0.01,535,3.479359999999971,3.471876511406786,3.4868434885931556
UCB1_0.01,536,3.4858799999999723,3.478362723883563,3.4933972761163816
UCB1_0.01,537,3.492279999999972,3.4847515815164627,3.4998084184834815
UCB1_0.01,538,3.4985799999999743,3.4910453554049146,3.506114644595034
UCB1_0.01,539,3.5051199999999736,3.4975878070055977,3.5126521929943495
UCB1_0.01,540,3.5115399999999743,3.5039706725080344,3.5191093274919143
UCB1_0.01,541,3.5181599999999733,3.51058071880682,3.5257392811931267
UCB1_0.01,542,3.5249199999999736,3.5173299701229186,3.5325100298770287
UCB1_0.01,543,3.531379999999971,3.523753289226094,3.5390067107738483
UCB1_0.01,544,3.537879999999972,3.5302603534298465,3.5454996465700974
UCB1_0.01,545,3.543799999999972,3.53617224736814,3.5514277526318043
UCB1_0.01,546,3.5502399999999694,3.5425814342814155,3.5578985657185234
UCB1_0.01,547,3.556919999999967,3.5492362589368542,3.5646037410630798
UCB1_0.01,548,3.563199999999969,3.555491827357704,3.570908172642234
UCB1_0.01,549,3.569699999999968,3.561975290686346,3.5774247093135902
UCB1_0.01,550,3.576139999999967,3.5684418512158316,3.583838148784102
UCB1_0.01,551,3.5823599999999667,3.5745983444547313,3.590121655545202
UCB1_0.01,552,3.588579999999967,3.5808010291547756,3.5963589708451584
UCB1_0.01,553,3.5949599999999657,3.587174295004821,3.6027457049951104
UCB1_0.01,554,3.601699999999965,3.5939208676426606,3.6094791323572695
UCB1_0.01,555,3.6080799999999655,3.600270937128059,3.6158890628718723
UCB1_0.01,556,3.614119999999965,3.6062944355905073,3.621945564409423
UCB1_0.01,557,3.6209799999999643,3.6131393914023437,3.628820608597585
UCB1_0.01,558,3.627499999999963,3.6196560976645378,3.6353439023353884
UCB1_0.01,559,3.6342399999999624,3.626377044652431,3.642102955347494
UCB1_0.01,560,3.639979999999962,3.6321130425343178,3.647846957465606
UCB1_0.01,561,3.646279999999961,3.63843481615864,3.654125183841282
UCB1_0.01,562,3.652799999999962,3.644944225888789,3.6606557741111345
UCB1_0.01,563,3.6590599999999625,3.6511776364639217,3.6669423635360032
UCB1_0.01,564,3.6654799999999614,3.6575744969807547,3.673385503019168
UCB1_0.01,565,3.6722199999999603,3.6643144473157006,3.68012555268422
UCB1_0.01,566,3.678879999999958,3.6709667218691537,3.6867932781307626
UCB1_0.01,567,3.6851199999999595,3.677193968081916,3.693046031918003
UCB1_0.01,568,3.691899999999958,3.6839722177886727,3.6998277822112438
UCB1_0.01,569,3.6981799999999563,3.690247025318103,3.7061129746818096
UCB1_0.01,570,3.7046799999999593,3.6967280223026244,3.7126319776972942
UCB1_0.01,571,3.7112799999999626,3.7033278945096804,3.719232105490245
UCB1_0.01,572,3.717699999999963,3.7097563466282595,3.7256436533716664
UCB1_0.01,573,3.724339999999963,3.716408152679072,3.732271847320854
UCB1_0.01,574,3.730639999999964,3.7226747250334697,3.7386052749664587
UCB1_0.01,575,3.7374399999999683,3.7294493190136113,3.7454306809863254
UCB1_0.01,576,3.743459999999969,3.73546412675806,3.7514558732418783
UCB1_0.01,577,3.7497199999999706,3.7416956331486952,3.757744366851246
UCB1_0.01,578,3.7562999999999707,3.7482886011248757,3.7643113988750656
UCB1_0.01,579,3.7626999999999704,3.754646047717598,3.770753952282343
UCB1_0.01,580,3.76953999999997,3.7614611004641234,3.7776188995358164
UCB1_0.01,581,3.7758999999999676,3.767831493285016,3.783968506714919
UCB1_0.01,582,3.7822399999999683,3.774191750402768,3.7902882495971686
UCB1_0.01,583,3.7888999999999675,3.780805391687302,3.796994608312633
UCB1_0.01,584,3.7955599999999663,3.78746135232911,3.8036586476708227
UCB1_0.01,585,3.801819999999967,3.7937195458149024,3.8099204541850313
UCB1_0.01,586,3.808499999999967,3.8003654688103197,3.8166345311896146
UCB1_0.01,587,3.814719999999967,3.8065662927399977,3.8228737072599364
UCB1_0.01,588,3.820999999999966,3.81282400345894,3.829175996540992
UCB1_0.01,589,3.8275399999999644,3.8193885464401904,3.8356914535597384
UCB1_0.01,590,3.833839999999965,3.825664072008408,3.842015927991522
UCB1_0.01,591,3.840339999999963,3.8321827231852326,3.8484972768146934
UCB1_0.01,592,3.8467599999999624,3.83860979603632,3.854910203963605
UCB1_0.01,593,3.8528399999999605,3.844656034545292,3.861023965454629
UCB1_0.01,594,3.8592999999999607,3.851135353024588,3.8674646469753333
UCB1_0.01,595,3.8655599999999595,3.8573726713189833,3.8737473286809356
UCB1_0.01,596,3.8720199999999587,3.86382541856339,3.8802145814365274
UCB1_0.01,597,3.8785399999999575,3.8703248001223565,3.8867551998775585
UCB1_0.01,598,3.8849799999999566,3.876752939544716,3.893207060455197
UCB1_0.01,599,3.8913399999999583,3.883109849853762,3.8995701501461544
UCB1_0.01,600,3.897579999999957,3.889334738457512,3.905825261542402
UCB1_0.01,601,3.9038199999999557,3.895545442457866,3.912094557542045
UCB1_0.01,602,3.9101799999999556,3.901887895228101,3.9184721047718103
UCB1_0.01,603,3.9169999999999554,3.9086941508887016,3.925305849111209
UCB1_0.01,604,3.923179999999954,3.9148866326662484,3.93147336733366
UCB1_0.01,605,3.929599999999953,3.9212438618502126,3.9379561381496937
UCB1_0.01,606,3.935999999999953,3.927645262359423,3.9443547376404826
UCB1_0.01,607,3.9422599999999552,3.9338578986018833,3.950662101398027
UCB1_0.01,608,3.9482999999999557,3.9398901058537077,3.9567098941462038
UCB1_0.01,609,3.954739999999957,3.9463032251709893,3.963176774828925
UCB1_0.01,610,3.9613199999999575,3.952867487644299,3.969772512355616
UCB1_0.01,611,3.96737999999996,3.958904803497611,3.975855196502309
UCB1_0.01,612,3.97381999999996,3.9653597720866585,3.9822802279132614
UCB1_0.01,613,3.9799599999999615,3.971507970020814,3.9884120299791093
UCB1_0.01,614,3.9863599999999617,3.9778941581286262,3.994825841871297
UCB1_0.01,615,3.992919999999965,3.9844541930485757,4.001385806951355
UCB1_0.01,616,3.9991999999999654,3.990689439843292,4.007710560156639
UCB1_0.01,617,4.0053199999999665,3.9967883267680273,4.013851673231906
UCB1_0.01,618,4.0116599999999645,4.00309853483882,4.020221465161109
UCB1_0.01,619,4.018399999999964,4.009844113767291,4.026955886232638
UCB1_0.01,620,4.024919999999964,4.016340412717152,4.033499587282777
UCB1_0.01,621,4.031379999999963,4.022820130554477,4.039939869445449
UCB1_0.01,622,4.037779999999962,4.029232471784489,4.046327528215436
UCB1_0.01,623,4.044139999999963,4.035582485102066,4.052697514897861
UCB1_0.01,624,4.050259999999964,4.041677210436596,4.058842789563332
UCB1_0.01,625,4.057179999999962,4.048545290923102,4.065814709076821
UCB1_0.01,626,4.063539999999962,4.054922863802631,4.072157136197294
UCB1_0.01,627,4.070279999999961,4.061659356470221,4.0789006435297015
UCB1_0.01,628,4.07663999999996,4.068027760162653,4.085252239837268
UCB1_0.01,629,4.083099999999959,4.074471738436747,4.091728261563171
UCB1_0.01,630,4.0893999999999595,4.08075344432628,4.098046555673639
UCB1_0.01,631,4.095399999999956,4.0867173707259274,4.104082629273985
UCB1_0.01,632,4.101759999999957,4.0930456583115795,4.1104743416883345
UCB1_0.01,633,4.108159999999954,4.099450911061473,4.116869088938434
UCB1_0.01,634,4.114679999999952,4.105955242066214,4.12340475793369
UCB1_0.01,635,4.121059999999954,4.112329870523375,4.1297901294765325
UCB1_0.01,636,4.127299999999953,4.118539309273989,4.136060690725917
UCB1_0.01,637,4.133799999999953,4.1250460564012625,4.142553943598643
UCB1_0.01,638,4.140059999999952,4.131292770882764,4.14882722911714
UCB1_0.01,639,4.146599999999952,4.137806535485648,4.1553934645142565
UCB1_0.01,640,4.152799999999952,4.143994934130697,4.161605065869207
UCB1_0.01,641,4.158879999999949,4.15003298473195,4.167727015267949
UCB1_0.01,642,4.165099999999946,4.156227331956769,4.173972668043122
UCB1_0.01,643,4.171499999999946,4.162631949192115,4.180368050807776
UCB1_0.01,644,4.177939999999946,4.169094372448096,4.186785627551797
UCB1_0.01,645,4.184179999999946,4.175317864153558,4.193042135846334
UCB1_0.01,646,4.19081999999995,4.181964294916708,4.199675705083192
UCB1_0.01,647,4.19663999999995,4.187785693443564,4.205494306556336
UCB1_0.01,648,4.203059999999949,4.194189134128395,4.211930865871503
UCB1_0.01,649,4.209379999999951,4.200460244248629,4.218299755751272
UCB1_0.01,650,4.215859999999953,4.206919018032497,4.224800981967409
UCB1_0.01,651,4.222139999999954,4.213199465787656,4.231080534212253
UCB1_0.01,652,4.228259999999954,4.21932138105512,4.237198618944789
UCB1_0.01,653,4.234539999999954,4.225583993348261,4.243496006651647
UCB1_0.01,654,4.240779999999955,4.231803385245716,4.249756614754193
UCB1_0.01,655,4.247619999999956,4.238613698652019,4.256626301347893
UCB1_0.01,656,4.253719999999956,4.244679219569778,4.262760780430134
UCB1_0.01,657,4.2599199999999575,4.250856838114929,4.268983161884986
UCB1_0.01,658,4.266279999999957,4.257211501815376,4.275348498184539
UCB1_0.01,659,4.272699999999959,4.2636575386133755,4.281742461386542
UCB1_0.01,660,4.279339999999959,4.27030671504751,4.288373284952407
UCB1_0.01,661,4.28603999999996,4.277023368832717,4.295056631167203
UCB1_0.01,662,4.292639999999962,4.283573680113601,4.301706319886324
UCB1_0.01,663,4.299279999999959,4.290206867795194,4.308353132204723
UCB1_0.01,664,4.30551999999996,4.29642955444964,4.314610445550279
UCB1_0.01,665,4.312039999999954,4.302938759299949,4.321141240699959
UCB1_0.01,666,4.318519999999958,4.3094345185738465,4.327605481426069
UCB1_0.01,667,4.325039999999956,4.315919341591349,4.334160658408563
UCB1_0.01,668,4.331699999999955,4.322544836745243,4.340855163254668
UCB1_0.01,669,4.337959999999953,4.328792345927221,4.347127654072684
UCB1_0.01,670,4.344259999999954,4.335104020097419,4.353415979902489
UCB1_0.01,671,4.350799999999953,4.341643470381079,4.359956529618827
UCB1_0.01,672,4.357079999999951,4.3479498610460166,4.366210138953885
UCB1_0.01,673,4.363819999999953,4.354670936327397,4.372969063672509
UCB1_0.01,674,4.369999999999947,4.360849929824893,4.379150070175001
UCB1_0.01,675,4.37637999999995,4.367264873197367,4.3854951268025335
UCB1_0.01,676,4.382819999999953,4.373681612305198,4.391958387694707
UCB1_0.01,677,4.389199999999949,4.380018617118529,4.398381382881369
UCB1_0.01,678,4.396079999999948,4.386881664196194,4.405278335803702
UCB1_0.01,679,4.402699999999949,4.39344580948775,4.411954190512147
UCB1_0.01,680,4.409159999999945,4.3999176365696515,4.418402363430238
UCB1_0.01,681,4.415259999999942,4.4060194534524335,4.424500546547451
UCB1_0.01,682,4.421879999999945,4.412611364102429,4.43114863589746
UCB1_0.01,683,4.428219999999946,4.418921938371348,4.437518061628545
UCB1_0.01,684,4.434739999999945,4.425445954604354,4.444034045395536
UCB1_0.01,685,4.441179999999943,4.4318712734978645,4.450488726502022
UCB1_0.01,686,4.447659999999945,4.438315154057853,4.457004845942037
UCB1_0.01,687,4.454099999999948,4.4447352937528635,4.4634647062470325
UCB1_0.01,688,4.460699999999944,4.451352277015067,4.4700477229848214
UCB1_0.01,689,4.466899999999946,4.4575512558317145,4.476248744168177
UCB1_0.01,690,4.473399999999944,4.464053788406454,4.482746211593434
UCB1_0.01,691,4.479999999999946,4.470636687292913,4.489363312706979
UCB1_0.01,692,4.48633999999995,4.476936811053065,4.495743188946834
UCB1_0.01,693,4.492779999999951,4.4833602599269335,4.502199740072968
UCB1_0.01,694,4.499419999999951,4.489992502198247,4.508847497801654
UCB1_0.01,695,4.506279999999946,4.496843565361669,4.5157164346382235
UCB1_0.01,696,4.512819999999949,4.503379288894706,4.522260711105192
UCB1_0.01,697,4.519059999999948,4.5095789812277705,4.528541018772126
UCB1_0.01,698,4.52557999999995,4.516102007551481,4.535057992448419
UCB1_0.01,699,4.531859999999952,4.522361853732057,4.541358146267847
UCB1_0.01,700,4.538299999999948,4.528759730490305,4.547840269509591
UCB1_0.01,701,4.544679999999954,4.5351258658896585,4.55423413411025
UCB1_0.01,702,4.551119999999949,4.541538890766557,4.560701109233342
UCB1_0.01,703,4.557379999999952,4.547773296733106,4.566986703266799
UCB1_0.01,704,4.5636399999999515,4.554000889669158,4.573279110330745
UCB1_0.01,705,4.570059999999949,4.560406106992417,4.579713893007481
UCB1_0.01,706,4.57635999999995,4.566705567126835,4.586014432873064
UCB1_0.01,707,4.583199999999949,4.573527319721995,4.592872680277903
UCB1_0.01,708,4.589419999999949,4.57974759686234,4.599092403137558
UCB1_0.01,709,4.595599999999946,4.585925059597464,4.605274940402428
UCB1_0.01,710,4.602019999999949,4.592314758235514,4.6117252417643835
UCB1_0.01,711,4.6083399999999495,4.5986244021275535,4.618055597872345
UCB1_0.01,712,4.614339999999947,4.60460859876384,4.624071401236054
UCB1_0.01,713,4.62071999999995,4.610987919541527,4.630452080458372
UCB1_0.01,714,4.627399999999948,4.617645574830377,4.63715442516952
UCB1_0.01,715,4.633659999999947,4.623903379249758,4.643416620750135
UCB1_0.01,716,4.640079999999947,4.6303074574114085,4.649852542588485
UCB1_0.01,717,4.646679999999944,4.636918262249721,4.656441737750167
UCB1_0.01,718,4.652659999999943,4.642904831235369,4.662415168764517
UCB1_0.01,719,4.659559999999945,4.649777295312872,4.6693427046870175
UCB1_0.01,720,4.665859999999946,4.656054478832972,4.675665521166921
UCB1_0.01,721,4.672139999999943,4.662323116750625,4.681956883249261
UCB1_0.01,722,4.677999999999939,4.668217848718785,4.687782151281092
UCB1_0.01,723,4.68403999999994,4.674240047762782,4.693839952237098
UCB1_0.01,724,4.690679999999938,4.680871936444387,4.70048806355549
UCB1_0.01,725,4.697299999999941,4.687487317304808,4.707112682695073
UCB1_0.01,726,4.703199999999937,4.693366607272242,4.713033392727631
UCB1_0.01,727,4.709459999999945,4.699601215890985,4.719318784108905
UCB1_0.01,728,4.715579999999941,4.70570406877871,4.7254559312211715
UCB1_0.01,729,4.722099999999939,4.712186439838314,4.732013560161564
UCB1_0.01,730,4.728419999999943,4.718483823270662,4.738356176729224
UCB1_0.01,731,4.734559999999942,4.724642473744543,4.744477526255341
UCB1_0.01,732,4.740779999999939,4.730843711699396,4.750716288300481
UCB1_0.01,733,4.747199999999944,4.737243676921092,4.757156323078797
UCB1_0.01,734,4.7536199999999385,4.743654813539249,4.763585186460628
UCB1_0.01,735,4.760319999999943,4.750340145126906,4.770299854872981
UCB1_0.01,736,4.766639999999941,4.756648883902777,4.776631116097105
UCB1_0.01,737,4.772959999999944,4.762946667613279,4.78297333238661
UCB1_0.01,738,4.779119999999944,4.76907780594422,4.789162194055668
UCB1_0.01,739,4.7857599999999465,4.775716274037631,4.795803725962262
UCB1_0.01,740,4.792279999999946,4.7822149956244235,4.802345004375468
UCB1_0.01,741,4.7983599999999464,4.788266387873617,4.808453612126276
UCB1_0.01,742,4.804939999999944,4.7948195430399725,4.815060456959916
UCB1_0.01,743,4.8115399999999475,4.801429577038082,4.821650422961813
UCB1_0.01,744,4.817819999999944,4.807677942833498,4.82796205716639
UCB1_0.01,745,4.824459999999944,4.8143019916949505,4.834618008304938
UCB1_0.01,746,4.8309799999999425,4.82080694700543,4.841153052994455
UCB1_0.01,747,4.837179999999944,4.82701671091568,4.8473432890842085
UCB1_0.01,748,4.843919999999944,4.833718911972218,4.85412108802767
UCB1_0.01,749,4.850039999999946,4.839800583847001,4.86027941615289
UCB1_0.01,750,4.856459999999943,4.846205531415821,4.866714468584066
UCB1_0.01,751,4.862579999999945,4.85230967450954,4.872850325490351
UCB1_0.01,752,4.86893999999994,4.858614974917045,4.879265025082835
UCB1_0.01,753,4.875599999999941,4.865286178941884,4.885913821057998
UCB1_0.01,754,4.881959999999941,4.87159765597524,4.892322344024642
UCB1_0.01,755,4.888239999999943,4.877862976967603,4.8986170230322825
UCB1_0.01,756,4.894839999999939,4.884486866577956,4.905193133421922
UCB1_0.01,757,4.901179999999943,4.890804199227199,4.911555800772687
UCB1_0.01,758,4.907659999999938,4.897285417326819,4.918034582673056
UCB1_0.01,759,4.913879999999942,4.903487096673488,4.924272903326396
UCB1_0.01,760,4.920179999999939,4.909757205001693,4.930602794998185
UCB1_0.01,761,4.926379999999939,4.915934285375177,4.9368257146247005
UCB1_0.01,762,4.93289999999994,4.922433708273975,4.943366291725904
UCB1_0.01,763,4.939139999999935,4.92866853473308,4.94961146526679
UCB1_0.01,764,4.945399999999937,4.934898808917193,4.955901191082681
UCB1_0.01,765,4.951679999999932,4.941151887608941,4.962208112390924
UCB1_0.01,766,4.957739999999936,4.947223625173664,4.9682563748262085
UCB1_0.01,767,4.9639399999999325,4.953410462222418,4.974469537777447
UCB1_0.01,768,4.970139999999934,4.959608157912018,4.98067184208785
UCB1_0.01,769,4.977079999999933,4.966526363107049,4.987633636892817
UCB1_0.01,770,4.983699999999937,4.973170815516617,4.994229184483256
UCB1_0.01,771,4.990219999999935,4.979668158493759,5.000771841506111
UCB1_0.01,772,4.9968999999999335,4.986327735519678,5.007472264480189
UCB1_0.01,773,5.003019999999933,4.992411210945893,5.013628789053972
UCB1_0.01,774,5.0095999999999385,4.999007056995703,5.020192943004174
UCB1_0.01,775,5.015979999999936,5.0053644787618135,5.026595521238058
UCB1_0.01,776,5.021979999999936,5.01136468182559,5.032595318174282
UCB1_0.01,777,5.028499999999935,5.017891475677647,5.039108524322224
UCB1_0.01,778,5.034459999999936,5.023839016063481,5.0450809839363915
UCB1_0.01,779,5.041159999999941,5.0305087800332124,5.05181121996667
UCB1_0.01,780,5.047499999999942,5.036831268356971,5.058168731642913
UCB1_0.01,781,5.053859999999945,5.043176071236568,5.064543928763323
UCB1_0.01,782,5.060299999999939,5.0496186621704515,5.070981337829427
UCB1_0.01,783,5.066659999999935,5.055958307918732,5.077361692081138
UCB1_0.01,784,5.07363999999994,5.0629224551444825,5.084357544855397
UCB1_0.01,785,5.080179999999939,5.0694395591037,5.090920440896178
UCB1_0.01,786,5.086419999999939,5.075667088533479,5.097172911466399
UCB1_0.01,787,5.093119999999939,5.08236190555482,5.103878094445057
UCB1_0.01,788,5.0995799999999365,5.088790122896868,5.110369877103005
UCB1_0.01,789,5.105699999999939,5.094882159037985,5.116517840961894
UCB1_0.01,790,5.111899999999939,5.101071460999605,5.122728539000273
UCB1_0.01,791,5.118539999999936,5.1077174779140515,5.129362522085821
UCB1_0.01,792,5.1248599999999325,5.114025636152931,5.135694363846934
UCB1_0.01,793,5.131379999999933,5.120525008268712,5.142234991731155
UCB1_0.01,794,5.137939999999931,5.127073361718127,5.1488066382817355
UCB1_0.01,795,5.144519999999937,5.133653782127447,5.155386217872427
UCB1_0.01,796,5.1511999999999345,5.140333714679489,5.16206628532038
UCB1_0.01,797,5.157639999999935,5.146785102311937,5.168494897687933
UCB1_0.01,798,5.163979999999931,5.153124701889199,5.174835298110663
UCB1_0.01,799,5.1700799999999365,5.1592018775293775,5.1809581224704955
UCB1_0.01,800,5.1766599999999325,5.165774148219201,5.187545851780664
UCB1_0.01,801,5.1831199999999304,5.172232867817752,5.194007132182109
UCB1_0.01,802,5.189339999999937,5.178412389693373,5.2002676103065
UCB1_0.01,803,5.195939999999938,5.185016211617251,5.206863788382625
UCB1_0.01,804,5.202339999999936,5.191397408016831,5.21328259198304
UCB1_0.01,805,5.209159999999935,5.198222977986831,5.2200970220130385
UCB1_0.01,806,5.215419999999932,5.204462327666382,5.2263776723334825
UCB1_0.01,807,5.2219399999999325,5.210974597560908,5.232905402438957
UCB1_0.01,808,5.228639999999933,5.217689592321223,5.239590407678643
UCB1_0.01,809,5.2353599999999325,5.224384480331084,5.246335519668781
UCB1_0.01,810,5.241719999999932,5.230750875339654,5.252689124660211
UCB1_0.01,811,5.248659999999931,5.237695451324249,5.259624548675613
UCB1_0.01,812,5.254939999999931,5.2439722949780325,5.26590770502183
UCB1_0.01,813,5.2613199999999285,5.2503643533801245,5.2722756466197325
UCB1_0.01,814,5.267779999999931,5.25685073168733,5.278709268312531
UCB1_0.01,815,5.27457999999993,5.263648635588325,5.285511364411535
UCB1_0.01,816,5.281279999999932,5.270331768030723,5.292228231969141
UCB1_0.01,817,5.2874599999999266,5.276512827495642,5.298407172504211
UCB1_0.01,818,5.29401999999993,5.283084968381883,5.304955031617976
UCB1_0.01,819,5.300539999999934,5.289605718622663,5.311474281377206
UCB1_0.01,820,5.306419999999923,5.295483368941259,5.317356631058587
UCB1_0.01,821,5.312679999999928,5.301743286582037,5.323616713417819
UCB1_0.01,822,5.318719999999926,5.307753640947494,5.329686359052358
UCB1_0.01,823,5.325239999999928,5.3142153245241435,5.336264675475713
UCB1_0.01,824,5.331739999999932,5.320694175662462,5.342785824337403
UCB1_0.01,825,5.338359999999936,5.32730256398938,5.349417436010492
UCB1_0.01,826,5.344439999999932,5.333347745684416,5.355532254315448
UCB1_0.01,827,5.350619999999929,5.339524716840194,5.361715283159664
UCB1_0.01,828,5.356639999999932,5.345530815416467,5.367749184583397
UCB1_0.01,829,5.362979999999929,5.351891413243122,5.374068586756737
UCB1_0.01,830,5.369359999999933,5.358225867927999,5.380494132071867
UCB1_0.01,831,5.375919999999935,5.364779728516845,5.387060271483025
UCB1_0.01,832,5.38233999999993,5.371163379040883,5.393516620958977
UCB1_0.01,833,5.388859999999931,5.377664598501875,5.400055401497987
UCB1_0.01,834,5.395279999999927,5.384053963620925,5.406506036378929
UCB1_0.01,835,5.401519999999926,5.390279171479467,5.412760828520385
UCB1_0.01,836,5.407719999999929,5.396457716916397,5.418982283083461
UCB1_0.01,837,5.414399999999929,5.403130801823346,5.425669198176511
UCB1_0.01,838,5.420519999999925,5.40924879025114,5.43179120974871
UCB1_0.01,839,5.427099999999937,5.415815935951426,5.438384064048448
UCB1_0.01,840,5.4341599999999195,5.422870989193651,5.445449010806188
UCB1_0.01,841,5.440339999999927,5.4290161983135965,5.451663801686258
UCB1_0.01,842,5.4469799999999235,5.435637926459026,5.458322073540821
UCB1_0.01,843,5.453299999999922,5.441935200298365,5.464664799701479
UCB1_0.01,844,5.45947999999993,5.448075971745688,5.470884028254172
UCB1_0.01,845,5.465819999999933,5.454413339924149,5.477226660075718
UCB1_0.01,846,5.471959999999926,5.460544356615227,5.483375643384626
UCB1_0.01,847,5.478279999999931,5.466828238387447,5.489731761612416
UCB1_0.01,848,5.484339999999925,5.472867711481684,5.495812288518166
UCB1_0.01,849,5.490479999999928,5.478985586083016,5.50197441391684
UCB1_0.01,850,5.497119999999931,5.485614494708553,5.50862550529131
UCB1_0.01,851,5.503559999999929,5.492010943362485,5.515109056637374
UCB1_0.01,852,5.509939999999924,5.498344352035109,5.521535647964739
UCB1_0.01,853,5.516379999999922,5.504731723189199,5.528028276810645
UCB1_0.01,854,5.52283999999992,5.511184970924556,5.534495029075283
UCB1_0.01,855,5.52959999999992,5.517929027970813,5.541270972029028
UCB1_0.01,856,5.536059999999924,5.52436134407296,5.547758655926887
UCB1_0.01,857,5.542439999999925,5.530735103892473,5.554144896107378
UCB1_0.01,858,5.549039999999924,5.537350296665323,5.560729703334525
UCB1_0.01,859,5.5559799999999235,5.544293536929649,5.567666463070198
UCB1_0.01,860,5.562799999999926,5.551095461173887,5.574504538825964
UCB1_0.01,861,5.569079999999923,5.557363826981402,5.580796173018444
UCB1_0.01,862,5.575459999999921,5.56374434123246,5.587175658767381
UCB1_0.01,863,5.5816199999999245,5.569882549311328,5.593357450688521
UCB1_0.01,864,5.588039999999929,5.576263462785774,5.5998165372140845
UCB1_0.01,865,5.594219999999925,5.582431625490764,5.606008374509087
UCB1_0.01,866,5.600419999999931,5.588629133650844,5.6122108663490184
UCB1_0.01,867,5.6066999999999325,5.594900489951343,5.618499510048522
UCB1_0.01,868,5.612839999999917,5.601007579133958,5.624672420865876
UCB1_0.01,869,5.619539999999931,5.607707431440557,5.631372568559306
UCB1_0.01,870,5.625599999999928,5.613773727418327,5.63742627258153
UCB1_0.01,871,5.632079999999928,5.620260944496653,5.643899055503203
UCB1_0.01,872,5.638279999999926,5.626461801732776,5.650098198267076
UCB1_0.01,873,5.644919999999926,5.633097388542602,5.6567426114572505
UCB1_0.01,874,5.651499999999924,5.6396487206476955,5.6633512793521525
UCB1_0.01,875,5.658119999999927,5.6462428572215035,5.669997142778351
UCB1_0.01,876,5.664419999999928,5.652530742970283,5.676309257029573
UCB1_0.01,877,5.670819999999918,5.658911958848476,5.6827280411513605
UCB1_0.01,878,5.677039999999928,5.665125976697223,5.688954023302633
UCB1_0.01,879,5.683619999999927,5.671704601319003,5.695535398680851
UCB1_0.01,880,5.690139999999927,5.678198048599264,5.702081951400589
UCB1_0.01,881,5.696479999999929,5.684523156635345,5.708436843364513
UCB1_0.01,882,5.703019999999926,5.691044155170375,5.714995844829477
UCB1_0.01,883,5.709499999999927,5.697531720488279,5.721468279511575
UCB1_0.01,884,5.715759999999923,5.703770360359756,5.72774963964009
UCB1_0.01,885,5.722339999999928,5.7103260165795415,5.7343539834203145
UCB1_0.01,886,5.728659999999923,5.716661380043955,5.740658619955892
UCB1_0.01,887,5.735179999999923,5.723129596248786,5.747230403751061
UCB1_0.01,888,5.741519999999922,5.7294609356946555,5.753579064305189
UCB1_0.01,889,5.748019999999923,5.735991557485559,5.760048442514287
UCB1_0.01,890,5.754499999999923,5.742422225589485,5.766577774410361
UCB1_0.01,891,5.761159999999919,5.74908684635541,5.773233153644427
UCB1_0.01,892,5.76725999999992,5.755180076915267,5.7793399230845734
UCB1_0.01,893,5.773679999999917,5.761569853817751,5.785790146182083
UCB1_0.01,894,5.77991999999992,5.767794626582638,5.792045373417202
UCB1_0.01,895,5.78647999999992,5.774339012615525,5.798620987384315
UCB1_0.01,896,5.792639999999916,5.780485507207564,5.804794492792269
UCB1_0.01,897,5.7991399999999205,5.786948816166026,5.811331183833815
UCB1_0.01,898,5.80527999999992,5.793082925418949,5.817477074580891
UCB1_0.01,899,5.811839999999925,5.7996456736508275,5.824034326349022
UCB1_0.01,900,5.818239999999922,5.806005999995349,5.830474000004496
UCB1_0.01,901,5.824439999999922,5.81217301236482,5.836706987635024
UCB1_0.01,902,5.830319999999927,5.818078389598892,5.842561610400962
UCB1_0.01,903,5.836579999999924,5.824328518156726,5.848831481843122
UCB1_0.01,904,5.843019999999923,5.830756152833664,5.855283847166182
UCB1_0.01,905,5.848959999999924,5.836656969045228,5.861263030954621
UCB1_0.01,906,5.855259999999919,5.842958967220898,5.867561032778939
UCB1_0.01,907,5.861799999999923,5.849488136153424,5.874111863846423
UCB1_0.01,908,5.868099999999921,5.855771942177729,5.8804280578221135
UCB1_0.01,909,5.874279999999922,5.861910704571001,5.8866492954288425
UCB1_0.01,910,5.880719999999923,5.868324902058597,5.893115097941249
UCB1_0.01,911,5.887159999999921,5.874748375415212,5.899571624584629
UCB1_0.01,912,5.893399999999921,5.880980901637469,5.905819098362373
UCB1_0.01,913,5.89957999999992,5.887135145594752,5.912024854405089
UCB1_0.01,914,5.905579999999919,5.893081244694694,5.918078755305143
UCB1_0.01,915,5.911819999999923,5.899291768099235,5.924348231900612
UCB1_0.01,916,5.918019999999915,5.905506834864502,5.930533165135328
UCB1_0.01,917,5.924179999999925,5.911680609051384,5.936679390948466
UCB1_0.01,918,5.930239999999915,5.917686152802878,5.942793847196953
UCB1_0.01,919,5.936559999999915,5.923986353210234,5.949133646789596
UCB1_0.01,920,5.942719999999925,5.930123219517191,5.955316780482659
UCB1_0.01,921,5.9487599999999174,5.936156907613242,5.961363092386593
UCB1_0.01,922,5.955139999999919,5.94253381770259,5.967746182297248
UCB1_0.01,923,5.961679999999916,5.949080599153062,5.97427940084677
UCB1_0.01,924,5.968039999999918,5.955430771287728,5.980649228712108
UCB1_0.01,925,5.9744999999999155,5.961888515009347,5.987111484990484
UCB1_0.01,926,5.980739999999914,5.9681414317684585,5.993338568231369
UCB1_0.01,927,5.986979999999911,5.974343411215951,5.999616588783871
UCB1_0.01,928,5.993159999999916,5.9805231264647585,6.005796873535074
UCB1_0.01,929,5.99963999999991,5.986984663621331,6.012295336378489
UCB1_0.01,930,6.006099999999915,5.993399993960751,6.018800006039078
UCB1_0.01,931,6.012259999999915,5.999530415371291,6.024989584628539
UCB1_0.01,932,6.018459999999912,6.005719311616476,6.031200688383349
UCB1_0.01,933,6.025039999999911,6.0122714346965305,6.037808565303291
UCB1_0.01,934,6.031499999999908,6.018710183415746,6.04428981658407
UCB1_0.01,935,6.037859999999911,6.025056445561014,6.050663554438809
UCB1_0.01,936,6.0442199999999096,6.03142583772496,6.057014162274859
UCB1_0.01,937,6.050439999999911,6.0376449307133235,6.063235069286499
UCB1_0.01,938,6.056399999999906,6.043570430417128,6.069229569582684
UCB1_0.01,939,6.062439999999908,6.049599092246781,6.075280907753036
UCB1_0.01,940,6.068819999999908,6.055964363718466,6.08167563628135
UCB1_0.01,941,6.075459999999908,6.062626186127489,6.088293813872327
UCB1_0.01,942,6.081459999999916,6.06863300244072,6.094286997559113
UCB1_0.01,943,6.087899999999911,6.075053294955075,6.100746705044746
UCB1_0.01,944,6.094359999999912,6.081542452264828,6.107177547734996
UCB1_0.01,945,6.100539999999914,6.087723498003436,6.1133565019963925
UCB1_0.01,946,6.107059999999908,6.09424444470771,6.119875555292106
UCB1_0.01,947,6.113119999999915,6.100292943262416,6.125947056737414
UCB1_0.01,948,6.119999999999912,6.107208844187633,6.132791155812192
UCB1_0.01,949,6.126159999999918,6.113372800762605,6.138947199237231
UCB1_0.01,950,6.1321599999999155,6.1193813287050505,6.14493867129478
UCB1_0.01,951,6.138159999999912,6.1254033735400935,6.150916626459731
UCB1_0.01,952,6.144219999999911,6.131443420244687,6.156996579755135
UCB1_0.01,953,6.150659999999913,6.137858927909991,6.163461072089835
UCB1_0.01,954,6.156939999999909,6.144153408250518,6.1697265917493
UCB1_0.01,955,6.163139999999914,6.150371391888319,6.175908608111509
UCB1_0.01,956,6.169119999999913,6.1563691046779,6.181870895321927
UCB1_0.01,957,6.175439999999911,6.162671733755104,6.188208266244718
UCB1_0.01,958,6.18175999999991,6.168979772051532,6.194540227948288
UCB1_0.01,959,6.188019999999908,6.17523285338231,6.200807146617507
UCB1_0.01,960,6.194499999999912,6.1817276513662724,6.207272348633551
UCB1_0.01,961,6.200819999999909,6.1880276622923445,6.213612337707473
UCB1_0.01,962,6.207519999999911,6.194711567295501,6.220328432704321
UCB1_0.01,963,6.214019999999914,6.201185091054777,6.226854908945052
UCB1_0.01,964,6.220259999999908,6.207413072509354,6.2331069274904625
UCB1_0.01,965,6.226479999999918,6.213601268257183,6.239358731742652
UCB1_0.01,966,6.232879999999918,6.219975322220015,6.245784677779821
UCB1_0.01,967,6.239479999999915,6.226527439334228,6.252432560665603
UCB1_0.01,968,6.245659999999913,6.232685574676879,6.258634425322947
UCB1_0.01,969,6.251979999999912,6.238977800646003,6.26498219935382
UCB1_0.01,970,6.258099999999909,6.245110148707412,6.271089851292406
UCB1_0.01,971,6.264159999999905,6.251165732818828,6.277154267180983
UCB1_0.01,972,6.270459999999911,6.257483372285109,6.283436627714713
UCB1_0.01,973,6.27677999999991,6.263777578018453,6.289782421981367
UCB1_0.01,974,6.282799999999913,6.269765074919357,6.295834925080468
UCB1_0.01,975,6.28901999999991,6.275992199778386,6.302047800221434
UCB1_0.01,976,6.295499999999911,6.282423623680943,6.308576376318879
UCB1_0.01,977,6.301979999999909,6.288874827808019,6.315085172191798
UCB1_0.01,978,6.308179999999911,6.295107116087174,6.321252883912648
UCB1_0.01,979,6.314359999999907,6.3013057082202275,6.327414291779587
UCB1_0.01,980,6.320819999999907,6.307749283412032,6.333890716587782
UCB1_0.01,981,6.327099999999911,6.314046298088377,6.3401537019114445
UCB1_0.01,982,6.333539999999907,6.320445703384258,6.346634296615556
UCB1_0.01,983,6.339919999999908,6.326781469775395,6.353058530224421
UCB1_0.01,984,6.34619999999991,6.33307343856814,6.35932656143168
UCB1_0.01,985,6.352499999999908,6.339363240535777,6.365636759464039
UCB1_0.01,986,6.358739999999909,6.345590862750169,6.3718891372496484
UCB1_0.01,987,6.365379999999907,6.352220608148697,6.378539391851117
UCB1_0.01,988,6.371559999999907,6.358408475952329,6.384711524047486
UCB1_0.01,989,6.377939999999905,6.364779818152186,6.391100181847623
UCB1_0.01,990,6.384339999999912,6.371167595161899,6.397512404837925
UCB1_0.01,991,6.390719999999905,6.377518604151973,6.403921395847837
UCB1_0.01,992,6.397099999999902,6.38385461684055,6.410345383159255
UCB1_0.01,993,6.40317999999991,6.389918149939592,6.416441850060228
UCB1_0.01,994,6.409799999999906,6.396521942682503,6.4230780573173085
UCB1_0.01,995,6.4159799999999105,6.402733381903328,6.429226618096493
UCB1_0.01,996,6.422299999999918,6.409069644315544,6.435530355684293
UCB1_0.01,997,6.428739999999907,6.415471381561569,6.442008618438245
UCB1_0.01,998,6.435579999999911,6.422270351214421,6.448889648785401
UCB1_0.01,999,6.441979999999913,6.42861078669353,6.455349213306296
UCB1_0.01,1000,6.4482999999999056,6.434903338302256,6.461696661697555
UCB1_0.01,1001,6.45415999999991,6.4407501894011485,6.467569810598672
UCB1_0.01,1002,6.4603999999999075,6.446983432317197,6.4738165676826185
UCB1_0.01,1003,6.466799999999911,6.453377144803074,6.4802228551967485
UCB1_0.01,1004,6.472939999999909,6.459483406498216,6.486396593501602
UCB1_0.01,1005,6.479479999999908,6.466023013696003,6.492936986303813
UCB1_0.01,1006,6.485859999999905,6.472355462468648,6.499364537531162
UCB1_0.01,1007,6.492319999999909,6.478826082236059,6.505813917763759
UCB1_0.01,1008,6.4986399999999085,6.485115897420646,6.512164102579171
UCB1_0.01,1009,6.5048799999999085,6.49132949995804,6.518430500041777
UCB1_0.01,1010,6.511399999999904,6.4978578387458485,6.52494216125396
UCB1_0.01,1011,6.517339999999906,6.50378764260453,6.530892357395282
UCB1_0.01,1012,6.523599999999904,6.510073822776885,6.537126177222923
UCB1_0.01,1013,6.529879999999913,6.516337285729075,6.5434227142707515
UCB1_0.01,1014,6.536659999999903,6.523130976010187,6.550189023989618
UCB1_0.01,1015,6.543179999999904,6.529627937091754,6.556732062908053
UCB1_0.01,1016,6.5493599999999,6.535780384231768,6.562939615768031
UCB1_0.01,1017,6.55575999999991,6.542149682637663,6.569370317362156
UCB1_0.01,1018,6.561939999999905,6.548300522674439,6.575579477325371
UCB1_0.01,1019,6.568279999999906,6.554636062900217,6.581923937099596
UCB1_0.01,1020,6.574239999999903,6.5605745872775065,6.587905412722299
UCB1_0.01,1021,6.580479999999902,6.566786968902589,6.594173031097215
UCB1_0.01,1022,6.586599999999902,6.572883075294461,6.600316924705343
UCB1_0.01,1023,6.593099999999902,6.579368224291852,6.606831775707952
UCB1_0.01,1024,6.599659999999901,6.585923545306015,6.6133964546937865
UCB1_0.01,1025,6.6055199999999,6.591803218525708,6.619236781474092
UCB1_0.01,1026,6.611539999999904,6.597804401700443,6.625275598299365
UCB1_0.01,1027,6.617899999999901,6.604138318624555,6.631661681375247
UCB1_0.01,1028,6.624319999999903,6.610572997985752,6.638067002014054
UCB1_0.01,1029,6.630939999999902,6.617186957032391,6.644693042967413
UCB1_0.01,1030,6.6371599999998985,6.623395369552088,6.650924630447709
UCB1_0.01,1031,6.6434799999999,6.629702188843725,6.657257811156075
UCB1_0.01,1032,6.649879999999902,6.636124642785124,6.663635357214679
UCB1_0.01,1033,6.656619999999901,6.642868787839452,6.670371212160349
UCB1_0.01,1034,6.663419999999902,6.649642911349433,6.67719708865037
UCB1_0.01,1035,6.669979999999908,6.656166387609906,6.683793612389911
UCB1_0.01,1036,6.676059999999898,6.66222943409597,6.689890565903827
UCB1_0.01,1037,6.682379999999909,6.668526447635691,6.696233552364126
UCB1_0.01,1038,6.688959999999894,6.675094232117487,6.7028257678823016
UCB1_0.01,1039,6.69549999999991,6.681623067851496,6.7093769321483245
UCB1_0.01,1040,6.701379999999902,6.687459103323233,6.71530089667657
UCB1_0.01,1041,6.707639999999908,6.6937011596194615,6.721578840380355
UCB1_0.01,1042,6.713679999999905,6.69972470290718,6.72763529709263
UCB1_0.01,1043,6.719979999999912,6.706001403083547,6.733958596916277
UCB1_0.01,1044,6.726159999999904,6.712129658962519,6.740190341037289
UCB1_0.01,1045,6.732279999999907,6.718238593857143,6.746321406142671
UCB1_0.01,1046,6.738559999999905,6.724478209613827,6.752641790385982
UCB1_0.01,1047,6.745179999999908,6.73107716590021,6.759282834099606
UCB1_0.01,1048,6.751579999999907,6.73748712208248,6.765672877917335
UCB1_0.01,1049,6.757739999999902,6.743646305751665,6.77183369424814
UCB1_0.01,1050,6.764159999999905,6.750059533405838,6.778260466593973
UCB1_0.01,1051,6.7703199999999,6.756194657707763,6.784445342292038
UCB1_0.01,1052,6.7766399999998965,6.762532433063142,6.790747566936651
UCB1_0.01,1053,6.782739999999896,6.768651113519688,6.796828886480103
UCB1_0.01,1054,6.789419999999898,6.775315611290946,6.8035243887088495
UCB1_0.01,1055,6.7957799999999,6.781651035422793,6.809908964577008
UCB1_0.01,1056,6.801819999999902,6.787658245511538,6.8159817544882655
UCB1_0.01,1057,6.808199999999898,6.794024913445325,6.822375086554471
UCB1_0.01,1058,6.814799999999895,6.800645403410758,6.828954596589032
UCB1_0.01,1059,6.821019999999902,6.806824507396289,6.835215492603515
UCB1_0.01,1060,6.827339999999895,6.813142130901896,6.841537869097894
UCB1_0.01,1061,6.833939999999899,6.8197548379267126,6.848125162073085
UCB1_0.01,1062,6.840619999999895,6.826439196869862,6.854800803129927
UCB1_0.01,1063,6.847019999999891,6.832834663388437,6.861205336611346
UCB1_0.01,1064,6.852979999999896,6.838798680049278,6.8671613199505135
UCB1_0.01,1065,6.859339999999886,6.845162794289253,6.8735172057105185
UCB1_0.01,1066,6.865919999999887,6.851705702735761,6.880134297264013
UCB1_0.01,1067,6.871999999999894,6.857781845267018,6.88621815473277
UCB1_0.01,1068,6.878419999999896,6.864171959899133,6.892668040100659
UCB1_0.01,1069,6.884899999999894,6.870640378271684,6.899159621728105
UCB1_0.01,1070,6.891559999999892,6.877291695090954,6.905828304908829
UCB1_0.01,1071,6.897939999999893,6.883669755506954,6.912210244492831
UCB1_0.01,1072,6.904499999999893,6.890208840503214,6.918791159496572
UCB1_0.01,1073,6.910879999999893,6.8965992746610905,6.925160725338696
UCB1_0.01,1074,6.9172399999998895,6.902954435314781,6.931525564684998
UCB1_0.01,1075,6.9234799999998975,6.909186378980071,6.937773621019724
UCB1_0.01,1076,6.92971999999989,6.915417755304607,6.944022244695174
UCB1_0.01,1077,6.936079999999896,6.921757553967313,6.950402446032478
UCB1_0.01,1078,6.942199999999894,6.927908945549413,6.956491054450375
UCB1_0.01,1079,6.9484399999998905,6.934116120796429,6.962763879203352
UCB1_0.01,1080,6.954739999999897,6.940388798974289,6.969091201025505
UCB1_0.01,1081,6.961119999999896,6.946784414412199,6.975455585587594
UCB1_0.01,1082,6.967519999999896,6.953182829196002,6.9818571708037895
UCB1_0.01,1083,6.973959999999893,6.959605852596923,6.988314147402864
UCB1_0.01,1084,6.980519999999896,6.966153144136573,6.99488685586322
UCB1_0.01,1085,6.9869599999998995,6.97259458330938,7.001325416690419
UCB1_0.01,1086,6.9937599999999,6.979384537402772,7.008135462597028
UCB1_0.01,1087,7.000039999999897,6.985653901281358,7.014426098718436
UCB1_0.01,1088,7.005919999999892,6.991520808261988,7.020319191737796
UCB1_0.01,1089,7.012179999999895,6.997773299923385,7.026586700076405
UCB1_0.01,1090,7.018159999999901,7.0037284283336,7.032591571666202
UCB1_0.01,1091,7.024839999999888,7.010401825668411,7.039278174331366
UCB1_0.01,1092,7.031199999999898,7.016738919593337,7.045661080406459
UCB1_0.01,1093,7.037499999999889,7.023067325297044,7.0519326747027336
UCB1_0.01,1094,7.043619999999892,7.02919224805837,7.058047751941414
UCB1_0.01,1095,7.050019999999902,7.035583845294022,7.064456154705782
UCB1_0.01,1096,7.055979999999892,7.041537596536121,7.070422403463662
UCB1_0.01,1097,7.062619999999895,7.0481679791593805,7.07707202084041
UCB1_0.01,1098,7.06883999999989,7.054394661086638,7.083285338913141
UCB1_0.01,1099,7.074719999999895,7.060260846463152,7.089179153536638
UCB1_0.01,1100,7.080719999999894,7.066230274269826,7.095209725729961
UCB1_0.01,1101,7.087479999999888,7.072998839461182,7.101961160538595
UCB1_0.01,1102,7.093619999999895,7.079113490741785,7.108126509258004
UCB1_0.01,1103,7.099599999999892,7.085051534767806,7.114148465231978
UCB1_0.01,1104,7.10597999999989,7.091426191247776,7.120533808752003
UCB1_0.01,1105,7.11223999999989,7.097672512358982,7.126807487640797
UCB1_0.01,1106,7.118539999999891,7.1039602869218585,7.133119713077924
UCB1_0.01,1107,7.125079999999892,7.110465339840633,7.139694660159152
UCB1_0.01,1108,7.131539999999887,7.116911746273039,7.146168253726736
UCB1_0.01,1109,7.137479999999888,7.1228565306496145,7.152103469350162
UCB1_0.01,1110,7.143679999999893,7.12905810799359,7.158301892006197
UCB1_0.01,1111,7.149739999999885,7.135082329280514,7.164397670719256
UCB1_0.01,1112,7.156239999999889,7.141566232048765,7.1709137679510135
UCB1_0.01,1113,7.162579999999888,7.147911038318121,7.177248961681656
UCB1_0.01,1114,7.168999999999889,7.1542953265944735,7.183704673405304
UCB1_0.01,1115,7.1753599999998805,7.160631610581924,7.190088389417837
UCB1_0.01,1116,7.18177999999989,7.167029318105761,7.196530681894019
UCB1_0.01,1117,7.18769999999989,7.172952064050017,7.202447935949763
UCB1_0.01,1118,7.194319999999883,7.179553172117778,7.209086827881988
UCB1_0.01,1119,7.200579999999887,7.185787927801193,7.215372072198581
UCB1_0.01,1120,7.2067999999998875,7.192015347072058,7.221584652927717
UCB1_0.01,1121,7.213319999999888,7.198546281557683,7.228093718442092
UCB1_0.01,1122,7.2196599999998945,7.204855800774963,7.234464199224826
UCB1_0.01,1123,7.2258199999998896,7.211032179482734,7.240607820517045
UCB1_0.01,1124,7.231939999999892,7.217154337855823,7.2467256621439615
UCB1_0.01,1125,7.238139999999891,7.22332450591663,7.252955494083152
UCB1_0.01,1126,7.244299999999898,7.229443675081124,7.2591563249186715
UCB1_0.01,1127,7.250619999999896,7.235734966992435,7.265505033007356
UCB1_0.01,1128,7.2569399999998945,7.242025974709276,7.271854025290513
UCB1_0.01,1129,7.262719999999894,7.247799738993124,7.277640261006664
UCB1_0.01,1130,7.269319999999895,7.25439598930173,7.2842440106980595
UCB1_0.01,1131,7.275639999999894,7.260665147583558,7.290614852416231
UCB1_0.01,1132,7.281659999999894,7.266728793132024,7.296591206867764
UCB1_0.01,1133,7.28819999999989,7.273278253449562,7.303121746550217
UCB1_0.01,1134,7.294739999999896,7.279833178450247,7.309646821549546
UCB1_0.01,1135,7.301139999999885,7.286197800366194,7.316082199633575
UCB1_0.01,1136,7.307319999999891,7.292361652352072,7.32227834764771
UCB1_0.01,1137,7.313779999999885,7.298810155463083,7.328749844536687
UCB1_0.01,1138,7.320459999999887,7.30548417133623,7.3354358286635435
UCB1_0.01,1139,7.326819999999885,7.311833354312935,7.341806645686836
UCB1_0.01,1140,7.333059999999886,7.31808014980664,7.348039850193132
UCB1_0.01,1141,7.339239999999893,7.324193541958785,7.354286458041001
UCB1_0.01,1142,7.3451799999998855,7.330106973369247,7.360253026630524
UCB1_0.01,1143,7.351479999999891,7.336359639065433,7.366600360934349
UCB1_0.01,1144,7.357939999999889,7.342804131354457,7.373075868645321
UCB1_0.01,1145,7.364139999999889,7.348990123988793,7.379289876010985
UCB1_0.01,1146,7.370719999999887,7.35555945095165,7.385880549048124
UCB1_0.01,1147,7.377079999999889,7.36188820441709,7.392271795582689
UCB1_0.01,1148,7.383139999999886,7.36795842748683,7.398321572512943
UCB1_0.01,1149,7.389339999999882,7.374161007838207,7.404518992161556
UCB1_0.01,1150,7.395879999999891,7.380705050357695,7.411054949642087
UCB1_0.01,1151,7.402359999999887,7.3871825634624155,7.4175374365373585
UCB1_0.01,1152,7.409079999999889,7.393906844356984,7.424253155642795
UCB1_0.01,1153,7.4154999999998985,7.400285600370858,7.430714399628939
UCB1_0.01,1154,7.421779999999886,7.4065509631559,7.437009036843873
UCB1_0.01,1155,7.428099999999882,7.412842488908705,7.443357511091058
UCB1_0.01,1156,7.434419999999882,7.419151777056947,7.449688222942817
UCB1_0.01,1157,7.440899999999889,7.425625746121185,7.456174253878593
UCB1_0.01,1158,7.447079999999886,7.431739739667752,7.46242026033202
UCB1_0.01,1159,7.453359999999887,7.438000471275655,7.46871952872412
UCB1_0.01,1160,7.459239999999889,7.443847347875498,7.4746326521242805
UCB1_0.01,1161,7.465919999999887,7.450535169369472,7.481304830630302
UCB1_0.01,1162,7.472319999999888,7.456925648667982,7.487714351331794
UCB1_0.01,1163,7.478659999999895,7.463270803782858,7.494049196216932
UCB1_0.01,1164,7.484879999999884,7.469490358257861,7.500269641741907
UCB1_0.01,1165,7.491479999999887,7.476119694595275,7.506840305404499
UCB1_0.01,1166,7.4978199999998925,7.482438548954141,7.513201451045644
UCB1_0.01,1167,7.5041799999998835,7.488782520908127,7.51957747909164
UCB1_0.01,1168,7.510619999999894,7.495254180872596,7.525985819127191
UCB1_0.01,1169,7.517139999999885,7.501759807091958,7.532520192907811
UCB1_0.01,1170,7.523379999999889,7.507971313194452,7.538788686805327
UCB1_0.01,1171,7.529219999999883,7.513798024846993,7.544641975152773
UCB1_0.01,1172,7.535479999999887,7.520038175088826,7.550921824910948
UCB1_0.01,1173,7.541459999999878,7.525999615372174,7.556920384627582
UCB1_0.01,1174,7.547379999999877,7.531893627160204,7.56286637283955
UCB1_0.01,1175,7.55373999999988,7.538245358074089,7.5692346419256715
UCB1_0.01,1176,7.560419999999879,7.54494001946377,7.575899980535988
UCB1_0.01,1177,7.566639999999884,7.551123586755025,7.582156413244744
UCB1_0.01,1178,7.573119999999884,7.557627928719289,7.588612071280479
UCB1_0.01,1179,7.579479999999881,7.563973756569787,7.594986243429975
UCB1_0.01,1180,7.5856599999998835,7.570147394244798,7.601172605754969
UCB1_0.01,1181,7.591899999999882,7.576373200775434,7.60742679922433
UCB1_0.01,1182,7.598079999999877,7.582508510904843,7.613651489094911
UCB1_0.01,1183,7.604599999999888,7.589039063467032,7.620160936532743
UCB1_0.01,1184,7.610599999999873,7.595024623797171,7.626175376202575
UCB1_0.01,1185,7.617159999999879,7.601586330540727,7.632733669459031
UCB1_0.01,1186,7.623539999999882,7.607953746416278,7.639126253583486
UCB1_0.01,1187,7.629959999999881,7.614341789472839,7.6455782105269225
UCB1_0.01,1188,7.6360599999998815,7.6204255614665355,7.6516944385332275
UCB1_0.01,1189,7.642059999999885,7.626440814005901,7.65767918599387
UCB1_0.01,1190,7.6482399999998725,7.63260934710181,7.663870652897935
UCB1_0.01,1191,7.654639999999878,7.638978552811532,7.670301447188224
UCB1_0.01,1192,7.661299999999876,7.645629992211743,7.676970007788009
UCB1_0.01,1193,7.667319999999881,7.651624194026481,7.683015805973281
UCB1_0.01,1194,7.673479999999878,7.6577779484198345,7.689182051579921
UCB1_0.01,1195,7.679739999999877,7.664042007879581,7.695437992120174
UCB1_0.01,1196,7.685799999999883,7.670120108016287,7.701479891983479
UCB1_0.01,1197,7.691859999999885,7.676174222108515,7.707545777891254
UCB1_0.01,1198,7.697759999999879,7.682072003353614,7.713447996646144
UCB1_0.01,1199,7.703699999999882,7.688022428093693,7.7193775719060715
UCB1_0.01,1200,7.709939999999886,7.694235618036683,7.725644381963089
UCB1_0.01,1201,7.7162399999998845,7.700527368335542,7.731952631664227
UCB1_0.01,1202,7.722719999999883,7.706951138179849,7.738488861819916
UCB1_0.01,1203,7.728839999999877,7.713048975897227,7.744631024102528
UCB1_0.01,1204,7.734679999999883,7.718894670493802,7.750465329505963
UCB1_0.01,1205,7.741079999999874,7.725293418114909,7.7568665818848395
UCB1_0.01,1206,7.747359999999873,7.73155621362011,7.763163786379635
UCB1_0.01,1207,7.753539999999882,7.737736155651013,7.769343844348751
UCB1_0.01,1208,7.759719999999872,7.74397143169528,7.775468568304464
UCB1_0.01,1209,7.766179999999875,7.750419389710114,7.781940610289636
UCB1_0.01,1210,7.772379999999875,7.756621507861639,7.788138492138111
UCB1_0.01,1211,7.778239999999884,7.762456620267037,7.794023379732731
UCB1_0.01,1212,7.784719999999875,7.768959948042076,7.800480051957674
UCB1_0.01,1213,7.791239999999876,7.775465607476846,7.807014392522905
UCB1_0.01,1214,7.797519999999875,7.781709487894545,7.813330512105205
UCB1_0.01,1215,7.803979999999875,7.788178520573478,7.819781479426272
UCB1_0.01,1216,7.810339999999868,7.7945171649200855,7.82616283507965
UCB1_0.01,1217,7.81669999999988,7.800861207905088,7.832538792094672
UCB1_0.01,1218,7.822659999999876,7.80677989461218,7.838540105387572
UCB1_0.01,1219,7.829179999999876,7.813289231924154,7.845070768075598
UCB1_0.01,1220,7.835379999999871,7.819457548179568,7.851302451820174
UCB1_0.01,1221,7.841639999999876,7.825731078841919,7.857548921157832
UCB1_0.01,1222,7.847659999999876,7.831772430521887,7.8635475694778645
UCB1_0.01,1223,7.853639999999875,7.837715543014036,7.869564456985715
UCB1_0.01,1224,7.860159999999884,7.844240178958363,7.876079821041405
UCB1_0.01,1225,7.866679999999873,7.850786652331855,7.882573347667891
UCB1_0.01,1226,7.873199999999875,7.857297552645594,7.889102447354157
UCB1_0.01,1227,7.87929999999987,7.863352316020037,7.8952476839797034
UCB1_0.01,1228,7.885359999999875,7.869397464078432,7.901322535921318
UCB1_0.01,1229,7.891799999999867,7.875800108581398,7.907799891418335
UCB1_0.01,1230,7.897779999999873,7.881753063084452,7.913806936915294
UCB1_0.01,1231,7.90433999999987,7.888276575455451,7.920403424544289
UCB1_0.01,1232,7.91059999999987,7.894512372815451,7.926687627184289
UCB1_0.01,1233,7.917459999999877,7.90136784922442,7.933552150775333
UCB1_0.01,1234,7.923799999999868,7.907726371459276,7.939873628540459
UCB1_0.01,1235,7.9300399999998765,7.913962243752229,7.946117756247524
UCB1_0.01,1236,7.93599999999987,7.919867462172439,7.952132537827302
UCB1_0.01,1237,7.942379999999875,7.926241131896776,7.958518868102973
UCB1_0.01,1238,7.948739999999874,7.932572327148082,7.964907672851665
UCB1_0.01,1239,7.955199999999881,7.939026531361162,7.971373468638599
UCB1_0.01,1240,7.96151999999987,7.945365980676639,7.9776740193231
UCB1_0.01,1241,7.968079999999876,7.951929072989389,7.984230927010364
UCB1_0.01,1242,7.974099999999871,7.957953965181107,7.990246034818635
UCB1_0.01,1243,7.980299999999877,7.964154842536073,7.996445157463682
UCB1_0.01,1244,7.986599999999877,7.970442656814638,8.002757343185117
UCB1_0.01,1245,7.992759999999876,7.976620977628559,8.008899022371192
UCB1_0.01,1246,7.998939999999874,7.982770788232604,8.015109211767143
UCB1_0.01,1247,8.00539999999988,7.989235130236194,8.021564869763568
UCB1_0.01,1248,8.011839999999875,7.995656525475118,8.028023474524632
UCB1_0.01,1249,8.018299999999881,8.002107704554962,8.0344922954448
UCB1_0.01,1250,8.024639999999875,8.00840270401381,8.040877295985942
UCB1_0.01,1251,8.030879999999875,8.014614480984868,8.047145519014883
UCB1_0.01,1252,8.037339999999876,8.021066555293999,8.053613444705753
UCB1_0.01,1253,8.043179999999873,8.026884675229036,8.05947532477071
UCB1_0.01,1254,8.04937999999988,8.03307774881038,8.065682251189381
UCB1_0.01,1255,8.05547999999988,8.03914779985557,8.07181220014419
UCB1_0.01,1256,8.061219999999874,8.044891113489323,8.077548886510426
UCB1_0.01,1257,8.067359999999875,8.051010683568144,8.083709316431605
UCB1_0.01,1258,8.07371999999987,8.057378989397703,8.090061010602037
UCB1_0.01,1259,8.080019999999868,8.063629305573631,8.096410694426105
UCB1_0.01,1260,8.086019999999872,8.069606175414672,8.102433824585072
UCB1_0.01,1261,8.092239999999872,8.075843486450681,8.108636513549063
UCB1_0.01,1262,8.098879999999872,8.08246383370852,8.115296166291223
UCB1_0.01,1263,8.104819999999863,8.088355268780298,8.12128473121943
UCB1_0.01,1264,8.111099999999878,8.094604525409192,8.127595474590564
UCB1_0.01,1265,8.11733999999987,8.100818099447398,8.133861900552343
UCB1_0.01,1266,8.123319999999868,8.106757272525837,8.1398827274739
UCB1_0.01,1267,8.129479999999871,8.112924629385624,8.146035370614118
UCB1_0.01,1268,8.135639999999873,8.119076897703605,8.15220310229614
UCB1_0.01,1269,8.141719999999868,8.125139789850467,8.15830021014927
UCB1_0.01,1270,8.147959999999866,8.131352232621031,8.164567767378701
UCB1_0.01,1271,8.154179999999863,8.137556736471996,8.17080326352773
UCB1_0.01,1272,8.160239999999863,8.143610435781284,8.176869564218443
UCB1_0.01,1273,8.166499999999866,8.14984526878066,8.183154731219071
UCB1_0.01,1274,8.172639999999872,8.155976423632117,8.189303576367626
UCB1_0.01,1275,8.179019999999865,8.162343813637332,8.195696186362397
UCB1_0.01,1276,8.184859999999869,8.168164956391317,8.20155504360842
UCB1_0.01,1277,8.191319999999862,8.174616087238014,8.20802391276171
UCB1_0.01,1278,8.19733999999987,8.180623356246208,8.214056643753533
UCB1_0.01,1279,8.203719999999876,8.186997315764946,8.220442684234806
UCB1_0.01,1280,8.209679999999873,8.192938603967207,8.226421396032539
UCB1_0.01,1281,8.215839999999869,8.199079853162264,8.232600146837473
UCB1_0.01,1282,8.222039999999868,8.205237751538975,8.238842248460761
UCB1_0.01,1283,8.228099999999872,8.21130647047103,8.244893529528714
UCB1_0.01,1284,8.234279999999869,8.21748227831815,8.251077721681588
UCB1_0.01,1285,8.240259999999873,8.223418326227751,8.257101673771995
UCB1_0.01,1286,8.246699999999871,8.229835034541507,8.263564965458235
UCB1_0.01,1287,8.25285999999987,8.235972702032388,8.269747297967353
UCB1_0.01,1288,8.259259999999868,8.242374335988705,8.27614566401103
UCB1_0.01,1289,8.265359999999871,8.248500613614958,8.282219386384785
UCB1_0.01,1290,8.27145999999986,8.254565671988106,8.288354328011616
UCB1_0.01,1291,8.27743999999987,8.260512216819926,8.294367783179815
UCB1_0.01,1292,8.283579999999873,8.26664286499658,8.300517135003165
UCB1_0.01,1293,8.29001999999987,8.273087680163629,8.306952319836112
UCB1_0.01,1294,8.29627999999987,8.279323426859332,8.313236573140408
UCB1_0.01,1295,8.302639999999869,8.285672246073203,8.319607753926535
UCB1_0.01,1296,8.30891999999987,8.291982989995407,8.325857010004334
UCB1_0.01,1297,8.315259999999872,8.29830461397755,8.332215386022195
UCB1_0.01,1298,8.321319999999869,8.30436676513164,8.338273234868097
UCB1_0.01,1299,8.327619999999866,8.310689695375576,8.344550304624157
UCB1_0.01,1300,8.333799999999869,8.316868916816933,8.350731083182804
UCB1_0.01,1301,8.340439999999873,8.32349513440724,8.357384865592506
UCB1_0.01,1302,8.346819999999873,8.329847197563817,8.36379280243593
UCB1_0.01,1303,8.353059999999862,8.336045621057036,8.37007437894269
UCB1_0.01,1304,8.359219999999857,8.342170374576545,8.376269625423168
UCB1_0.01,1305,8.365539999999864,8.348467380298548,8.382612619701181
UCB1_0.01,1306,8.371879999999866,8.35478571384876,8.388974286150972
UCB1_0.01,1307,8.378219999999867,8.361089685568015,8.39535031443172
UCB1_0.01,1308,8.384399999999864,8.36723627987674,8.401563720122988
UCB1_0.01,1309,8.390059999999862,8.37288436265574,8.407235637343984
UCB1_0.01,1310,8.39619999999986,8.379005510771282,8.413394489228438
UCB1_0.01,1311,8.40259999999986,8.385404418329385,8.419795581670334
UCB1_0.01,1312,8.408839999999863,8.391664170367115,8.426015829632611
UCB1_0.01,1313,8.415119999999867,8.39794284116923,8.432297158830503
UCB1_0.01,1314,8.421239999999864,8.404082690157301,8.438397309842427
UCB1_0.01,1315,8.427359999999862,8.410222586572882,8.444497413426841
UCB1_0.01,1316,8.433759999999863,8.416611711530557,8.450908288469169
UCB1_0.01,1317,8.440239999999864,8.423083973506012,8.457396026493717
UCB1_0.01,1318,8.44655999999986,8.429420624459535,8.463699375540184
UCB1_0.01,1319,8.452859999999864,8.435709970170633,8.470010029829096
UCB1_0.01,1320,8.458759999999868,8.441597575665009,8.475922424334728
UCB1_0.01,1321,8.46499999999987,8.44780894973007,8.48219105026967
UCB1_0.01,1322,8.470979999999868,8.453756772296567,8.488203227703169
UCB1_0.01,1323,8.47707999999986,8.459797729226329,8.494362270773392
UCB1_0.01,1324,8.483499999999864,8.466212545626318,8.50078745437341
UCB1_0.01,1325,8.49011999999986,8.47279623701806,8.507443762981662
UCB1_0.01,1326,8.49671999999986,8.479367362949361,8.514072637050358
UCB1_0.01,1327,8.50293999999987,8.48555847953243,8.520321520467308
UCB1_0.01,1328,8.509259999999866,8.491893612673273,8.52662638732646
UCB1_0.01,1329,8.515919999999857,8.498552526345298,8.533287473654417
UCB1_0.01,1330,8.522399999999857,8.505008675284394,8.53979132471532
UCB1_0.01,1331,8.52873999999986,8.5113319565479,8.54614804345182
UCB1_0.01,1332,8.534899999999858,8.517476666584503,8.552323333415213
UCB1_0.01,1333,8.541139999999864,8.523691518759698,8.55858848124003
UCB1_0.01,1334,8.54745999999986,8.529976422454219,8.564943577545503
UCB1_0.01,1335,8.55393999999986,8.536444245321082,8.571435754678639
UCB1_0.01,1336,8.559899999999864,8.542379903790357,8.577420096209371
UCB1_0.01,1337,8.566079999999861,8.548556027785782,8.58360397221394
UCB1_0.01,1338,8.571959999999864,8.554389012478845,8.589530987520883
UCB1_0.01,1339,8.578479999999871,8.560920510647748,8.596039489351995
UCB1_0.01,1340,8.584739999999858,8.567154740523884,8.602325259475831
UCB1_0.01,1341,8.591119999999867,8.573507921744453,8.608732078255281
UCB1_0.01,1342,8.59733999999986,8.579711935030067,8.614968064969654
UCB1_0.01,1343,8.603339999999866,8.585694317657017,8.620985682342715
UCB1_0.01,1344,8.609539999999866,8.591856370003324,8.627223629996408
UCB1_0.01,1345,8.615519999999865,8.597824197146647,8.633215802853083
UCB1_0.01,1346,8.62191999999986,8.604157588984979,8.639682411014743
UCB1_0.01,1347,8.62827999999986,8.610493003305535,8.646066996694184
UCB1_0.01,1348,8.634479999999863,8.616683032158363,8.652276967841363
UCB1_0.01,1349,8.640859999999856,8.62303685208518,8.658683147914532
UCB1_0.01,1350,8.646959999999858,8.629128453190281,8.664791546809434
UCB1_0.01,1351,8.653359999999859,8.635520521294858,8.67119947870486
UCB1_0.01,1352,8.659819999999865,8.641987026518398,8.677652973481331
UCB1_0.01,1353,8.666139999999853,8.648300998162126,8.68397900183758
UCB1_0.01,1354,8.672219999999855,8.654373410536655,8.690066589463056
UCB1_0.01,1355,8.678179999999859,8.660316936111734,8.696043063887984
UCB1_0.01,1356,8.68421999999985,8.666328706911932,8.70211129308777
UCB1_0.01,1357,8.690459999999856,8.672568621540911,8.7083513784588
UCB1_0.01,1358,8.696759999999857,8.678864767790374,8.71465523220934
UCB1_0.01,1359,8.702879999999862,8.684957555889985,8.720802444109738
UCB1_0.01,1360,8.709239999999847,8.691310916954096,8.727169083045597
UCB1_0.01,1361,8.715439999999852,8.69750890236202,8.733371097637683
UCB1_0.01,1362,8.72207999999986,8.704129406347603,8.740030593652117
UCB1_0.01,1363,8.728659999999865,8.710711479916235,8.746608520083495
UCB1_0.01,1364,8.735239999999854,8.717253230825309,8.753226769174399
UCB1_0.01,1365,8.741479999999859,8.723478840914524,8.759481159085194
UCB1_0.01,1366,8.747659999999865,8.72964385407411,8.76567614592562
UCB1_0.01,1367,8.754179999999858,8.736144292912066,8.77221570708765
UCB1_0.01,1368,8.760579999999862,8.742516752888562,8.778643247111162
UCB1_0.01,1369,8.76693999999985,8.748850906697491,8.78502909330221
UCB1_0.01,1370,8.773359999999853,8.75528063965591,8.791439360343796
UCB1_0.01,1371,8.779259999999844,8.761176011132719,8.79734398886697
UCB1_0.01,1372,8.785939999999856,8.767830897854097,8.804049102145616
UCB1_0.01,1373,8.792479999999857,8.774372400046278,8.810587599953436
UCB1_0.01,1374,8.798839999999856,8.78071608029973,8.816963919699983
UCB1_0.01,1375,8.80519999999986,8.787063955825108,8.823336044174614
UCB1_0.01,1376,8.811639999999867,8.793491745106998,8.829788254892737
UCB1_0.01,1377,8.817659999999853,8.799499571510527,8.835820428489178
UCB1_0.01,1378,8.824279999999852,8.80613387236983,8.842426127629874
UCB1_0.01,1379,8.830639999999844,8.812494909959108,8.84878509004058
UCB1_0.01,1380,8.836919999999855,8.818784220370155,8.855055779629556
UCB1_0.01,1381,8.843319999999851,8.825157737464112,8.86148226253559
UCB1_0.01,1382,8.850019999999855,8.831840023308128,8.868199976691582
UCB1_0.01,1383,8.856679999999848,8.838472946323224,8.874887053676472
UCB1_0.01,1384,8.863359999999856,8.845163322968727,8.881556677030986
UCB1_0.01,1385,8.86971999999986,8.851508941661347,8.887931058338374
UCB1_0.01,1386,8.87607999999986,8.85789535858458,8.89426464141514
UCB1_0.01,1387,8.882499999999858,8.864314233251534,8.900685766748182
UCB1_0.01,1388,8.888599999999865,8.87039399025061,8.90680600974912
UCB1_0.01,1389,8.895219999999853,8.877019126274071,8.913420873725634
UCB1_0.01,1390,8.901199999999857,8.882978663790388,8.919421336209327
UCB1_0.01,1391,8.90763999999986,8.889421310889084,8.925858689110637
UCB1_0.01,1392,8.91379999999986,8.895602635566057,8.931997364433663
UCB1_0.01,1393,8.91987999999985,8.901706930075843,8.938053069923857
UCB1_0.01,1394,8.92611999999985,8.907942914538598,8.944297085461102
UCB1_0.01,1395,8.932499999999855,8.914331682856663,8.950668317143048
UCB1_0.01,1396,8.938899999999862,8.920719093739919,8.957080906259804
UCB1_0.01,1397,8.945319999999851,8.927124383400043,8.96351561659966
UCB1_0.01,1398,8.95173999999985,8.933541871449112,8.969938128550588
UCB1_0.01,1399,8.958359999999848,8.940145773731835,8.97657422626786
UCB1_0.01,1400,8.964779999999848,8.946549879587915,8.983010120411782
UCB1_0.01,1401,8.970879999999848,8.952671033513777,8.98908896648592
UCB1_0.01,1402,8.977199999999844,8.958956453587938,8.99544354641175
UCB1_0.01,1403,8.98339999999986,8.965112560334696,9.001687439665023
UCB1_0.01,1404,8.990099999999853,8.971799651411782,9.008400348587923
UCB1_0.01,1405,8.996399999999843,8.97808122437239,9.014718775627296
UCB1_0.01,1406,9.002859999999849,8.984522116753926,9.021197883245772
UCB1_0.01,1407,9.009279999999842,8.990934842476445,9.02762515752324
UCB1_0.01,1408,9.015759999999856,8.997400130982777,9.034119869016935
UCB1_0.01,1409,9.022199999999854,9.003812322505421,9.040587677494287
UCB1_0.01,1410,9.02875999999985,9.010347364535006,9.047172635464692
UCB1_0.01,1411,9.034939999999846,9.01649917715283,9.053380822846862
UCB1_0.01,1412,9.041459999999855,9.023017784506171,9.059902215493539
UCB1_0.01,1413,9.048179999999862,9.029710083003947,9.066649916995777
UCB1_0.01,1414,9.054599999999857,9.036143185662628,9.073056814337086
UCB1_0.01,1415,9.061059999999861,9.042587459569905,9.079532540429817
UCB1_0.01,1416,9.067119999999857,9.048652830456914,9.0855871695428
UCB1_0.01,1417,9.073339999999854,9.054849720822347,9.091830279177362
UCB1_0.01,1418,9.079739999999852,9.06123226529288,9.098247734706824
UCB1_0.01,1419,9.086239999999847,9.067713778576358,9.104766221423336
UCB1_0.01,1420,9.092479999999847,9.073928947902607,9.111031052097088
UCB1_0.01,1421,9.098779999999858,9.080216738197507,9.117343261802208
UCB1_0.01,1422,9.105099999999853,9.086546553451958,9.123653446547747
UCB1_0.01,1423,9.111519999999855,9.092944263811898,9.130095736187812
UCB1_0.01,1424,9.117839999999852,9.099232369742625,9.136447630257079
UCB1_0.01,1425,9.124239999999848,9.105600562628652,9.142879437371043
UCB1_0.01,1426,9.130639999999858,9.111998917200376,9.14928108279934
UCB1_0.01,1427,9.136619999999853,9.117947394406386,9.15529260559332
UCB1_0.01,1428,9.142699999999854,9.124030582863146,9.161369417136562
UCB1_0.01,1429,9.14893999999986,9.130247882330574,9.167632117669145
UCB1_0.01,1430,9.155019999999856,9.13635097675748,9.173689023242233
UCB1_0.01,1431,9.161499999999851,9.142839277522768,9.180160722476934
UCB1_0.01,1432,9.167639999999848,9.148993045394837,9.186286954604858
UCB1_0.01,1433,9.173899999999845,9.155258793386109,9.192541206613582
UCB1_0.01,1434,9.180239999999847,9.161590669119297,9.198889330880396
UCB1_0.01,1435,9.186539999999844,9.167868991535462,9.205211008464227
UCB1_0.01,1436,9.192959999999847,9.174283506304606,9.211636493695087
UCB1_0.01,1437,9.19929999999984,9.18057491423486,9.218025085764818
UCB1_0.01,1438,9.205499999999851,9.186769192066084,9.224230807933619
UCB1_0.01,1439,9.211819999999848,9.193092452172555,9.230547547827141
UCB1_0.01,1440,9.21795999999984,9.199228228595224,9.236691771404455
UCB1_0.01,1441,9.224259999999843,9.20549853457495,9.243021465424736
UCB1_0.01,1442,9.230659999999848,9.211908937139443,9.249411062860252
UCB1_0.01,1443,9.236639999999845,9.217905994579127,9.255374005420563
UCB1_0.01,1444,9.242819999999849,9.224078119043984,9.261561880955714
UCB1_0.01,1445,9.249119999999856,9.230397316340275,9.267842683659437
UCB1_0.01,1446,9.255419999999848,9.236667652268046,9.27417234773165
UCB1_0.01,1447,9.26175999999985,9.242991631858612,9.280528368141088
UCB1_0.01,1448,9.268199999999856,9.249404935661607,9.286995064338106
UCB1_0.01,1449,9.274179999999848,9.255356455201541,9.293003544798156
UCB1_0.01,1450,9.280499999999856,9.261655848922675,9.299344151077037
UCB1_0.01,1451,9.286579999999853,9.267731079081694,9.305428920918013
UCB1_0.01,1452,9.293199999999842,9.274356377989918,9.312043622009767
UCB1_0.01,1453,9.299199999999834,9.280311083169321,9.318088916830346
UCB1_0.01,1454,9.305519999999847,9.286595297667196,9.324444702332498
UCB1_0.01,1455,9.311799999999836,9.29286715720472,9.330732842794953
UCB1_0.01,1456,9.31827999999984,9.299307049053919,9.33725295094576
UCB1_0.01,1457,9.324579999999843,9.30558762640851,9.343572373591176
UCB1_0.01,1458,9.330559999999846,9.311555943135506,9.349564056864185
UCB1_0.01,1459,9.336879999999846,9.317875258686092,9.3558847413136
UCB1_0.01,1460,9.342559999999846,9.323534857078258,9.361585142921435
UCB1_0.01,1461,9.348959999999847,9.32992832870394,9.367991671295755
UCB1_0.01,1462,9.355359999999845,9.336298831673291,9.374421168326398
UCB1_0.01,1463,9.361799999999844,9.342736350017397,9.380863649982292
UCB1_0.01,1464,9.368479999999849,9.349389286015937,9.387570713983761
UCB1_0.01,1465,9.374419999999844,9.355354108129882,9.393485891869807
UCB1_0.01,1466,9.380099999999839,9.361033234673544,9.399166765326134
UCB1_0.01,1467,9.386119999999856,9.367020646830262,9.40521935316945
UCB1_0.01,1468,9.391839999999847,9.372701171764804,9.41097882823489
UCB1_0.01,1469,9.398079999999839,9.378954833195282,9.417205166804395
UCB1_0.01,1470,9.404159999999829,9.385047722603646,9.423272277396011
UCB1_0.01,1471,9.410579999999843,9.391466037083477,9.42969396291621
UCB1_0.01,1472,9.416959999999847,9.397854316918867,9.436065683080827
UCB1_0.01,1473,9.423199999999833,9.404071402595179,9.442328597404487
UCB1_0.01,1474,9.429199999999835,9.410034170540358,9.448365829459311
UCB1_0.01,1475,9.43541999999984,9.416226341305583,9.454613658694099
UCB1_0.01,1476,9.441259999999845,9.422057240714784,9.460462759284907
UCB1_0.01,1477,9.447879999999849,9.428665278610715,9.467094721388982
UCB1_0.01,1478,9.454259999999843,9.435018983806097,9.47350101619359
UCB1_0.01,1479,9.460459999999841,9.441223638493494,9.479696361506189
UCB1_0.01,1480,9.46707999999984,9.447828379469879,9.4863316205298
UCB1_0.01,1481,9.47361999999984,9.45435973931112,9.492880260688562
UCB1_0.01,1482,9.47991999999986,9.46060830522966,9.499231694770058
UCB1_0.01,1483,9.486499999999845,9.467160826655276,9.505839173344414
UCB1_0.01,1484,9.49249999999984,9.473138228740666,9.511861771259014
UCB1_0.01,1485,9.499079999999845,9.479655426641342,9.518504573358348
UCB1_0.01,1486,9.505659999999843,9.486227222143125,9.52509277785656
UCB1_0.01,1487,9.51209999999984,9.492672367905692,9.531527632093988
UCB1_0.01,1488,9.518639999999847,9.499188059951189,9.538091940048504
UCB1_0.01,1489,9.525019999999842,9.505522826115772,9.54451717388391
UCB1_0.01,1490,9.531319999999845,9.511810577942533,9.550829422057156
UCB1_0.01,1491,9.537679999999837,9.51817587431675,9.557184125682923
UCB1_0.01,1492,9.544099999999847,9.52457781012055,9.563622189879146
UCB1_0.01,1493,9.550279999999848,9.530751475582244,9.569808524417452
UCB1_0.01,1494,9.556619999999842,9.53707357540918,9.576166424590506
UCB1_0.01,1495,9.56297999999984,9.54339137059105,9.58256862940863
UCB1_0.01,1496,9.568779999999837,9.549160623331685,9.588399376667988
UCB1_0.01,1497,9.574719999999838,9.555091872853632,9.594348127146043
UCB1_0.01,1498,9.580939999999847,9.56132701951417,9.600552980485524
UCB1_0.01,1499,9.587059999999843,9.56741583067586,9.606704169323827
UCB1_0.01,1500,9.593439999999848,9.573764227613422,9.613115772386275
UCB1_0.01,1501,9.599759999999835,9.580054791475852,9.619465208523817
UCB1_0.01,1502,9.606059999999852,9.586332547682172,9.625787452317532
UCB1_0.01,1503,9.612679999999832,9.592898350118988,9.632461649880677
UCB1_0.01,1504,9.618679999999834,9.598887876200674,9.638472123798994
UCB1_0.01,1505,9.624959999999842,9.605185087794416,9.644734912205267
UCB1_0.01,1506,9.631579999999836,9.611799189595304,9.651360810404368
UCB1_0.01,1507,9.637899999999835,9.618087750790686,9.657712249208984
UCB1_0.01,1508,9.644259999999854,9.624437288690677,9.66408271130903
UCB1_0.01,1509,9.65039999999984,9.63054667214727,9.670253327852409
UCB1_0.01,1510,9.656739999999852,9.636872614048178,9.676607385951526
UCB1_0.01,1511,9.663219999999825,9.643341949211193,9.683098050788457
UCB1_0.01,1512,9.669819999999834,9.649911311739661,9.689728688260008
UCB1_0.01,1513,9.676199999999833,9.65628601618708,9.696113983812586
UCB1_0.01,1514,9.68237999999983,9.662459411266742,9.702300588732918
UCB1_0.01,1515,9.688399999999834,9.668464865344774,9.708335134654895
UCB1_0.01,1516,9.694759999999835,9.67479247119277,9.7147275288069
UCB1_0.01,1517,9.700779999999828,9.680777060525934,9.720782939473722
UCB1_0.01,1518,9.706499999999833,9.686482833279065,9.726517166720601
UCB1_0.01,1519,9.712859999999836,9.692853745348161,9.73286625465151
UCB1_0.01,1520,9.718939999999833,9.698946783864871,9.738933216134795
UCB1_0.01,1521,9.724659999999833,9.704664895617496,9.74465510438217
UCB1_0.01,1522,9.730919999999838,9.710902601828282,9.750937398171393
UCB1_0.01,1523,9.737219999999837,9.717186125239499,9.757253874760176
UCB1_0.01,1524,9.743459999999832,9.723411267452452,9.763508732547212
UCB1_0.01,1525,9.749639999999841,9.72959471563299,9.769685284366693
UCB1_0.01,1526,9.756179999999839,9.736139452193328,9.77622054780635
UCB1_0.01,1527,9.762599999999843,9.74257020508385,9.782629794915836
UCB1_0.01,1528,9.76863999999984,9.74861041448278,9.7886695855169
UCB1_0.01,1529,9.775119999999845,9.755087409925366,9.795152590074323
UCB1_0.01,1530,9.781459999999845,9.761409531873763,9.801510468125926
UCB1_0.01,1531,9.788059999999824,9.767999020241941,9.808120979757707
UCB1_0.01,1532,9.794079999999834,9.773990466347101,9.814169533652567
UCB1_0.01,1533,9.800059999999835,9.779973370785184,9.820146629214486
UCB1_0.01,1534,9.806019999999847,9.78590193598867,9.826138064011024
UCB1_0.01,1535,9.812339999999843,9.792192575025513,9.832487424974172
UCB1_0.01,1536,9.818459999999831,9.79826503814169,9.838654961857973
UCB1_0.01,1537,9.824579999999841,9.804377530541185,9.844782469458497
UCB1_0.01,1538,9.830659999999835,9.810438687540124,9.850881312459546
UCB1_0.01,1539,9.837119999999837,9.816918658164955,9.85732134183472
UCB1_0.01,1540,9.843559999999844,9.823345929693417,9.86377407030627
UCB1_0.01,1541,9.849459999999837,9.829228840027989,9.869691159971685
UCB1_0.01,1542,9.855579999999833,9.835346108908178,9.875813891091488
UCB1_0.01,1543,9.86173999999983,9.841479244134362,9.882000755865299
UCB1_0.01,1544,9.867799999999832,9.847502346439084,9.88809765356058
UCB1_0.01,1545,9.874419999999834,9.854130786604241,9.894709213395426
UCB1_0.01,1546,9.880739999999827,9.860448322500144,9.90103167749951
UCB1_0.01,1547,9.88735999999984,9.867059943734448,9.90766005626523
UCB1_0.01,1548,9.89383999999983,9.873536791734686,9.914143208264974
UCB1_0.01,1549,9.899939999999834,9.879630850453607,9.920249149546061
UCB1_0.01,1550,9.906399999999833,9.886083944283042,9.926716055716623
UCB1_0.01,1551,9.912599999999829,9.892246728417692,9.932953271581965
UCB1_0.01,1552,9.918999999999821,9.89864458007882,9.939355419920822
UCB1_0.01,1553,9.925159999999828,9.904798307621661,9.945521692377994
UCB1_0.01,1554,9.931479999999837,9.911080073932181,9.951879926067493
UCB1_0.01,1555,9.937739999999835,9.91730484110724,9.958175158892429
UCB1_0.01,1556,9.943839999999845,9.923371835442007,9.964308164557684
UCB1_0.01,1557,9.949659999999843,9.929147269840763,9.970172730158923
UCB1_0.01,1558,9.955659999999822,9.935106761533318,9.976213238466327
UCB1_0.01,1559,9.961899999999828,9.941292142301226,9.98250785769843
UCB1_0.01,1560,9.967779999999838,9.94715222509336,9.988407774906316
UCB1_0.01,1561,9.974159999999824,9.953543756408575,9.994776243591073
UCB1_0.01,1562,9.98065999999982,9.960037956084909,10.00128204391473
UCB1_0.01,1563,9.987099999999828,9.966485120272303,10.007714879727352
UCB1_0.01,1564,9.993299999999834,9.972677219614697,10.013922780384972
UCB1_0.01,1565,9.999459999999836,9.978792285553876,10.020127714445795
UCB1_0.01,1566,10.005819999999837,9.985159211524632,10.026480788475041
UCB1_0.01,1567,10.011919999999831,9.991243272198831,10.032596727800831
UCB1_0.01,1568,10.018279999999827,9.997591002303649,10.038968997696005
UCB1_0.01,1569,10.024279999999829,10.003554002931942,10.045005997067715
UCB1_0.01,1570,10.030459999999827,10.0097392954561,10.051180704543555
UCB1_0.01,1571,10.036819999999818,10.016055852239008,10.057584147760627
UCB1_0.01,1572,10.043239999999829,10.022458245672883,10.064021754326774
UCB1_0.01,1573,10.049679999999832,10.028889357666861,10.070470642332802
UCB1_0.01,1574,10.056059999999833,10.035252409151532,10.076867590848135
UCB1_0.01,1575,10.06203999999983,10.041202985793447,10.082877014206211
UCB1_0.01,1576,10.068359999999824,10.047496498515807,10.089223501483842
UCB1_0.01,1577,10.074879999999832,10.054004458769837,10.095755541229826
UCB1_0.01,1578,10.080919999999837,10.060018923451937,10.101821076547738
UCB1_0.01,1579,10.087619999999827,10.0667129237682,10.108527076231454
UCB1_0.01,1580,10.093999999999822,10.0730812423071,10.114918757692543
UCB1_0.01,1581,10.100159999999812,10.079204476962637,10.121115523036988
UCB1_0.01,1582,10.106299999999827,10.085325650759765,10.127274349239888
UCB1_0.01,1583,10.11225999999983,10.091250043833195,10.133269956166465
UCB1_0.01,1584,10.118739999999828,10.097733283290035,10.139746716709622
UCB1_0.01,1585,10.125379999999845,10.104352798981372,10.146407201018318
UCB1_0.01,1586,10.131539999999834,10.11050405537604,10.152575944623628
UCB1_0.01,1587,10.137479999999828,10.116427918257205,10.15853208174245
UCB1_0.01,1588,10.143579999999824,10.12254618632777,10.164613813671878
UCB1_0.01,1589,10.149639999999822,10.128629241741672,10.170650758257972
UCB1_0.01,1590,10.15551999999983,10.13449370076812,10.176546299231541
UCB1_0.01,1591,10.161319999999826,10.140280756530446,10.182359243469206
UCB1_0.01,1592,10.167559999999835,10.146512892853748,10.188607107145922
UCB1_0.01,1593,10.173799999999831,10.152748592898313,10.19485140710135
UCB1_0.01,1594,10.180179999999822,10.15914706769958,10.201212932300065
UCB1_0.01,1595,10.18641999999983,10.165350786298138,10.207489213701521
UCB1_0.01,1596,10.192479999999831,10.171374120429636,10.213585879570026
UCB1_0.01,1597,10.198919999999823,10.177794836312003,10.220045163687644
UCB1_0.01,1598,10.20539999999982,10.184268786510408,10.226531213489231
UCB1_0.01,1599,10.211699999999826,10.190549546238723,10.23285045376093
UCB1_0.01,1600,10.217719999999836,10.196567964461195,10.238872035538478
UCB1_0.01,1601,10.224059999999831,10.202895063148796,10.245224936850866
UCB1_0.01,1602,10.230519999999828,10.209330485992412,10.251709514007244
UCB1_0.01,1603,10.236619999999819,10.215444033843461,10.257795966156177
UCB1_0.01,1604,10.243059999999813,10.221869340326664,10.264250659672962
UCB1_0.01,1605,10.249419999999825,10.228203810673024,10.270636189326625
UCB1_0.01,1606,10.255759999999828,10.234534857289594,10.276985142710062
UCB1_0.01,1607,10.262119999999815,10.240896111727098,10.283343888272531
UCB1_0.01,1608,10.268019999999824,10.24678472968949,10.289255270310159
UCB1_0.01,1609,10.274439999999824,10.253217856397761,10.295662143601888
UCB1_0.01,1610,10.280839999999824,10.259597006347027,10.30208299365262
UCB1_0.01,1611,10.286919999999817,10.265697597532036,10.308142402467599
UCB1_0.01,1612,10.293279999999829,10.27206842354232,10.314491576457337
UCB1_0.01,1613,10.299539999999823,10.278294416386256,10.32078558361339
UCB1_0.01,1614,10.305559999999826,10.284266873663686,10.326853126335966
UCB1_0.01,1615,10.31207999999982,10.290788503029198,10.333371496970443
UCB1_0.01,1616,10.318399999999823,10.297108979164165,10.339691020835481
UCB1_0.01,1617,10.324639999999823,10.303359643211758,10.345920356787888
UCB1_0.01,1618,10.331199999999829,10.30991101862335,10.352488981376307
UCB1_0.01,1619,10.33787999999983,10.316585207113445,10.359174792886215
UCB1_0.01,1620,10.344319999999813,10.323009336301494,10.365630663698132
UCB1_0.01,1621,10.350619999999823,10.329320234919361,10.371919765080285
UCB1_0.01,1622,10.356939999999822,10.335641134780573,10.378238865219071
UCB1_0.01,1623,10.36329999999983,10.341985801274882,10.384614198724778
UCB1_0.01,1624,10.369299999999827,10.34797547357962,10.390624526420034
UCB1_0.01,1625,10.375239999999826,10.35392659006867,10.39655340993098
UCB1_0.01,1626,10.381099999999831,10.359773220928929,10.402426779070733
UCB1_0.01,1627,10.387579999999831,10.366265470133227,10.408894529866435
UCB1_0.01,1628,10.394199999999827,10.372909319060465,10.41549068093919
UCB1_0.01,1629,10.400619999999831,10.37932493416392,10.421915065835742
UCB1_0.01,1630,10.406999999999837,10.385713976909603,10.42828602309007
UCB1_0.01,1631,10.413059999999817,10.391757086860885,10.434362913138749
UCB1_0.01,1632,10.419299999999827,10.3979952667043,10.440604733295356
UCB1_0.01,1633,10.425839999999829,10.404524034306458,10.447155965693199
UCB1_0.01,1634,10.432359999999832,10.410990119764046,10.453729880235619
UCB1_0.01,1635,10.438379999999825,10.4169814006176,10.45977859938205
UCB1_0.01,1636,10.44405999999983,10.422638577974023,10.465481422025636
UCB1_0.01,1637,10.449739999999831,10.42829695087226,10.471183049127402
UCB1_0.01,1638,10.45619999999982,10.434753032899842,10.477646967099798
UCB1_0.01,1639,10.462499999999814,10.441021326093226,10.483978673906401
UCB1_0.01,1640,10.468939999999824,10.447473457637383,10.490406542362265
UCB1_0.01,1641,10.475439999999818,10.45398161269359,10.496898387306045
UCB1_0.01,1642,10.482019999999816,10.46054918259127,10.50349081740836
UCB1_0.01,1643,10.488799999999806,10.467349551273191,10.51025044872642
UCB1_0.01,1644,10.495239999999814,10.4737874729038,10.51669252709583
UCB1_0.01,1645,10.501599999999808,10.480160019393828,10.523039980605787
UCB1_0.01,1646,10.507799999999817,10.486336957529184,10.529263042470449
UCB1_0.01,1647,10.514159999999812,10.49270041300467,10.535619586994954
UCB1_0.01,1648,10.520659999999816,10.499194410186114,10.54212558981352
UCB1_0.01,1649,10.527039999999822,10.50557335686192,10.548506643137724
UCB1_0.01,1650,10.533279999999811,10.511827778086191,10.554732221913431
UCB1_0.01,1651,10.539699999999815,10.518265932406866,10.561134067592764
UCB1_0.01,1652,10.545979999999814,10.524557010525637,10.56740298947399
UCB1_0.01,1653,10.551979999999807,10.53055667991562,10.573403320083994
UCB1_0.01,1654,10.558139999999813,10.536714009923676,10.57956599007595
UCB1_0.01,1655,10.564639999999821,10.543178013828031,10.586101986171611
UCB1_0.01,1656,10.57075999999983,10.549294543245056,10.592225456754603
UCB1_0.01,1657,10.57669999999983,10.555206391930275,10.598193608069385
UCB1_0.01,1658,10.583119999999827,10.56160681630789,10.604633183691764
UCB1_0.01,1659,10.589679999999813,10.568178766253222,10.611181233746404
UCB1_0.01,1660,10.595519999999807,10.573996286500778,10.617043713498836
UCB1_0.01,1661,10.602019999999813,10.58048652584423,10.623553474155395
UCB1_0.01,1662,10.608139999999825,10.586586903347328,10.629693096652321
UCB1_0.01,1663,10.614159999999817,10.592565944820388,10.635754055179246
UCB1_0.01,1664,10.620539999999814,10.59892755399981,10.642152445999818
UCB1_0.01,1665,10.626359999999814,10.604718214623793,10.648001785375834
UCB1_0.01,1666,10.632639999999812,10.610990838074384,10.65428916192524
UCB1_0.01,1667,10.63903999999982,10.61736261273012,10.66071738726952
UCB1_0.01,1668,10.645299999999827,10.623596519728133,10.66700348027152
UCB1_0.01,1669,10.651719999999823,10.630000752672395,10.673439247327252
UCB1_0.01,1670,10.65841999999982,10.636675908271037,10.680164091728603
UCB1_0.01,1671,10.664739999999826,10.64299703617685,10.686482963822803
UCB1_0.01,1672,10.671139999999816,10.649385572897492,10.692894427102141
UCB1_0.01,1673,10.677239999999816,10.655457442601998,10.699022557397635
UCB1_0.01,1674,10.683719999999814,10.661944763497434,10.705495236502195
UCB1_0.01,1675,10.690239999999822,10.668462256843066,10.712017743156578
UCB1_0.01,1676,10.696279999999819,10.674501652494895,10.718058347504742
UCB1_0.01,1677,10.702419999999822,10.680626495896313,10.724213504103332
UCB1_0.01,1678,10.708659999999812,10.686853065722588,10.730466934277036
UCB1_0.01,1679,10.714739999999821,10.692951549963032,10.73652845003661
UCB1_0.01,1680,10.721259999999827,10.699478391580742,10.743041608418912
UCB1_0.01,1681,10.727499999999818,10.70568396893588,10.749316031063756
UCB1_0.01,1682,10.733899999999817,10.712070379954783,10.755729620044852
UCB1_0.01,1683,10.740519999999805,10.718673751033666,10.762366248965943
UCB1_0.01,1684,10.74719999999982,10.72531156899585,10.76908843100379
UCB1_0.01,1685,10.75371999999982,10.731815044116056,10.775624955883584
UCB1_0.01,1686,10.760059999999813,10.73813066062373,10.781989339375896
UCB1_0.01,1687,10.766579999999806,10.7446381825919,10.78852181740771
UCB1_0.01,1688,10.773019999999804,10.751041552074412,10.794998447925195
UCB1_0.01,1689,10.779379999999813,10.757401773452107,10.801358226547519
UCB1_0.01,1690,10.785199999999811,10.763193848354135,10.807206151645488
UCB1_0.01,1691,10.791779999999815,10.76977859414409,10.81378140585554
UCB1_0.01,1692,10.79807999999982,10.776055078152597,10.820104921847042
UCB1_0.01,1693,10.804359999999802,10.78231937596924,10.826400624030363
UCB1_0.01,1694,10.810779999999804,10.788722022815664,10.832837977183944
UCB1_0.01,1695,10.81753999999981,10.795476202547356,10.839603797452263
UCB1_0.01,1696,10.823779999999807,10.801704313848678,10.845855686150937
UCB1_0.01,1697,10.82981999999981,10.80775389641719,10.85188610358243
UCB1_0.01,1698,10.835759999999816,10.813701389220288,10.857818610779344
UCB1_0.01,1699,10.842259999999815,10.82020462300198,10.86431537699765
UCB1_0.01,1700,10.848419999999816,10.826387566065508,10.870452433934124
UCB1_0.01,1701,10.855099999999824,10.833052251648969,10.87714774835068
UCB1_0.01,1702,10.861379999999826,10.83928841997644,10.883471580023214
UCB1_0.01,1703,10.867519999999816,10.84539764330397,10.889642356695662
UCB1_0.01,1704,10.87423999999982,10.852103419377986,10.896376580621652
UCB1_0.01,1705,10.880279999999805,10.858112436864724,10.902447563134887
UCB1_0.01,1706,10.886459999999815,10.864266310479595,10.908653689520035
UCB1_0.01,1707,10.89243999999982,10.870214077651603,10.914665922348036
UCB1_0.01,1708,10.89865999999982,10.876382534191256,10.920937465808384
UCB1_0.01,1709,10.90465999999982,10.882353648792362,10.926966351207279
UCB1_0.01,1710,10.911039999999817,10.888727500453534,10.9333524995461
UCB1_0.01,1711,10.917479999999822,10.89516075065426,10.939799249345384
UCB1_0.01,1712,10.923759999999813,10.901419683116012,10.946100316883614
UCB1_0.01,1713,10.930219999999819,10.90787866841356,10.952561331586079
UCB1_0.01,1714,10.936539999999823,10.914190455451312,10.958889544548335
UCB1_0.01,1715,10.942759999999815,10.920398651400994,10.965121348598636
UCB1_0.01,1716,10.948879999999821,10.926518038037608,10.971241961962034
UCB1_0.01,1717,10.95515999999981,10.93281604575593,10.977503954243689
UCB1_0.01,1718,10.961579999999822,10.93922345099273,10.983936549006915
UCB1_0.01,1719,10.967959999999822,10.945582225569558,10.990337774430087
UCB1_0.01,1720,10.974399999999818,10.952024289561864,10.996775710437772
UCB1_0.01,1721,10.980719999999815,10.958322892075893,11.003117107923737
UCB1_0.01,1722,10.986879999999806,10.964484544799136,11.009275455200475
UCB1_0.01,1723,10.992999999999817,10.970610056866638,11.015389943132996
UCB1_0.01,1724,10.998919999999812,10.97654205438151,11.021297945618114
UCB1_0.01,1725,11.005079999999818,10.982685038439815,11.027474961559822
UCB1_0.01,1726,11.011159999999814,10.988736719683,11.033583280316627
UCB1_0.01,1727,11.017379999999815,10.994939785941659,11.03982021405797
UCB1_0.01,1728,11.023639999999803,11.001158207353432,11.046121792646174
UCB1_0.01,1729,11.029939999999804,11.007467275886368,11.05241272411324
UCB1_0.01,1730,11.0367199999998,11.01425052284281,11.05918947715679
UCB1_0.01,1731,11.043219999999808,11.020740556388382,11.065699443611233
UCB1_0.01,1732,11.04933999999982,11.0268740653815,11.071805934618139
UCB1_0.01,1733,11.05549999999983,11.033063797766356,11.077936202233303
UCB1_0.01,1734,11.061599999999812,11.039162032417465,11.084037967582159
UCB1_0.01,1735,11.06803999999981,11.04561007653422,11.090469923465399
UCB1_0.01,1736,11.074279999999812,11.051834581121868,11.096725418877755
UCB1_0.01,1737,11.080639999999809,11.058164776254403,11.103115223745215
UCB1_0.01,1738,11.086919999999807,11.064417711022239,11.109422288977376
UCB1_0.01,1739,11.09317999999982,11.070646193610552,11.11571380638909
UCB1_0.01,1740,11.099319999999805,11.076767095120715,11.121872904878895
UCB1_0.01,1741,11.105459999999805,11.082913231715304,11.128006768284306
UCB1_0.01,1742,11.111559999999802,11.08901132343122,11.134108676568383
UCB1_0.01,1743,11.117819999999808,11.095245069559848,11.140394930439768
UCB1_0.01,1744,11.12389999999981,11.101329172044302,11.14647082795532
UCB1_0.01,1745,11.129759999999811,11.10718573545349,11.152334264546132
UCB1_0.01,1746,11.136199999999812,11.113610663770197,11.158789336229427
UCB1_0.01,1747,11.142819999999796,11.120222164354939,11.165417835644654
UCB1_0.01,1748,11.149439999999794,11.126857050300016,11.172022949699572
UCB1_0.01,1749,11.155439999999805,11.13286217806457,11.17801782193504
UCB1_0.01,1750,11.161719999999807,11.139130274981252,11.184309725018363
UCB1_0.01,1751,11.167899999999806,11.145302787396414,11.190497212603198
UCB1_0.01,1752,11.174319999999812,11.151681066498686,11.196958933500937
UCB1_0.01,1753,11.180599999999808,11.157923435713665,11.203276564285952
UCB1_0.01,1754,11.18721999999981,11.164550560879771,11.209889439119848
UCB1_0.01,1755,11.193739999999815,11.171052680933771,11.21642731906586
UCB1_0.01,1756,11.200299999999807,11.177607812408759,11.222992187590854
UCB1_0.01,1757,11.20679999999982,11.184126471008819,11.229473528990821
UCB1_0.01,1758,11.212919999999809,11.19022534210511,11.235614657894507
UCB1_0.01,1759,11.219379999999806,11.196661550812308,11.242098449187303
UCB1_0.01,1760,11.225959999999809,11.203241438511125,11.248678561488493
UCB1_0.01,1761,11.232159999999803,11.20943133299909,11.254888667000516
UCB1_0.01,1762,11.238439999999802,11.215717730240588,11.261162269759016
UCB1_0.01,1763,11.244719999999798,11.221972442580721,11.267467557418875
UCB1_0.01,1764,11.250599999999798,11.227861866867885,11.27333813313171
UCB1_0.01,1765,11.256799999999801,11.234037955625885,11.279562044373717
UCB1_0.01,1766,11.262899999999798,11.24009598222702,11.285704017772575
UCB1_0.01,1767,11.2691599999998,11.246356606049659,11.291963393949942
UCB1_0.01,1768,11.275659999999801,11.2528429589734,11.298477041026203
UCB1_0.01,1769,11.281839999999804,11.25898229565808,11.304697704341526
UCB1_0.01,1770,11.287659999999798,11.264787260559823,11.310532739439774
UCB1_0.01,1771,11.2936799999998,11.270759358747357,11.316600641252242
UCB1_0.01,1772,11.299959999999794,11.277058656355626,11.322861343643963
UCB1_0.01,1773,11.305899999999813,11.282991498602286,11.32880850139734
UCB1_0.01,1774,11.312299999999812,11.289380088896102,11.335219911103522
UCB1_0.01,1775,11.318319999999801,11.295361918493953,11.34127808150565
UCB1_0.01,1776,11.324359999999809,11.30139584762726,11.347324152372357
UCB1_0.01,1777,11.330839999999801,11.307867484138798,11.353812515860804
UCB1_0.01,1778,11.33719999999981,11.314190438515256,11.360209561484362
UCB1_0.01,1779,11.343459999999812,11.320422539803266,11.366497460196358
UCB1_0.01,1780,11.349759999999806,11.326725060640863,11.37279493935875
UCB1_0.01,1781,11.355799999999805,11.332751024991579,11.378848975008031
UCB1_0.01,1782,11.361819999999808,11.338774678085533,11.384865321914083
UCB1_0.01,1783,11.368299999999802,11.345243786452947,11.391356213546658
UCB1_0.01,1784,11.374679999999804,11.351613640027649,11.39774635997196
UCB1_0.01,1785,11.381659999999805,11.358562396879266,11.404757603120343
UCB1_0.01,1786,11.38787999999981,11.364778653942812,11.41098134605681
UCB1_0.01,1787,11.39419999999982,11.371074996016027,11.417325003983613
UCB1_0.01,1788,11.400179999999802,11.377030472121543,11.42332952787806
UCB1_0.01,1789,11.406359999999788,11.383180464300734,11.429539535698842
UCB1_0.01,1790,11.412439999999798,11.38924325046547,11.435636749534126
UCB1_0.01,1791,11.418979999999804,11.39579342270664,11.442166577292967
UCB1_0.01,1792,11.425079999999811,11.401889997424858,11.448270002574764
UCB1_0.01,1793,11.431199999999807,11.407969868246532,11.454430131753082
UCB1_0.01,1794,11.437319999999806,11.414085120086334,11.460554879913278
UCB1_0.01,1795,11.443739999999812,11.420463773627397,11.467016226372227
UCB1_0.01,1796,11.450519999999797,11.427252322223945,11.473787677775649
UCB1_0.01,1797,11.456839999999797,11.433546151026343,11.480133848973251
UCB1_0.01,1798,11.463379999999809,11.440056629521449,11.48670337047817
UCB1_0.01,1799,11.469999999999802,11.446659335671155,11.493340664328448
UCB1_0.01,1800,11.476039999999802,11.452687609903341,11.499392390096263
UCB1_0.01,1801,11.48241999999979,11.459067012349987,11.505772987649593
UCB1_0.01,1802,11.488659999999806,11.465275639560565,11.512044360439047
UCB1_0.01,1803,11.4945599999998,11.471134457161115,11.517985542838483
UCB1_0.01,1804,11.500379999999794,11.47692751599494,11.523832484004647
UCB1_0.01,1805,11.506199999999799,11.4827392608957,11.529660739103898
UCB1_0.01,1806,11.512359999999806,11.488874323342204,11.535845676657408
UCB1_0.01,1807,11.518499999999788,11.494980204576496,11.54201979542308
UCB1_0.01,1808,11.524879999999785,11.501369922285107,11.548390077714462
UCB1_0.01,1809,11.53115999999978,11.5076414640881,11.554678535911458
UCB1_0.01,1810,11.537679999999789,11.514147267766642,11.561212732232935
UCB1_0.01,1811,11.543859999999787,11.520309104728282,11.567410895271292
UCB1_0.01,1812,11.549779999999798,11.526216089658043,11.573343910341553
UCB1_0.01,1813,11.555539999999791,11.531972078506671,11.579107921492911
UCB1_0.01,1814,11.561519999999799,11.53793983516658,11.585100164833019
UCB1_0.01,1815,11.567739999999795,11.54415281630192,11.591327183697668
UCB1_0.01,1816,11.5741399999998,11.550560590863528,11.59771940913607
UCB1_0.01,1817,11.580339999999786,11.556724080241409,11.603955919758164
UCB1_0.01,1818,11.586739999999802,11.563111127573723,11.61036887242588
UCB1_0.01,1819,11.5928599999998,11.569214964950085,11.616505035049514
UCB1_0.01,1820,11.5990799999998,11.575424949760514,11.622735050239086
UCB1_0.01,1821,11.605159999999794,11.581446469743323,11.628873530256264
UCB1_0.01,1822,11.611699999999797,11.58797096699534,11.635429033004254
UCB1_0.01,1823,11.6177799999998,11.594051686998814,11.641508313000788
UCB1_0.01,1824,11.623819999999798,11.600089426354744,11.647550573644851
UCB1_0.01,1825,11.629659999999806,11.605903733993314,11.653416266006298
UCB1_0.01,1826,11.6359999999998,11.612234027672937,11.659765972326664
UCB1_0.01,1827,11.64233999999979,11.618564323890391,11.666115676109188
UCB1_0.01,1828,11.648639999999792,11.624845190716865,11.67243480928272
UCB1_0.01,1829,11.65477999999979,11.630971929035951,11.678588070963627
UCB1_0.01,1830,11.6613199999998,11.637511200515195,11.685128799484403
UCB1_0.01,1831,11.66771999999979,11.643897729646554,11.691542270353025
UCB1_0.01,1832,11.674179999999799,11.650339198963668,11.69802080103593
UCB1_0.01,1833,11.679879999999796,11.656009951269754,11.70375004872984
UCB1_0.01,1834,11.6863199999998,11.662467684913372,11.710172315086227
UCB1_0.01,1835,11.69255999999981,11.66869216696436,11.71642783303526
UCB1_0.01,1836,11.698639999999791,11.674775021067639,11.722504978931944
UCB1_0.01,1837,11.704659999999784,11.680766725109304,11.728553274890263
UCB1_0.01,1838,11.710839999999788,11.686902750393129,11.734777249606447
UCB1_0.01,1839,11.716979999999795,11.69303828273068,11.740921717268911
UCB1_0.01,1840,11.722879999999803,11.698960508370055,11.74679949162955
UCB1_0.01,1841,11.728679999999793,11.704761964484346,11.75259803551524
UCB1_0.01,1842,11.735139999999799,11.71118145507154,11.759098544928058
UCB1_0.01,1843,11.741719999999798,11.717747503582654,11.765692496416943
UCB1_0.01,1844,11.748219999999794,11.724215155807872,11.772224844191715
UCB1_0.01,1845,11.75485999999979,11.730859012849724,11.778860987149855
UCB1_0.01,1846,11.76109999999979,11.73708868500574,11.78511131499384
UCB1_0.01,1847,11.767559999999794,11.743570199454544,11.791549800545043
UCB1_0.01,1848,11.773639999999782,11.749628851666522,11.797651148333042
UCB1_0.01,1849,11.779719999999797,11.755723481283573,11.803716518716021
UCB1_0.01,1850,11.7856799999998,11.761654269665751,11.80970573033385
UCB1_0.01,1851,11.791759999999794,11.767717426520262,11.815802573479326
UCB1_0.01,1852,11.797899999999787,11.773894521066728,11.821905478932846
UCB1_0.01,1853,11.804119999999791,11.780117145255373,11.82812285474421
UCB1_0.01,1854,11.810559999999798,11.786562428242453,11.834557571757143
UCB1_0.01,1855,11.817119999999791,11.793107993173841,11.841132006825742
UCB1_0.01,1856,11.823399999999785,11.799373708532908,11.847426291466661
UCB1_0.01,1857,11.82963999999979,11.805621683540297,11.853658316459283
UCB1_0.01,1858,11.836419999999787,11.812425107582447,11.860414892417127
UCB1_0.01,1859,11.842779999999783,11.81878717903532,11.866772820964245
UCB1_0.01,1860,11.849379999999782,11.825369258031287,11.873390741968276
UCB1_0.01,1861,11.855679999999774,11.831678314048464,11.879681685951084
UCB1_0.01,1862,11.86199999999979,11.837997758768434,11.886002241231147
UCB1_0.01,1863,11.86815999999978,11.844131565889967,11.892188434109592
UCB1_0.01,1864,11.873839999999788,11.849829348000625,11.89785065199895
UCB1_0.01,1865,11.880239999999784,11.856182471106722,11.904297528892846
UCB1_0.01,1866,11.886359999999788,11.86226269373931,11.910457306260266
UCB1_0.01,1867,11.892499999999782,11.868387363659835,11.916612636339728
UCB1_0.01,1868,11.898919999999782,11.874788775588687,11.923051224410877
UCB1_0.01,1869,11.905019999999777,11.880898130419855,11.929141869579698
UCB1_0.01,1870,11.911079999999773,11.886974694787138,11.935185305212407
UCB1_0.01,1871,11.917579999999775,11.893483844979503,11.941676155020048
UCB1_0.01,1872,11.923899999999783,11.899812497430858,11.947987502568708
UCB1_0.01,1873,11.930279999999788,11.90617126368179,11.954388736317787
UCB1_0.01,1874,11.936639999999779,11.9125329260335,11.960747073966058
UCB1_0.01,1875,11.942959999999777,11.9188553966527,11.967064603346854
UCB1_0.01,1876,11.949159999999788,11.92506682432529,11.973253175674285
UCB1_0.01,1877,11.955559999999783,11.931494929064781,11.979625070934786
UCB1_0.01,1878,11.961819999999797,11.937739674119166,11.985900325880428
UCB1_0.01,1879,11.968239999999788,11.944149123804195,11.992330876195382
UCB1_0.01,1880,11.974599999999787,11.950500826517423,11.998699173482152
UCB1_0.01,1881,11.980899999999783,11.956802719361582,12.004997280637985
UCB1_0.01,1882,11.9867999999998,11.962687968696338,12.010912031303262
UCB1_0.01,1883,11.992679999999798,11.968550245726144,12.016809754273451
UCB1_0.01,1884,11.998739999999785,11.974571576779526,12.022908423220043
UCB1_0.01,1885,12.004839999999783,11.980675660482248,12.029004339517318
UCB1_0.01,1886,12.011439999999793,11.98728710834046,12.035592891659125
UCB1_0.01,1887,12.017499999999789,11.993347933328613,12.041652066670965
UCB1_0.01,1888,12.023459999999774,11.999279027033618,12.047640972965931
UCB1_0.01,1889,12.029599999999784,12.00542354652262,12.053776453476948
UCB1_0.01,1890,12.035739999999784,12.011543841533435,12.059936158466133
UCB1_0.01,1891,12.042299999999786,12.018077946833484,12.066522053166088
UCB1_0.01,1892,12.048819999999777,12.024586968530713,12.073053031468842
UCB1_0.01,1893,12.05473999999977,12.030492529872129,12.07898747012741
UCB1_0.01,1894,12.06079999999979,12.03649461895428,12.085105381045302
UCB1_0.01,1895,12.067239999999783,12.042933126753113,12.091546873246454
UCB1_0.01,1896,12.073659999999792,12.049341787155138,12.097978212844447
UCB1_0.01,1897,12.079839999999797,12.055533634785517,12.104146365214076
UCB1_0.01,1898,12.085999999999784,12.061695847954232,12.110304152045336
UCB1_0.01,1899,12.092019999999787,12.067718870101377,12.116321129898196
UCB1_0.01,1900,12.098479999999785,12.0741655728927,12.122794427106871
UCB1_0.01,1901,12.104579999999793,12.080258365320551,12.128901634679034
UCB1_0.01,1902,12.11047999999978,12.086149607482792,12.13481039251677
UCB1_0.01,1903,12.116579999999779,12.092247782763144,12.140912217236414
UCB1_0.01,1904,12.123039999999786,12.09870255413459,12.147377445864983
UCB1_0.01,1905,12.129499999999785,12.105178820119246,12.153821179880325
UCB1_0.01,1906,12.135879999999787,12.111530431191856,12.160229568807718
UCB1_0.01,1907,12.14185999999979,12.117507251553773,12.166212748445806
UCB1_0.01,1908,12.148499999999785,12.124129426913683,12.172870573085888
UCB1_0.01,1909,12.154979999999778,12.130601428191456,12.1793585718081
UCB1_0.01,1910,12.160959999999774,12.136574279861623,12.185345720137924
UCB1_0.01,1911,12.167199999999784,12.14279271413596,12.19160728586361
UCB1_0.01,1912,12.173539999999804,12.149105617323658,12.19797438267595
UCB1_0.01,1913,12.179679999999783,12.155228762168884,12.204131237830682
UCB1_0.01,1914,12.185779999999781,12.161335108267464,12.210224891732098
UCB1_0.01,1915,12.191879999999786,12.167435915463942,12.21632408453563
UCB1_0.01,1916,12.197979999999792,12.173499085877495,12.222460914122088
UCB1_0.01,1917,12.204379999999784,12.179903536710162,12.228856463289405
UCB1_0.01,1918,12.210719999999785,12.186219885055285,12.235220114944285
UCB1_0.01,1919,12.216959999999775,12.19245798770053,12.241462012299019
UCB1_0.01,1920,12.22333999999979,12.198869131465395,12.247810868534186
UCB1_0.01,1921,12.229479999999791,12.204975070314104,12.253984929685478
UCB1_0.01,1922,12.23561999999978,12.211106136140721,12.26013386385884
UCB1_0.01,1923,12.241679999999777,12.21716956550067,12.266190434498883
UCB1_0.01,1924,12.247819999999786,12.22327480886882,12.272365191130751
UCB1_0.01,1925,12.254259999999785,12.229697344029058,12.278822655970513
UCB1_0.01,1926,12.260639999999782,12.236064193335755,12.285215806663809
UCB1_0.01,1927,12.266999999999792,12.242365775772377,12.291634224227206
UCB1_0.01,1928,12.273379999999786,12.248716202041049,12.298043797958524
UCB1_0.01,1929,12.279819999999772,12.255131899432829,12.304508100566714
UCB1_0.01,1930,12.286339999999782,12.261650178666265,12.3110298213333
UCB1_0.01,1931,12.29271999999978,12.268011010069396,12.317428989930166
UCB1_0.01,1932,12.298799999999787,12.274080736852738,12.323519263146835
UCB1_0.01,1933,12.304539999999797,12.279797727633692,12.329282272365901
UCB1_0.01,1934,12.310639999999786,12.285867377542564,12.335412622457008
UCB1_0.01,1935,12.316519999999787,12.291733226118268,12.341306773881307
UCB1_0.01,1936,12.322779999999783,12.297983571353216,12.34757642864635
UCB1_0.01,1937,12.329099999999782,12.304297778870337,12.353902221129227
UCB1_0.01,1938,12.33513999999978,12.310292999095907,12.359987000903654
UCB1_0.01,1939,12.341379999999786,12.316543208069655,12.366216791929917
UCB1_0.01,1940,12.347539999999778,12.322740951604539,12.372339048395018
UCB1_0.01,1941,12.35383999999977,12.32907893095001,12.378601069049532
UCB1_0.01,1942,12.360299999999775,12.33556779207388,12.38503220792567
UCB1_0.01,1943,12.366339999999788,12.341596293888733,12.391083706110843
UCB1_0.01,1944,12.372359999999789,12.347574198169022,12.397145801830556
UCB1_0.01,1945,12.378859999999772,12.354088852191875,12.403631147807669
UCB1_0.01,1946,12.38521999999977,12.360454066037507,12.409985933962032
UCB1_0.01,1947,12.391059999999772,12.366294481839718,12.415825518159826
UCB1_0.01,1948,12.397439999999786,12.372657581511012,12.42222241848856
UCB1_0.01,1949,12.40371999999979,12.378934302035596,12.428505697963985
UCB1_0.01,1950,12.409999999999783,12.385225138605334,12.434774861394233
UCB1_0.01,1951,12.416599999999768,12.391820223149896,12.44137977684964
UCB1_0.01,1952,12.42273999999979,12.397957698625412,12.447522301374168
UCB1_0.01,1953,12.428679999999781,12.403857910768213,12.45350208923135
UCB1_0.01,1954,12.43491999999977,12.410066429309433,12.459773570690109
UCB1_0.01,1955,12.44135999999978,12.416478573373173,12.466241426626386
UCB1_0.01,1956,12.447359999999765,12.42246946596817,12.47225053403136
UCB1_0.01,1957,12.453459999999774,12.428587907281322,12.478332092718226
UCB1_0.01,1958,12.45967999999979,12.434783517761208,12.48457648223837
UCB1_0.01,1959,12.465859999999777,12.44095344483843,12.490766555161125
UCB1_0.01,1960,12.472119999999776,12.447188228120426,12.497051771879127
UCB1_0.01,1961,12.47857999999976,12.453617449052087,12.503542550947431
UCB1_0.01,1962,12.484959999999766,12.460015772803727,12.509904227195806
UCB1_0.01,1963,12.49131999999978,12.466406089795324,12.516233910204235
UCB1_0.01,1964,12.498059999999768,12.473119439935063,12.523000560064473
UCB1_0.01,1965,12.504379999999774,12.479438609729078,12.52932139027047
UCB1_0.01,1966,12.510359999999805,12.485404591705338,12.535315408294272
UCB1_0.01,1967,12.516579999999777,12.491605128194243,12.541554871805312
UCB1_0.01,1968,12.522699999999782,12.497704421141975,12.547695578857589
UCB1_0.01,1969,12.529159999999768,12.504132289168913,12.554187710830623
UCB1_0.01,1970,12.535499999999782,12.510451464562854,12.56054853543671
UCB1_0.01,1971,12.541639999999775,12.516520359225861,12.56675964077369
UCB1_0.01,1972,12.54755999999977,12.522404903994975,12.572715096004565
UCB1_0.01,1973,12.553819999999774,12.52865677044402,12.57898322955553
UCB1_0.01,1974,12.55985999999978,12.534680900995594,12.585039099003966
UCB1_0.01,1975,12.566239999999787,12.541071897986534,12.591408102013041
UCB1_0.01,1976,12.572459999999781,12.547278459978118,12.597641540021444
UCB1_0.01,1977,12.578679999999785,12.553529401548113,12.603830598451458
UCB1_0.01,1978,12.58523999999979,12.560087154140179,12.6103928458594
UCB1_0.01,1979,12.591599999999787,12.566421319942508,12.616778680057065
UCB1_0.01,1980,12.597959999999789,12.572765914667984,12.623154085331594
UCB1_0.01,1981,12.604339999999782,12.579148492907565,12.629531507091999
UCB1_0.01,1982,12.610539999999785,12.585330752183761,12.63574924781581
UCB1_0.01,1983,12.61657999999978,12.591359059275026,12.641800940724535
UCB1_0.01,1984,12.622759999999783,12.59754878647901,12.647971213520556
UCB1_0.01,1985,12.62929999999977,12.604086202071574,12.654513797927965
UCB1_0.01,1986,12.635619999999777,12.61041241550284,12.660827584496715
UCB1_0.01,1987,12.641579999999777,12.616363149906302,12.666796850093252
UCB1_0.01,1988,12.647679999999783,12.622455867517113,12.672904132482453
UCB1_0.01,1989,12.653699999999768,12.628468254895754,12.678931745103782
UCB1_0.01,1990,12.65957999999978,12.634314849528426,12.684845150471133
UCB1_0.01,1991,12.665879999999769,12.64056027328933,12.691199726710208
UCB1_0.01,1992,12.672299999999783,12.64692938233854,12.697670617661027
UCB1_0.05,0,0.03550000000000023,0.03350930843528921,0.037490691564711257
UCB1_0.05,1,0.07580000000000035,0.07360758212370747,0.07799241787629324
UCB1_0.05,2,0.09900000000000048,0.09704000000000047,0.10096000000000048
UCB1_0.05,3,0.1332999999999998,0.13108704842770486,0.13551295157229476
UCB1_0.05,4,0.17190000000000108,0.16970577446478396,0.1740942255352182
UCB1_0.05,5,0.19460000000000147,0.19237883611004375,0.19682116388995918
UCB1_0.05,6,0.22950000000000076,0.22728941533319014,0.23171058466681138
UCB1_0.05,7,0.2664999999999994,0.2641575279830266,0.2688424720169722
UCB1_0.05,8,0.2928999999999996,0.29067234680312826,0.29512765319687095
UCB1_0.05,9,0.32599999999999874,0.32368854451634654,0.3283114554836509
UCB1_0.05,10,0.3616999999999993,0.35923680259928825,0.36416319740071035
UCB1_0.05,11,0.388600000000001,0.38618106597617496,0.39101893402382704
UCB1_0.05,12,0.4231000000000003,0.4206161363150105,0.4255838636849901
UCB1_0.05,13,0.45439999999999825,0.4517668147468962,0.4570331852531003
UCB1_0.05,14,0.48519999999999885,0.48270134948807014,0.48769865051192757
UCB1_0.05,15,0.5164000000000013,0.5138403488213614,0.5189596511786412
UCB1_0.05,16,0.5503000000000026,0.5475047570269218,0.5530952429730833
UCB1_0.05,17,0.580200000000002,0.5774281969665755,0.5829718030334285
UCB1_0.05,18,0.6122000000000009,0.6094099258900392,0.6149900741099625
UCB1_0.05,19,0.6450999999999981,0.6422555055518878,0.6479444944481084
UCB1_0.05,20,0.6734999999999964,0.6707215528911471,0.6762784471088458
UCB1_0.05,21,0.708199999999996,0.7053396222007694,0.7110603777992227
UCB1_0.05,22,0.7376999999999989,0.7345808984850557,0.7408191015149421
UCB1_0.05,23,0.7687000000000024,0.7657047951160932,0.7716952048839115
UCB1_0.05,24,0.8003000000000043,0.797179417910529,0.8034205820894796
UCB1_0.05,25,0.8317000000000049,0.828536295968589,0.8348637040314207
UCB1_0.05,26,0.8641000000000022,0.8609532780984909,0.8672467219015135
UCB1_0.05,27,0.8955999999999968,0.8922466615133522,0.8989533384866415
UCB1_0.05,28,0.9267999999999942,0.9234568704088886,0.9301431295910998
UCB1_0.05,29,0.9592999999999952,0.9558584351277983,0.962741564872192
UCB1_0.05,30,0.9892999999999986,0.9857031166864698,0.9928968833135274
UCB1_0.05,31,1.0205000000000028,1.0168455312994984,1.0241544687005073
UCB1_0.05,32,1.0545000000000049,1.0509200223912258,1.058079977608784
UCB1_0.05,33,1.0844000000000036,1.080670577305367,1.08812942269464
UCB1_0.05,34,1.1140000000000014,1.110161365473238,1.1178386345267648
UCB1_0.05,35,1.1470999999999982,1.1431696147587924,1.151030385241204
UCB1_0.05,36,1.1782999999999968,1.174411440917834,1.1821885590821597
UCB1_0.05,37,1.2087999999999983,1.2048833794125975,1.2127166205873992
UCB1_0.05,38,1.2402999999999995,1.2362307261469168,1.2443692738530823
UCB1_0.05,39,1.2696000000000007,1.2654234237147004,1.273776576285301
UCB1_0.05,40,1.3020000000000007,1.2978603046785175,1.3061396953214839
UCB1_0.05,41,1.3348,1.3304846090942606,1.3391153909057394
UCB1_0.05,42,1.3643000000000014,1.3599477045846182,1.3686522954153846
UCB1_0.05,43,1.3957,1.3914046810173952,1.3999953189826047
UCB1_0.05,44,1.4274999999999982,1.4230790483346603,1.4319209516653362
UCB1_0.05,45,1.4578,1.453275422482106,1.462324577517894
UCB1_0.05,46,1.4894999999999994,1.4849368014768665,1.4940631985231323
UCB1_0.05,47,1.5191000000000001,1.514448707615114,1.5237512923848862
UCB1_0.05,48,1.5509000000000004,1.5462124356936413,1.5555875643063595
UCB1_0.05,49,1.5826999999999987,1.577833928445166,1.5875660715548314
UCB1_0.05,50,1.6127999999999991,1.6078863422405338,1.6177136577594644
UCB1_0.05,51,1.644000000000001,1.6390412381143205,1.6489587618856816
UCB1_0.05,52,1.6735000000000004,1.6684422817567948,1.678557718243206
UCB1_0.05,53,1.7043000000000006,1.6993237951346716,1.7092762048653296
UCB1_0.05,54,1.737,1.7317420857248287,1.7422579142751715
UCB1_0.05,55,1.7662000000000013,1.7610706318295875,1.7713293681704152
UCB1_0.05,56,1.7977999999999992,1.7925244279330792,1.8030755720669192
UCB1_0.05,57,1.8281999999999992,1.8227878548928054,1.833612145107193
UCB1_0.05,58,1.8577999999999997,1.8522930946871903,1.863306905312809
UCB1_0.05,59,1.8904999999999992,1.8849752363646521,1.8960247636353462
UCB1_0.05,60,1.9200000000000008,1.914374945825245,1.9256250541747566
UCB1_0.05,61,1.9503,1.944644296819233,1.9559557031807668
UCB1_0.05,62,1.9814999999999998,1.9757646550964805,1.9872353449035192
UCB1_0.05,63,2.012400000000001,2.0064709492789405,2.018329050721061
UCB1_0.05,64,2.0420999999999996,2.036173319430478,2.0480266805695213
UCB1_0.05,65,2.0738,2.0677251594615877,2.079874840538412
UCB1_0.05,66,2.1050999999999997,2.0990343987102666,2.111165601289733
UCB1_0.05,67,2.1344000000000016,2.128279027769212,2.1405209722307914
UCB1_0.05,68,2.1650000000000005,2.158805041806919,2.171194958193082
UCB1_0.05,69,2.1978000000000013,2.191661118583808,2.2039388814161947
UCB1_0.05,70,2.2268000000000003,2.2206257303554766,2.232974269644524
UCB1_0.05,71,2.2563999999999997,2.2500673622613117,2.262732637738688
UCB1_0.05,72,2.2882999999999996,2.281901407441831,2.294698592558168
UCB1_0.05,73,2.3185999999999973,2.312120149921324,2.3250798500786707
UCB1_0.05,74,2.349599999999999,2.3431943547342553,2.3560056452657423
UCB1_0.05,75,2.377000000000003,2.3702712965513286,2.383728703448677
UCB1_0.05,76,2.4083000000000037,2.4015569471397815,2.415043052860226
UCB1_0.05,77,2.4394000000000027,2.43280031126258,2.4459996887374253
UCB1_0.05,78,2.4696999999999987,2.4628657702478898,2.4765342297521076
UCB1_0.05,79,2.5007999999999972,2.493880437337018,2.5077195626629765
UCB1_0.05,80,2.529799999999998,2.522851237976492,2.536748762023504
UCB1_0.05,81,2.559799999999999,2.5528224917976803,2.566777508202318
UCB1_0.05,82,2.5912999999999995,2.5842536789832034,2.5983463210167956
UCB1_0.05,83,2.6229,2.61596863731541,2.62983136268459
UCB1_0.05,84,2.6524000000000014,2.6452264882163194,2.6595735117836834
UCB1_0.05,85,2.682900000000003,2.6756367135435637,2.6901632864564426
UCB1_0.05,86,2.713800000000002,2.706412194728783,2.7211878052712213
UCB1_0.05,87,2.7451999999999974,2.737797932161307,2.752602067838688
UCB1_0.05,88,2.774199999999998,2.7667940849378456,2.78160591506215
UCB1_0.05,89,2.8034999999999974,2.7959711988674805,2.8110288011325144
UCB1_0.05,90,2.8332999999999964,2.825703321027259,2.840896678972734
UCB1_0.05,91,2.8638000000000017,2.8561561158222655,2.871443884177738
UCB1_0.05,92,2.8946000000000005,2.886805874090999,2.902394125909002
UCB1_0.05,93,2.9253000000000036,2.9174742956989443,2.933125704301063
UCB1_0.05,94,2.9534000000000034,2.9454554114529254,2.9613445885470813
UCB1_0.05,95,2.9849999999999985,2.9770813464434718,2.9929186535565253
UCB1_0.05,96,3.0159999999999942,3.0079182366653505,3.024081763334638
UCB1_0.05,97,3.0449999999999937,3.0368655397913646,3.053134460208623
UCB1_0.05,98,3.075800000000001,3.067501866185606,3.084098133814396
UCB1_0.05,99,3.1049999999999986,3.0967854881819528,3.1132145118180445
UCB1_0.05,100,3.135700000000003,3.1272519278958746,3.1441480721041315
UCB1_0.05,101,3.1648000000000014,3.156274617418068,3.1733253825819348
UCB1_0.05,102,3.1962000000000024,3.1876006199487117,3.204799380051293
UCB1_0.05,103,3.225599999999997,3.216850155566911,3.234349844433083
UCB1_0.05,104,3.2550999999999948,3.246396758028774,3.2638032419712157
UCB1_0.05,105,3.2846999999999937,3.275943000869038,3.2934569991309495
UCB1_0.05,106,3.3162999999999982,3.3074258049792356,3.325174195020761
UCB1_0.05,107,3.346899999999998,3.337932567248742,3.355867432751254
UCB1_0.05,108,3.3775999999999997,3.368503496808739,3.3866965031912604
UCB1_0.05,109,3.4066000000000005,3.3974746827651163,3.4157253172348847
UCB1_0.05,110,3.4367000000000023,3.427527698381217,3.4458723016187878
UCB1_0.05,111,3.4658000000000033,3.4564398286571736,3.475160171342833
UCB1_0.05,112,3.496499999999999,3.4870244095472165,3.505975590452781
UCB1_0.05,113,3.526099999999993,3.516502896263539,3.535697103736447
UCB1_0.05,114,3.556899999999997,3.547293435212205,3.566506564787789
UCB1_0.05,115,3.5870999999999986,3.5775009712264825,3.5966990287735148
UCB1_0.05,116,3.6153999999999975,3.605691617350176,3.625108382649819
UCB1_0.05,117,3.646099999999999,3.636416648456125,3.6557833515438727
UCB1_0.05,118,3.675900000000003,3.6660337684165,3.6857662315835062
UCB1_0.05,119,3.7063000000000024,3.696448949081425,3.7161510509185796
UCB1_0.05,120,3.7356000000000016,3.725637307485813,3.74556269251419
UCB1_0.05,121,3.7664000000000013,3.7563074063084447,3.776492593691558
UCB1_0.05,122,3.7959999999999954,3.7858038312826277,3.806196168717363
UCB1_0.05,123,3.8251999999999926,3.8148796422426043,3.835520357757381
UCB1_0.05,124,3.854699999999994,3.8444440144016623,3.8649559855983258
UCB1_0.05,125,3.885899999999997,3.87546420493468,3.8963357950653137
UCB1_0.05,126,3.915500000000003,3.9048565544551557,3.92614344554485
UCB1_0.05,127,3.9441000000000033,3.933523512872042,3.9546764871279647
UCB1_0.05,128,3.9749,3.964289066630029,3.9855109333699708
UCB1_0.05,129,4.0054,3.9947543521792683,4.016045647820731
UCB1_0.05,130,4.033999999999997,4.023181059583141,4.044818940416853
UCB1_0.05,131,4.0640999999999945,4.053430748814944,4.074769251185045
UCB1_0.05,132,4.093799999999996,4.082949951110068,4.1046500488899245
UCB1_0.05,133,4.1237999999999975,4.1127698031442135,4.1348301968557815
UCB1_0.05,134,4.152499999999999,4.141450559821577,4.1635494401784205
UCB1_0.05,135,4.181299999999997,4.170216972218673,4.192383027781321
UCB1_0.05,136,4.212299999999997,4.20107259612075,4.2235274038792445
UCB1_0.05,137,4.242399999999998,4.2311047354892075,4.253695264510789
UCB1_0.05,138,4.270999999999997,4.259503164990724,4.282496835009271
UCB1_0.05,139,4.301499999999996,4.289862152441638,4.313137847558354
UCB1_0.05,140,4.3292999999999955,4.317703982369715,4.340896017630276
UCB1_0.05,141,4.361500000000003,4.349766624996281,4.373233375003725
UCB1_0.05,142,4.393599999999999,4.3818514487258176,4.405348551274181
UCB1_0.05,143,4.421999999999997,4.4103379496641395,4.433662050335855
UCB1_0.05,144,4.449899999999998,4.438165890155801,4.461634109844194
UCB1_0.05,145,4.480199999999995,4.46838319637262,4.4920168036273695
UCB1_0.05,146,4.510599999999992,4.498783300612395,4.522416699387589
UCB1_0.05,147,4.540100000000002,4.5281894175828805,4.552010582417123
UCB1_0.05,148,4.568700000000001,4.5567158555905545,4.580684144409447
UCB1_0.05,149,4.5995,4.58745196590929,4.61154803409071
UCB1_0.05,150,4.6288,4.616810958302113,4.640789041697887
UCB1_0.05,151,4.657799999999999,4.645661438162658,4.66993856183734
UCB1_0.05,152,4.687599999999998,4.675459193208558,4.699740806791438
UCB1_0.05,153,4.717099999999996,4.7048561596408,4.729343840359192
UCB1_0.05,154,4.7469999999999954,4.7346595805945535,4.759340419405437
UCB1_0.05,155,4.7755,4.763242912270886,4.787757087729114
UCB1_0.05,156,4.8055999999999965,4.793086847046337,4.818113152953656
UCB1_0.05,157,4.8347999999999995,4.822103519436102,4.847496480563897
UCB1_0.05,158,4.8656000000000015,4.853105934055897,4.878094065944106
UCB1_0.05,159,4.895300000000004,4.88269054184424,4.9079094581557685
UCB1_0.05,160,4.924899999999993,4.912186543699277,4.937613456300709
UCB1_0.05,161,4.953299999999995,4.940598927113939,4.966001072886051
UCB1_0.05,162,4.981499999999996,4.968711748534252,4.99428825146574
UCB1_0.05,163,5.013299999999998,5.000435114095698,5.026164885904299
UCB1_0.05,164,5.041599999999997,5.028675014587866,5.054524985412129
UCB1_0.05,165,5.070399999999996,5.057346283344382,5.08345371665561
UCB1_0.05,166,5.099999999999994,5.086812456232437,5.113187543767552
UCB1_0.05,167,5.127699999999999,5.114559912280255,5.140840087719743
UCB1_0.05,168,5.158099999999999,5.144915553538164,5.171284446461835
UCB1_0.05,169,5.1890999999999945,5.17587276360787,5.202327236392119
UCB1_0.05,170,5.2162999999999995,5.2029877351520195,5.2296122648479795
UCB1_0.05,171,5.247899999999992,5.234529660848494,5.261270339151489
UCB1_0.05,172,5.276999999999992,5.263730688923947,5.290269311076037
UCB1_0.05,173,5.306999999999994,5.293566355042885,5.320433644957103
UCB1_0.05,174,5.335899999999998,5.32233087647508,5.349469123524916
UCB1_0.05,175,5.3653,5.351602488570887,5.378997511429114
UCB1_0.05,176,5.394899999999999,5.381116183287116,5.408683816712882
UCB1_0.05,177,5.426199999999998,5.412378654067029,5.4400213459329665
UCB1_0.05,178,5.455499999999996,5.441722954265211,5.469277045734781
UCB1_0.05,179,5.482599999999997,5.468567577967283,5.496632422032711
UCB1_0.05,180,5.514599999999994,5.500493816607318,5.5287061833926705
UCB1_0.05,181,5.5418999999999965,5.527823168124916,5.555976831875077
UCB1_0.05,182,5.5720999999999945,5.558004804315977,5.586195195684012
UCB1_0.05,183,5.6008,5.5867149752361875,5.614885024763812
UCB1_0.05,184,5.629799999999999,5.615478487562095,5.644121512437902
UCB1_0.05,185,5.658999999999997,5.644630982004451,5.673369017995543
UCB1_0.05,186,5.6872000000000025,5.672724978306823,5.701675021693182
UCB1_0.05,187,5.717099999999992,5.702617951562638,5.731582048437347
UCB1_0.05,188,5.744699999999998,5.7301558031422655,5.759244196857731
UCB1_0.05,189,5.7759999999999945,5.761488369228254,5.790511630771735
UCB1_0.05,190,5.804199999999995,5.789462442687364,5.818937557312626
UCB1_0.05,191,5.832899999999997,5.81805308863628,5.847746911363714
UCB1_0.05,192,5.863499999999991,5.848609037293011,5.8783909627069715
UCB1_0.05,193,5.892299999999994,5.877475630775038,5.907124369224951
UCB1_0.05,194,5.920099999999993,5.905201739070426,5.934998260929559
UCB1_0.05,195,5.949299999999994,5.934382755630098,5.964217244369889
UCB1_0.05,196,5.978299999999999,5.963195660355241,5.993404339644757
UCB1_0.05,197,6.006899999999998,5.9915546425640285,6.022245357435968
UCB1_0.05,198,6.033399999999992,6.018153530537519,6.048646469462466
UCB1_0.05,199,6.062,6.046644960512088,6.077355039487912
UCB1_0.05,200,6.09119999999999,6.0756663673121425,6.106733632687837
UCB1_0.05,201,6.12099999999999,6.1053807539716765,6.136619246028303
UCB1_0.05,202,6.1497999999999955,6.134158353318978,6.165441646681013
UCB1_0.05,203,6.179499999999993,6.1638104901083075,6.195189509891678
UCB1_0.05,204,6.208499999999986,6.192754651455047,6.224245348544924
UCB1_0.05,205,6.237399999999991,6.2217260795352995,6.253073920464683
UCB1_0.05,206,6.266500000000001,6.25079381570048,6.282206184299521
UCB1_0.05,207,6.295599999999994,6.279847834603537,6.3113521653964515
UCB1_0.05,208,6.325899999999991,6.309996189923223,6.341803810076759
UCB1_0.05,209,6.353599999999995,6.337743979171267,6.369456020828722
UCB1_0.05,210,6.380199999999998,6.364153119586222,6.3962468804137735
UCB1_0.05,211,6.4103999999999965,6.3943378034689236,6.4264621965310695
UCB1_0.05,212,6.439899999999994,6.423830340118546,6.4559696598814424
UCB1_0.05,213,6.468199999999985,6.452071576241357,6.484328423758614
UCB1_0.05,214,6.499599999999992,6.483331117439486,6.515868882560498
UCB1_0.05,215,6.527699999999995,6.511476640043174,6.543923359956816
UCB1_0.05,216,6.5577999999999985,6.541536011166457,6.57406398883354
UCB1_0.05,217,6.5853999999999955,6.568960005476643,6.601839994523348
UCB1_0.05,218,6.612799999999993,6.596470583470294,6.6291294165296915
UCB1_0.05,219,6.642299999999994,6.625797171704351,6.658802828295638
UCB1_0.05,220,6.673599999999995,6.657137496393983,6.690062503606007
UCB1_0.05,221,6.701199999999988,6.684582611655763,6.717817388344212
UCB1_0.05,222,6.72999999999999,6.713386911502698,6.7466130884972815
UCB1_0.05,223,6.758499999999993,6.741812296992588,6.775187703007397
UCB1_0.05,224,6.787799999999996,6.771002306183669,6.804597693816324
UCB1_0.05,225,6.816499999999997,6.799431429791044,6.83356857020895
UCB1_0.05,226,6.845399999999999,6.828309773343153,6.862490226656845
UCB1_0.05,227,6.874099999999998,6.856905280188766,6.8912947198112295
UCB1_0.05,228,6.903599999999994,6.88640688089912,6.920793119100868
UCB1_0.05,229,6.930099999999999,6.912826035438516,6.947373964561481
UCB1_0.05,230,6.958299999999997,6.941015538493454,6.975584461506539
UCB1_0.05,231,6.987299999999993,6.970018300229255,7.004581699770731
UCB1_0.05,232,7.015799999999992,6.998483443407631,7.033116556592352
UCB1_0.05,233,7.042099999999988,7.024669951673683,7.059530048326293
UCB1_0.05,234,7.073299999999992,7.055716146401684,7.090883853598299
UCB1_0.05,235,7.1014999999999935,7.083717914691576,7.119282085308411
UCB1_0.05,236,7.1326,7.114868968972714,7.150331031027286
UCB1_0.05,237,7.162199999999999,7.144181710012874,7.180218289987123
UCB1_0.05,238,7.190899999999992,7.1728239018353515,7.208976098164633
UCB1_0.05,239,7.2193999999999905,7.2013427683717435,7.2374572316282375
UCB1_0.05,240,7.248899999999993,7.2306772209946555,7.26712277900533
UCB1_0.05,241,7.277599999999997,7.259338300163184,7.29586169983681
UCB1_0.05,242,7.307299999999991,7.288842587113757,7.325757412886224
UCB1_0.05,243,7.335999999999992,7.317521266819389,7.354478733180596
UCB1_0.05,244,7.36439999999999,7.3459278005653825,7.382872199434598
UCB1_0.05,245,7.3938999999999995,7.375242198649613,7.412557801350386
UCB1_0.05,246,7.422200000000001,7.403654071642832,7.44074592835717
UCB1_0.05,247,7.451499999999994,7.432734206469913,7.470265793530075
UCB1_0.05,248,7.481099999999998,7.46226765126582,7.499932348734176
UCB1_0.05,249,7.5085000000000015,7.4894694145343275,7.5275305854656755
UCB1_0.05,250,7.535999999999997,7.517070565042354,7.55492943495764
UCB1_0.05,251,7.56589999999999,7.546977034708079,7.5848229652919015
UCB1_0.05,252,7.596099999999993,7.57713282229248,7.615067177707505
UCB1_0.05,253,7.62469999999999,7.605525907683943,7.643874092316037
UCB1_0.05,254,7.6515999999999975,7.632265466870111,7.670934533129884
UCB1_0.05,255,7.680599999999995,7.661160988368886,7.7000390116311035
UCB1_0.05,256,7.709899999999991,7.690428668791107,7.729371331208876
UCB1_0.05,257,7.739099999999996,7.719510570746316,7.7586894292536766
UCB1_0.05,258,7.766799999999998,7.747188659633416,7.7864113403665804
UCB1_0.05,259,7.796199999999994,7.776596944366436,7.815803055633551
UCB1_0.05,260,7.825099999999994,7.805280291504213,7.844919708495774
UCB1_0.05,261,7.854799999999993,7.835020735461508,7.874579264538478
UCB1_0.05,262,7.883399999999993,7.863547408931009,7.903252591068977
UCB1_0.05,263,7.911499999999992,7.891624482568076,7.931375517431908
UCB1_0.05,264,7.941699999999991,7.92176002513674,7.9616399748632425
UCB1_0.05,265,7.970299999999998,7.950208711992017,7.990391288007979
UCB1_0.05,266,7.998699999999994,7.978629721288248,8.01877027871174
UCB1_0.05,267,8.02919999999999,8.009094453143941,8.04930554685604
UCB1_0.05,268,8.058399999999994,8.038206179604328,8.078593820395659
UCB1_0.05,269,8.087799999999998,8.06759251313094,8.108007486869056
UCB1_0.05,270,8.115400000000001,8.094919730490878,8.135880269509125
UCB1_0.05,271,8.143699999999997,8.123256890274162,8.164143109725833
UCB1_0.05,272,8.172399999999994,8.151813736958344,8.192986263041645
UCB1_0.05,273,8.200999999999999,8.180299849728986,8.221700150271012
UCB1_0.05,274,8.229299999999997,8.20854645464211,8.250053545357883
UCB1_0.05,275,8.257799999999985,8.236995945889142,8.27860405411083
UCB1_0.05,276,8.287600000000003,8.26668392169092,8.308516078309086
UCB1_0.05,277,8.314599999999992,8.293637853156488,8.335562146843495
UCB1_0.05,278,8.34329999999999,8.322506874566747,8.364093125433234
UCB1_0.05,279,8.37079999999999,8.349828578173637,8.391771421826343
UCB1_0.05,280,8.400699999999993,8.379760328777794,8.421639671222193
UCB1_0.05,281,8.428999999999998,8.407869194556822,8.450130805443175
UCB1_0.05,282,8.457299999999993,8.436105040436601,8.478494959563385
UCB1_0.05,283,8.483800000000002,8.462542322075697,8.505057677924308
UCB1_0.05,284,8.5112,8.48978949831141,8.532610501688591
UCB1_0.05,285,8.54149999999999,8.520192549479212,8.562807450520769
UCB1_0.05,286,8.569999999999995,8.54860290732014,8.59139709267985
UCB1_0.05,287,8.597800000000007,8.57638220026233,8.619217799737683
UCB1_0.05,288,8.623299999999997,8.60169485728036,8.644905142719633
UCB1_0.05,289,8.653899999999993,8.632183314078267,8.67561668592172
UCB1_0.05,290,8.681200000000008,8.65944315605819,8.702956843941825
UCB1_0.05,291,8.710499999999996,8.688507673063354,8.732492326936638
UCB1_0.05,292,8.739200000000002,8.71711011639988,8.761289883600124
UCB1_0.05,293,8.7673,8.745171404460448,8.789428595539553
UCB1_0.05,294,8.7952,8.773065969148945,8.817334030851054
UCB1_0.05,295,8.824899999999996,8.802748927448121,8.84705107255187
UCB1_0.05,296,8.852600000000004,8.830226181974597,8.874973818025412
UCB1_0.05,297,8.879700000000009,8.857383085889342,8.902016914110675
UCB1_0.05,298,8.908800000000006,8.886362732364443,8.93123726763557
UCB1_0.05,299,8.9368,8.914367330596981,8.959232669403018
UCB1_0.05,300,8.963200000000002,8.94059638848017,8.985803611519835
UCB1_0.05,301,8.991500000000002,8.968873071693908,9.014126928306096
UCB1_0.05,302,9.0195,8.996792916910248,9.042207083089753
UCB1_0.05,303,9.04769999999998,9.024914233341901,9.070485766658058
UCB1_0.05,304,9.075899999999994,9.053035901359959,9.098764098640029
UCB1_0.05,305,9.104199999999988,9.081193550343345,9.127206449656631
UCB1_0.05,306,9.132900000000005,9.109713517268661,9.156086482731348
UCB1_0.05,307,9.160400000000006,9.13705151326631,9.183748486733702
UCB1_0.05,308,9.188600000000006,9.165232034599871,9.211967965400142
UCB1_0.05,309,9.216100000000003,9.192658723229286,9.23954127677072
UCB1_0.05,310,9.245899999999995,9.222307741890747,9.269492258109244
UCB1_0.05,311,9.272299999999992,9.248589012603457,9.296010987396528
UCB1_0.05,312,9.300299999999998,9.276500344630573,9.324099655369423
UCB1_0.05,313,9.327399999999992,9.303617441581313,9.351182558418671
UCB1_0.05,314,9.357899999999999,9.334050633130243,9.381749366869755
UCB1_0.05,315,9.386700000000001,9.362749886709972,9.41065011329003
UCB1_0.05,316,9.414500000000002,9.390463791858874,9.43853620814113
UCB1_0.05,317,9.441099999999997,9.417174380336537,9.465025619663457
UCB1_0.05,318,9.469300000000008,9.445152307046394,9.493447692953621
UCB1_0.05,319,9.497599999999997,9.473453625373914,9.52174637462608
UCB1_0.05,320,9.526000000000002,9.501807477330669,9.550192522669334
UCB1_0.05,321,9.553700000000003,9.529522229835402,9.577877770164603
UCB1_0.05,322,9.581200000000004,9.55703891264707,9.60536108735294
UCB1_0.05,323,9.609399999999994,9.585359485923082,9.633440514076906
UCB1_0.05,324,9.637799999999997,9.613504725207013,9.66209527479298
UCB1_0.05,325,9.665600000000007,9.641403875323796,9.689796124676217
UCB1_0.05,326,9.693600000000005,9.669189673656582,9.718010326343428
UCB1_0.05,327,9.721000000000002,9.696452871780847,9.745547128219156
UCB1_0.05,328,9.74910000000001,9.724330392261026,9.773869607738993
UCB1_0.05,329,9.778600000000003,9.753821403764727,9.803378596235278
UCB1_0.05,330,9.8064,9.781696550667045,9.831103449332955
UCB1_0.05,331,9.832900000000004,9.808025189530781,9.857774810469227
UCB1_0.05,332,9.8592,9.834296922509678,9.884103077490321
UCB1_0.05,333,9.8872,9.86219345110802,9.91220654889198
UCB1_0.05,334,9.914600000000007,9.889496557232818,9.939703442767197
UCB1_0.05,335,9.943200000000004,9.917887824960264,9.968512175039745
UCB1_0.05,336,9.971300000000006,9.945980594921311,9.996619405078702
UCB1_0.05,337,10.000799999999998,9.975433805441002,10.026166194558995
UCB1_0.05,338,10.028700000000006,10.003171656190284,10.054228343809728
UCB1_0.05,339,10.057700000000006,10.032040148265162,10.08335985173485
UCB1_0.05,340,10.084499999999998,10.05876090800137,10.110239091998627
UCB1_0.05,341,10.112599999999995,10.086710824308135,10.138489175691856
UCB1_0.05,342,10.1408,10.11500255815078,10.166597441849222
UCB1_0.05,343,10.168499999999995,10.142525989079719,10.19447401092027
UCB1_0.05,344,10.19610000000001,10.170237817038336,10.221962182961684
UCB1_0.05,345,10.222599999999995,10.19664874893899,10.248551251060999
UCB1_0.05,346,10.2522,10.226021920218738,10.278378079781262
UCB1_0.05,347,10.279100000000007,10.252837795443185,10.305362204556829
UCB1_0.05,348,10.30820000000001,10.281929798237684,10.334470201762336
UCB1_0.05,349,10.337899999999996,10.311468260738858,10.364331739261134
UCB1_0.05,350,10.36820000000001,10.341620106880049,10.394779893119972
UCB1_0.05,351,10.396300000000004,10.369553715464297,10.42304628453571
UCB1_0.05,352,10.424000000000001,10.397259085621402,10.450740914378601
UCB1_0.05,353,10.4506,10.423627520259071,10.477572479740928
UCB1_0.05,354,10.477600000000002,10.45056499920281,10.504635000797196
UCB1_0.05,355,10.5055,10.478377361296133,10.532622638703867
UCB1_0.05,356,10.532799999999984,10.505663256499563,10.559936743500405
UCB1_0.05,357,10.561700000000005,10.534515927561522,10.58888407243849
UCB1_0.05,358,10.589699999999999,10.56248326561519,10.616916734384807
UCB1_0.05,359,10.619500000000004,10.592231573470944,10.646768426529064
UCB1_0.05,360,10.645900000000003,10.618452399249081,10.673347600750924
UCB1_0.05,361,10.673300000000005,10.645639507719164,10.700960492280846
UCB1_0.05,362,10.702500000000006,10.674773256725954,10.730226743274057
UCB1_0.05,363,10.729100000000006,10.701274939615907,10.756925060384106
UCB1_0.05,364,10.757900000000003,10.730061883451754,10.785738116548252
UCB1_0.05,365,10.785000000000002,10.757122860731641,10.812877139268362
UCB1_0.05,366,10.812100000000012,10.784280418390471,10.839919581609552
UCB1_0.05,367,10.840300000000013,10.812193771796291,10.868406228203735
UCB1_0.05,368,10.867900000000006,10.839804226173648,10.895995773826364
UCB1_0.05,369,10.896100000000006,10.867917334124689,10.924282665875323
UCB1_0.05,370,10.922899999999997,10.894713127654288,10.951086872345705
UCB1_0.05,371,10.9493,10.920912557547217,10.977687442452781
UCB1_0.05,372,10.97830000000001,10.94980974300856,11.00679025699146
UCB1_0.05,373,11.00640000000001,10.977855085629832,11.034944914370188
UCB1_0.05,374,11.03440000000001,11.005806903722105,11.062993096277916
UCB1_0.05,375,11.059800000000017,11.031234202215286,11.088365797784748
UCB1_0.05,376,11.089400000000005,11.060711346191177,11.118088653808833
UCB1_0.05,377,11.116700000000005,11.088018261059535,11.145381738940475
UCB1_0.05,378,11.144700000000004,11.115897620844766,11.173502379155241
UCB1_0.05,379,11.17240000000001,11.14357339715418,11.201226602845841
UCB1_0.05,380,11.199100000000001,11.170257918175418,11.227942081824585
UCB1_0.05,381,11.226700000000005,11.197938384736304,11.255461615263705
UCB1_0.05,382,11.253500000000017,11.224606107031056,11.282393892968978
UCB1_0.05,383,11.281700000000011,11.252733278489593,11.31066672151043
UCB1_0.05,384,11.306600000000012,11.277535594567691,11.335664405432333
UCB1_0.05,385,11.334500000000013,11.305286543043762,11.363713456956264
UCB1_0.05,386,11.362000000000009,11.332691661927694,11.391308338072324
UCB1_0.05,387,11.390500000000008,11.361176069687412,11.419823930312605
UCB1_0.05,388,11.418700000000005,11.389441703713391,11.447958296286618
UCB1_0.05,389,11.446699999999998,11.417306663707757,11.476093336292239
UCB1_0.05,390,11.473899999999999,11.444514564168518,11.50328543583148
UCB1_0.05,391,11.501900000000003,11.472520118814318,11.531279881185688
UCB1_0.05,392,11.531100000000007,11.501770420449642,11.560429579550373
UCB1_0.05,393,11.559200000000013,11.529731948791355,11.588668051208671
UCB1_0.05,394,11.586200000000002,11.556651827121922,11.615748172878082
UCB1_0.05,395,11.613900000000015,11.584211177637473,11.643588822362558
UCB1_0.05,396,11.64180000000002,11.61206441297195,11.671535587028089
UCB1_0.05,397,11.671000000000022,11.641166677639848,11.700833322360197
UCB1_0.05,398,11.699700000000021,11.669774448613897,11.729625551386146
UCB1_0.05,399,11.728499999999999,11.6985721539576,11.758427846042396
UCB1_0.05,400,11.754700000000005,11.724655317875543,11.784744682124467
UCB1_0.05,401,11.783900000000003,11.753737311039323,11.814062688960682
UCB1_0.05,402,11.811900000000014,11.78164332651086,11.842156673489168
UCB1_0.05,403,11.839000000000015,11.808620728562632,11.869379271437397
UCB1_0.05,404,11.864800000000024,11.834272592952681,11.895327407047366
UCB1_0.05,405,11.89130000000002,11.86063566649527,11.921964333504771
UCB1_0.05,406,11.921200000000015,11.890392738301859,11.95200726169817
UCB1_0.05,407,11.9497,11.918716522398533,11.980683477601467
UCB1_0.05,408,11.9773,11.946061050789638,12.008538949210362
UCB1_0.05,409,12.004800000000019,11.973507218733554,12.036092781266484
UCB1_0.05,410,12.030900000000026,11.999600671641106,12.062199328358945
UCB1_0.05,411,12.05810000000003,12.026731974699247,12.089468025300812
UCB1_0.05,412,12.086000000000016,12.054710043151225,12.117289956848808
UCB1_0.05,413,12.114900000000016,12.083532760079224,12.146267239920808
UCB1_0.05,414,12.141700000000021,12.110363071136886,12.173036928863157
UCB1_0.05,415,12.169800000000016,12.138505865662093,12.20109413433794
UCB1_0.05,416,12.197400000000009,12.166025367241529,12.228774632758489
UCB1_0.05,417,12.224500000000017,12.192902679662605,12.256097320337428
UCB1_0.05,418,12.252200000000023,12.220553937878368,12.283846062121679
UCB1_0.05,419,12.278600000000015,12.246812320202618,12.310387679797412
UCB1_0.05,420,12.306400000000012,12.274634488141784,12.338165511858241
UCB1_0.05,421,12.333400000000024,12.301558793265658,12.36524120673439
UCB1_0.05,422,12.35940000000002,12.327471002737651,12.39132899726239
UCB1_0.05,423,12.384200000000023,12.351985505229832,12.416414494770214
UCB1_0.05,424,12.41180000000002,12.379538890198228,12.444061109801813
UCB1_0.05,425,12.441700000000015,12.409383413734636,12.474016586265394
UCB1_0.05,426,12.469100000000015,12.436598831039875,12.501601168960155
UCB1_0.05,427,12.495800000000033,12.463194518018279,12.528405481981787
UCB1_0.05,428,12.523800000000033,12.491083591655872,12.556516408344194
UCB1_0.05,429,12.552600000000032,12.519735716288748,12.585464283711316
UCB1_0.05,430,12.578800000000024,12.545965325305174,12.611634674694875
UCB1_0.05,431,12.605700000000027,12.57276092554302,12.638639074457034
UCB1_0.05,432,12.633600000000024,12.600561914148063,12.666638085851986
UCB1_0.05,433,12.661600000000028,12.6286664266574,12.694533573342657
UCB1_0.05,434,12.689000000000021,12.656083547114859,12.721916452885184
UCB1_0.05,435,12.715800000000016,12.682682860512921,12.74891713948711
UCB1_0.05,436,12.745300000000027,12.712222106533478,12.778377893466576
UCB1_0.05,437,12.773100000000031,12.739782265525594,12.806417734474469
UCB1_0.05,438,12.80090000000003,12.76756230739685,12.834237692603212
UCB1_0.05,439,12.828400000000032,12.79508433940791,12.861715660592154
UCB1_0.05,440,12.856400000000031,12.823066366198526,12.889733633801535
UCB1_0.05,441,12.882400000000034,12.849026988392216,12.915773011607852
UCB1_0.05,442,12.91130000000003,12.87777771601999,12.944822283980072
UCB1_0.05,443,12.93660000000004,12.903047514918928,12.970152485081151
UCB1_0.05,444,12.962400000000045,12.9287174626578,12.99608253734229
UCB1_0.05,445,12.991200000000031,12.957466494998156,13.024933505001906
UCB1_0.05,446,13.018200000000029,12.984445254577954,13.051954745422103
UCB1_0.05,447,13.044400000000032,13.010535969407321,13.078264030592742
UCB1_0.05,448,13.071300000000031,13.037359593647738,13.105240406352324
UCB1_0.05,449,13.098300000000043,13.064325496009626,13.132274503990459
UCB1_0.05,450,13.122800000000046,13.088685513785956,13.156914486214136
UCB1_0.05,451,13.151300000000052,13.117045530499656,13.185554469500449
UCB1_0.05,452,13.17900000000003,13.144652870054852,13.213347129945209
UCB1_0.05,453,13.207000000000042,13.17260672801968,13.241393271980403
UCB1_0.05,454,13.232900000000031,13.198477463289976,13.267322536710086
UCB1_0.05,455,13.260300000000031,13.225871165884582,13.29472883411548
UCB1_0.05,456,13.288100000000032,13.253580223465528,13.322619776534536
UCB1_0.05,457,13.315900000000036,13.281311289935394,13.35048871006468
UCB1_0.05,458,13.341900000000052,13.307219354914716,13.376580645085388
UCB1_0.05,459,13.369400000000043,13.334556108132903,13.404243891867184
UCB1_0.05,460,13.396200000000043,13.36117409148754,13.431225908512546
UCB1_0.05,461,13.425000000000045,13.389842521811968,13.460157478188123
UCB1_0.05,462,13.453400000000027,13.418211502405871,13.488588497594183
UCB1_0.05,463,13.479100000000042,13.443865615528248,13.514334384471836
UCB1_0.05,464,13.506800000000037,13.471574840574634,13.54202515942544
UCB1_0.05,465,13.53200000000004,13.496637175821707,13.567362824178375
UCB1_0.05,466,13.56020000000004,13.524675361567772,13.59572463843231
UCB1_0.05,467,13.585800000000036,13.550191765949238,13.621408234050834
UCB1_0.05,468,13.61290000000003,13.577229097442531,13.648570902557529
UCB1_0.05,469,13.639900000000054,13.60415316543907,13.675646834561038
UCB1_0.05,470,13.668200000000043,13.632518289590541,13.703881710409545
UCB1_0.05,471,13.695100000000046,13.6593641507137,13.730835849286393
UCB1_0.05,472,13.722300000000045,13.686355070770086,13.758244929230004
UCB1_0.05,473,13.75200000000005,13.716211945836102,13.787788054163999
UCB1_0.05,474,13.780300000000036,13.744432343420758,13.816167656579314
UCB1_0.05,475,13.805200000000037,13.76928021865806,13.841119781342012
UCB1_0.05,476,13.834400000000048,13.798299173807958,13.870500826192139
UCB1_0.05,477,13.862200000000039,13.826001793237026,13.898398206763051
UCB1_0.05,478,13.887700000000043,13.85150258547485,13.923897414525236
UCB1_0.05,479,13.916300000000039,13.87987830357424,13.952721696425838
UCB1_0.05,480,13.941900000000023,13.905424434603583,13.978375565396464
UCB1_0.05,481,13.96960000000004,13.933225202768506,14.005974797231575
UCB1_0.05,482,13.997400000000036,13.960930360644024,14.033869639356048
UCB1_0.05,483,14.02630000000005,13.98953600666685,14.063063993333252
UCB1_0.05,484,14.05280000000006,14.016140979892826,14.089459020107293
UCB1_0.05,485,14.07740000000006,14.040654236829457,14.114145763170661
UCB1_0.05,486,14.106000000000058,14.069231746550601,14.142768253449516
UCB1_0.05,487,14.134000000000047,14.097165850383746,14.170834149616347
UCB1_0.05,488,14.16150000000003,14.124607505246512,14.198392494753548
UCB1_0.05,489,14.189900000000035,14.15283052965,14.22696947035007
UCB1_0.05,490,14.215700000000048,14.178504524053452,14.252895475946644
UCB1_0.05,491,14.24350000000004,14.206390078991305,14.280609921008775
UCB1_0.05,492,14.270700000000039,14.233635356453465,14.307764643546612
UCB1_0.05,493,14.296200000000054,14.258992412713381,14.333407587286727
UCB1_0.05,494,14.324700000000057,14.287409807920064,14.36199019208005
UCB1_0.05,495,14.351700000000054,14.314300837144227,14.389099162855882
UCB1_0.05,496,14.379000000000042,14.341476823931316,14.416523176068768
UCB1_0.05,497,14.404700000000043,14.367359467856089,14.442040532143997
UCB1_0.05,498,14.432600000000045,14.395125250473567,14.470074749526523
UCB1_0.05,499,14.458800000000041,14.421316487672822,14.49628351232726
UCB1_0.05,500,14.486000000000038,14.44832990271773,14.523670097282347
UCB1_0.05,501,14.514100000000038,14.476406183974845,14.551793816025231
UCB1_0.05,502,14.53960000000004,14.501791407160937,14.577408592839141
UCB1_0.05,503,14.565800000000051,14.527881761861668,14.603718238138434
UCB1_0.05,504,14.592500000000058,14.554462324815223,14.630537675184893
UCB1_0.05,505,14.61850000000005,14.580394179080196,14.656605820919905
UCB1_0.05,506,14.646100000000052,14.607691620996462,14.684508379003642
UCB1_0.05,507,14.67440000000007,14.635812159883555,14.712987840116584
UCB1_0.05,508,14.703100000000045,14.664487154623096,14.741712845376995
UCB1_0.05,509,14.73030000000005,14.691729893269857,14.768870106730242
UCB1_0.05,510,14.757800000000046,14.719079264769608,14.796520735230484
UCB1_0.05,511,14.78380000000005,14.745167005636436,14.822432994363663
UCB1_0.05,512,14.808000000000048,14.76921104485451,14.846788955145586
UCB1_0.05,513,14.835000000000049,14.796091252329498,14.8739087476706
UCB1_0.05,514,14.861300000000048,14.822332698304974,14.900267301695122
UCB1_0.05,515,14.887400000000051,14.848146888164866,14.926653111835236
UCB1_0.05,516,14.912200000000045,14.87305983155273,14.95134016844736
UCB1_0.05,517,14.941000000000038,14.901876766549936,14.98012323345014
UCB1_0.05,518,14.969100000000054,14.929865627674866,15.008334372325242
UCB1_0.05,519,14.997200000000056,14.957971321432504,15.036428678567608
UCB1_0.05,520,15.022300000000063,14.982870137286389,15.061729862713738
UCB1_0.05,521,15.050200000000055,15.010668519676836,15.089731480323275
UCB1_0.05,522,15.077600000000063,15.037984062872221,15.117215937127904
UCB1_0.05,523,15.106000000000051,15.066218667271404,15.1457813327287
UCB1_0.05,524,15.132100000000055,15.092307967863821,15.171892032136288
UCB1_0.05,525,15.160800000000052,15.121036150097531,15.200563849902572
UCB1_0.05,526,15.187200000000045,15.147234072220515,15.227165927779575
UCB1_0.05,527,15.21290000000004,15.172931911944522,15.252868088055559
UCB1_0.05,528,15.23860000000004,15.198461667413676,15.278738332586405
UCB1_0.05,529,15.267900000000045,15.227766026342168,15.308033973657922
UCB1_0.05,530,15.294500000000056,15.254408234129977,15.334591765870135
UCB1_0.05,531,15.319600000000065,15.27934906518614,15.35985093481399
UCB1_0.05,532,15.345700000000079,15.305281038577041,15.386118961423117
UCB1_0.05,533,15.37380000000007,15.33340418253924,15.4141958174609
UCB1_0.05,534,15.398600000000064,15.358200897089727,15.438999102910401
UCB1_0.05,535,15.42610000000005,15.3857995627591,15.466400437240999
UCB1_0.05,536,15.453100000000044,15.412724023834127,15.49347597616596
UCB1_0.05,537,15.480000000000047,15.439560711974265,15.520439288025829
UCB1_0.05,538,15.50840000000006,15.46793697547005,15.548863024530071
UCB1_0.05,539,15.53410000000007,15.493564479044663,15.574635520955477
UCB1_0.05,540,15.561600000000064,15.521021460742167,15.602178539257961
UCB1_0.05,541,15.589000000000077,15.548304612916775,15.629695387083379
UCB1_0.05,542,15.617500000000076,15.576864270783314,15.658135729216838
UCB1_0.05,543,15.644300000000069,15.60354945720235,15.685050542797788
UCB1_0.05,544,15.669700000000075,15.62881418820522,15.71058581179493
UCB1_0.05,545,15.695700000000086,15.654873581954254,15.736526418045917
UCB1_0.05,546,15.72300000000009,15.682162788748025,15.763837211252154
UCB1_0.05,547,15.74960000000008,15.70870167508757,15.790498324912592
UCB1_0.05,548,15.775600000000088,15.734569670120985,15.81663032987919
UCB1_0.05,549,15.802800000000095,15.761638769290371,15.84396123070982
UCB1_0.05,550,15.829900000000082,15.788615619727672,15.871184380272492
UCB1_0.05,551,15.857500000000094,15.816026057000954,15.898973942999234
UCB1_0.05,552,15.886500000000096,15.845067472035378,15.927932527964813
UCB1_0.05,553,15.914100000000088,15.87264393282024,15.955556067179936
UCB1_0.05,554,15.94020000000008,15.89868846550104,15.981711534499121
UCB1_0.05,555,15.966100000000093,15.924602207344114,16.007597792656075
UCB1_0.05,556,15.993000000000087,15.951493376688168,16.034506623312005
UCB1_0.05,557,16.020900000000104,15.979363044372933,16.062436955627277
UCB1_0.05,558,16.049400000000094,16.007731524460958,16.09106847553923
UCB1_0.05,559,16.074700000000114,16.032968267811587,16.11643173218864
UCB1_0.05,560,16.100600000000096,16.05881528884613,16.14238471115406
UCB1_0.05,561,16.12810000000009,16.086152939504547,16.17004706049563
UCB1_0.05,562,16.154700000000098,16.11264685309715,16.196753146903045
UCB1_0.05,563,16.182700000000118,16.14080341160308,16.224596588397155
UCB1_0.05,564,16.20970000000012,16.16773133242742,16.25166866757282
UCB1_0.05,565,16.236000000000125,16.19387724498838,16.27812275501187
UCB1_0.05,566,16.263200000000115,16.220983065075597,16.305416934924633
UCB1_0.05,567,16.288700000000116,16.246409133480572,16.33099086651966
UCB1_0.05,568,16.318800000000113,16.276514663284008,16.36108533671622
UCB1_0.05,569,16.346300000000124,16.30399329903106,16.388606700969188
UCB1_0.05,570,16.373000000000136,16.330602439250548,16.415397560749724
UCB1_0.05,571,16.400100000000123,16.357578782154178,16.442621217846067
UCB1_0.05,572,16.42920000000013,16.386678567606833,16.471721432393426
UCB1_0.05,573,16.45600000000011,16.413375796238718,16.4986242037615
UCB1_0.05,574,16.482300000000112,16.439619146766635,16.52498085323359
UCB1_0.05,575,16.508900000000132,16.46618001591999,16.551619984080276
UCB1_0.05,576,16.535700000000137,16.492997615315584,16.57840238468469
UCB1_0.05,577,16.562700000000127,16.519913577052545,16.60548642294771
UCB1_0.05,578,16.588900000000134,16.546221845275387,16.63157815472488
UCB1_0.05,579,16.615700000000135,16.57301402439856,16.65838597560171
UCB1_0.05,580,16.64190000000012,16.599079792181342,16.6847202078189
UCB1_0.05,581,16.668800000000115,16.62587768865258,16.71172231134765
UCB1_0.05,582,16.695000000000128,16.651893481794367,16.73810651820589
UCB1_0.05,583,16.72250000000012,16.679367258668858,16.765632741331384
UCB1_0.05,584,16.748800000000127,16.705553195304002,16.792046804696252
UCB1_0.05,585,16.77720000000013,16.733849039308375,16.820550960691882
UCB1_0.05,586,16.802900000000133,16.75956178931604,16.846238210684223
UCB1_0.05,587,16.82980000000014,16.786458647867548,16.873141352132734
UCB1_0.05,588,16.856100000000154,16.81280255909534,16.89939744090497
UCB1_0.05,589,16.882500000000153,16.83919536205761,16.925804637942697
UCB1_0.05,590,16.90890000000015,16.865511262442787,16.95228873755751
UCB1_0.05,591,16.934300000000142,16.89085427996686,16.977745720033425
UCB1_0.05,592,16.95950000000012,16.915957261232343,17.003042738767896
UCB1_0.05,593,16.983700000000116,16.94026750112532,17.027132498874913
UCB1_0.05,594,17.012300000000124,16.968716706783948,17.0558832932163
UCB1_0.05,595,17.039500000000125,16.99569724938875,17.083302750611498
UCB1_0.05,596,17.066000000000123,17.022132333671742,17.109867666328505
UCB1_0.05,597,17.09240000000015,17.048263923000103,17.136536077000198
UCB1_0.05,598,17.117800000000138,17.07380973154962,17.161790268450655
UCB1_0.05,599,17.144600000000136,17.100582816733443,17.188617183266828
UCB1_0.05,600,17.171700000000136,17.127570737582154,17.21582926241812
UCB1_0.05,601,17.19800000000013,17.15387231730593,17.242127682694328
UCB1_0.05,602,17.225000000000122,17.180902945990304,17.26909705400994
UCB1_0.05,603,17.252000000000137,17.207848771238048,17.296151228762227
UCB1_0.05,604,17.277900000000134,17.233664231863326,17.322135768136942
UCB1_0.05,605,17.30490000000014,17.26058473423395,17.349215265766325
UCB1_0.05,606,17.331100000000152,17.286539006289857,17.375660993710447
UCB1_0.05,607,17.35920000000015,17.314421200286898,17.403978799713403
UCB1_0.05,608,17.384400000000134,17.33970799652303,17.42909200347724
UCB1_0.05,609,17.41020000000013,17.365450385478084,17.454949614522178
UCB1_0.05,610,17.438500000000136,17.393782499998316,17.483217500001956
UCB1_0.05,611,17.463600000000135,17.418656482705405,17.508543517294864
UCB1_0.05,612,17.487200000000144,17.442078592094195,17.532321407906093
UCB1_0.05,613,17.51250000000014,17.46732210203078,17.5576778979695
UCB1_0.05,614,17.53790000000014,17.492730636783076,17.583069363217202
UCB1_0.05,615,17.564600000000144,17.519186016902317,17.61001398309797
UCB1_0.05,616,17.592700000000143,17.547396775052537,17.63800322494775
UCB1_0.05,617,17.61860000000013,17.573254962333255,17.663945037667002
UCB1_0.05,618,17.64410000000013,17.598567224033992,17.689632775966267
UCB1_0.05,619,17.670500000000118,17.624883222340927,17.71611677765931
UCB1_0.05,620,17.697700000000143,17.652006080136587,17.7433939198637
UCB1_0.05,621,17.726400000000147,17.680694007478017,17.772105992522278
UCB1_0.05,622,17.753100000000124,17.707448584294145,17.798751415706104
UCB1_0.05,623,17.77780000000014,17.732079345672187,17.823520654328096
UCB1_0.05,624,17.805300000000138,17.759412131059165,17.85118786894111
UCB1_0.05,625,17.831600000000133,17.785708395817267,17.877491604183
UCB1_0.05,626,17.860000000000127,17.813951931362556,17.9060480686377
UCB1_0.05,627,17.887300000000117,17.84120650339234,17.933393496607895
UCB1_0.05,628,17.91350000000011,17.867208254513464,17.959791745486754
UCB1_0.05,629,17.938300000000115,17.892005314315934,17.984594685684296
UCB1_0.05,630,17.964500000000132,17.9181939544022,18.010806045598066
UCB1_0.05,631,17.99130000000013,17.944824306322708,18.037775693677553
UCB1_0.05,632,18.01680000000013,17.970328576091323,18.06327142390894
UCB1_0.05,633,18.04210000000014,17.995542111673682,18.088657888326598
UCB1_0.05,634,18.06770000000015,18.02126719576769,18.11413280423261
UCB1_0.05,635,18.09310000000014,18.0466974078747,18.139502592125577
UCB1_0.05,636,18.12090000000014,18.074416117416085,18.167383882584197
UCB1_0.05,637,18.14940000000014,18.102990585377896,18.19580941462238
UCB1_0.05,638,18.175700000000127,18.129142779714186,18.222257220286068
UCB1_0.05,639,18.201200000000135,18.154664773355908,18.247735226644362
UCB1_0.05,640,18.22740000000015,18.180694629173054,18.274105370827243
UCB1_0.05,641,18.253400000000145,18.206389923412143,18.300410076588147
UCB1_0.05,642,18.277200000000132,18.23012922876871,18.324270771231554
UCB1_0.05,643,18.302700000000122,18.255622069751382,18.349777930248862
UCB1_0.05,644,18.330600000000125,18.283442340935398,18.37775765906485
UCB1_0.05,645,18.357900000000114,18.31065190831565,18.40514809168458
UCB1_0.05,646,18.383000000000138,18.335750408478113,18.430249591522163
UCB1_0.05,647,18.409900000000142,18.36264666194363,18.457153338056656
UCB1_0.05,648,18.43570000000014,18.388392641897056,18.483007358103222
UCB1_0.05,649,18.46330000000011,18.415784181067362,18.51081581893286
UCB1_0.05,650,18.487500000000132,18.43987004096177,18.535129959038493
UCB1_0.05,651,18.51340000000012,18.465773945379087,18.561026054621156
UCB1_0.05,652,18.539600000000128,18.492000511350273,18.587199488649983
UCB1_0.05,653,18.564800000000115,18.51714804691172,18.61245195308851
UCB1_0.05,654,18.589700000000132,18.54192719657804,18.637472803422224
UCB1_0.05,655,18.615500000000136,18.567845317452274,18.663154682547997
UCB1_0.05,656,18.64150000000013,18.59377122376438,18.689228776235876
UCB1_0.05,657,18.668300000000126,18.620390318302658,18.716209681697595
UCB1_0.05,658,18.693700000000124,18.645860655653372,18.741539344346876
UCB1_0.05,659,18.721700000000133,18.673832598376183,18.769567401624084
UCB1_0.05,660,18.749100000000137,18.701158666439888,18.797041333560387
UCB1_0.05,661,18.777200000000125,18.729236513414985,18.825163486585264
UCB1_0.05,662,18.80290000000016,18.75481336567117,18.850986634329153
UCB1_0.05,663,18.82780000000014,18.779599784260924,18.876000215739353
UCB1_0.05,664,18.854100000000138,18.8057712976759,18.902428702324375
UCB1_0.05,665,18.88020000000013,18.831761526017193,18.928638473983067
UCB1_0.05,666,18.90470000000012,18.856104042428562,18.953295957571676
UCB1_0.05,667,18.93400000000013,18.885251320260544,18.982748679739714
UCB1_0.05,668,18.960700000000127,18.911845112686155,19.0095548873141
UCB1_0.05,669,18.987400000000147,18.938392440246634,19.03640755975366
UCB1_0.05,670,19.013900000000135,18.964850785901074,19.062949214099195
UCB1_0.05,671,19.039300000000136,18.990173254120183,19.08842674588009
UCB1_0.05,672,19.065700000000128,19.016580463257487,19.11481953674277
UCB1_0.05,673,19.094800000000145,19.0455501997984,19.14404980020189
UCB1_0.05,674,19.120000000000154,19.07077779441115,19.169222205589158
UCB1_0.05,675,19.145400000000144,19.096132548482473,19.194667451517816
UCB1_0.05,676,19.172400000000167,19.123074812501166,19.221725187499167
UCB1_0.05,677,19.19880000000016,19.149320511241605,19.248279488758712
UCB1_0.05,678,19.22590000000015,19.176412294348854,19.275387705651443
UCB1_0.05,679,19.254500000000135,19.204954724909896,19.304045275090374
UCB1_0.05,680,19.28040000000013,19.230665432017762,19.3301345679825
UCB1_0.05,681,19.306100000000132,19.256268629246858,19.355931370753407
UCB1_0.05,682,19.33280000000012,19.28282158580075,19.38277841419949
UCB1_0.05,683,19.357400000000116,19.307519412774905,19.407280587225326
UCB1_0.05,684,19.384200000000146,19.33423112169023,19.43416887831006
UCB1_0.05,685,19.40860000000016,19.35852064775224,19.45867935224808
UCB1_0.05,686,19.433900000000154,19.383886044054773,19.483913955945535
UCB1_0.05,687,19.45870000000015,19.4086626892458,19.508737310754498
UCB1_0.05,688,19.48640000000014,19.43612280632611,19.536677193674166
UCB1_0.05,689,19.51340000000012,19.463032132059837,19.563767867940406
UCB1_0.05,690,19.53930000000016,19.488731531856732,19.58986846814359
UCB1_0.05,691,19.56290000000014,19.512225221015537,19.613574778984745
UCB1_0.05,692,19.58860000000015,19.53785603374256,19.639343966257737
UCB1_0.05,693,19.614800000000148,19.56405368829007,19.665546311710226
UCB1_0.05,694,19.64200000000014,19.591081410381637,19.692918589618646
UCB1_0.05,695,19.667300000000136,19.616227446956245,19.718372553044027
UCB1_0.05,696,19.69430000000014,19.643179474365965,19.745420525634316
UCB1_0.05,697,19.718400000000123,19.66731043669444,19.769489563305807
UCB1_0.05,698,19.744000000000142,19.692747008447586,19.795252991552697
UCB1_0.05,699,19.76850000000015,19.717046217240078,19.81995378276022
UCB1_0.05,700,19.79480000000015,19.74334320918578,19.84625679081452
UCB1_0.05,701,19.821000000000176,19.76943067077987,19.872569329220482
UCB1_0.05,702,19.84930000000015,19.797653434861573,19.900946565138725
UCB1_0.05,703,19.87380000000012,19.822086470683114,19.925513529317126
UCB1_0.05,704,19.899700000000145,19.84781693620154,19.95158306379875
UCB1_0.05,705,19.92530000000014,19.873293183461872,19.977306816538405
UCB1_0.05,706,19.949800000000145,19.89761031347655,20.00198968652374
UCB1_0.05,707,19.977000000000128,19.924709288930874,20.029290711069383
UCB1_0.05,708,20.00460000000013,19.95221604202066,20.056983957979604
UCB1_0.05,709,20.03080000000015,19.97829181889169,20.083308181108606
UCB1_0.05,710,20.05600000000016,20.003399338026377,20.108600661973945
UCB1_0.05,711,20.08160000000015,20.029043451660723,20.13415654833958
UCB1_0.05,712,20.107400000000123,20.054540826525606,20.16025917347464
UCB1_0.05,713,20.132500000000128,20.079553984350728,20.18544601564953
UCB1_0.05,714,20.160900000000137,20.107814765034558,20.213985234965715
UCB1_0.05,715,20.18680000000013,20.13370174571198,20.239898254288278
UCB1_0.05,716,20.21180000000016,20.158399220626563,20.265200779373757
UCB1_0.05,717,20.23770000000014,20.184412298314157,20.29098770168612
UCB1_0.05,718,20.26320000000015,20.209949003309674,20.316450996690627
UCB1_0.05,719,20.28900000000017,20.235789987863512,20.342210012136825
UCB1_0.05,720,20.314800000000158,20.26151466410072,20.368085335899597
UCB1_0.05,721,20.341100000000147,20.287821539564234,20.39437846043606
UCB1_0.05,722,20.365700000000132,20.312532722028376,20.418867277971888
UCB1_0.05,723,20.390000000000125,20.336737132389263,20.443262867610986
UCB1_0.05,724,20.41570000000014,20.362201439196618,20.46919856080366
UCB1_0.05,725,20.440400000000103,20.386892134525734,20.493907865474473
UCB1_0.05,726,20.46370000000013,20.409969624618327,20.517430375381934
UCB1_0.05,727,20.48840000000016,20.434636813738535,20.54216318626178
UCB1_0.05,728,20.51340000000014,20.459504878617718,20.56729512138256
UCB1_0.05,729,20.536100000000157,20.48208207622382,20.590117923776496
UCB1_0.05,730,20.562600000000163,20.508617757028233,20.616582242972093
UCB1_0.05,731,20.589000000000144,20.53498298764248,20.64301701235781
UCB1_0.05,732,20.61460000000013,20.5604287257767,20.668771274223563
UCB1_0.05,733,20.641500000000153,20.587303441449656,20.69569655855065
UCB1_0.05,734,20.668000000000138,20.613662764133714,20.72233723586656
UCB1_0.05,735,20.692800000000137,20.638466861725767,20.747133138274506
UCB1_0.05,736,20.71980000000015,20.665424384754537,20.77417561524576
UCB1_0.05,737,20.744100000000127,20.689513678262443,20.79868632173781
UCB1_0.05,738,20.769800000000146,20.71528934183149,20.824310658168802
UCB1_0.05,739,20.79390000000015,20.739114645440043,20.848685354560256
UCB1_0.05,740,20.81940000000015,20.764555948848347,20.874244051151955
UCB1_0.05,741,20.84440000000015,20.789431509419074,20.899368490581224
UCB1_0.05,742,20.871600000000132,20.816603169646868,20.926596830353397
UCB1_0.05,743,20.898500000000123,20.843472430367807,20.95352756963244
UCB1_0.05,744,20.925300000000142,20.870123482706703,20.98047651729358
UCB1_0.05,745,20.950400000000126,20.89529923282057,21.005500767179683
UCB1_0.05,746,20.97750000000013,20.92228834432994,21.032711655670322
UCB1_0.05,747,21.00510000000014,20.949825616177414,21.060374383822868
UCB1_0.05,748,21.030500000000174,20.97527189310901,21.085728106891338
UCB1_0.05,749,21.055500000000173,21.000213377636126,21.11078662236422
UCB1_0.05,750,21.081200000000138,21.025901416759616,21.13649858324066
UCB1_0.05,751,21.108700000000148,21.053276765084373,21.164123234915923
UCB1_0.05,752,21.133400000000155,21.07802435164938,21.18877564835093
UCB1_0.05,753,21.160600000000127,21.105118571273795,21.216081428726458
UCB1_0.05,754,21.18760000000015,21.131996001290407,21.24320399870989
UCB1_0.05,755,21.212800000000165,21.157136503431836,21.268463496568494
UCB1_0.05,756,21.240100000000158,21.184481413611508,21.29571858638881
UCB1_0.05,757,21.26420000000014,21.208525287942713,21.31987471205757
UCB1_0.05,758,21.28980000000015,21.234077077391223,21.345522922609074
UCB1_0.05,759,21.31570000000014,21.25996654034544,21.371433459654842
UCB1_0.05,760,21.339700000000146,21.28393060987382,21.395469390126472
UCB1_0.05,761,21.365900000000142,21.310045551645423,21.42175444835486
UCB1_0.05,762,21.391400000000136,21.3355115275462,21.447288472454073
UCB1_0.05,763,21.416900000000137,21.36103609708828,21.472763902911993
UCB1_0.05,764,21.442300000000152,21.386065493311133,21.49853450668917
UCB1_0.05,765,21.467300000000137,21.41090895877786,21.523691041222413
UCB1_0.05,766,21.492500000000156,21.435924067553003,21.54907593244731
UCB1_0.05,767,21.519900000000167,21.46339553599179,21.576404464008544
UCB1_0.05,768,21.54540000000018,21.488779174332524,21.602020825667832
UCB1_0.05,769,21.57070000000016,21.513880488814873,21.627519511185444
UCB1_0.05,770,21.59480000000017,21.537731967276148,21.65186803272419
UCB1_0.05,771,21.61880000000014,21.5616777893313,21.67592221066898
UCB1_0.05,772,21.644800000000163,21.587583094641786,21.70201690535854
UCB1_0.05,773,21.672100000000146,21.61487006956017,21.729329930440123
UCB1_0.05,774,21.697600000000147,21.640393773613127,21.754806226387167
UCB1_0.05,775,21.72280000000016,21.66534227061024,21.78025772939008
UCB1_0.05,776,21.747400000000162,21.68991527318336,21.804884726816965
UCB1_0.05,777,21.773000000000184,21.71548329026294,21.830516709737427
UCB1_0.05,778,21.798400000000143,21.74105444159196,21.855745558408326
UCB1_0.05,779,21.825800000000182,21.768384210494844,21.88321578950552
UCB1_0.05,780,21.852200000000153,21.794758016257383,21.909641983742922
UCB1_0.05,781,21.878000000000156,21.820484963409122,21.93551503659119
UCB1_0.05,782,21.90440000000017,21.846871269134645,21.961928730865694
UCB1_0.05,783,21.928200000000196,21.870574054809246,21.985825945191145
UCB1_0.05,784,21.95490000000016,21.897192870249874,22.012607129750442
UCB1_0.05,785,21.982900000000168,21.925194097617243,22.040605902383092
UCB1_0.05,786,22.01090000000017,21.95319519159711,22.06860480840323
UCB1_0.05,787,22.03400000000015,21.97631134956023,22.091688650440073
UCB1_0.05,788,22.060200000000176,22.00253390982767,22.117866090172683
UCB1_0.05,789,22.086300000000186,22.028559106538555,22.144040893461817
UCB1_0.05,790,22.111000000000168,22.05317372575752,22.168826274242814
UCB1_0.05,791,22.135400000000182,22.077312188569884,22.19348781143048
UCB1_0.05,792,22.16110000000019,22.10291849978868,22.2192815002117
UCB1_0.05,793,22.18630000000019,22.12807911340901,22.24452088659137
UCB1_0.05,794,22.2118000000002,22.15328409681925,22.27031590318115
UCB1_0.05,795,22.234900000000177,22.176407373179757,22.293392626820598
UCB1_0.05,796,22.261500000000176,22.20299580786153,22.32000419213882
UCB1_0.05,797,22.287400000000186,22.228828177183885,22.345971822816487
UCB1_0.05,798,22.31370000000018,22.25526133979818,22.372138660202175
UCB1_0.05,799,22.336400000000193,22.27789763107664,22.394902368923745
UCB1_0.05,800,22.361800000000194,22.303192074246468,22.42040792575392
UCB1_0.05,801,22.388300000000203,22.32967648745448,22.446923512545926
UCB1_0.05,802,22.41290000000017,22.354105984392877,22.471694015607465
UCB1_0.05,803,22.437700000000167,22.378581807113946,22.496818192886387
UCB1_0.05,804,22.46350000000018,22.40447114043706,22.5225288595633
UCB1_0.05,805,22.490300000000207,22.431203480331227,22.549396519669187
UCB1_0.05,806,22.516000000000208,22.45676795202096,22.575232047979455
UCB1_0.05,807,22.542400000000214,22.483112853282734,22.601687146717694
UCB1_0.05,808,22.56830000000022,22.508990920670545,22.627609079329897
UCB1_0.05,809,22.593700000000204,22.53419296138222,22.653207038618188
UCB1_0.05,810,22.61980000000021,22.560356216295652,22.67924378370477
UCB1_0.05,811,22.645900000000164,22.586513861547754,22.705286138452575
UCB1_0.05,812,22.672600000000187,22.61311535163146,22.732084648368915
UCB1_0.05,813,22.699000000000197,22.639306717188596,22.758693282811798
UCB1_0.05,814,22.72420000000019,22.664364674387855,22.78403532561253
UCB1_0.05,815,22.75120000000017,22.691326460789703,22.81107353921064
UCB1_0.05,816,22.77720000000019,22.717272378347182,22.837127621653195
UCB1_0.05,817,22.803300000000217,22.743302793970145,22.86329720603029
UCB1_0.05,818,22.829800000000233,22.769725350754182,22.889874649246284
UCB1_0.05,819,22.855700000000216,22.795579199055414,22.915820800945017
UCB1_0.05,820,22.88030000000022,22.82005100188024,22.940548998120196
UCB1_0.05,821,22.90660000000022,22.846418153658767,22.966781846341675
UCB1_0.05,822,22.931300000000192,22.871210400653123,22.99138959934726
UCB1_0.05,823,22.95560000000019,22.89529788620054,23.015902113799836
UCB1_0.05,824,22.980700000000226,22.920141572981372,23.04125842701908
UCB1_0.05,825,23.00600000000021,22.94527326917701,23.066726730823408
UCB1_0.05,826,23.03110000000023,22.970350213917097,23.091849786083362
UCB1_0.05,827,23.055400000000223,22.994539868970246,23.1162601310302
UCB1_0.05,828,23.082800000000223,23.021779220382108,23.143820779618338
UCB1_0.05,829,23.108300000000217,23.047142992818642,23.16945700718179
UCB1_0.05,830,23.133900000000235,23.07272413349216,23.19507586650831
UCB1_0.05,831,23.157600000000187,23.09632816171618,23.218871838284194
UCB1_0.05,832,23.185000000000223,23.123547950491865,23.24645204950858
UCB1_0.05,833,23.210100000000217,23.148525425985465,23.27167457401497
UCB1_0.05,834,23.23710000000022,23.175495701303422,23.298704298697015
UCB1_0.05,835,23.26310000000024,23.201441064307595,23.324758935692884
UCB1_0.05,836,23.289400000000235,23.227747042163095,23.351052957837375
UCB1_0.05,837,23.313600000000235,23.251796919066077,23.375403080934394
UCB1_0.05,838,23.33950000000023,23.277605448396418,23.40139455160404
UCB1_0.05,839,23.364100000000242,23.30218794776943,23.426012052231055
UCB1_0.05,840,23.391400000000253,23.329517807650692,23.453282192349814
UCB1_0.05,841,23.416700000000223,23.354476005115362,23.478923994885083
UCB1_0.05,842,23.443000000000215,23.38075776531381,23.50524223468662
UCB1_0.05,843,23.46560000000021,23.403309197270936,23.527890802729488
UCB1_0.05,844,23.49050000000024,23.428164219502513,23.552835780497965
UCB1_0.05,845,23.516100000000232,23.453717242200746,23.57848275779972
UCB1_0.05,846,23.54200000000023,23.479707382978056,23.604292617022402
UCB1_0.05,847,23.565000000000236,23.502727221952586,23.627272778047885
UCB1_0.05,848,23.58950000000026,23.527190160332363,23.651809839668157
UCB1_0.05,849,23.614000000000242,23.551468821301782,23.676531178698703
UCB1_0.05,850,23.638600000000245,23.576002617403656,23.701197382596835
UCB1_0.05,851,23.663700000000226,23.601126772195773,23.72627322780468
UCB1_0.05,852,23.68900000000022,23.626252817764225,23.751747182236215
UCB1_0.05,853,23.713600000000234,23.650566613394545,23.776633386605923
UCB1_0.05,854,23.741300000000223,23.67825902497877,23.804340975021674
UCB1_0.05,855,23.76760000000026,23.704483908819803,23.83071609118072
UCB1_0.05,856,23.792900000000234,23.729725732120563,23.856074267879904
UCB1_0.05,857,23.81640000000024,23.753099337489672,23.879700662510807
UCB1_0.05,858,23.84300000000026,23.7795165663826,23.906483433617918
UCB1_0.05,859,23.86720000000023,23.80377825213472,23.930621747865743
UCB1_0.05,860,23.89320000000025,23.829727314185632,23.956672685814866
UCB1_0.05,861,23.91820000000024,23.85481622132122,23.981583778679262
UCB1_0.05,862,23.943000000000236,23.879535365921424,24.006464634079048
UCB1_0.05,863,23.966800000000244,23.903110937902472,24.030489062098017
UCB1_0.05,864,23.99240000000025,23.928613435097503,24.056186564902994
UCB1_0.05,865,24.01690000000025,23.95319150189592,24.080608498104578
UCB1_0.05,866,24.04330000000024,23.979529859316393,24.107070140684087
UCB1_0.05,867,24.067000000000245,24.00312365676074,24.130876343239752
UCB1_0.05,868,24.091600000000245,24.027459146844905,24.155740853155585
UCB1_0.05,869,24.116500000000254,24.05225281295766,24.180747187042847
UCB1_0.05,870,24.14100000000023,24.076736862865562,24.205263137134896
UCB1_0.05,871,24.16530000000023,24.101050526684453,24.229549473316006
UCB1_0.05,872,24.190900000000266,24.12658936911627,24.25521063088426
UCB1_0.05,873,24.21610000000025,24.151731120882108,24.28046887911839
UCB1_0.05,874,24.24110000000027,24.176904177293224,24.305295822707315
UCB1_0.05,875,24.26680000000028,24.20259986198583,24.33100013801473
UCB1_0.05,876,24.292000000000275,24.227681958923014,24.356318041077536
UCB1_0.05,877,24.317400000000248,24.253129780796318,24.381670219204178
UCB1_0.05,878,24.34280000000025,24.278441744142075,24.407158255858423
UCB1_0.05,879,24.36880000000023,24.3042680257767,24.433331974223762
UCB1_0.05,880,24.394000000000215,24.329322202017416,24.458677797983015
UCB1_0.05,881,24.4202000000002,24.355284106557107,24.485115893443293
UCB1_0.05,882,24.446000000000247,24.380949521583215,24.51105047841728
UCB1_0.05,883,24.47100000000027,24.40590308654746,24.53609691345308
UCB1_0.05,884,24.497300000000266,24.432136968772816,24.562463031227715
UCB1_0.05,885,24.525400000000243,24.460295054577294,24.59050494542319
UCB1_0.05,886,24.550300000000263,24.4850916646242,24.615508335376326
UCB1_0.05,887,24.57560000000024,24.510428289928804,24.640771710071675
UCB1_0.05,888,24.600900000000227,24.535635651946624,24.66616434805383
UCB1_0.05,889,24.626000000000243,24.56055660919873,24.691443390801755
UCB1_0.05,890,24.653200000000265,24.587619953575988,24.71878004642454
UCB1_0.05,891,24.679200000000243,24.613524489147235,24.74487551085325
UCB1_0.05,892,24.704600000000266,24.638957819054422,24.77024218094611
UCB1_0.05,893,24.72870000000025,24.662874385350023,24.794525614650475
UCB1_0.05,894,24.753600000000237,24.687791595689816,24.819408404310657
UCB1_0.05,895,24.77880000000024,24.71303527367183,24.844564726328645
UCB1_0.05,896,24.80480000000027,24.73899920483516,24.87060079516538
UCB1_0.05,897,24.828900000000267,24.763177474857432,24.894622525143102
UCB1_0.05,898,24.85520000000024,24.78944801132841,24.920951988672073
UCB1_0.05,899,24.880200000000233,24.814381598909684,24.946018401090782
UCB1_0.05,900,24.903900000000228,24.838068042047393,24.969731957953062
UCB1_0.05,901,24.92810000000024,24.862030165047898,24.99416983495258
UCB1_0.05,902,24.951700000000244,24.885584345794797,25.01781565420569
UCB1_0.05,903,24.97460000000024,24.908367266940633,25.040832733059847
UCB1_0.05,904,24.999100000000258,24.932855101103303,25.065344898897212
UCB1_0.05,905,25.02290000000027,24.95661290554841,25.08918709445213
UCB1_0.05,906,25.047000000000242,24.98045381470947,25.113546185291014
UCB1_0.05,907,25.071500000000235,25.005022583394013,25.137977416606457
UCB1_0.05,908,25.099200000000238,25.032598402389063,25.165801597611413
UCB1_0.05,909,25.124200000000254,25.0574001685205,25.19099983148001
UCB1_0.05,910,25.149200000000263,25.082261725358798,25.21613827464173
UCB1_0.05,911,25.173700000000245,25.106682762668413,25.240717237332078
UCB1_0.05,912,25.198600000000255,25.131637653411673,25.265562346588837
UCB1_0.05,913,25.219700000000277,25.152713004560653,25.2866869954399
UCB1_0.05,914,25.244400000000255,25.177280296215745,25.311519703784764
UCB1_0.05,915,25.269900000000277,25.20259586332507,25.337204136675485
UCB1_0.05,916,25.29440000000024,25.226817359674527,25.361982640325955
UCB1_0.05,917,25.319500000000257,25.25174124427707,25.387258755723444
UCB1_0.05,918,25.34380000000027,25.275933574182357,25.411666425818186
UCB1_0.05,919,25.369200000000262,25.301152893238626,25.437247106761898
UCB1_0.05,920,25.393800000000233,25.325882546493983,25.461717453506484
UCB1_0.05,921,25.416400000000234,25.34840270954284,25.48439729045763
UCB1_0.05,922,25.441200000000258,25.37301098727897,25.509389012721545
UCB1_0.05,923,25.46620000000026,25.397849448160017,25.534550551840503
UCB1_0.05,924,25.492300000000256,25.42368593354663,25.560914066453883
UCB1_0.05,925,25.517900000000267,25.449443821062513,25.586356178938022
UCB1_0.05,926,25.540700000000275,25.472201441174892,25.609198558825657
UCB1_0.05,927,25.567900000000282,25.499288240447083,25.636511759553482
UCB1_0.05,928,25.593000000000277,25.52420467087235,25.661795329128203
UCB1_0.05,929,25.618100000000283,25.549090347551438,25.687109652449127
UCB1_0.05,930,25.64290000000027,25.57383363232268,25.711966367677864
UCB1_0.05,931,25.667900000000245,25.59875898999593,25.73704101000456
UCB1_0.05,932,25.69240000000024,25.623197351094298,25.761602648906184
UCB1_0.05,933,25.71540000000025,25.646214563168304,25.7845854368322
UCB1_0.05,934,25.74100000000027,25.67165694610843,25.810343053892108
UCB1_0.05,935,25.765800000000258,25.696218583220528,25.83538141677999
UCB1_0.05,936,25.792600000000267,25.722983470020232,25.8622165299803
UCB1_0.05,937,25.81780000000028,25.748175844443562,25.887424155556996
UCB1_0.05,938,25.84250000000028,25.772955193636435,25.912044806364122
UCB1_0.05,939,25.865100000000258,25.79550936572865,25.934690634271867
UCB1_0.05,940,25.888700000000266,25.819092755973266,25.958307244027267
UCB1_0.05,941,25.914400000000278,25.84480241593975,25.983997584060806
UCB1_0.05,942,25.938800000000263,25.869164710566952,26.008435289433574
UCB1_0.05,943,25.963100000000267,25.893310168368096,26.03288983163244
UCB1_0.05,944,25.98940000000029,25.919493652946787,26.059306347053795
UCB1_0.05,945,26.01300000000028,25.94309181604756,26.082908183953
UCB1_0.05,946,26.03680000000027,25.966927353415834,26.106672646584705
UCB1_0.05,947,26.061900000000268,25.991893742521235,26.1319062574793
UCB1_0.05,948,26.086500000000242,26.016246232610406,26.15675376739008
UCB1_0.05,949,26.11190000000024,26.041668117491728,26.182131882508752
UCB1_0.05,950,26.135500000000263,26.065005999749584,26.205994000250943
UCB1_0.05,951,26.159800000000256,26.08925964419547,26.230340355805044
UCB1_0.05,952,26.184700000000262,26.114231878356158,26.255168121644367
UCB1_0.05,953,26.2097000000003,26.139094358349098,26.280305641651502
UCB1_0.05,954,26.23410000000026,26.163440880897113,26.30475911910341
UCB1_0.05,955,26.259600000000262,26.188815387385272,26.33038461261525
UCB1_0.05,956,26.285300000000266,26.21455068528714,26.356049314713392
UCB1_0.05,957,26.30800000000023,26.237317252169646,26.378682747830815
UCB1_0.05,958,26.33270000000024,26.262012911390904,26.403387088609577
UCB1_0.05,959,26.35640000000027,26.285589767956786,26.427210232043755
UCB1_0.05,960,26.380100000000276,26.3093011873569,26.45089881264365
UCB1_0.05,961,26.40330000000027,26.332445473979224,26.47415452602132
UCB1_0.05,962,26.427900000000264,26.356925921182597,26.49887407881793
UCB1_0.05,963,26.453900000000246,26.382770804254033,26.52502919574646
UCB1_0.05,964,26.478800000000266,26.40775415159416,26.549845848406374
UCB1_0.05,965,26.503900000000275,26.432764310510635,26.575035689489916
UCB1_0.05,966,26.52810000000027,26.45696184304355,26.599238156956986
UCB1_0.05,967,26.552500000000265,26.48100165816095,26.62399834183958
UCB1_0.05,968,26.577800000000284,26.506109264036994,26.649490735963575
UCB1_0.05,969,26.601200000000308,26.52955376796175,26.672846232038864
UCB1_0.05,970,26.624100000000293,26.55231391317889,26.695886086821698
UCB1_0.05,971,26.648900000000268,26.576969301448703,26.720830698551833
UCB1_0.05,972,26.67180000000025,26.59993938700933,26.74366061299117
UCB1_0.05,973,26.69730000000025,26.62531613247537,26.769283867525132
UCB1_0.05,974,26.722700000000273,26.650618767852592,26.794781232147955
UCB1_0.05,975,26.748600000000284,26.676406266121568,26.820793733879
UCB1_0.05,976,26.771800000000287,26.699488701714667,26.844111298285906
UCB1_0.05,977,26.79590000000027,26.723456092230506,26.868343907770033
UCB1_0.05,978,26.817800000000314,26.745338827044833,26.890261172955796
UCB1_0.05,979,26.841000000000314,26.768654415449436,26.91334558455119
UCB1_0.05,980,26.866200000000273,26.794004158984933,26.938395841015613
UCB1_0.05,981,26.89290000000029,26.82061746193953,26.965182538061047
UCB1_0.05,982,26.918300000000304,26.846117353595258,26.99048264640535
UCB1_0.05,983,26.942700000000276,26.870304273962276,27.015095726038275
UCB1_0.05,984,26.96660000000027,26.894189242698925,27.039010757301615
UCB1_0.05,985,26.991500000000254,26.918962923800233,27.064037076200275
UCB1_0.05,986,27.015000000000242,26.94241559053792,27.087584409462565
UCB1_0.05,987,27.04040000000028,26.96795929899171,27.11284070100885
UCB1_0.05,988,27.06550000000028,26.992989355800656,27.138010644199905
UCB1_0.05,989,27.090100000000255,27.01746300234462,27.16273699765589
UCB1_0.05,990,27.113900000000278,27.04107592136012,27.186724078640434
UCB1_0.05,991,27.139100000000294,27.066410070390052,27.211789929610536
UCB1_0.05,992,27.16520000000026,27.092437411604767,27.237962588395757
UCB1_0.05,993,27.18950000000028,27.11663771752426,27.2623622824763
UCB1_0.05,994,27.21330000000025,27.14036150498656,27.286238495013937
UCB1_0.05,995,27.23760000000029,27.16452293814702,27.310677061853557
UCB1_0.05,996,27.261300000000272,27.188093943080563,27.33450605691998
UCB1_0.05,997,27.287500000000275,27.214327001295295,27.360672998705255
UCB1_0.05,998,27.314500000000304,27.241253075374527,27.387746924626082
UCB1_0.05,999,27.339100000000304,27.265675063516824,27.412524936483784
UCB1_0.05,1000,27.364000000000303,27.29061450763444,27.437385492366165
UCB1_0.05,1001,27.387700000000304,27.31417617696464,27.46122382303597
UCB1_0.05,1002,27.412300000000283,27.33869193457765,27.485908065422915
UCB1_0.05,1003,27.435600000000278,27.36196637065615,27.509233629344408
UCB1_0.05,1004,27.460700000000287,27.38704609701285,27.534353902987725
UCB1_0.05,1005,27.484800000000273,27.41127171388404,27.558328286116506
UCB1_0.05,1006,27.5100000000003,27.436439732124086,27.583560267876514
UCB1_0.05,1007,27.536300000000292,27.462681811054356,27.609918188946228
UCB1_0.05,1008,27.561400000000287,27.487809385759498,27.634990614241076
UCB1_0.05,1009,27.586600000000264,27.512936694115474,27.660263305885053
UCB1_0.05,1010,27.6109000000003,27.537337315110307,27.684462684890292
UCB1_0.05,1011,27.633600000000303,27.56002084186737,27.707179158133236
UCB1_0.05,1012,27.657200000000287,27.58340003112683,27.730999968873746
UCB1_0.05,1013,27.68130000000031,27.607381874480563,27.755218125520056
UCB1_0.05,1014,27.7046000000003,27.630593216043483,27.77860678395712
UCB1_0.05,1015,27.729800000000314,27.655768091893687,27.80383190810694
UCB1_0.05,1016,27.756200000000284,27.682003471162506,27.83039652883806
UCB1_0.05,1017,27.78030000000029,27.705985520289392,27.85461447971119
UCB1_0.05,1018,27.806300000000295,27.731966958410865,27.880633041589725
UCB1_0.05,1019,27.83280000000026,27.758347491794908,27.907252508205616
UCB1_0.05,1020,27.85730000000026,27.782787152281074,27.93181284771945
UCB1_0.05,1021,27.881400000000266,27.806767793999953,27.95603220600058
UCB1_0.05,1022,27.907200000000298,27.83237184647482,27.982028153525775
UCB1_0.05,1023,27.929700000000295,27.854708195998477,28.004691804002114
UCB1_0.05,1024,27.9547000000003,27.879708195998482,28.02969180400212
UCB1_0.05,1025,27.97880000000031,27.903689838668683,28.053910161331935
UCB1_0.05,1026,28.003800000000304,27.928646033798486,28.07895396620212
UCB1_0.05,1027,28.027400000000288,27.952126600328395,28.10267339967218
UCB1_0.05,1028,28.050600000000316,27.97536340792157,28.12583659207906
UCB1_0.05,1029,28.07520000000032,27.999932955973698,28.15046704402694
UCB1_0.05,1030,28.1003000000003,28.024936362347432,28.175663637653166
UCB1_0.05,1031,28.125300000000298,28.04985570489563,28.200744295104965
UCB1_0.05,1032,28.1493000000003,28.073877667845906,28.22472233215469
UCB1_0.05,1033,28.172700000000344,28.097199866967028,28.24820013303366
UCB1_0.05,1034,28.198200000000323,28.122707665372182,28.273692334628464
UCB1_0.05,1035,28.223100000000294,28.147576332343057,28.29862366765753
UCB1_0.05,1036,28.2485000000003,28.17306704073522,28.323932959265377
UCB1_0.05,1037,28.272400000000314,28.196871905892444,28.347928094108184
UCB1_0.05,1038,28.29560000000027,28.219948039897556,28.371251960102985
UCB1_0.05,1039,28.321700000000263,28.24601022035044,28.397389779650087
UCB1_0.05,1040,28.34690000000027,28.271121717116838,28.422678282883705
UCB1_0.05,1041,28.3727000000003,28.296593046805988,28.448806953194612
UCB1_0.05,1042,28.39560000000031,28.31951576302918,28.47168423697144
UCB1_0.05,1043,28.418900000000306,28.342842726068326,28.494957273932286
UCB1_0.05,1044,28.444200000000315,28.368096756755254,28.520303243245376
UCB1_0.05,1045,28.468000000000295,28.39180629061494,28.54419370938565
UCB1_0.05,1046,28.492600000000298,28.416334119732944,28.56886588026765
UCB1_0.05,1047,28.516600000000302,28.440016343242657,28.593183656757947
UCB1_0.05,1048,28.540500000000343,28.463953028192268,28.617046971808417
UCB1_0.05,1049,28.565000000000317,28.488336941248697,28.641663058751938
UCB1_0.05,1050,28.589700000000317,28.513055827281605,28.66634417271903
UCB1_0.05,1051,28.613100000000284,28.536574219951515,28.689625780049052
UCB1_0.05,1052,28.639100000000308,28.562811867309915,28.715388132690702
UCB1_0.05,1053,28.665500000000335,28.58917158470719,28.74182841529348
UCB1_0.05,1054,28.689500000000304,28.613101014292152,28.765898985708457
UCB1_0.05,1055,28.713100000000328,28.63663863192688,28.789561368073777
UCB1_0.05,1056,28.739100000000292,28.662680287045685,28.8155197129549
UCB1_0.05,1057,28.762300000000323,28.685775209875295,28.83882479012535
UCB1_0.05,1058,28.787300000000318,28.710804893416075,28.86379510658456
UCB1_0.05,1059,28.812000000000317,28.735603974418815,28.88839602558182
UCB1_0.05,1060,28.832400000000302,28.755827110262132,28.90897288973847
UCB1_0.05,1061,28.85880000000032,28.782190808034997,28.93540919196564
UCB1_0.05,1062,28.88340000000033,28.806701328108645,28.960098671892013
UCB1_0.05,1063,28.907500000000333,28.830656207819093,28.984343792181573
UCB1_0.05,1064,28.93250000000034,28.855508576721398,29.00949142327928
UCB1_0.05,1065,28.957600000000298,28.8806134020309,29.034586597969696
UCB1_0.05,1066,28.980600000000294,28.903493925711476,29.05770607428911
UCB1_0.05,1067,29.006100000000313,28.92871615266908,29.083483847331546
UCB1_0.05,1068,29.02990000000033,28.952415081367096,29.107384918633567
UCB1_0.05,1069,29.05310000000034,28.975462997244943,29.13073700275574
UCB1_0.05,1070,29.07790000000034,28.99997837033934,29.155821629661343
UCB1_0.05,1071,29.10370000000033,29.025668547417563,29.181731452583097
UCB1_0.05,1072,29.129000000000318,29.050960275693143,29.207039724307492
UCB1_0.05,1073,29.15380000000029,29.075742690401793,29.23185730959879
UCB1_0.05,1074,29.179700000000288,29.101612252493183,29.257787747507393
UCB1_0.05,1075,29.203400000000293,29.12514505045418,29.281654949546407
UCB1_0.05,1076,29.225700000000323,29.147301251523338,29.30409874847731
UCB1_0.05,1077,29.250200000000326,29.171935138473767,29.328464861526886
UCB1_0.05,1078,29.27620000000034,29.197817011425087,29.354582988575594
UCB1_0.05,1079,29.300500000000334,29.222025663748916,29.37897433625175
UCB1_0.05,1080,29.323800000000325,29.245144440130797,29.402455559869853
UCB1_0.05,1081,29.348800000000324,29.2699599130978,29.427640086902848
UCB1_0.05,1082,29.372100000000327,29.293183880302355,29.4510161196983
UCB1_0.05,1083,29.396000000000313,29.31692077194756,29.475079228053065
UCB1_0.05,1084,29.42250000000032,29.343581336130395,29.501418663870243
UCB1_0.05,1085,29.44590000000032,29.36693114062582,29.524868859374823
UCB1_0.05,1086,29.469600000000316,29.390426792616612,29.54877320738402
UCB1_0.05,1087,29.49340000000032,29.414178159679764,29.572621840320878
UCB1_0.05,1088,29.517100000000323,29.437833657498633,29.596366342502012
UCB1_0.05,1089,29.541500000000305,29.462209858128844,29.620790141871765
UCB1_0.05,1090,29.565700000000326,29.486413947833704,29.64498605216695
UCB1_0.05,1091,29.589700000000306,29.510343562873004,29.669056437127608
UCB1_0.05,1092,29.613900000000342,29.534467304697372,29.69333269530331
UCB1_0.05,1093,29.637200000000334,29.557674104641794,29.716725895358874
UCB1_0.05,1094,29.660200000000323,29.58072398514208,29.739676014858567
UCB1_0.05,1095,29.68410000000033,29.604418107841045,29.763781892159617
UCB1_0.05,1096,29.709500000000343,29.629827646407303,29.789172353593383
UCB1_0.05,1097,29.73300000000035,29.65330319114401,29.81269680885669
UCB1_0.05,1098,29.758200000000347,29.678408495803996,29.837991504196697
UCB1_0.05,1099,29.784000000000336,29.704318020403033,29.86368197959764
UCB1_0.05,1100,29.806700000000347,29.727118753196606,29.88628124680409
UCB1_0.05,1101,29.831000000000348,29.75130328774263,29.910696712258066
UCB1_0.05,1102,29.855200000000323,29.775538845921247,29.9348611540794
UCB1_0.05,1103,29.879600000000337,29.80010181152141,29.959098188479263
UCB1_0.05,1104,29.90400000000031,29.824511004096852,29.983488995903766
UCB1_0.05,1105,29.928400000000345,29.848986126320277,30.007813873680412
UCB1_0.05,1106,29.95370000000032,29.874327925935983,30.03307207406466
UCB1_0.05,1107,29.978000000000357,29.89855934749964,30.057440652501075
UCB1_0.05,1108,30.00130000000037,29.921729724136867,30.080870275863873
UCB1_0.05,1109,30.023000000000312,29.943409036857325,30.1025909631433
UCB1_0.05,1110,30.047600000000326,29.967969232032267,30.127230767968385
UCB1_0.05,1111,30.071200000000342,29.991610025413706,30.150789974586978
UCB1_0.05,1112,30.095600000000342,30.015991161775588,30.175208838225096
UCB1_0.05,1113,30.121300000000325,30.04164617412268,30.20095382587797
UCB1_0.05,1114,30.14620000000033,30.066506351911645,30.225893648089016
UCB1_0.05,1115,30.17290000000034,30.093030968596153,30.252769031404526
UCB1_0.05,1116,30.197900000000324,30.117911052735987,30.27788894726466
UCB1_0.05,1117,30.22020000000033,30.14024082853592,30.30015917146474
UCB1_0.05,1118,30.24440000000035,30.16457541446582,30.324224585534882
UCB1_0.05,1119,30.268800000000365,30.188867088841288,30.34873291115944
UCB1_0.05,1120,30.292400000000335,30.212356613003205,30.372443386997464
UCB1_0.05,1121,30.31600000000033,30.23587914071271,30.396120859287947
UCB1_0.05,1122,30.33970000000032,30.25941907934195,30.41998092065869
UCB1_0.05,1123,30.363200000000315,30.28285452671534,30.44354547328529
UCB1_0.05,1124,30.387300000000344,30.30683494057547,30.46776505942522
UCB1_0.05,1125,30.41060000000033,30.32981868559432,30.49138131440634
UCB1_0.05,1126,30.433800000000346,30.3529677190708,30.51463228092989
UCB1_0.05,1127,30.45720000000033,30.376238741006738,30.538161258993924
UCB1_0.05,1128,30.482300000000368,30.401243538307074,30.56335646169366
UCB1_0.05,1129,30.506700000000354,30.425570039504045,30.587829960496663
UCB1_0.05,1130,30.53000000000033,30.44874772603801,30.611252273962652
UCB1_0.05,1131,30.55430000000034,30.47286853900822,30.635731460992456
UCB1_0.05,1132,30.578100000000337,30.496584966209532,30.65961503379114
UCB1_0.05,1133,30.602800000000325,30.521223281325376,30.684376718675274
UCB1_0.05,1134,30.628000000000338,30.546408945517978,30.709591054482697
UCB1_0.05,1135,30.65130000000034,30.569763345202983,30.732836654797698
UCB1_0.05,1136,30.676000000000307,30.594500616592875,30.75749938340774
UCB1_0.05,1137,30.702500000000317,30.62101267320125,30.783987326799384
UCB1_0.05,1138,30.72730000000032,30.645814517393763,30.808785482606876
UCB1_0.05,1139,30.752600000000335,30.67097039891645,30.83422960108422
UCB1_0.05,1140,30.775800000000352,30.69408833648368,30.857511663517023
UCB1_0.05,1141,30.800400000000337,30.718675831125733,30.88212416887494
UCB1_0.05,1142,30.824800000000348,30.742926416054313,30.906673583946382
UCB1_0.05,1143,30.84910000000037,30.767094915448293,30.931105084552446
UCB1_0.05,1144,30.87430000000035,30.792187478765648,30.956412521235052
UCB1_0.05,1145,30.897000000000364,30.814678831003988,30.97932116899674
UCB1_0.05,1146,30.921700000000364,30.839316518999404,31.004083481001324
UCB1_0.05,1147,30.945800000000336,30.863248098719005,31.028351901281667
UCB1_0.05,1148,30.969400000000352,30.886918945256664,31.05188105474404
UCB1_0.05,1149,30.992600000000348,30.910072214942335,31.07512778505836
UCB1_0.05,1150,31.016700000000366,30.934087328749193,31.09931267125154
UCB1_0.05,1151,31.041500000000333,30.958866520388824,31.124133479611842
UCB1_0.05,1152,31.067100000000345,30.984522912268186,31.149677087732503
UCB1_0.05,1153,31.091600000000334,31.0089261574024,31.174273842598268
UCB1_0.05,1154,31.116000000000348,31.033231947456848,31.198768052543848
UCB1_0.05,1155,31.139400000000336,31.056583425054136,31.222216574946536
UCB1_0.05,1156,31.163500000000344,31.08069108946453,31.246308910536158
UCB1_0.05,1157,31.189000000000334,31.1061048482412,31.27189515175947
UCB1_0.05,1158,31.213200000000338,31.129950522462924,31.296449477537752
UCB1_0.05,1159,31.23820000000034,31.15497202596182,31.321427974038862
UCB1_0.05,1160,31.261500000000346,31.178245113242042,31.34475488675865
UCB1_0.05,1161,31.285700000000336,31.202452614763743,31.36894738523693
UCB1_0.05,1162,31.309600000000305,31.22632869723629,31.39287130276432
UCB1_0.05,1163,31.334900000000342,31.25135736973464,31.418442630266043
UCB1_0.05,1164,31.359700000000327,31.276087183291715,31.44331281670894
UCB1_0.05,1165,31.382000000000357,31.29842839258293,31.465571607417782
UCB1_0.05,1166,31.405400000000363,31.321879311637197,31.488920688363528
UCB1_0.05,1167,31.43110000000037,31.347661529251383,31.514538470749358
UCB1_0.05,1168,31.456500000000336,31.373017024255105,31.539982975745566
UCB1_0.05,1169,31.48020000000033,31.39673430715569,31.56366569284497
UCB1_0.05,1170,31.501800000000316,31.418237109410057,31.585362890590574
UCB1_0.05,1171,31.52550000000033,31.442042756923147,31.608957243077516
UCB1_0.05,1172,31.549900000000296,31.466223028387287,31.633576971613305
UCB1_0.05,1173,31.573600000000326,31.48969755260882,31.65750244739183
UCB1_0.05,1174,31.598900000000363,31.51488931531317,31.682910684687556
UCB1_0.05,1175,31.624600000000335,31.540469306732138,31.70873069326853
UCB1_0.05,1176,31.649700000000315,31.565577539615504,31.733822460385127
UCB1_0.05,1177,31.67220000000033,31.587959006239743,31.75644099376092
UCB1_0.05,1178,31.697400000000332,31.613112590380574,31.78168740962009
UCB1_0.05,1179,31.72150000000032,31.637091677361724,31.805908322638913
UCB1_0.05,1180,31.745800000000347,31.661216759689783,31.830383240310912
UCB1_0.05,1181,31.77120000000029,31.686492693029166,31.855907306971417
UCB1_0.05,1182,31.79670000000034,31.71192666604294,31.881473333957736
UCB1_0.05,1183,31.82020000000032,31.735429034048476,31.904970965952163
UCB1_0.05,1184,31.84320000000031,31.758421687316964,31.927978312683653
UCB1_0.05,1185,31.867200000000324,31.782200837950278,31.95219916205037
UCB1_0.05,1186,31.892200000000344,31.807326600504414,31.977073399496273
UCB1_0.05,1187,31.91710000000032,31.83210634358557,32.00209365641508
UCB1_0.05,1188,31.942900000000297,31.857843324318466,32.02795667568213
UCB1_0.05,1189,31.965700000000318,31.880591118893125,32.050808881107514
UCB1_0.05,1190,31.989800000000297,31.904680380198386,32.07491961980221
UCB1_0.05,1191,32.014100000000354,31.92908172791615,32.09911827208456
UCB1_0.05,1192,32.04120000000034,31.956099981767682,32.12630001823299
UCB1_0.05,1193,32.065600000000366,31.98040983201197,32.15079016798877
UCB1_0.05,1194,32.08910000000035,32.00399122382202,32.17420877617868
UCB1_0.05,1195,32.11180000000033,32.02683677570772,32.19676322429294
UCB1_0.05,1196,32.13690000000032,32.05195387435251,32.22184612564812
UCB1_0.05,1197,32.16110000000033,32.075996850369535,32.24620314963113
UCB1_0.05,1198,32.18450000000034,32.09933748461209,32.26966251538859
UCB1_0.05,1199,32.20680000000035,32.12151287005744,32.29208712994326
UCB1_0.05,1200,32.23000000000033,32.144632739940164,32.3153672600605
UCB1_0.05,1201,32.25420000000032,32.168642111264084,32.33975788873655
UCB1_0.05,1202,32.278300000000336,32.19273078563649,32.36386921436418
UCB1_0.05,1203,32.30000000000034,32.21435318232007,32.38564681768061
UCB1_0.05,1204,32.32180000000034,32.23613903695876,32.40746096304191
UCB1_0.05,1205,32.34310000000032,32.257379623281494,32.428820376719145
UCB1_0.05,1206,32.36760000000031,32.28190105252039,32.45329894748023
UCB1_0.05,1207,32.390700000000336,32.30482882384781,32.476571176152866
UCB1_0.05,1208,32.41610000000034,32.33016441986269,32.50203558013799
UCB1_0.05,1209,32.43790000000031,32.351903845459084,32.52389615454154
UCB1_0.05,1210,32.461400000000346,32.37535500462126,32.54744499537943
UCB1_0.05,1211,32.484300000000346,32.398289526620104,32.57031047338059
UCB1_0.05,1212,32.50840000000036,32.422430220616306,32.59436977938441
UCB1_0.05,1213,32.53230000000031,32.446307734407675,32.61829226559295
UCB1_0.05,1214,32.55720000000028,32.47121147446367,32.643188525536885
UCB1_0.05,1215,32.577900000000305,32.49183279388657,32.66396720611404
UCB1_0.05,1216,32.60120000000032,32.51508173518233,32.68731826481831
UCB1_0.05,1217,32.6245000000003,32.53846284673101,32.7105371532696
UCB1_0.05,1218,32.64910000000032,32.563003388186964,32.73519661181367
UCB1_0.05,1219,32.671100000000294,32.5848450134085,32.75735498659209
UCB1_0.05,1220,32.69640000000028,32.609979283025865,32.7828207169747
UCB1_0.05,1221,32.72020000000035,32.63377416448132,32.80662583551937
UCB1_0.05,1222,32.7433000000003,32.65697853056586,32.82962146943475
UCB1_0.05,1223,32.76610000000033,32.67953158750587,32.852668412494786
UCB1_0.05,1224,32.79080000000032,32.70413872376029,32.877461276240346
UCB1_0.05,1225,32.81640000000032,32.72978290047379,32.90301709952685
UCB1_0.05,1226,32.84060000000031,32.754060234629534,32.92713976537108
UCB1_0.05,1227,32.8644000000003,32.777715750393426,32.95108424960718
UCB1_0.05,1228,32.88630000000032,32.79947001392895,32.97312998607168
UCB1_0.05,1229,32.91070000000029,32.82365291938918,32.9977470806114
UCB1_0.05,1230,32.93480000000029,32.84778704469907,33.021812955301506
UCB1_0.05,1231,32.959400000000294,32.872335182874146,33.04646481712644
UCB1_0.05,1232,32.9825000000003,32.895451670600465,33.069548329400135
UCB1_0.05,1233,33.00640000000027,32.91934325633637,33.09345674366417
UCB1_0.05,1234,33.0312000000003,32.94402803854756,33.118371961453036
UCB1_0.05,1235,33.05350000000031,32.966159687583044,33.14084031241758
UCB1_0.05,1236,33.076800000000304,32.98925063742006,33.16434936258055
UCB1_0.05,1237,33.0989000000003,33.01137737222855,33.186422627772046
UCB1_0.05,1238,33.12330000000029,33.03581923770884,33.21078076229174
UCB1_0.05,1239,33.14800000000027,33.060511146618076,33.23548885338247
UCB1_0.05,1240,33.17190000000024,33.08408093475306,33.259719065247424
UCB1_0.05,1241,33.19550000000025,33.10761348719273,33.28338651280777
UCB1_0.05,1242,33.22100000000029,33.13299250042917,33.30900749957141
UCB1_0.05,1243,33.245200000000295,33.157098165481585,33.333301834519006
UCB1_0.05,1244,33.27140000000026,33.18316085931073,33.359639140689794
UCB1_0.05,1245,33.29460000000029,33.206305091224536,33.38289490877604
UCB1_0.05,1246,33.32040000000025,33.232187831469815,33.40861216853068
UCB1_0.05,1247,33.343600000000265,33.25527509360174,33.43192490639879
UCB1_0.05,1248,33.36780000000029,33.27943613543999,33.45616386456059
UCB1_0.05,1249,33.39220000000026,33.30376576741413,33.48063423258639
UCB1_0.05,1250,33.41670000000025,33.32825153732593,33.50514846267456
UCB1_0.05,1251,33.44030000000024,33.351816519166405,33.52878348083408
UCB1_0.05,1252,33.463700000000244,33.37503371689494,33.55236628310555
UCB1_0.05,1253,33.48570000000024,33.397171739788355,33.57422826021213
UCB1_0.05,1254,33.50780000000027,33.419177494850906,33.59642250514964
UCB1_0.05,1255,33.531100000000265,33.44246756491454,33.61973243508599
UCB1_0.05,1256,33.55440000000024,33.465727494680685,33.6430725053198
UCB1_0.05,1257,33.577700000000256,33.489021978707534,33.66637802129298
UCB1_0.05,1258,33.60170000000025,33.512856992376925,33.690543007623575
UCB1_0.05,1259,33.62610000000024,33.5371192465966,33.71508075340388
UCB1_0.05,1260,33.649600000000255,33.5605000999157,33.73869990008481
UCB1_0.05,1261,33.675700000000205,33.586556274866616,33.764843725133794
UCB1_0.05,1262,33.700700000000246,33.611564047752026,33.78983595224847
UCB1_0.05,1263,33.72470000000027,33.63551869820617,33.81388130179437
UCB1_0.05,1264,33.749000000000244,33.659798669115204,33.83820133088528
UCB1_0.05,1265,33.77200000000024,33.68277895040666,33.86122104959382
UCB1_0.05,1266,33.79610000000023,33.706836085233476,33.885363914766984
UCB1_0.05,1267,33.81880000000022,33.72951768366708,33.90808231633336
UCB1_0.05,1268,33.84250000000024,33.75308188410139,33.931918115899094
UCB1_0.05,1269,33.8648000000002,33.77524113177585,33.95435886822455
UCB1_0.05,1270,33.88810000000019,33.79831351911166,33.97788648088873
UCB1_0.05,1271,33.90970000000024,33.819798374407156,33.99960162559333
UCB1_0.05,1272,33.932500000000246,33.842359011545504,34.02264098845499
UCB1_0.05,1273,33.955500000000235,33.865304112091806,34.045695887908664
UCB1_0.05,1274,33.98160000000019,33.891320218489014,34.07187978151137
UCB1_0.05,1275,34.00280000000018,33.91232043925004,34.09327956075032
UCB1_0.05,1276,34.02540000000017,33.93494542922879,34.115854570771546
UCB1_0.05,1277,34.04790000000016,33.957458803141286,34.13834119685904
UCB1_0.05,1278,34.0708000000002,33.98031128439624,34.16128871560416
UCB1_0.05,1279,34.0945000000002,34.004113546783756,34.18488645321665
UCB1_0.05,1280,34.11880000000019,34.02834705825072,34.20925294174966
UCB1_0.05,1281,34.14190000000017,34.051439703628304,34.232360296372036
UCB1_0.05,1282,34.165700000000186,34.07510240116965,34.25629759883072
UCB1_0.05,1283,34.187900000000184,34.09722298027357,34.2785770197268
UCB1_0.05,1284,34.2121000000002,34.121517694693054,34.30268230530734
UCB1_0.05,1285,34.237000000000165,34.146268133214015,34.327731866786316
UCB1_0.05,1286,34.26020000000016,34.16942296353957,34.350977036460755
UCB1_0.05,1287,34.284100000000144,34.19329853243915,34.37490146756114
UCB1_0.05,1288,34.307200000000165,34.2164788605828,34.397921139417534
UCB1_0.05,1289,34.32960000000016,34.23890111021255,34.42029888978777
UCB1_0.05,1290,34.35100000000018,34.26030640862884,34.44169359137151
UCB1_0.05,1291,34.37520000000016,34.28438781752643,34.4660121824739
UCB1_0.05,1292,34.39790000000019,34.307102415672595,34.48869758432779
UCB1_0.05,1293,34.42320000000016,34.332415085240456,34.51398491475986
UCB1_0.05,1294,34.44620000000016,34.355724974478875,34.53667502552145
UCB1_0.05,1295,34.470100000000144,34.37969326736934,34.56050673263095
UCB1_0.05,1296,34.49370000000016,34.403176921543576,34.584223078456745
UCB1_0.05,1297,34.51740000000017,34.426733650872755,34.60806634912759
UCB1_0.05,1298,34.54160000000018,34.45087880627242,34.63232119372794
UCB1_0.05,1299,34.56360000000014,34.47292992334346,34.65427007665683
UCB1_0.05,1300,34.58720000000013,34.49649379717489,34.67790620282537
UCB1_0.05,1301,34.6117000000001,34.520932625777874,34.70246737422232
UCB1_0.05,1302,34.63410000000013,34.54321929309276,34.7249807069075
UCB1_0.05,1303,34.657000000000124,34.566126967811485,34.747873032188764
UCB1_0.05,1304,34.68000000000013,34.58913505875713,34.770864941243126
UCB1_0.05,1305,34.70190000000013,34.61085767264418,34.79294232735608
UCB1_0.05,1306,34.72520000000015,34.63402654714417,34.81637345285613
UCB1_0.05,1307,34.74640000000016,34.65507586019721,34.83772413980311
UCB1_0.05,1308,34.76910000000016,34.677813670115256,34.86038632988506
UCB1_0.05,1309,34.79230000000013,34.70110667447511,34.88349332552515
UCB1_0.05,1310,34.81550000000012,34.72415656982766,34.90684343017258
UCB1_0.05,1311,34.83990000000012,34.74848755891283,34.931312441087414
UCB1_0.05,1312,34.86240000000016,34.77101690316085,34.953783096839466
UCB1_0.05,1313,34.88400000000012,34.79253699940559,34.97546300059465
UCB1_0.05,1314,34.9077000000001,34.81616162481606,34.999238375184134
UCB1_0.05,1315,34.93320000000013,34.841698551115826,35.02470144888443
UCB1_0.05,1316,34.95650000000013,34.864836942135184,35.04816305786508
UCB1_0.05,1317,34.979800000000154,34.88799724174138,35.071602758258926
UCB1_0.05,1318,35.00130000000013,34.90945442642054,35.09314557357972
UCB1_0.05,1319,35.02260000000013,34.930579577325894,35.11462042267437
UCB1_0.05,1320,35.04730000000013,34.95515590492081,35.13944409507945
UCB1_0.05,1321,35.07220000000012,34.979924848312635,35.16447515168761
UCB1_0.05,1322,35.09520000000013,35.00293570330873,35.18746429669154
UCB1_0.05,1323,35.12000000000012,35.02780485817392,35.212195141826314
UCB1_0.05,1324,35.142600000000115,35.05016196479451,35.23503803520572
UCB1_0.05,1325,35.164700000000096,35.072180229912696,35.257219770087495
UCB1_0.05,1326,35.1872000000001,35.09445885374382,35.27994114625638
UCB1_0.05,1327,35.21120000000008,35.11845642983479,35.30394357016538
UCB1_0.05,1328,35.23460000000009,35.14170471792856,35.327495282071624
UCB1_0.05,1329,35.2583000000001,35.165370196162826,35.35122980383737
UCB1_0.05,1330,35.2814000000001,35.18837837138122,35.374421628618975
UCB1_0.05,1331,35.30650000000007,35.2132300582779,35.39976994172224
UCB1_0.05,1332,35.3296000000001,35.23625451883902,35.42294548116118
UCB1_0.05,1333,35.353000000000094,35.25974044870902,35.44625955129117
UCB1_0.05,1334,35.37600000000009,35.282702359557135,35.469297640443045
UCB1_0.05,1335,35.40100000000008,35.30769844010446,35.4943015598957
UCB1_0.05,1336,35.42230000000008,35.32893951509477,35.51566048490539
UCB1_0.05,1337,35.44620000000009,35.35262339381542,35.53977660618476
UCB1_0.05,1338,35.46880000000009,35.374995329870785,35.56260467012939
UCB1_0.05,1339,35.49030000000006,35.39654974403936,35.58405025596076
UCB1_0.05,1340,35.51310000000006,35.41940056924033,35.606799430759786
UCB1_0.05,1341,35.5356000000001,35.44194991065623,35.62925008934398
UCB1_0.05,1342,35.55770000000011,35.46385926066058,35.651540739339644
UCB1_0.05,1343,35.58290000000008,35.489176777946035,35.676623222054126
UCB1_0.05,1344,35.60590000000004,35.51222658555948,35.6995734144406
UCB1_0.05,1345,35.62690000000003,35.533163274801474,35.72063672519858
UCB1_0.05,1346,35.652000000000044,35.55829430002606,35.745705699974025
UCB1_0.05,1347,35.67450000000006,35.580683094365924,35.768316905634194
UCB1_0.05,1348,35.69780000000009,35.603917862675,35.79168213732519
UCB1_0.05,1349,35.7237000000001,35.62968477832188,35.81771522167832
UCB1_0.05,1350,35.74910000000009,35.6550548584035,35.84314514159668
UCB1_0.05,1351,35.77220000000011,35.67796174395983,35.8664382560404
UCB1_0.05,1352,35.79460000000006,35.700346073295194,35.888853926704925
UCB1_0.05,1353,35.81760000000005,35.72336080122832,35.91183919877178
UCB1_0.05,1354,35.840200000000046,35.74584920565119,35.9345507943489
UCB1_0.05,1355,35.86300000000005,35.76855716842417,35.95744283157593
UCB1_0.05,1356,35.886500000000055,35.792097863840844,35.980902136159266
UCB1_0.05,1357,35.91170000000007,35.817229982284154,36.00617001771598
UCB1_0.05,1358,35.93410000000006,35.83955731566897,36.028642684331146
UCB1_0.05,1359,35.957800000000056,35.86330793909938,36.05229206090073
UCB1_0.05,1360,35.97970000000003,35.88538189233784,36.07401810766222
UCB1_0.05,1361,36.00250000000006,35.90798310965172,36.09701689034841
UCB1_0.05,1362,36.027000000000044,35.932294644354364,36.12170535564572
UCB1_0.05,1363,36.05260000000005,35.95797058989896,36.14722941010113
UCB1_0.05,1364,36.07720000000005,35.982464605964466,36.17193539403563
UCB1_0.05,1365,36.102600000000045,36.00779218335098,36.19740781664911
UCB1_0.05,1366,36.12590000000005,36.03105966950091,36.22074033049919
UCB1_0.05,1367,36.149500000000074,36.05445247277257,36.24454752722758
UCB1_0.05,1368,36.17090000000009,36.075788771888824,36.26601122811135
UCB1_0.05,1369,36.19380000000009,36.09866071427032,36.28893928572985
UCB1_0.05,1370,36.2177000000001,36.12247982336538,36.31292017663482
UCB1_0.05,1371,36.24150000000004,36.146089971954225,36.33691002804585
UCB1_0.05,1372,36.26520000000003,36.169662720149944,36.36073727985011
UCB1_0.05,1373,36.28880000000002,36.19309945521613,36.38450054478392
UCB1_0.05,1374,36.312300000000064,36.21660351172381,36.40799648827632
UCB1_0.05,1375,36.336200000000076,36.24032284105904,36.43207715894111
UCB1_0.05,1376,36.360600000000076,36.264748214888556,36.4564517851116
UCB1_0.05,1377,36.38260000000004,36.286790407043114,36.478409592956965
UCB1_0.05,1378,36.40570000000005,36.30983878324068,36.50156121675943
UCB1_0.05,1379,36.42800000000006,36.332090469382265,36.52390953061786
UCB1_0.05,1380,36.451800000000055,36.35588040573716,36.54771959426295
UCB1_0.05,1381,36.47610000000004,36.38019657847689,36.572003421523185
UCB1_0.05,1382,36.498500000000035,36.40257856015449,36.59442143984558
UCB1_0.05,1383,36.52140000000005,36.42515768643909,36.61764231356101
UCB1_0.05,1384,36.54770000000005,36.451413394365,36.6439866056351
UCB1_0.05,1385,36.57110000000003,36.474721087368025,36.667478912632035
UCB1_0.05,1386,36.593800000000016,36.49742301365585,36.690176986344184
UCB1_0.05,1387,36.617400000000025,36.520986049068455,36.713813950931595
UCB1_0.05,1388,36.639100000000006,36.5426310106053,36.735568989394714
UCB1_0.05,1389,36.663900000000034,36.56726772646005,36.760532273540015
UCB1_0.05,1390,36.68760000000003,36.59097870348084,36.78422129651922
UCB1_0.05,1391,36.710600000000056,36.61401012564823,36.807189874351884
UCB1_0.05,1392,36.73620000000005,36.6395761809065,36.832823819093605
UCB1_0.05,1393,36.75930000000004,36.66274277512597,36.85585722487411
UCB1_0.05,1394,36.782800000000016,36.686365014237225,36.87923498576281
UCB1_0.05,1395,36.807199999999995,36.710671895258834,36.903728104741155
UCB1_0.05,1396,36.83100000000004,36.73426392529625,36.92773607470383
UCB1_0.05,1397,36.85410000000003,36.75737072236544,36.950829277634625
UCB1_0.05,1398,36.877700000000026,36.78104877028264,36.97435122971741
UCB1_0.05,1399,36.90160000000001,36.804847276265185,36.99835272373483
UCB1_0.05,1400,36.92460000000001,36.827702670689334,37.02149732931069
UCB1_0.05,1401,36.947100000000006,36.85021451955568,37.043985480444334
UCB1_0.05,1402,36.97070000000002,36.87367239216083,37.06772760783922
UCB1_0.05,1403,36.993200000000044,36.89600087223798,37.09039912776211
UCB1_0.05,1404,37.017700000000026,36.92045581736485,37.114944182635206
UCB1_0.05,1405,37.04129999999999,36.944056308205724,37.13854369179426
UCB1_0.05,1406,37.06560000000002,36.968347705785916,37.16285229421412
UCB1_0.05,1407,37.08940000000001,36.99211758965584,37.18668241034418
UCB1_0.05,1408,37.11410000000003,37.016720357628,37.211479642372055
UCB1_0.05,1409,37.137100000000075,37.039627414477046,37.234572585523104
UCB1_0.05,1410,37.16250000000005,37.06495082553467,37.26004917446543
UCB1_0.05,1411,37.18520000000004,37.08752218327776,37.28287781672231
UCB1_0.05,1412,37.20909999999999,37.11137958333144,37.30682041666854
UCB1_0.05,1413,37.232199999999956,37.13440473101325,37.329995268986664
UCB1_0.05,1414,37.25559999999998,37.15772385914459,37.35347614085537
UCB1_0.05,1415,37.2804,37.18219847881314,37.37860152118686
UCB1_0.05,1416,37.30310000000005,37.20481190713604,37.40138809286406
UCB1_0.05,1417,37.32570000000002,37.227301953870054,37.424098046129984
UCB1_0.05,1418,37.34910000000004,37.25070626964616,37.447493730353926
UCB1_0.05,1419,37.37229999999999,37.273879533032456,37.47072046696752
UCB1_0.05,1420,37.395800000000015,37.297243730545205,37.494356269454826
UCB1_0.05,1421,37.4176,37.31888380995845,37.51631619004155
UCB1_0.05,1422,37.44120000000002,37.342379272024836,37.54002072797521
UCB1_0.05,1423,37.4657,37.36673579979672,37.564664200203275
UCB1_0.05,1424,37.488800000000005,37.389804452745885,37.587795547254125
UCB1_0.05,1425,37.511100000000006,37.41210728234247,37.610092717657544
UCB1_0.05,1426,37.533899999999996,37.434769182573454,37.63303081742654
UCB1_0.05,1427,37.555900000000015,37.456618851695694,37.65518114830434
UCB1_0.05,1428,37.5786,37.47939169748301,37.67780830251699
UCB1_0.05,1429,37.601400000000005,37.50217478205275,37.70062521794726
UCB1_0.05,1430,37.6249,37.52583524749162,37.72396475250837
UCB1_0.05,1431,37.64789999999998,37.548893720300526,37.74690627969943
UCB1_0.05,1432,37.670600000000015,37.57138651391627,37.769813486083756
UCB1_0.05,1433,37.693300000000015,37.59406190071425,37.79253809928578
UCB1_0.05,1434,37.71519999999997,37.61591967482219,37.81448032517775
UCB1_0.05,1435,37.73950000000002,37.64011249741272,37.83888750258732
UCB1_0.05,1436,37.763300000000015,37.66377264961984,37.86282735038019
UCB1_0.05,1437,37.7867,37.687108468507404,37.8862915314926
UCB1_0.05,1438,37.809800000000024,37.71026700891617,37.90933299108388
UCB1_0.05,1439,37.83390000000001,37.73414790002901,37.933652099971006
UCB1_0.05,1440,37.85789999999999,37.758068562449814,37.95773143755016
UCB1_0.05,1441,37.879799999999975,37.77997475621031,37.97962524378964
UCB1_0.05,1442,37.90250000000001,37.80270959040222,38.0022904095978
UCB1_0.05,1443,37.924699999999994,37.825106273162596,38.02429372683739
UCB1_0.05,1444,37.947100000000034,37.84752785457484,38.04667214542523
UCB1_0.05,1445,37.96780000000006,37.86812211933088,38.067477880669244
UCB1_0.05,1446,37.9919,37.892183268935675,38.09161673106433
UCB1_0.05,1447,38.015199999999986,37.915369859163114,38.11503014083686
UCB1_0.05,1448,38.03749999999999,37.93763208709471,38.13736791290526
UCB1_0.05,1449,38.06120000000003,37.9614089805518,38.160991019448254
UCB1_0.05,1450,38.08390000000004,37.98418263585944,38.183617364140645
UCB1_0.05,1451,38.10510000000003,38.00531845351971,38.204881546480344
UCB1_0.05,1452,38.1296,38.029841801279744,38.22935819872026
UCB1_0.05,1453,38.1529,38.05301868088525,38.25278131911475
UCB1_0.05,1454,38.176899999999975,38.0769537719338,38.27684622806615
UCB1_0.05,1455,38.19899999999998,38.09903499403472,38.298965005965236
UCB1_0.05,1456,38.22149999999997,38.12152560852545,38.32147439147449
UCB1_0.05,1457,38.24379999999997,38.143616801946926,38.34398319805302
UCB1_0.05,1458,38.265199999999965,38.164653697873966,38.36574630212596
UCB1_0.05,1459,38.28499999999998,38.18432797424537,38.385672025754594
UCB1_0.05,1460,38.30529999999998,38.20454840171974,38.40605159828022
UCB1_0.05,1461,38.325599999999966,38.22461684514146,38.42658315485847
UCB1_0.05,1462,38.34939999999997,38.24839111861678,38.450408881383154
UCB1_0.05,1463,38.37329999999996,38.272259780366795,38.47434021963312
UCB1_0.05,1464,38.39709999999995,38.29604551492287,38.49815448507704
UCB1_0.05,1465,38.4202,38.319071059729716,38.52132894027029
UCB1_0.05,1466,38.4422,38.34090610622578,38.54349389377422
UCB1_0.05,1467,38.46400000000003,38.36253581965749,38.565464180342566
UCB1_0.05,1468,38.485000000000014,38.38342620152288,38.58657379847715
UCB1_0.05,1469,38.50720000000003,38.405492395010356,38.60890760498971
UCB1_0.05,1470,38.530699999999975,38.42906264952855,38.6323373504714
UCB1_0.05,1471,38.555999999999955,38.45419949196748,38.65780050803243
UCB1_0.05,1472,38.57929999999994,38.477270890074514,38.681329109925365
UCB1_0.05,1473,38.60319999999999,38.50119755743802,38.705202442561955
UCB1_0.05,1474,38.62639999999996,38.52435140457315,38.72844859542677
UCB1_0.05,1475,38.65119999999995,38.549124418547535,38.75327558145237
UCB1_0.05,1476,38.67439999999993,38.57219304204424,38.776606957955615
UCB1_0.05,1477,38.69839999999996,38.59618954708845,38.800610452911464
UCB1_0.05,1478,38.72299999999998,38.62070546464679,38.825294535353166
UCB1_0.05,1479,38.74589999999999,38.64353146691223,38.848268533087754
UCB1_0.05,1480,38.769300000000015,38.666961766867175,38.871638233132856
UCB1_0.05,1481,38.79149999999997,38.68910873655206,38.893891263447884
UCB1_0.05,1482,38.81589999999998,38.71337688750627,38.918423112493684
UCB1_0.05,1483,38.837599999999995,38.735124053835776,38.940075946164214
UCB1_0.05,1484,38.86189999999996,38.75920427768979,38.964595722310136
UCB1_0.05,1485,38.886499999999955,38.7837162553848,38.98928374461511
UCB1_0.05,1486,38.91089999999996,38.80806857552901,39.01373142447091
UCB1_0.05,1487,38.93389999999996,38.83097243239013,39.036827567609784
UCB1_0.05,1488,38.95989999999995,38.856871462085365,39.06292853791453
UCB1_0.05,1489,38.98359999999995,38.88044921126346,39.086750788736445
UCB1_0.05,1490,39.005799999999944,38.9024380135948,39.10916198640509
UCB1_0.05,1491,39.02819999999997,38.92479004348589,39.13160995651405
UCB1_0.05,1492,39.050699999999956,38.94726362735666,39.15413637264325
UCB1_0.05,1493,39.07339999999998,38.96982313025146,39.17697686974849
UCB1_0.05,1494,39.09799999999996,38.99428558362728,39.201714416372646
UCB1_0.05,1495,39.12030000000002,39.01647330244896,39.224126697551085
UCB1_0.05,1496,39.14219999999999,39.03832155040291,39.246078449597064
UCB1_0.05,1497,39.164899999999975,39.06082963673653,39.26897036326342
UCB1_0.05,1498,39.187199999999955,39.08306887778504,39.29133112221487
UCB1_0.05,1499,39.209799999999944,39.10568966207716,39.31391033792273
UCB1_0.05,1500,39.234299999999976,39.130141070217945,39.33845892978201
UCB1_0.05,1501,39.25869999999996,39.15445127625047,39.362948723749454
UCB1_0.05,1502,39.28139999999997,39.17718433860358,39.38561566139636
UCB1_0.05,1503,39.30479999999997,39.200508170644014,39.40909182935593
UCB1_0.05,1504,39.32829999999992,39.22392784532592,39.432672154673924
UCB1_0.05,1505,39.34929999999994,39.24479625010208,39.45380374989781
UCB1_0.05,1506,39.3715,39.26674173309103,39.476258266908964
UCB1_0.05,1507,39.393099999999976,39.28835589393975,39.4978441060602
UCB1_0.05,1508,39.41729999999998,39.31260999148515,39.52199000851482
UCB1_0.05,1509,39.44109999999995,39.33646110929184,39.54573889070806
UCB1_0.05,1510,39.46519999999999,39.360675092911414,39.56972490708856
UCB1_0.05,1511,39.489699999999964,39.38521229625556,39.59418770374437
UCB1_0.05,1512,39.51459999999993,39.4098459922419,39.61935400775796
UCB1_0.05,1513,39.53929999999994,39.434398976248985,39.644201023750895
UCB1_0.05,1514,39.561599999999935,39.456604166183325,39.666595833816544
UCB1_0.05,1515,39.585899999999945,39.480761256323554,39.69103874367634
UCB1_0.05,1516,39.610099999999896,39.504943435302465,39.71525656469733
UCB1_0.05,1517,39.632499999999936,39.527334073520954,39.73766592647892
UCB1_0.05,1518,39.65389999999997,39.548726349287755,39.75907365071219
UCB1_0.05,1519,39.67819999999994,39.57296945361813,39.78343054638175
UCB1_0.05,1520,39.70049999999994,39.595333487888254,39.80566651211163
UCB1_0.05,1521,39.72319999999995,39.61797980617382,39.82842019382608
UCB1_0.05,1522,39.74389999999995,39.63851107200267,39.84928892799722
UCB1_0.05,1523,39.767399999999945,39.66198990989203,39.87281009010786
UCB1_0.05,1524,39.79179999999997,39.68630465733367,39.89729534266626
UCB1_0.05,1525,39.815899999999935,39.710316049859486,39.921483950140384
UCB1_0.05,1526,39.840999999999916,39.735420176534234,39.9465798234656
UCB1_0.05,1527,39.8632999999999,39.75765970492915,39.96894029507066
UCB1_0.05,1528,39.888299999999894,39.78255081206804,39.99404918793175
UCB1_0.05,1529,39.91319999999991,39.80730357902554,40.01909642097428
UCB1_0.05,1530,39.93569999999991,39.82962834600133,40.041771653998495
UCB1_0.05,1531,39.95949999999991,39.85337739891928,40.06562260108055
UCB1_0.05,1532,39.9835999999999,39.87737420793259,40.08982579206722
UCB1_0.05,1533,40.004999999999974,39.89854710153694,40.11145289846301
UCB1_0.05,1534,40.02659999999992,39.92008321071388,40.13311678928596
UCB1_0.05,1535,40.04869999999987,39.94191573288717,40.15548426711257
UCB1_0.05,1536,40.070899999999874,39.96407771394025,40.1777222860595
UCB1_0.05,1537,40.093999999999895,39.98710293912333,40.20089706087646
UCB1_0.05,1538,40.11649999999989,40.00949537016355,40.22350462983623
UCB1_0.05,1539,40.13819999999991,40.03107571790262,40.24532428209721
UCB1_0.05,1540,40.16109999999992,40.053762451063164,40.268437548936674
UCB1_0.05,1541,40.184399999999904,40.07690889922436,40.29189110077545
UCB1_0.05,1542,40.2076999999999,40.10030745629244,40.315092543707365
UCB1_0.05,1543,40.2322999999999,40.12491835319557,40.33968164680424
UCB1_0.05,1544,40.2537999999999,40.14623877240392,40.36136122759588
UCB1_0.05,1545,40.27759999999988,40.16989991238938,40.385300087610375
UCB1_0.05,1546,40.30099999999989,40.193196643520906,40.40880335647887
UCB1_0.05,1547,40.3253999999999,40.217667871859994,40.43313212813981
UCB1_0.05,1548,40.350299999999926,40.24253285937856,40.458067140621296
UCB1_0.05,1549,40.37239999999991,40.26453562952289,40.480264370476924
UCB1_0.05,1550,40.393999999999856,40.28599384187364,40.50200615812607
UCB1_0.05,1551,40.41899999999984,40.31076474388553,40.52723525611415
UCB1_0.05,1552,40.442199999999865,40.33389078995718,40.55050921004255
UCB1_0.05,1553,40.46709999999987,40.35870292014377,40.575497079855964
UCB1_0.05,1554,40.49049999999985,40.38199281497691,40.599007185022785
UCB1_0.05,1555,40.51309999999986,40.40462727950189,40.62157272049783
UCB1_0.05,1556,40.536299999999876,40.42766367180439,40.644936328195364
UCB1_0.05,1557,40.55709999999989,40.44821354562756,40.665986454372224
UCB1_0.05,1558,40.57899999999989,40.470202158028485,40.68779784197129
UCB1_0.05,1559,40.599799999999874,40.49098160543967,40.70861839456008
UCB1_0.05,1560,40.62149999999988,40.51268221422107,40.73031778577868
UCB1_0.05,1561,40.64429999999985,40.53544508655451,40.753154913445194
UCB1_0.05,1562,40.66679999999984,40.55799158832808,40.7756084116716
UCB1_0.05,1563,40.68909999999983,40.58038153824259,40.797818461757075
UCB1_0.05,1564,40.71179999999985,40.60313308158607,40.82046691841362
UCB1_0.05,1565,40.73479999999982,40.626036129820505,40.84356387017914
UCB1_0.05,1566,40.75849999999987,40.64974165844155,40.86725834155819
UCB1_0.05,1567,40.78309999999985,40.6742473186101,40.8919526813896
UCB1_0.05,1568,40.80559999999982,40.69676962576745,40.91443037423219
UCB1_0.05,1569,40.827299999999866,40.718515932091314,40.93608406790842
UCB1_0.05,1570,40.848799999999855,40.73993143601263,40.95766856398708
UCB1_0.05,1571,40.87259999999986,40.76374697029044,40.981453029709286
UCB1_0.05,1572,40.894199999999856,40.78531913943775,41.00308086056196
UCB1_0.05,1573,40.91769999999979,40.80868963420841,41.02671036579117
UCB1_0.05,1574,40.937999999999846,40.82880531352515,41.04719468647454
UCB1_0.05,1575,40.960099999999876,40.85079725037794,41.069402749621815
UCB1_0.05,1576,40.98239999999986,40.87312834247494,41.091671657524785
UCB1_0.05,1577,41.00419999999987,40.89480398769885,41.11359601230089
UCB1_0.05,1578,41.02819999999985,40.91884367156309,41.13755632843661
UCB1_0.05,1579,41.04959999999987,40.940358655879535,41.158841344120205
UCB1_0.05,1580,41.072799999999845,40.963345670520404,41.182254329479285
UCB1_0.05,1581,41.09489999999979,40.98539648740541,41.20440351259417
UCB1_0.05,1582,41.11649999999984,41.0068611026302,41.22613889736948
UCB1_0.05,1583,41.137299999999875,41.027708476144824,41.24689152385493
UCB1_0.05,1584,41.161499999999855,41.05196753418751,41.2710324658122
UCB1_0.05,1585,41.1857999999998,41.07640518405745,41.29519481594215
UCB1_0.05,1586,41.20949999999981,41.100068018951525,41.31893198104809
UCB1_0.05,1587,41.23049999999979,41.12101667511397,41.339983324885615
UCB1_0.05,1588,41.25199999999978,41.142546520184446,41.36145347981512
UCB1_0.05,1589,41.27329999999978,41.16386424260054,41.38273575739902
UCB1_0.05,1590,41.294699999999835,41.18512944018532,41.40427055981435
UCB1_0.05,1591,41.31739999999982,41.20769881996895,41.4271011800307
UCB1_0.05,1592,41.33879999999982,41.22893061602749,41.44866938397215
UCB1_0.05,1593,41.35989999999987,41.24986843749592,41.46993156250382
UCB1_0.05,1594,41.381799999999835,41.27179916542097,41.4918008345787
UCB1_0.05,1595,41.403199999999835,41.29306833307269,41.51333166692698
UCB1_0.05,1596,41.42479999999984,41.31449667183119,41.53510332816849
UCB1_0.05,1597,41.44819999999984,41.337815676801085,41.55858432319859
UCB1_0.05,1598,41.472499999999805,41.361898917713944,41.583101082285665
UCB1_0.05,1599,41.49569999999981,41.38505410830776,41.60634589169185
UCB1_0.05,1600,41.51869999999982,41.407905351636266,41.62949464836337
UCB1_0.05,1601,41.54169999999986,41.43099221449272,41.652407785506995
UCB1_0.05,1602,41.56389999999982,41.453125626516744,41.674674373482894
UCB1_0.05,1603,41.58739999999983,41.47659715510838,41.698202844891284
UCB1_0.05,1604,41.6087999999998,41.49799884626787,41.71960115373174
UCB1_0.05,1605,41.631099999999805,41.52016846403519,41.74203153596442
UCB1_0.05,1606,41.65479999999982,41.54380084889422,41.76579915110541
UCB1_0.05,1607,41.67649999999981,41.565319080906924,41.7876809190927
UCB1_0.05,1608,41.699099999999824,41.587803453912585,41.81039654608706
UCB1_0.05,1609,41.72139999999982,41.6100399082353,41.832760091764335
UCB1_0.05,1610,41.74489999999979,41.63336317480418,41.856436825195395
UCB1_0.05,1611,41.76719999999975,41.655647812395785,41.87875218760371
UCB1_0.05,1612,41.79209999999977,41.680564085910405,41.903635914089136
UCB1_0.05,1613,41.81629999999979,41.704548019772325,41.92805198022726
UCB1_0.05,1614,41.83759999999978,41.725868794458314,41.94933120554125
UCB1_0.05,1615,41.8602999999998,41.74859592238747,41.972004077612134
UCB1_0.05,1616,41.88339999999981,41.77159033478308,41.99520966521654
UCB1_0.05,1617,41.905799999999786,41.793854019892976,42.0177459801066
UCB1_0.05,1618,41.9300999999998,41.81784077358255,42.04235922641704
UCB1_0.05,1619,41.954099999999784,41.84178149604755,42.066418503952015
UCB1_0.05,1620,41.977399999999804,41.86503451823717,42.08976548176244
UCB1_0.05,1621,42.00009999999979,41.887605931275424,42.11259406872416
UCB1_0.05,1622,42.02159999999978,41.90913370415249,42.13406629584707
UCB1_0.05,1623,42.0437999999998,41.93130536428805,42.15629463571155
UCB1_0.05,1624,42.06579999999983,41.95335332023769,42.178246679761976
UCB1_0.05,1625,42.0886999999998,41.97607931731439,42.20132068268521
UCB1_0.05,1626,42.11029999999975,41.99760306855072,42.222996931448776
UCB1_0.05,1627,42.13199999999977,42.01907216703502,42.24492783296452
UCB1_0.05,1628,42.15449999999976,42.041423350312,42.26757664968751
UCB1_0.05,1629,42.17729999999974,42.064172130818704,42.290427869180775
UCB1_0.05,1630,42.19949999999979,42.08629916703303,42.31270083296654
UCB1_0.05,1631,42.222299999999755,42.109011709488314,42.3355882905112
UCB1_0.05,1632,42.244799999999735,42.131437823148055,42.358162176851415
UCB1_0.05,1633,42.26839999999975,42.15494317770661,42.38185682229289
UCB1_0.05,1634,42.29039999999979,42.17682326011008,42.4039767398895
UCB1_0.05,1635,42.3137999999998,42.200075530472226,42.42752446952738
UCB1_0.05,1636,42.334999999999795,42.221129894978176,42.44887010502141
UCB1_0.05,1637,42.35559999999976,42.24161996103938,42.46958003896014
UCB1_0.05,1638,42.37839999999973,42.264281419202504,42.492518580796954
UCB1_0.05,1639,42.4004999999997,42.28667385749882,42.514326142500586
UCB1_0.05,1640,42.42289999999976,42.30900469362273,42.53679530637678
UCB1_0.05,1641,42.44559999999974,42.33149736818777,42.55970263181172
UCB1_0.05,1642,42.46909999999978,42.35510066046381,42.58309933953574
UCB1_0.05,1643,42.492699999999786,42.37865233404168,42.60674766595789
UCB1_0.05,1644,42.51609999999979,42.4021686989432,42.63003130105638
UCB1_0.05,1645,42.5383999999998,42.42440824961883,42.652391750380765
UCB1_0.05,1646,42.56159999999976,42.4475204860298,42.67567951396971
UCB1_0.05,1647,42.584499999999736,42.47054103280713,42.698458967192344
UCB1_0.05,1648,42.60639999999972,42.492254923447426,42.72054507655201
UCB1_0.05,1649,42.62849999999971,42.51440033323108,42.74259966676834
UCB1_0.05,1650,42.651799999999746,42.53775958919277,42.765840410806724
UCB1_0.05,1651,42.6736999999998,42.55983941770816,42.787560582291434
UCB1_0.05,1652,42.69399999999974,42.58023172524143,42.80776827475805
UCB1_0.05,1653,42.71649999999971,42.60260664844724,42.83039335155218
UCB1_0.05,1654,42.73749999999974,42.62368217687119,42.85131782312829
UCB1_0.05,1655,42.76059999999975,42.646853596644746,42.87434640335475
UCB1_0.05,1656,42.782899999999785,42.66927295068423,42.89652704931534
UCB1_0.05,1657,42.80439999999978,42.69076319294731,42.91803680705225
UCB1_0.05,1658,42.82779999999974,42.714111495833,42.94148850416648
UCB1_0.05,1659,42.8520999999997,42.73812732519433,42.966072674805076
UCB1_0.05,1660,42.8735999999997,42.75952259156509,42.98767740843431
UCB1_0.05,1661,42.89889999999971,42.78453813113852,43.01326186886091
UCB1_0.05,1662,42.920499999999755,42.80602102569305,43.03497897430646
UCB1_0.05,1663,42.94059999999968,42.825825951168866,43.05537404883049
UCB1_0.05,1664,42.96229999999975,42.847487990018465,43.077112009981036
UCB1_0.05,1665,42.98539999999973,42.870620075451725,43.10017992454773
UCB1_0.05,1666,43.007399999999706,42.89260772132883,43.12219227867058
UCB1_0.05,1667,43.02909999999971,42.914421690268306,43.14377830973111
UCB1_0.05,1668,43.05069999999969,42.93612054060028,43.16527945939911
UCB1_0.05,1669,43.07449999999968,42.95993632328125,43.18906367671811
UCB1_0.05,1670,43.09969999999968,42.985076190326474,43.214323809672884
UCB1_0.05,1671,43.12099999999967,43.00620658926938,43.235793410729954
UCB1_0.05,1672,43.14469999999969,43.029767584052834,43.25963241594654
UCB1_0.05,1673,43.169099999999716,43.05400481908781,43.284195180911624
UCB1_0.05,1674,43.1918999999997,43.07644587737904,43.30735412262036
UCB1_0.05,1675,43.214399999999685,43.09889376959556,43.32990623040381
UCB1_0.05,1676,43.23659999999969,43.12115051013496,43.35204948986442
UCB1_0.05,1677,43.25739999999968,43.14194134816044,43.37285865183892
UCB1_0.05,1678,43.2794999999997,43.16400236421896,43.39499763578044
UCB1_0.05,1679,43.302599999999664,43.187122079713085,43.418077920286244
UCB1_0.05,1680,43.324999999999726,43.20933483783117,43.44066516216828
UCB1_0.05,1681,43.348999999999684,43.233206649011535,43.46479335098783
UCB1_0.05,1682,43.37059999999971,43.25453979585022,43.4866602041492
UCB1_0.05,1683,43.3960999999997,43.27994881794496,43.512251182054435
UCB1_0.05,1684,43.4198999999997,43.30368589470906,43.53611410529034
UCB1_0.05,1685,43.44289999999969,43.326649280270466,43.55915071972891
UCB1_0.05,1686,43.465699999999664,43.34931347043305,43.582086529566276
UCB1_0.05,1687,43.48809999999961,43.3715351799526,43.60466482004662
UCB1_0.05,1688,43.510999999999655,43.39425515935806,43.62774484064125
UCB1_0.05,1689,43.532199999999655,43.415348571632116,43.649051428367194
UCB1_0.05,1690,43.5540999999997,43.43717496885914,43.67102503114026
UCB1_0.05,1691,43.57719999999969,43.46025679882103,43.694143201178356
UCB1_0.05,1692,43.59959999999972,43.48256139196704,43.7166386080324
UCB1_0.05,1693,43.623399999999656,43.50620814341608,43.74059185658323
UCB1_0.05,1694,43.64679999999966,43.52942837255124,43.76417162744808
UCB1_0.05,1695,43.67049999999966,43.55311837058071,43.787881629418614
UCB1_0.05,1696,43.69289999999969,43.57535779983513,43.810442200164246
UCB1_0.05,1697,43.715499999999686,43.597816407297984,43.83318359270139
UCB1_0.05,1698,43.73909999999968,43.62145790779318,43.85674209220618
UCB1_0.05,1699,43.76099999999962,43.64332411866919,43.87867588133005
UCB1_0.05,1700,43.78239999999963,43.66454267181177,43.90025732818749
UCB1_0.05,1701,43.805299999999654,43.687357893337285,43.92324210666202
UCB1_0.05,1702,43.82889999999965,43.710740310006805,43.94705968999249
UCB1_0.05,1703,43.84969999999964,43.731360454569824,43.96803954542946
UCB1_0.05,1704,43.872199999999665,43.7538132258215,43.99058677417783
UCB1_0.05,1705,43.893999999999586,43.77547782012154,44.012522179877635
UCB1_0.05,1706,43.917399999999624,43.79886212675587,44.03593787324338
UCB1_0.05,1707,43.93779999999961,43.81916689137713,44.056433108622095
UCB1_0.05,1708,43.96099999999965,43.842266418045064,44.07973358195424
UCB1_0.05,1709,43.9835999999997,43.86471925799256,44.10248074200683
UCB1_0.05,1710,44.004399999999684,43.88544029119926,44.12335970880011
UCB1_0.05,1711,44.02819999999965,43.909217509463694,44.147182490535606
UCB1_0.05,1712,44.050299999999645,43.93133076959077,44.16926923040852
UCB1_0.05,1713,44.071299999999624,43.95240144186184,44.19019855813741
UCB1_0.05,1714,44.092399999999635,43.97339203578943,44.21140796420984
UCB1_0.05,1715,44.11419999999962,43.99528308523648,44.23311691476276
UCB1_0.05,1716,44.13599999999962,44.01694864463048,44.25505135536876
UCB1_0.05,1717,44.157699999999586,44.03862919107419,44.27677080892498
UCB1_0.05,1718,44.18119999999963,44.062145005273116,44.30025499472614
UCB1_0.05,1719,44.20549999999964,44.08639625229777,44.32460374770151
UCB1_0.05,1720,44.226999999999634,44.107988194573196,44.34601180542607
UCB1_0.05,1721,44.24959999999967,44.13045537303329,44.36874462696604
UCB1_0.05,1722,44.2701999999996,44.15118363547303,44.38921636452616
UCB1_0.05,1723,44.29169999999958,44.17265439650338,44.410745603495776
UCB1_0.05,1724,44.31449999999957,44.195438274242385,44.43356172575675
UCB1_0.05,1725,44.33709999999957,44.217755595738865,44.45644440426028
UCB1_0.05,1726,44.3615999999996,44.24227343820674,44.48092656179246
UCB1_0.05,1727,44.382399999999585,44.26305973557306,44.50174026442611
UCB1_0.05,1728,44.40459999999961,44.285298170153226,44.523901829846
UCB1_0.05,1729,44.42739999999967,44.308248931035784,44.54655106896356
UCB1_0.05,1730,44.44929999999966,44.33015748371936,44.56844251627996
UCB1_0.05,1731,44.472899999999626,44.35393090936623,44.591869090633026
UCB1_0.05,1732,44.49509999999959,44.37626200823374,44.61393799176544
UCB1_0.05,1733,44.51859999999959,44.39983740472566,44.637362595273515
UCB1_0.05,1734,44.54159999999957,44.42299550407165,44.66020449592749
UCB1_0.05,1735,44.5642999999996,44.44554951208823,44.68305048791097
UCB1_0.05,1736,44.58769999999963,44.468784530550025,44.70661546944923
UCB1_0.05,1737,44.6107999999996,44.491909469426005,44.729690530573194
UCB1_0.05,1738,44.633199999999576,44.51420738377882,44.752192616220334
UCB1_0.05,1739,44.65569999999957,44.53674379012145,44.77465620987769
UCB1_0.05,1740,44.67569999999955,44.556631492836544,44.79476850716256
UCB1_0.05,1741,44.696599999999606,44.57745380288539,44.815746197113825
UCB1_0.05,1742,44.71799999999955,44.59868019462295,44.83731980537615
UCB1_0.05,1743,44.740099999999536,44.62053072836587,44.8596692716332
UCB1_0.05,1744,44.7623999999995,44.642590511785514,44.88220948821349
UCB1_0.05,1745,44.78409999999948,44.66414647154708,44.90405352845189
UCB1_0.05,1746,44.808299999999534,44.6882921261081,44.928307873890965
UCB1_0.05,1747,44.83159999999956,44.71159035139027,44.95160964860885
UCB1_0.05,1748,44.85399999999958,44.733963650074216,44.974036349924944
UCB1_0.05,1749,44.87539999999955,44.755306556076775,44.99549344392233
UCB1_0.05,1750,44.89659999999955,44.77635140666639,45.01684859333271
UCB1_0.05,1751,44.91979999999956,44.79956582792465,45.04003417207447
UCB1_0.05,1752,44.942799999999544,44.82258983517825,45.06301016482084
UCB1_0.05,1753,44.96439999999952,44.8440706311919,45.084729368807146
UCB1_0.05,1754,44.9868999999995,44.866511760580416,45.10728823941859
UCB1_0.05,1755,45.011699999999514,44.8914056499574,45.13199435004163
UCB1_0.05,1756,45.03379999999952,44.913507587512306,45.15409241248674
UCB1_0.05,1757,45.057099999999515,44.93664683241539,45.17755316758364
UCB1_0.05,1758,45.08049999999954,44.959932476218135,45.20106752378094
UCB1_0.05,1759,45.10229999999954,44.98159224209846,45.22300775790062
UCB1_0.05,1760,45.12589999999949,45.00522431179323,45.24657568820575
UCB1_0.05,1761,45.14769999999953,45.02702190288943,45.26837809710963
UCB1_0.05,1762,45.16959999999954,45.04892585406562,45.29027414593346
UCB1_0.05,1763,45.191199999999526,45.07040130066666,45.31199869933239
UCB1_0.05,1764,45.21349999999951,45.09261019393126,45.33438980606777
UCB1_0.05,1765,45.23589999999951,45.115140067000844,45.35665993299818
UCB1_0.05,1766,45.257799999999484,45.13706228731351,45.37853771268546
UCB1_0.05,1767,45.2810999999995,45.160313562138,45.401886437860995
UCB1_0.05,1768,45.304399999999546,45.18364598166834,45.42515401833075
UCB1_0.05,1769,45.325799999999575,45.205145998877676,45.446454001121474
UCB1_0.05,1770,45.345599999999564,45.22483355020477,45.46636644979436
UCB1_0.05,1771,45.36659999999956,45.24575154098788,45.48744845901123
UCB1_0.05,1772,45.388299999999596,45.267379141108414,45.50922085889078
UCB1_0.05,1773,45.40869999999958,45.28770622685041,45.52969377314874
UCB1_0.05,1774,45.42999999999956,45.30889776769422,45.5511022323049
UCB1_0.05,1775,45.450699999999586,45.329582368266365,45.571817631732806
UCB1_0.05,1776,45.473799999999514,45.35265983569797,45.59494016430106
UCB1_0.05,1777,45.49719999999956,45.375858272959135,45.61854172703998
UCB1_0.05,1778,45.51899999999958,45.397541372404696,45.64045862759446
UCB1_0.05,1779,45.54139999999951,45.42013875246001,45.66266124753901
UCB1_0.05,1780,45.564099999999534,45.44288446745661,45.68531553254246
UCB1_0.05,1781,45.5835999999995,45.46229257395412,45.704907426044876
UCB1_0.05,1782,45.604399999999515,45.48314400300613,45.7256559969929
UCB1_0.05,1783,45.6252999999995,45.504172821483444,45.74642717851555
UCB1_0.05,1784,45.64759999999951,45.52656662709981,45.7686333728992
UCB1_0.05,1785,45.67029999999948,45.54928766161122,45.79131233838774
UCB1_0.05,1786,45.6927999999995,45.571752191664466,45.813847808334536
UCB1_0.05,1787,45.71659999999949,45.59550811623334,45.837691883765636
UCB1_0.05,1788,45.73599999999947,45.614865541454876,45.85713445854407
UCB1_0.05,1789,45.75599999999949,45.634728024783676,45.8772719752153
UCB1_0.05,1790,45.7790999999995,45.6575036148593,45.9006963851397
UCB1_0.05,1791,45.802299999999484,45.68062286983987,45.923977130159095
UCB1_0.05,1792,45.824499999999496,45.70284169306367,45.946158306935324
UCB1_0.05,1793,45.848999999999535,45.72735010174932,45.97064989824975
UCB1_0.05,1794,45.86989999999953,45.748310237549596,45.99148976244947
UCB1_0.05,1795,45.89229999999952,45.77059136510995,46.014008634889095
UCB1_0.05,1796,45.915499999999525,45.793739537962665,46.037260462036386
UCB1_0.05,1797,45.9368999999995,45.815337010570786,46.05846298942821
UCB1_0.05,1798,45.960399999999524,45.83893209199731,46.08186790800174
UCB1_0.05,1799,45.982399999999494,45.86090140743168,46.103898592567305
UCB1_0.05,1800,46.00719999999946,45.885721434537714,46.1286785654612
UCB1_0.05,1801,46.0290999999995,45.907582464753965,46.15061753524504
UCB1_0.05,1802,46.05029999999947,45.92872999633041,46.17187000366852
UCB1_0.05,1803,46.07339999999952,45.95171297691909,46.19508702307996
UCB1_0.05,1804,46.094299999999514,45.97241606182224,46.21618393817679
UCB1_0.05,1805,46.11619999999949,45.9942129896649,46.23818701033407
UCB1_0.05,1806,46.13579999999955,46.013628192168085,46.25797180783101
UCB1_0.05,1807,46.15749999999947,46.03532597439229,46.27967402560665
UCB1_0.05,1808,46.17969999999951,46.0573438703982,46.302056129600814
UCB1_0.05,1809,46.20219999999948,46.079851035575984,46.32454896442297
UCB1_0.05,1810,46.22339999999944,46.100984126162174,46.3458158738367
UCB1_0.05,1811,46.246199999999455,46.12372901269203,46.36867098730688
UCB1_0.05,1812,46.26869999999941,46.146159893416986,46.39124010658184
UCB1_0.05,1813,46.28949999999943,46.16681110579657,46.41218889420229
UCB1_0.05,1814,46.31189999999944,46.18897606510641,46.43482393489247
UCB1_0.05,1815,46.335599999999445,46.212825549534294,46.458374450464596
UCB1_0.05,1816,46.358099999999475,46.235339760924106,46.48086023907484
UCB1_0.05,1817,46.37879999999946,46.25599207202681,46.50160792797211
UCB1_0.05,1818,46.40229999999943,46.27954664945448,46.525053350544376
UCB1_0.05,1819,46.42389999999944,46.3010386974887,46.546761302510184
UCB1_0.05,1820,46.44519999999947,46.32214825669556,46.56825174330337
UCB1_0.05,1821,46.46869999999944,46.3454763776212,46.59192362237767
UCB1_0.05,1822,46.490399999999454,46.367047976003356,46.61375202399555
UCB1_0.05,1823,46.51279999999947,46.38922946930294,46.636370530696006
UCB1_0.05,1824,46.536099999999486,46.41249191888681,46.659708081112164
UCB1_0.05,1825,46.55579999999951,46.431995432041596,46.67960456795742
UCB1_0.05,1826,46.578999999999475,46.45510117788627,46.70289882211268
UCB1_0.05,1827,46.60149999999946,46.47754204613829,46.725457953860634
UCB1_0.05,1828,46.623799999999456,46.499740828681226,46.747859171317685
UCB1_0.05,1829,46.646799999999416,46.52269007117462,46.77090992882421
UCB1_0.05,1830,46.66829999999941,46.54430673243236,46.792293267566464
UCB1_0.05,1831,46.69019999999939,46.56602668601736,46.81437331398143
UCB1_0.05,1832,46.7129999999994,46.588834837887944,46.83716516211085
UCB1_0.05,1833,46.73459999999942,46.61051075757907,46.858689242419764
UCB1_0.05,1834,46.75929999999943,46.63520437777632,46.88339562222254
UCB1_0.05,1835,46.779999999999475,46.65586184307742,46.90413815692153
UCB1_0.05,1836,46.80209999999946,46.677863567745135,46.92633643225379
UCB1_0.05,1837,46.82449999999946,46.70017052273428,46.94882947726464
UCB1_0.05,1838,46.84789999999947,46.72352886188021,46.97227113811873
UCB1_0.05,1839,46.87129999999944,46.74671608495111,46.99588391504776
UCB1_0.05,1840,46.89109999999939,46.76636556791739,47.01583443208139
UCB1_0.05,1841,46.91079999999941,46.785840876231774,47.03575912376705
UCB1_0.05,1842,46.93219999999941,46.80714881096601,47.05725118903281
UCB1_0.05,1843,46.95449999999942,46.82945768905528,47.07954231094356
UCB1_0.05,1844,46.977799999999405,46.852782552352515,47.102817447646295
UCB1_0.05,1845,47.00169999999939,46.876574065891695,47.12682593410708
UCB1_0.05,1846,47.02469999999938,46.89943623565459,47.149963764344164
UCB1_0.05,1847,47.045599999999396,46.920280451517485,47.17091954848131
UCB1_0.05,1848,47.06869999999945,46.94310631521751,47.19429368478139
UCB1_0.05,1849,47.091199999999446,46.9655043802881,47.21689561971079
UCB1_0.05,1850,47.11379999999946,46.98800896159817,47.23959103840075
UCB1_0.05,1851,47.13519999999943,47.009320819512624,47.261079180486234
UCB1_0.05,1852,47.156599999999436,47.030588924207464,47.28261107579141
UCB1_0.05,1853,47.17949999999941,47.053167417400736,47.30583258259808
UCB1_0.05,1854,47.202899999999424,47.07638498038253,47.32941501961632
UCB1_0.05,1855,47.22629999999939,47.09965674902475,47.35294325097403
UCB1_0.05,1856,47.24849999999938,47.121874700260875,47.37512529973789
UCB1_0.05,1857,47.270299999999395,47.14376410039027,47.39683589960852
UCB1_0.05,1858,47.29449999999936,47.167949443374894,47.421050556623825
UCB1_0.05,1859,47.317799999999394,47.1912306345453,47.44436936545349
UCB1_0.05,1860,47.3392999999994,47.212741055838485,47.46585894416031
UCB1_0.05,1861,47.36269999999942,47.236153733472854,47.48924626652599
UCB1_0.05,1862,47.38599999999948,47.25928197887164,47.51271802112731
UCB1_0.05,1863,47.40659999999943,47.27992322402629,47.53327677597257
UCB1_0.05,1864,47.42589999999937,47.299157066504094,47.55264293349465
UCB1_0.05,1865,47.44729999999938,47.32043128643124,47.57416871356752
UCB1_0.05,1866,47.469099999999365,47.342062325424735,47.596137674573995
UCB1_0.05,1867,47.48869999999938,47.36155458877514,47.615845411223624
UCB1_0.05,1868,47.50939999999937,47.382097126364414,47.63670287363432
UCB1_0.05,1869,47.53019999999937,47.402991310565014,47.65740868943372
UCB1_0.05,1870,47.552099999999335,47.42479201787051,47.67940798212816
UCB1_0.05,1871,47.57569999999935,47.44833537041575,47.703064629582954
UCB1_0.05,1872,47.598199999999345,47.4707470828314,47.72565291716729
UCB1_0.05,1873,47.62049999999936,47.49285942692407,47.74814057307465
UCB1_0.05,1874,47.64349999999939,47.51595391464757,47.771046085351216
UCB1_0.05,1875,47.66659999999935,47.53900498196706,47.79419501803164
UCB1_0.05,1876,47.68829999999933,47.56067229389489,47.81592770610377
UCB1_0.05,1877,47.71029999999934,47.582757652152445,47.83784234784624
UCB1_0.05,1878,47.73289999999931,47.60525104828707,47.86054895171155
UCB1_0.05,1879,47.755399999999376,47.62772969254813,47.88307030745062
UCB1_0.05,1880,47.77729999999939,47.64956431719622,47.90503568280256
UCB1_0.05,1881,47.80069999999938,47.673003052408305,47.92839694759046
UCB1_0.05,1882,47.820799999999394,47.6929655837873,47.94863441621149
UCB1_0.05,1883,47.84109999999937,47.71326352326721,47.968936476731535
UCB1_0.05,1884,47.86229999999935,47.73434891393315,47.990251086065555
UCB1_0.05,1885,47.883199999999334,47.755193449293216,48.01120655070545
UCB1_0.05,1886,47.90559999999938,47.77744976358512,48.033750236413645
UCB1_0.05,1887,47.92819999999933,47.799930086826826,48.05646991317183
UCB1_0.05,1888,47.94939999999933,47.82102405115169,48.07777594884697
UCB1_0.05,1889,47.972299999999294,47.843780862596226,48.10081913740236
UCB1_0.05,1890,47.995399999999314,47.86661453927772,48.12418546072091
UCB1_0.05,1891,48.017599999999355,47.88878730111157,48.14641269888714
UCB1_0.05,1892,48.04139999999934,47.91242765197219,48.1703723480265
UCB1_0.05,1893,48.06409999999937,47.93510019217065,48.19309980782809
UCB1_0.05,1894,48.08529999999938,47.956274153210494,48.21432584678826
UCB1_0.05,1895,48.107699999999376,47.97843699161049,48.236963008388265
UCB1_0.05,1896,48.12919999999936,47.99990895343466,48.25849104656405
UCB1_0.05,1897,48.15209999999937,48.02279813967535,48.28140186032339
UCB1_0.05,1898,48.17399999999935,48.04464148783205,48.30335851216665
UCB1_0.05,1899,48.19589999999938,48.06640485148646,48.32539514851229
UCB1_0.05,1900,48.21749999999936,48.087961145837866,48.34703885416086
UCB1_0.05,1901,48.23849999999939,48.108916758638166,48.368083241360615
UCB1_0.05,1902,48.259699999999356,48.1299167544653,48.38948324553341
UCB1_0.05,1903,48.282999999999355,48.1531636722509,48.41283632774781
UCB1_0.05,1904,48.30459999999932,48.17473231392129,48.43446768607735
UCB1_0.05,1905,48.326199999999346,48.19631379844237,48.456086201556325
UCB1_0.05,1906,48.34919999999932,48.21942569857809,48.47897430142055
UCB1_0.05,1907,48.3720999999993,48.24224809085313,48.50195190914547
UCB1_0.05,1908,48.39569999999931,48.265739049977036,48.52566095002158
UCB1_0.05,1909,48.41859999999931,48.28852691593299,48.548673084065626
UCB1_0.05,1910,48.44169999999935,48.31176720281589,48.57163279718281
UCB1_0.05,1911,48.46449999999935,48.3343819208087,48.59461807918999
UCB1_0.05,1912,48.486599999999335,48.356554547221535,48.616645452777135
UCB1_0.05,1913,48.50819999999926,48.37806896375187,48.638331036246655
UCB1_0.05,1914,48.532099999999325,48.40187813018999,48.66232186980866
UCB1_0.05,1915,48.55519999999932,48.4248089121526,48.685591087846035
UCB1_0.05,1916,48.57719999999933,48.44672105130102,48.70767894869764
UCB1_0.05,1917,48.59979999999934,48.46911706765436,48.73048293234432
UCB1_0.05,1918,48.62319999999934,48.492448401939434,48.75395159805925
UCB1_0.05,1919,48.64549999999932,48.51476038477434,48.776239615224306
UCB1_0.05,1920,48.66729999999929,48.53638411487825,48.79821588512032
UCB1_0.05,1921,48.68899999999929,48.55791300544575,48.82008699455283
UCB1_0.05,1922,48.70979999999927,48.57853268604452,48.84106731395402
UCB1_0.05,1923,48.73229999999929,48.600988480044585,48.863611519954
UCB1_0.05,1924,48.75339999999929,48.62219180270858,48.88460819729
UCB1_0.05,1925,48.772999999999314,48.64176063373403,48.9042393662646
UCB1_0.05,1926,48.79349999999934,48.66219108786612,48.92480891213256
UCB1_0.05,1927,48.81639999999932,48.68494933072971,48.94785066926893
UCB1_0.05,1928,48.838099999999315,48.70645379544943,48.9697462045492
UCB1_0.05,1929,48.85909999999929,48.72731121789556,48.99088878210301
UCB1_0.05,1930,48.87969999999927,48.74787235583599,49.01152764416255
UCB1_0.05,1931,48.901699999999295,48.76986361964121,49.03353638035738
UCB1_0.05,1932,48.92389999999929,48.79202036531898,49.0557796346796
UCB1_0.05,1933,48.94469999999935,48.812859683871,49.076540316127705
UCB1_0.05,1934,48.96509999999935,48.83315957495423,49.097040425044476
UCB1_0.05,1935,48.98619999999933,48.8541014688066,49.11829853119206
UCB1_0.05,1936,49.00759999999933,48.875491192251566,49.13970880774709
UCB1_0.05,1937,49.02949999999936,48.897290051280365,49.161709948718354
UCB1_0.05,1938,49.05119999999929,48.918923574762076,49.183476425236506
UCB1_0.05,1939,49.07319999999932,48.94086791156386,49.20553208843477
UCB1_0.05,1940,49.09459999999929,48.96219930802089,49.227000691977686
UCB1_0.05,1941,49.11689999999927,48.98448336093208,49.24931663906646
UCB1_0.05,1942,49.13869999999926,49.00625319245054,49.271146807547986
UCB1_0.05,1943,49.16009999999932,49.02775042403747,49.292449575961164
UCB1_0.05,1944,49.180299999999335,49.04782675940389,49.31277324059478
UCB1_0.05,1945,49.20129999999931,49.0688768518275,49.33372314817112
UCB1_0.05,1946,49.22099999999931,49.08871134035026,49.353288659648356
UCB1_0.05,1947,49.24199999999934,49.109883507211606,49.37411649278707
UCB1_0.05,1948,49.26279999999931,49.13075198905291,49.39484801094571
UCB1_0.05,1949,49.28499999999928,49.15295872771227,49.41704127228629
UCB1_0.05,1950,49.30779999999933,49.17568865965868,49.43991134033998
UCB1_0.05,1951,49.330299999999276,49.19796427122912,49.462635728769435
UCB1_0.05,1952,49.35339999999925,49.22088981748051,49.48591018251798
UCB1_0.05,1953,49.373799999999264,49.24125074874447,49.50634925125406
UCB1_0.05,1954,49.39589999999926,49.263263521441154,49.52853647855736
UCB1_0.05,1955,49.41629999999927,49.283510054424006,49.54908994557453
UCB1_0.05,1956,49.43999999999931,49.307166849514445,49.57283315048417
UCB1_0.05,1957,49.46039999999928,49.32748278529398,49.593317214704584
UCB1_0.05,1958,49.48409999999927,49.351173508243015,49.61702649175553
UCB1_0.05,1959,49.505699999999294,49.37275322985344,49.63864677014515
UCB1_0.05,1960,49.52579999999927,49.39282364682414,49.6587763531744
UCB1_0.05,1961,49.546299999999306,49.413376139981196,49.679223860017416
UCB1_0.05,1962,49.5675999999993,49.43467008978333,49.70052991021527
UCB1_0.05,1963,49.58899999999927,49.45594884966223,49.722051150336306
UCB1_0.05,1964,49.609699999999286,49.47658429400607,49.742815705992506
UCB1_0.05,1965,49.63019999999926,49.497063271606365,49.76333672839216
UCB1_0.05,1966,49.65159999999927,49.51854108365978,49.78465891633876
UCB1_0.05,1967,49.67169999999931,49.53885224199202,49.804547758006606
UCB1_0.05,1968,49.69359999999931,49.560733266578836,49.82646673341978
UCB1_0.05,1969,49.7163999999993,49.58352654544808,49.84927345455051
UCB1_0.05,1970,49.737899999999286,49.60507645360921,49.870723546389364
UCB1_0.05,1971,49.760399999999294,49.627406931421774,49.89339306857681
UCB1_0.05,1972,49.78219999999928,49.64914033960079,49.915259660397766
UCB1_0.05,1973,49.80239999999932,49.66936721515116,49.93543278484747
UCB1_0.05,1974,49.82399999999928,49.69093134757764,49.95706865242092
UCB1_0.05,1975,49.844799999999275,49.71167960809875,49.9779203918998
UCB1_0.05,1976,49.866899999999255,49.73389542539003,49.99990457460848
UCB1_0.05,1977,49.88899999999929,49.75582277037734,50.02217722962124
UCB1_0.05,1978,49.912399999999316,49.77927517594036,50.04552482405827
UCB1_0.05,1979,49.9329999999993,49.79983138392249,50.06616861607612
UCB1_0.05,1980,49.95549999999933,49.8221911579297,50.088808842068964
UCB1_0.05,1981,49.976599999999344,49.843205781841725,50.10999421815696
UCB1_0.05,1982,49.99849999999935,49.86511818179442,50.131881818204285
UCB1_0.05,1983,50.020199999999335,49.88689816868583,50.15350183131284
UCB1_0.05,1984,50.043799999999266,49.91050482201169,50.17709517798684
UCB1_0.05,1985,50.06489999999928,49.931682196221956,50.1981178037766
UCB1_0.05,1986,50.087099999999246,49.95380346388609,50.2203965361124
UCB1_0.05,1987,50.10959999999924,49.976202740394605,50.242997259603875
UCB1_0.05,1988,50.13009999999927,49.99671973327638,50.263480266722155
UCB1_0.05,1989,50.151599999999256,50.01827000315262,50.28492999684589
UCB1_0.05,1990,50.17449999999934,50.041126493516,50.30787350648268
UCB1_0.05,1991,50.1952999999993,50.061864509779454,50.328735490219145
UCB1_0.05,1992,50.21699999999932,50.083552449415905,50.35044755058273
UCB1_0.1,0,0.07840000000000058,0.07478930582396381,0.08201069417603735
UCB1_0.1,1,0.16720000000000096,0.16308066267562657,0.17131933732437535
UCB1_0.1,2,0.19380000000000122,0.1903106170489972,0.19728938295100523
UCB1_0.1,3,0.2679999999999994,0.2638696136521179,0.2721303863478809
UCB1_0.1,4,0.34800000000000214,0.34337708903269776,0.3526229109673065
UCB1_0.1,5,0.38660000000000316,0.38267564250207525,0.3905243574979311
UCB1_0.1,6,0.4550000000000016,0.4504281632375214,0.45957183676248187
UCB1_0.1,7,0.5239999999999991,0.5190180046813834,0.5289819953186149
UCB1_0.1,8,0.577599999999999,0.5731447972851429,0.5820552027148551
UCB1_0.1,9,0.6367999999999985,0.6319576783057301,0.6416423216942668
UCB1_0.1,10,0.6975999999999977,0.6925487626500475,0.7026512373499478
UCB1_0.1,11,0.7642000000000014,0.7594115562089687,0.7689884437910341
UCB1_0.1,12,0.8228000000000019,0.8177442533231082,0.8278557466768955
UCB1_0.1,13,0.8779999999999981,0.872767771829969,0.8832322281700272
UCB1_0.1,14,0.9417999999999965,0.9365407973935064,0.9470592026064867
UCB1_0.1,15,0.9999999999999998,0.9947355009830182,1.0052644990169812
UCB1_0.1,16,1.0606000000000038,1.0550040084085355,1.066195991591472
UCB1_0.1,17,1.1196000000000044,1.1137168323829445,1.1254831676170642
UCB1_0.1,18,1.1806000000000039,1.174830601177462,1.1863693988225457
UCB1_0.1,19,1.240999999999999,1.2350110297772765,1.2469889702227215
UCB1_0.1,20,1.2965999999999969,1.2905157381143293,1.3026842618856644
UCB1_0.1,21,1.3585999999999943,1.3524543002205094,1.3647456997794791
UCB1_0.1,22,1.4177999999999928,1.411434550384324,1.4241654496156617
UCB1_0.1,23,1.4735999999999971,1.467258858061026,1.4799411419389683
UCB1_0.1,24,1.5310000000000035,1.5243530270574832,1.5376469729425237
UCB1_0.1,25,1.5906000000000085,1.5837969716421612,1.5974030283578557
UCB1_0.1,26,1.6522000000000092,1.6454860951489783,1.6589139048510402
UCB1_0.1,27,1.7088000000000063,1.7017137765970762,1.7158862234029364
UCB1_0.1,28,1.7687999999999975,1.7615717919388283,1.7760282080611667
UCB1_0.1,29,1.8263999999999916,1.819067905336643,1.8337320946633402
UCB1_0.1,30,1.88639999999999,1.878723212295036,1.8940767877049443
UCB1_0.1,31,1.941399999999993,1.9336578048526591,1.9491421951473267
UCB1_0.1,32,2.002,1.9942330052391395,2.00976699476086
UCB1_0.1,33,2.0624000000000065,2.054637843772088,2.070162156227925
UCB1_0.1,34,2.120200000000009,2.111796951414939,2.128603048585079
UCB1_0.1,35,2.1764000000000054,2.1679462206262934,2.1848537793737175
UCB1_0.1,36,2.2372,2.2287950276840873,2.245604972315913
UCB1_0.1,37,2.294599999999996,2.2860972772315558,2.303102722768436
UCB1_0.1,38,2.349399999999995,2.340634771622764,2.3581652283772256
UCB1_0.1,39,2.4053999999999967,2.396490510458177,2.4143094895418162
UCB1_0.1,40,2.4625999999999992,2.453729306138346,2.4714706938616526
UCB1_0.1,41,2.5208,2.511831721659941,2.529768278340059
UCB1_0.1,42,2.579600000000004,2.5706418224298306,2.5885581775701776
UCB1_0.1,43,2.632200000000003,2.622789463601763,2.6416105363982436
UCB1_0.1,44,2.6928000000000027,2.683225234876704,2.7023747651233014
UCB1_0.1,45,2.7486,2.7388697555919452,2.758330244408055
UCB1_0.1,46,2.805799999999998,2.796145882270746,2.81545411772925
UCB1_0.1,47,2.8624000000000005,2.852619170975792,2.872180829024209
UCB1_0.1,48,2.9191999999999996,2.909292044392477,2.929107955607522
UCB1_0.1,49,2.9779999999999984,2.9676941838317474,2.9883058161682494
UCB1_0.1,50,3.0335999999999994,3.023416282076299,3.0437837179237
UCB1_0.1,51,3.089000000000005,3.0784348705298354,3.0995651294701743
UCB1_0.1,52,3.1470000000000034,3.136207063692015,3.1577929363079917
UCB1_0.1,53,3.1999999999999997,3.1889990024136083,3.211000997586391
UCB1_0.1,54,3.2572000000000005,3.246126405827927,3.268273594172074
UCB1_0.1,55,3.3137999999999996,3.3027189694582253,3.324881030541774
UCB1_0.1,56,3.3688,3.3575271407129774,3.380072859287022
UCB1_0.1,57,3.427199999999996,3.4155003294964397,3.4388996705035524
UCB1_0.1,58,3.4845999999999995,3.4732061326708865,3.4959938673291124
UCB1_0.1,59,3.537799999999998,3.525939886125577,3.549660113874419
UCB1_0.1,60,3.5948000000000007,3.5828552189697884,3.606744781030213
UCB1_0.1,61,3.653200000000002,3.6408630871418457,3.665536912858158
UCB1_0.1,62,3.7054000000000022,3.6929571202529017,3.717842879747103
UCB1_0.1,63,3.7596000000000016,3.7470165380233182,3.772183461976685
UCB1_0.1,64,3.816199999999999,3.803461568217375,3.828938431782623
UCB1_0.1,65,3.8718000000000035,3.858613985819367,3.88498601418064
UCB1_0.1,66,3.9255999999999984,3.912263084438994,3.938936915561003
UCB1_0.1,67,3.982399999999997,3.968872343034582,3.9959276569654123
UCB1_0.1,68,4.039799999999997,4.02606178683839,4.053538213161604
UCB1_0.1,69,4.096999999999998,4.083597911687265,4.11040208831273
UCB1_0.1,70,4.1486,4.1349455159453905,4.16225448405461
UCB1_0.1,71,4.205799999999999,4.191831055301706,4.219768944698292
UCB1_0.1,72,4.261400000000002,4.247054833185012,4.275745166814992
UCB1_0.1,73,4.315800000000006,4.301073416741798,4.330526583258213
UCB1_0.1,74,4.368400000000002,4.353780692762784,4.3830193072372206
UCB1_0.1,75,4.425399999999998,4.410557691320353,4.440242308679643
UCB1_0.1,76,4.480199999999997,4.465292190105055,4.4951078098949395
UCB1_0.1,77,4.534599999999996,4.519611106440153,4.5495888935598385
UCB1_0.1,78,4.592199999999999,4.5772069158858315,4.607193084114167
UCB1_0.1,79,4.6423999999999985,4.6274472575297105,4.6573527424702865
UCB1_0.1,80,4.694199999999997,4.679169171521116,4.709230828478877
UCB1_0.1,81,4.753000000000003,4.737789788157672,4.768210211842334
UCB1_0.1,82,4.8090000000000055,4.793487087646118,4.824512912353893
UCB1_0.1,83,4.864800000000002,4.849391167204224,4.8802088327957795
UCB1_0.1,84,4.920399999999996,4.904659275101547,4.936140724898445
UCB1_0.1,85,4.972999999999995,4.957067942753795,4.9889320572461955
UCB1_0.1,86,5.027399999999996,5.011657954619756,5.043142045380235
UCB1_0.1,87,5.082999999999998,5.067174606945459,5.098825393054538
UCB1_0.1,88,5.136000000000001,5.119834568265391,5.152165431734611
UCB1_0.1,89,5.1864,5.16989732798316,5.202902672016839
UCB1_0.1,90,5.241000000000005,5.224154745653811,5.257845254346199
UCB1_0.1,91,5.293000000000006,5.276303476319731,5.309696523680282
UCB1_0.1,92,5.347799999999999,5.331093298558419,5.36450670144158
UCB1_0.1,93,5.398000000000001,5.380726701737488,5.415273298262513
UCB1_0.1,94,5.455999999999994,5.4385608089761215,5.473439191023867
UCB1_0.1,95,5.509399999999993,5.491857891929436,5.526942108070551
UCB1_0.1,96,5.565199999999999,5.547627785372188,5.58277221462781
UCB1_0.1,97,5.617800000000002,5.599890564311366,5.6357094356886375
UCB1_0.1,98,5.669399999999995,5.651443238783261,5.687356761216729
UCB1_0.1,99,5.7205999999999975,5.702491254195906,5.738708745804089
UCB1_0.1,100,5.777800000000008,5.7594859066360575,5.7961140933639586
UCB1_0.1,101,5.831200000000004,5.812556899931821,5.849843100068187
UCB1_0.1,102,5.881199999999999,5.862635525506536,5.899764474493462
UCB1_0.1,103,5.934799999999999,5.91601653112767,5.953583468872329
UCB1_0.1,104,5.9891999999999985,5.970323640567023,6.008076359432974
UCB1_0.1,105,6.040399999999997,6.021384572546204,6.059415427453791
UCB1_0.1,106,6.094600000000002,6.075290688025053,6.11390931197495
UCB1_0.1,107,6.147799999999995,6.128414225477948,6.167185774522042
UCB1_0.1,108,6.197799999999996,6.178358707320906,6.217241292679087
UCB1_0.1,109,6.251599999999998,6.231828428056366,6.2713715719436305
UCB1_0.1,110,6.3018000000000045,6.282036349573315,6.321563650426694
UCB1_0.1,111,6.355800000000005,6.336034479902587,6.375565520097423
UCB1_0.1,112,6.412799999999997,6.392646875543409,6.432953124456585
UCB1_0.1,113,6.4644,6.444015848929187,6.484784151070814
UCB1_0.1,114,6.516799999999994,6.496200741943039,6.537399258056948
UCB1_0.1,115,6.564799999999996,6.544327603415429,6.585272396584564
UCB1_0.1,116,6.619799999999994,6.599262462778062,6.640337537221927
UCB1_0.1,117,6.673999999999989,6.6529412727643376,6.69505872723564
UCB1_0.1,118,6.725199999999994,6.704332061856595,6.746067938143392
UCB1_0.1,119,6.778799999999998,6.757846353319517,6.799753646680478
UCB1_0.1,120,6.827600000000002,6.806374817826825,6.848825182173179
UCB1_0.1,121,6.878800000000007,6.857597985911841,6.900002014088173
UCB1_0.1,122,6.931400000000002,6.909730469658565,6.9530695303414385
UCB1_0.1,123,6.985200000000003,6.963236359799579,7.007163640200428
UCB1_0.1,124,7.039800000000002,7.017939126012556,7.0616608739874485
UCB1_0.1,125,7.092799999999999,7.070514974992358,7.115085025007639
UCB1_0.1,126,7.1424,7.11994735229096,7.164852647709041
UCB1_0.1,127,7.196599999999996,7.1742012150028875,7.218998784997104
UCB1_0.1,128,7.248999999999993,7.226654456474921,7.271345543525064
UCB1_0.1,129,7.301599999999998,7.278943372878711,7.324256627121285
UCB1_0.1,130,7.351399999999996,7.328275781702468,7.374524218297525
UCB1_0.1,131,7.402199999999996,7.379142943357093,7.4252570566428995
UCB1_0.1,132,7.455199999999998,7.431960391977614,7.478439608022382
UCB1_0.1,133,7.508399999999999,7.4848614416570225,7.531938558342976
UCB1_0.1,134,7.557599999999997,7.53405607843086,7.581143921569135
UCB1_0.1,135,7.608399999999994,7.584427182699003,7.632372817300985
UCB1_0.1,136,7.659999999999994,7.63599019038151,7.684009809618478
UCB1_0.1,137,7.7149999999999945,7.6907041168121015,7.7392958831878875
UCB1_0.1,138,7.762399999999995,7.737815697711624,7.786984302288366
UCB1_0.1,139,7.810999999999999,7.7863355427446,7.835664457255398
UCB1_0.1,140,7.8653999999999975,7.840666371129932,7.890133628870063
UCB1_0.1,141,7.918599999999998,7.893684763815763,7.943515236184233
UCB1_0.1,142,7.972199999999994,7.947177908844305,7.997222091155683
UCB1_0.1,143,8.023599999999997,7.998492540112306,8.048707459887687
UCB1_0.1,144,8.072,8.046774313692202,8.097225686307796
UCB1_0.1,145,8.124999999999996,8.099564756434612,8.150435243565381
UCB1_0.1,146,8.176799999999997,8.151185785148925,8.202414214851068
UCB1_0.1,147,8.223399999999998,8.197628372877578,8.249171627122418
UCB1_0.1,148,8.273799999999994,8.247935767608013,8.299664232391976
UCB1_0.1,149,8.3264,8.300167881881748,8.352632118118251
UCB1_0.1,150,8.377799999999992,8.35151743425316,8.404082565746823
UCB1_0.1,151,8.42759999999999,8.401010046694246,8.454189953305733
UCB1_0.1,152,8.477199999999986,8.450110675232752,8.50428932476722
UCB1_0.1,153,8.5304,8.50364874640272,8.557151253597281
UCB1_0.1,154,8.583199999999994,8.55610533293064,8.610294667069349
UCB1_0.1,155,8.634999999999993,8.608220104151739,8.661779895848246
UCB1_0.1,156,8.684799999999996,8.657692379380263,8.711907620619728
UCB1_0.1,157,8.737599999999995,8.71042752292873,8.76477247707126
UCB1_0.1,158,8.787400000000003,8.759424136527322,8.815375863472685
UCB1_0.1,159,8.838,8.810044127758454,8.865955872241544
UCB1_0.1,160,8.887399999999984,8.859391133540079,8.915408866459888
UCB1_0.1,161,8.94019999999999,8.9118601315147,8.96853986848528
UCB1_0.1,162,8.98819999999999,8.959638676332288,9.016761323667692
UCB1_0.1,163,9.035800000000002,9.007274062719214,9.06432593728079
UCB1_0.1,164,9.0848,9.056361827964345,9.113238172035654
UCB1_0.1,165,9.134399999999992,9.105702089613187,9.163097910386798
UCB1_0.1,166,9.185599999999999,9.156447496358199,9.2147525036418
UCB1_0.1,167,9.233199999999997,9.20407059667779,9.262329403322203
UCB1_0.1,168,9.288600000000004,9.259208506347482,9.317991493652526
UCB1_0.1,169,9.3414,9.311969765819896,9.370830234180104
UCB1_0.1,170,9.388399999999987,9.359306604599658,9.417493395400315
UCB1_0.1,171,9.437199999999981,9.40799162828109,9.466408371718872
UCB1_0.1,172,9.48799999999999,9.458435360122898,9.517564639877083
UCB1_0.1,173,9.541999999999994,9.51222518415645,9.57177481584354
UCB1_0.1,174,9.591999999999992,9.562326194165461,9.621673805834522
UCB1_0.1,175,9.641199999999994,9.611375251413484,9.671024748586504
UCB1_0.1,176,9.691399999999993,9.661093414167576,9.72170658583241
UCB1_0.1,177,9.740000000000009,9.70936320888312,9.770636791116898
UCB1_0.1,178,9.788000000000011,9.757210806049402,9.81878919395062
UCB1_0.1,179,9.840799999999996,9.809965911201784,9.871634088798208
UCB1_0.1,180,9.888399999999997,9.857554667749374,9.91924533225062
UCB1_0.1,181,9.938199999999995,9.906715444648468,9.969684555351522
UCB1_0.1,182,9.990599999999988,9.958938557102028,10.022261442897948
UCB1_0.1,183,10.037599999999994,10.006131895348002,10.069068104651986
UCB1_0.1,184,10.08919999999999,10.057456996549021,10.120943003450957
UCB1_0.1,185,10.140199999999991,10.10812398067865,10.172276019321332
UCB1_0.1,186,10.187800000000006,10.155486385719835,10.220113614280178
UCB1_0.1,187,10.240599999999995,10.207937984769366,10.273262015230625
UCB1_0.1,188,10.288999999999994,10.256540451121015,10.321459548878973
UCB1_0.1,189,10.336799999999997,10.303922539787687,10.369677460212307
UCB1_0.1,190,10.384999999999994,10.351923027038724,10.418076972961265
UCB1_0.1,191,10.432999999999995,10.399638436862306,10.466361563137683
UCB1_0.1,192,10.485000000000003,10.4516126014676,10.518387398532406
UCB1_0.1,193,10.535599999999993,10.50191216040287,10.569287839597116
UCB1_0.1,194,10.587799999999984,10.553977766373462,10.621622233626505
UCB1_0.1,195,10.633999999999997,10.600294869880194,10.6677051301198
UCB1_0.1,196,10.682400000000005,10.648087490377403,10.716712509622607
UCB1_0.1,197,10.731399999999999,10.69655937827805,10.766240621721948
UCB1_0.1,198,10.78219999999998,10.747338489982866,10.817061510017094
UCB1_0.1,199,10.830999999999994,10.796240682614721,10.865759317385267
UCB1_0.1,200,10.882199999999994,10.847245862872658,10.91715413712733
UCB1_0.1,201,10.92959999999999,10.894362813419272,10.964837186580707
UCB1_0.1,202,10.97899999999999,10.943879328823492,11.014120671176489
UCB1_0.1,203,11.026999999999989,10.992100103714735,11.061899896285242
UCB1_0.1,204,11.076399999999976,11.041426059330101,11.111373940669852
UCB1_0.1,205,11.124999999999991,11.089641639017293,11.16035836098269
UCB1_0.1,206,11.1784,11.14281825198516,11.21398174801484
UCB1_0.1,207,11.22460000000001,11.189087404099073,11.260112595900946
UCB1_0.1,208,11.272599999999997,11.237155279303984,11.30804472069601
UCB1_0.1,209,11.319999999999984,11.284393750745508,11.35560624925446
UCB1_0.1,210,11.371599999999983,11.335693029154218,11.407506970845748
UCB1_0.1,211,11.415799999999992,11.379848362284013,11.45175163771597
UCB1_0.1,212,11.46479999999999,11.428635859169106,11.500964140830874
UCB1_0.1,213,11.514999999999972,11.478560796508372,11.551439203491572
UCB1_0.1,214,11.562999999999981,11.526762485984198,11.599237514015764
UCB1_0.1,215,11.608199999999995,11.571811774162628,11.644588225837362
UCB1_0.1,216,11.65859999999999,11.622064684467068,11.69513531553291
UCB1_0.1,217,11.7074,11.671010454000026,11.743789545999974
UCB1_0.1,218,11.758799999999992,11.722578257326887,11.795021742673097
UCB1_0.1,219,11.803799999999988,11.767254200713573,11.840345799286403
UCB1_0.1,220,11.85519999999998,11.818680816276467,11.891719183723493
UCB1_0.1,221,11.905399999999977,11.868341138437206,11.942458861562748
UCB1_0.1,222,11.955399999999983,11.918171181596394,11.992628818403572
UCB1_0.1,223,12.003599999999983,11.966379847162003,12.040820152837963
UCB1_0.1,224,12.052599999999986,12.015311012580998,12.089888987418973
UCB1_0.1,225,12.097599999999993,12.060300587926207,12.134899412073779
UCB1_0.1,226,12.146199999999986,12.108854040754897,12.183545959245075
UCB1_0.1,227,12.194799999999988,12.157157608983011,12.232442391016965
UCB1_0.1,228,12.245599999999985,12.207572254548852,12.283627745451119
UCB1_0.1,229,12.291799999999999,12.253756859557845,12.329843140442152
UCB1_0.1,230,12.337999999999992,12.299382109662634,12.37661789033735
UCB1_0.1,231,12.38879999999999,12.350382124294278,12.4272178757057
UCB1_0.1,232,12.437399999999995,12.39854508453129,12.476254915468699
UCB1_0.1,233,12.486199999999982,12.447320491621719,12.525079508378246
UCB1_0.1,234,12.532399999999992,12.493295342881117,12.571504657118867
UCB1_0.1,235,12.580399999999974,12.541304636325881,12.619495363674067
UCB1_0.1,236,12.626199999999981,12.586425483730379,12.665974516269584
UCB1_0.1,237,12.675999999999979,12.636410718480578,12.71558928151938
UCB1_0.1,238,12.725799999999992,12.685738046440562,12.765861953559423
UCB1_0.1,239,12.772400000000001,12.73226471717525,12.812535282824753
UCB1_0.1,240,12.818399999999993,12.778204991688085,12.858595008311902
UCB1_0.1,241,12.868599999999988,12.828193656322954,12.909006343677023
UCB1_0.1,242,12.913399999999989,12.872886492262118,12.953913507737859
UCB1_0.1,243,12.959599999999988,12.919059194802507,13.000140805197468
UCB1_0.1,244,13.011799999999976,12.97122949432043,13.052370505679523
UCB1_0.1,245,13.059999999999977,13.019387840947228,13.100612159052726
UCB1_0.1,246,13.1078,13.067010119406527,13.148589880593471
UCB1_0.1,247,13.151000000000003,13.110057542153545,13.191942457846462
UCB1_0.1,248,13.198400000000001,13.157103831387257,13.239696168612745
UCB1_0.1,249,13.245199999999988,13.2037550050998,13.286644994900175
UCB1_0.1,250,13.292799999999978,13.251170478635807,13.33442952136415
UCB1_0.1,251,13.34039999999998,13.298422443105208,13.38237755689475
UCB1_0.1,252,13.387399999999992,13.345168890941473,13.429631109058512
UCB1_0.1,253,13.436199999999994,13.393811650046079,13.47858834995391
UCB1_0.1,254,13.483599999999983,13.44130788379952,13.525892116200446
UCB1_0.1,255,13.530599999999998,13.488261254226945,13.572938745773051
UCB1_0.1,256,13.577799999999991,13.535005170609548,13.620594829390434
UCB1_0.1,257,13.622799999999991,13.580160793332858,13.665439206667124
UCB1_0.1,258,13.673799999999988,13.631489455065926,13.716110544934049
UCB1_0.1,259,13.71879999999999,13.676272303663326,13.761327696336652
UCB1_0.1,260,13.765399999999987,13.722460089752385,13.80833991024759
UCB1_0.1,261,13.813999999999977,13.770836458492926,13.857163541507028
UCB1_0.1,262,13.861399999999982,13.81815751417309,13.904642485826875
UCB1_0.1,263,13.9072,13.863583647707694,13.950816352292305
UCB1_0.1,264,13.952599999999984,13.909190201811954,13.996009798188014
UCB1_0.1,265,14.00159999999998,13.958184509346697,14.045015490653263
UCB1_0.1,266,14.050199999999972,14.006496205473821,14.093903794526122
UCB1_0.1,267,14.098599999999974,14.054713556115312,14.142486443884637
UCB1_0.1,268,14.147199999999986,14.103373756229866,14.191026243770105
UCB1_0.1,269,14.1936,14.14952267479392,14.23767732520608
UCB1_0.1,270,14.2438,14.199421321064275,14.288178678935726
UCB1_0.1,271,14.289400000000002,14.245118045179858,14.333681954820147
UCB1_0.1,272,14.337199999999996,14.29271436375439,14.381685636245601
UCB1_0.1,273,14.38479999999999,14.340190557252557,14.429409442747422
UCB1_0.1,274,14.431799999999988,14.38715952131184,14.476440478688136
UCB1_0.1,275,14.482399999999982,14.43736790772528,14.527432092274685
UCB1_0.1,276,14.524599999999976,14.479608562797647,14.569591437202305
UCB1_0.1,277,14.574399999999965,14.529346167113477,14.619453832886453
UCB1_0.1,278,14.621999999999986,14.576993066096433,14.667006933903538
UCB1_0.1,279,14.668599999999993,14.623333978023027,14.713866021976958
UCB1_0.1,280,14.714399999999998,14.669035560839697,14.759764439160298
UCB1_0.1,281,14.758599999999992,14.713039685305313,14.804160314694672
UCB1_0.1,282,14.80359999999999,14.757770037260562,14.84942996273942
UCB1_0.1,283,14.849799999999975,14.80395383660468,14.89564616339527
UCB1_0.1,284,14.892199999999978,14.846198000804595,14.93820199919536
UCB1_0.1,285,14.938999999999993,14.89274267187124,14.985257328128746
UCB1_0.1,286,14.984799999999995,14.93873697397907,15.030863026020919
UCB1_0.1,287,15.032599999999979,14.986324514616648,15.07887548538331
UCB1_0.1,288,15.078999999999985,15.03254669984822,15.125453300151749
UCB1_0.1,289,15.125599999999997,15.079269032049496,15.171930967950498
UCB1_0.1,290,15.17339999999999,15.126724044684462,15.220075955315519
UCB1_0.1,291,15.219399999999993,15.17278914127426,15.266010858725727
UCB1_0.1,292,15.263199999999998,15.21634187088925,15.310058129110745
UCB1_0.1,293,15.312199999999994,15.26517905723372,15.359220942766267
UCB1_0.1,294,15.354599999999987,15.307581703136234,15.40161829686374
UCB1_0.1,295,15.398999999999987,15.351748127447468,15.446251872552505
UCB1_0.1,296,15.443199999999981,15.39610522521066,15.490294774789303
UCB1_0.1,297,15.488199999999972,15.440751252761917,15.535648747238028
UCB1_0.1,298,15.535999999999978,15.488055470127538,15.583944529872419
UCB1_0.1,299,15.581199999999985,15.533086959073367,15.629313040926602
UCB1_0.1,300,15.625399999999994,15.577174420815671,15.673625579184316
UCB1_0.1,301,15.667999999999997,15.6198542128443,15.716145787155694
UCB1_0.1,302,15.711799999999995,15.663607483438426,15.759992516561564
UCB1_0.1,303,15.759599999999981,15.711467659263866,15.807732340736097
UCB1_0.1,304,15.804600000000004,15.756130473599729,15.85306952640028
UCB1_0.1,305,15.850000000000001,15.801221639542748,15.898778360457255
UCB1_0.1,306,15.895999999999999,15.846978872690999,15.945021127309
UCB1_0.1,307,15.94379999999998,15.89423244691907,15.99336755308089
UCB1_0.1,308,15.989599999999973,15.939974216157983,16.039225783841964
UCB1_0.1,309,16.03279999999998,15.982899435847685,16.082700564152276
UCB1_0.1,310,16.080199999999994,16.030134337561723,16.130265662438266
UCB1_0.1,311,16.120799999999996,16.070563988792934,16.171036011207057
UCB1_0.1,312,16.164399999999997,16.113937287842557,16.214862712157437
UCB1_0.1,313,16.211999999999986,16.161579766252586,16.262420233747385
UCB1_0.1,314,16.25519999999997,16.204446710223657,16.305953289776284
UCB1_0.1,315,16.304599999999997,16.253973840284065,16.35522615971593
UCB1_0.1,316,16.3498,16.298996147907395,16.4006038520926
UCB1_0.1,317,16.393799999999988,16.342980875404603,16.444619124595373
UCB1_0.1,318,16.438399999999994,16.387563920424743,16.489236079575246
UCB1_0.1,319,16.484999999999996,16.43424958931822,16.53575041068177
UCB1_0.1,320,16.527199999999986,16.476099986025737,16.578300013974236
UCB1_0.1,321,16.571199999999994,16.520212319156602,16.622187680843385
UCB1_0.1,322,16.614599999999992,16.563594484393022,16.665605515606963
UCB1_0.1,323,16.65999999999999,16.608892465759798,16.71110753424018
UCB1_0.1,324,16.705599999999986,16.654552103919574,16.7566478960804
UCB1_0.1,325,16.750599999999977,16.699659972528,16.801540027471955
UCB1_0.1,326,16.797799999999974,16.746887522019225,16.848712477980722
UCB1_0.1,327,16.8438,16.79272097691821,16.894879023081792
UCB1_0.1,328,16.887999999999998,16.83652503144269,16.939474968557306
UCB1_0.1,329,16.934599999999996,16.882915562124314,16.98628443787568
UCB1_0.1,330,16.9814,16.92951254942491,17.03328745057509
UCB1_0.1,331,17.021800000000006,16.969629139383883,17.07397086061613
UCB1_0.1,332,17.063199999999995,17.01118423948536,17.11521576051463
UCB1_0.1,333,17.109599999999986,17.057243311085998,17.161956688913975
UCB1_0.1,334,17.15399999999999,17.101715693691382,17.206284306308596
UCB1_0.1,335,17.197799999999987,17.145789464327358,17.249810535672616
UCB1_0.1,336,17.24179999999999,17.18946353905812,17.29413646094186
UCB1_0.1,337,17.289799999999993,17.237269493853333,17.342330506146652
UCB1_0.1,338,17.33280000000001,17.279956199980393,17.385643800019626
UCB1_0.1,339,17.38019999999999,17.327503270605753,17.43289672939423
UCB1_0.1,340,17.42139999999999,17.36826867849961,17.474531321500372
UCB1_0.1,341,17.466600000000003,17.41316076511534,17.520039234884667
UCB1_0.1,342,17.509599999999992,17.456313444714098,17.562886555285885
UCB1_0.1,343,17.555399999999995,17.501891199327705,17.608908800672285
UCB1_0.1,344,17.598999999999997,17.54535984697231,17.652640153027683
UCB1_0.1,345,17.642199999999985,17.58879140738004,17.69560859261993
UCB1_0.1,346,17.687199999999986,17.63329232980061,17.741107670199362
UCB1_0.1,347,17.7314,17.677372652956254,17.785427347043747
UCB1_0.1,348,17.776599999999988,17.722339578792376,17.8308604212076
UCB1_0.1,349,17.82160000000001,17.76724452991222,17.875955470087803
UCB1_0.1,350,17.86840000000001,17.81384462665026,17.922955373349758
UCB1_0.1,351,17.911600000000018,17.856643639497094,17.966556360502942
UCB1_0.1,352,17.95460000000001,17.899533544398135,18.009666455601884
UCB1_0.1,353,18.001800000000003,17.94658430008171,18.057015699918296
UCB1_0.1,354,18.044400000000003,17.989144446512316,18.09965555348769
UCB1_0.1,355,18.084799999999994,18.029746819138957,18.13985318086103
UCB1_0.1,356,18.13120000000001,18.07560013291175,18.186799867088272
UCB1_0.1,357,18.178399999999986,18.122566144275183,18.23423385572479
UCB1_0.1,358,18.223199999999984,18.167296671882408,18.27910332811756
UCB1_0.1,359,18.26759999999999,18.211762228505965,18.323437771494017
UCB1_0.1,360,18.314999999999994,18.259120553608156,18.370879446391832
UCB1_0.1,361,18.355199999999993,18.29902389508162,18.411376104918364
UCB1_0.1,362,18.39879999999999,18.342675611877926,18.454924388122055
UCB1_0.1,363,18.44220000000001,18.386086545413043,18.498313454586977
UCB1_0.1,364,18.492400000000007,18.436571053162563,18.54822894683745
UCB1_0.1,365,18.534599999999998,18.47856180178122,18.590638198218777
UCB1_0.1,366,18.58039999999999,18.52398711067448,18.6368128893255
UCB1_0.1,367,18.621799999999997,18.564967737047898,18.678632262952096
UCB1_0.1,368,18.66639999999999,18.60990425310376,18.722895746896217
UCB1_0.1,369,18.709599999999995,18.652867858315687,18.766332141684302
UCB1_0.1,370,18.753399999999996,18.696606785117215,18.810193214882776
UCB1_0.1,371,18.795599999999993,18.73863001200357,18.852569987996418
UCB1_0.1,372,18.8404,18.78307791316109,18.897722086838908
UCB1_0.1,373,18.88200000000002,18.824485632681093,18.939514367318946
UCB1_0.1,374,18.925000000000022,18.867732523088396,18.982267476911648
UCB1_0.1,375,18.968400000000027,18.910871884717984,19.02592811528207
UCB1_0.1,376,19.008600000000012,18.950941915224256,19.066258084775768
UCB1_0.1,377,19.05640000000001,18.998688998210202,19.11411100178982
UCB1_0.1,378,19.098799999999997,19.040989067400286,19.15661093259971
UCB1_0.1,379,19.138799999999996,19.080988002061822,19.19661199793817
UCB1_0.1,380,19.184600000000003,19.12652173178576,19.242678268214245
UCB1_0.1,381,19.227999999999973,19.170249194965198,19.28575080503475
UCB1_0.1,382,19.270599999999998,19.212831891618816,19.32836810838118
UCB1_0.1,383,19.313399999999998,19.25547984719625,19.371320152803747
UCB1_0.1,384,19.353800000000014,19.29583167668799,19.41176832331204
UCB1_0.1,385,19.398800000000016,19.340680937558936,19.456919062441095
UCB1_0.1,386,19.443399999999993,19.38533806492703,19.501461935072957
UCB1_0.1,387,19.4828,19.42452050844092,19.54107949155908
UCB1_0.1,388,19.525600000000004,19.466896662806594,19.584303337193415
UCB1_0.1,389,19.567400000000013,19.508611965465963,19.626188034534064
UCB1_0.1,390,19.615,19.555729557292377,19.67427044270762
UCB1_0.1,391,19.660999999999987,19.60172020599939,19.720279794000586
UCB1_0.1,392,19.700599999999994,19.64137733425178,19.75982266574821
UCB1_0.1,393,19.747400000000017,19.688320917801025,19.806479082199008
UCB1_0.1,394,19.793200000000013,19.734210866317465,19.85218913368256
UCB1_0.1,395,19.837400000000017,19.778552803497206,19.896247196502827
UCB1_0.1,396,19.877400000000023,19.818293819528705,19.93650618047134
UCB1_0.1,397,19.921400000000027,19.862014908369687,19.980785091630366
UCB1_0.1,398,19.965400000000024,19.906164128323525,20.024635871676523
UCB1_0.1,399,20.01139999999999,19.95206367248595,20.070736327514034
UCB1_0.1,400,20.053000000000004,19.993635073180606,20.112364926819403
UCB1_0.1,401,20.099,20.039665686163932,20.158334313836068
UCB1_0.1,402,20.144399999999965,20.084793212457853,20.204006787542077
UCB1_0.1,403,20.1868,20.126974234818174,20.24662576518183
UCB1_0.1,404,20.22740000000002,20.167738952725507,20.287061047274534
UCB1_0.1,405,20.272199999999994,20.212336838172373,20.332063161827616
UCB1_0.1,406,20.317599999999995,20.257234622028154,20.377965377971837
UCB1_0.1,407,20.36159999999999,20.30090678237281,20.422293217627168
UCB1_0.1,408,20.399599999999992,20.339362954937307,20.459837045062677
UCB1_0.1,409,20.440399999999983,20.380062838993812,20.500737161006153
UCB1_0.1,410,20.48419999999999,20.42382951325944,20.54457048674054
UCB1_0.1,411,20.5274,20.467306946033354,20.587493053966647
UCB1_0.1,412,20.573799999999995,20.51354929923995,20.63405070076004
UCB1_0.1,413,20.6156,20.554950483330924,20.676249516669078
UCB1_0.1,414,20.6588,20.597799510851594,20.719800489148405
UCB1_0.1,415,20.700800000000005,20.639813597011706,20.761786402988303
UCB1_0.1,416,20.744400000000024,20.683565945497445,20.805234054502602
UCB1_0.1,417,20.78740000000004,20.726693097400627,20.848106902599454
UCB1_0.1,418,20.83200000000002,20.770866292443554,20.893133707556483
UCB1_0.1,419,20.877800000000008,20.816528480859155,20.93907151914086
UCB1_0.1,420,20.92020000000001,20.85890556708735,20.981494432912665
UCB1_0.1,421,20.96500000000003,20.90364386310183,21.026356136898226
UCB1_0.1,422,21.006200000000007,20.944504356436937,21.067895643563077
UCB1_0.1,423,21.048400000000004,20.986271882750938,21.11052811724907
UCB1_0.1,424,21.088,21.025316834463442,21.15068316553656
UCB1_0.1,425,21.130800000000008,21.068309009473804,21.19329099052621
UCB1_0.1,426,21.173200000000016,21.11047596425811,21.23592403574192
UCB1_0.1,427,21.214800000000004,21.152170592680484,21.277429407319524
UCB1_0.1,428,21.260999999999985,21.19793706603652,21.32406293396345
UCB1_0.1,429,21.301599999999997,21.238336052913127,21.364863947086867
UCB1_0.1,430,21.339600000000015,21.276411886969598,21.402788113030432
UCB1_0.1,431,21.38320000000002,21.320148129715907,21.446251870284133
UCB1_0.1,432,21.425399999999986,21.362210485869234,21.488589514130737
UCB1_0.1,433,21.46580000000001,21.402435560711993,21.529164439288024
UCB1_0.1,434,21.511800000000015,21.448314761919494,21.575285238080536
UCB1_0.1,435,21.555000000000025,21.491287537830747,21.618712462169302
UCB1_0.1,436,21.600000000000026,21.53612793548626,21.663872064513793
UCB1_0.1,437,21.643800000000024,21.579815845509682,21.707784154490366
UCB1_0.1,438,21.689200000000007,21.625151999279105,21.75324800072091
UCB1_0.1,439,21.73119999999998,21.667128973015938,21.79527102698402
UCB1_0.1,440,21.7728,21.708109933570125,21.837490066429876
UCB1_0.1,441,21.815800000000007,21.750953615790536,21.880646384209477
UCB1_0.1,442,21.859200000000033,21.794588812167444,21.923811187832623
UCB1_0.1,443,21.901400000000038,21.836629185076497,21.96617081492358
UCB1_0.1,444,21.936800000000055,21.871534969550115,22.002065030449995
UCB1_0.1,445,21.981400000000026,21.91610499833364,22.04669500166641
UCB1_0.1,446,22.02460000000001,21.959327356920713,22.089872643079307
UCB1_0.1,447,22.067800000000016,22.00214114846817,22.133458851531863
UCB1_0.1,448,22.104400000000016,22.03869675565178,22.17010324434825
UCB1_0.1,449,22.14780000000001,22.081977668927284,22.213622331072738
UCB1_0.1,450,22.1902,22.12414481525015,22.25625518474985
UCB1_0.1,451,22.229000000000006,22.16275075425393,22.29524924574608
UCB1_0.1,452,22.275800000000004,22.2094824971435,22.342117502856507
UCB1_0.1,453,22.316999999999997,22.250662960264403,22.38333703973559
UCB1_0.1,454,22.355199999999986,22.288722571233954,22.421677428766017
UCB1_0.1,455,22.398000000000014,22.331601190922637,22.46439880907739
UCB1_0.1,456,22.441800000000033,22.375371239858207,22.508228760141858
UCB1_0.1,457,22.483000000000033,22.416588728025385,22.54941127197468
UCB1_0.1,458,22.522800000000032,22.456014818243023,22.58958518175704
UCB1_0.1,459,22.561200000000035,22.49423900316167,22.6281609968384
UCB1_0.1,460,22.60340000000002,22.536395679870342,22.670404320129695
UCB1_0.1,461,22.648,22.581059618401316,22.714940381598684
UCB1_0.1,462,22.688800000000004,22.621973655044197,22.75562634495581
UCB1_0.1,463,22.728200000000015,22.66106618277753,22.7953338172225
UCB1_0.1,464,22.769600000000004,22.70231892447251,22.836881075527497
UCB1_0.1,465,22.80939999999999,22.74183484770936,22.87696515229062
UCB1_0.1,466,22.851200000000013,22.78374164458259,22.918658355417435
UCB1_0.1,467,22.892599999999998,22.82496460398907,22.960235396010926
UCB1_0.1,468,22.930000000000017,22.862259127229677,22.997740872770358
UCB1_0.1,469,22.972000000000023,22.90415034004574,23.039849659954307
UCB1_0.1,470,23.015400000000042,22.947652147345018,23.083147852655067
UCB1_0.1,471,23.05920000000003,22.991246068195846,23.127153931804212
UCB1_0.1,472,23.097600000000035,23.02928794153719,23.16591205846288
UCB1_0.1,473,23.13980000000002,23.071134886853685,23.208465113146353
UCB1_0.1,474,23.17880000000001,23.109824204307788,23.24777579569223
UCB1_0.1,475,23.2216,23.152701099433976,23.29049890056602
UCB1_0.1,476,23.266400000000008,23.197466603501404,23.335333396498612
UCB1_0.1,477,23.306600000000024,23.2377501138021,23.37544988619795
UCB1_0.1,478,23.34540000000003,23.27642151002201,23.41437848997805
UCB1_0.1,479,23.38740000000004,23.318275323646873,23.456524676353204
UCB1_0.1,480,23.428000000000043,23.35849797843806,23.497502021562028
UCB1_0.1,481,23.469000000000058,23.399555435375373,23.538444564624744
UCB1_0.1,482,23.510800000000053,23.441230035565283,23.580369964434823
UCB1_0.1,483,23.55060000000004,23.480675924699312,23.620524075300764
UCB1_0.1,484,23.59780000000004,23.52781014263785,23.667789857362227
UCB1_0.1,485,23.636400000000002,23.566360668569565,23.70643933143044
UCB1_0.1,486,23.679800000000014,23.609349849435937,23.750250150564092
UCB1_0.1,487,23.719600000000003,23.649020808488363,23.790179191511644
UCB1_0.1,488,23.763600000000007,23.692980504975736,23.83421949502428
UCB1_0.1,489,23.80440000000002,23.733892574296007,23.87490742570403
UCB1_0.1,490,23.846600000000024,23.77592528856885,23.917274711431197
UCB1_0.1,491,23.886800000000036,23.815908994784472,23.9576910052156
UCB1_0.1,492,23.928800000000024,23.857381823669254,24.000218176330794
UCB1_0.1,493,23.96960000000003,23.898070595771934,24.04112940422813
UCB1_0.1,494,24.008200000000034,23.936578260669567,24.0798217393305
UCB1_0.1,495,24.05160000000005,23.979914618513686,24.123285381486415
UCB1_0.1,496,24.091200000000015,24.019627195936213,24.162772804063817
UCB1_0.1,497,24.13280000000004,24.060890155126813,24.204709844873264
UCB1_0.1,498,24.17280000000004,24.100271021689977,24.245328978310106
UCB1_0.1,499,24.213400000000043,24.14114857667182,24.285651423328265
UCB1_0.1,500,24.25700000000004,24.184545848017706,24.329454151982375
UCB1_0.1,501,24.297200000000046,24.22439916281047,24.37000083718962
UCB1_0.1,502,24.33740000000003,24.264220031930748,24.410579968069314
UCB1_0.1,503,24.375200000000014,24.301963049965398,24.44843695003463
UCB1_0.1,504,24.41520000000003,24.341762337414377,24.488637662585685
UCB1_0.1,505,24.453600000000037,24.37990709220664,24.527292907793434
UCB1_0.1,506,24.4972,24.423384698108734,24.571015301891265
UCB1_0.1,507,24.537000000000013,24.46301287116217,24.610987128837856
UCB1_0.1,508,24.577200000000023,24.503200949707466,24.65119905029258
UCB1_0.1,509,24.62040000000004,24.546152528193737,24.69464747180634
UCB1_0.1,510,24.660400000000042,24.585707586769,24.735092413231083
UCB1_0.1,511,24.69880000000006,24.624202125298346,24.77339787470177
UCB1_0.1,512,24.738800000000065,24.66407344107615,24.81352655892398
UCB1_0.1,513,24.779200000000074,24.70424955595551,24.854150444044638
UCB1_0.1,514,24.817200000000046,24.742133740891006,24.892266259109086
UCB1_0.1,515,24.858200000000043,24.783114841948994,24.933285158051092
UCB1_0.1,516,24.894800000000057,24.819927372779652,24.96967262722046
UCB1_0.1,517,24.936200000000056,24.861203235157394,25.01119676484272
UCB1_0.1,518,24.97640000000005,24.90134918351523,25.051450816484873
UCB1_0.1,519,25.018200000000043,24.942941967713253,25.093458032286833
UCB1_0.1,520,25.05960000000006,24.983958359405268,25.135241640594852
UCB1_0.1,521,25.10000000000009,25.02420015133193,25.17579984866825
UCB1_0.1,522,25.14560000000007,25.0697168814254,25.22148311857474
UCB1_0.1,523,25.190600000000057,25.114775188780765,25.26642481121935
UCB1_0.1,524,25.231600000000054,25.155704667424054,25.307495332576053
UCB1_0.1,525,25.27100000000005,25.194852631455415,25.347147368544686
UCB1_0.1,526,25.309600000000067,25.233324904085332,25.385875095914802
UCB1_0.1,527,25.350800000000074,25.274610162558254,25.426989837441894
UCB1_0.1,528,25.386400000000066,25.309921937476076,25.462878062524055
UCB1_0.1,529,25.42760000000007,25.35102218398669,25.50417781601345
UCB1_0.1,530,25.466000000000065,25.38908885038787,25.54291114961226
UCB1_0.1,531,25.507200000000065,25.429872364180554,25.584527635819576
UCB1_0.1,532,25.548200000000065,25.470618479551813,25.625781520448317
UCB1_0.1,533,25.58220000000005,25.504639996110683,25.659760003889417
UCB1_0.1,534,25.62300000000006,25.545408842703747,25.700591157296376
UCB1_0.1,535,25.66460000000005,25.58686630316054,25.74233369683956
UCB1_0.1,536,25.701200000000068,25.6237325913756,25.778667408624536
UCB1_0.1,537,25.740600000000075,25.66277302562532,25.81842697437483
UCB1_0.1,538,25.78300000000005,25.705186907232754,25.860813092767348
UCB1_0.1,539,25.822800000000075,25.744831278576974,25.900768721423177
UCB1_0.1,540,25.859600000000064,25.78160128331898,25.937598716681148
UCB1_0.1,541,25.896400000000067,25.81808119940416,25.974718800595976
UCB1_0.1,542,25.936600000000052,25.858170525019663,26.01502947498044
UCB1_0.1,543,25.976800000000072,25.89807359904813,26.055526400952015
UCB1_0.1,544,26.01580000000008,25.937021367568388,26.094578632431773
UCB1_0.1,545,26.055000000000067,25.975906121683384,26.13409387831675
UCB1_0.1,546,26.09500000000009,26.015748595961522,26.17425140403866
UCB1_0.1,547,26.135600000000085,26.056076211171664,26.215123788828507
UCB1_0.1,548,26.177000000000085,26.097584790460523,26.256415209539647
UCB1_0.1,549,26.216400000000082,26.136785340328654,26.29601465967151
UCB1_0.1,550,26.25860000000007,26.178418050556562,26.338781949443575
UCB1_0.1,551,26.299600000000098,26.21934828826033,26.379851711739864
UCB1_0.1,552,26.338600000000103,26.258146598138712,26.419053401861493
UCB1_0.1,553,26.3808000000001,26.30050841404801,26.46109158595219
UCB1_0.1,554,26.41440000000007,26.334137122711816,26.494662877288327
UCB1_0.1,555,26.452400000000058,26.371871793657174,26.53292820634294
UCB1_0.1,556,26.491800000000072,26.410952234266688,26.572647765733457
UCB1_0.1,557,26.52980000000009,26.448461457105637,26.611138542894544
UCB1_0.1,558,26.57240000000011,26.490937264764714,26.653862735235503
UCB1_0.1,559,26.6122000000001,26.530529953143134,26.693870046857068
UCB1_0.1,560,26.6536000000001,26.572057504189793,26.735142495810408
UCB1_0.1,561,26.693000000000083,26.611758101750087,26.77424189825008
UCB1_0.1,562,26.734600000000082,26.65309830986252,26.816101690137643
UCB1_0.1,563,26.773600000000084,26.69202654290322,26.855173457096946
UCB1_0.1,564,26.81400000000008,26.732436879645327,26.895563120354836
UCB1_0.1,565,26.856200000000065,26.774206774695873,26.938193225304257
UCB1_0.1,566,26.896400000000064,26.814715066343354,26.978084933656774
UCB1_0.1,567,26.93760000000005,26.855743753314712,27.019456246685387
UCB1_0.1,568,26.97340000000006,26.89141565370711,27.055384346293007
UCB1_0.1,569,27.014000000000078,26.93205080171847,27.095949198281684
UCB1_0.1,570,27.053200000000107,26.971042241909583,27.13535775809063
UCB1_0.1,571,27.094000000000104,27.01150212937233,27.176497870627877
UCB1_0.1,572,27.133200000000123,27.0506063578169,27.215793642183346
UCB1_0.1,573,27.17540000000012,27.092518044474254,27.258281955525987
UCB1_0.1,574,27.216000000000093,27.132956155019393,27.299043844980794
UCB1_0.1,575,27.253600000000098,27.17049392493242,27.336706075067777
UCB1_0.1,576,27.29440000000009,27.211570365257252,27.377229634742925
UCB1_0.1,577,27.333400000000108,27.25038024147227,27.416419758527944
UCB1_0.1,578,27.374800000000107,27.291520047877622,27.458079952122592
UCB1_0.1,579,27.414200000000086,27.330684956681694,27.49771504331848
UCB1_0.1,580,27.452200000000094,27.36819245994037,27.536207540059817
UCB1_0.1,581,27.4936000000001,27.409353437252427,27.577846562747773
UCB1_0.1,582,27.535000000000103,27.451039217571804,27.618960782428402
UCB1_0.1,583,27.576600000000088,27.49241224364771,27.660787756352466
UCB1_0.1,584,27.61260000000008,27.52812245757894,27.697077542421216
UCB1_0.1,585,27.652200000000093,27.567611626430207,27.73678837356998
UCB1_0.1,586,27.6910000000001,27.606176964995832,27.775823035004365
UCB1_0.1,587,27.730000000000107,27.645196889307357,27.814803110692857
UCB1_0.1,588,27.767400000000087,27.682712386394766,27.85208761360541
UCB1_0.1,589,27.80740000000009,27.722635696603977,27.892164303396203
UCB1_0.1,590,27.846000000000064,27.761095999721356,27.930904000278773
UCB1_0.1,591,27.88780000000007,27.802646687264442,27.972953312735697
UCB1_0.1,592,27.92400000000009,27.83863391231503,28.009366087685148
UCB1_0.1,593,27.96060000000007,27.874920485610573,28.046279514389568
UCB1_0.1,594,27.99840000000009,27.912390022046228,28.08440997795395
UCB1_0.1,595,28.03760000000008,27.95141705133592,28.12378294866424
UCB1_0.1,596,28.077000000000087,27.990742728091487,28.163257271908687
UCB1_0.1,597,28.118600000000104,28.03192501397453,28.205274986025678
UCB1_0.1,598,28.157600000000105,28.070935308991,28.24426469100921
UCB1_0.1,599,28.195800000000094,28.10910688208558,28.28249311791461
UCB1_0.1,600,28.230000000000086,28.14320137566552,28.316798624334652
UCB1_0.1,601,28.266400000000093,28.1794520071224,28.353347992877787
UCB1_0.1,602,28.307200000000094,28.22019194643214,28.394208053568047
UCB1_0.1,603,28.344800000000074,28.257343404557275,28.432256595442873
UCB1_0.1,604,28.38440000000007,28.296996075027277,28.471803924972864
UCB1_0.1,605,28.42100000000008,28.333417350040467,28.508582649959695
UCB1_0.1,606,28.456800000000108,28.369379468111863,28.544220531888353
UCB1_0.1,607,28.496800000000093,28.409253803114044,28.58434619688614
UCB1_0.1,608,28.532200000000106,28.444467863182556,28.619932136817656
UCB1_0.1,609,28.574000000000122,28.486051348119975,28.66194865188027
UCB1_0.1,610,28.615400000000147,28.527350790970708,28.703449209029586
UCB1_0.1,611,28.652200000000132,28.563965958170535,28.74043404182973
UCB1_0.1,612,28.6884000000001,28.599956353842224,28.776843646157978
UCB1_0.1,613,28.726200000000112,28.637796920998607,28.814603079001618
UCB1_0.1,614,28.765200000000092,28.676637898460378,28.853762101539807
UCB1_0.1,615,28.804400000000072,28.716010547394504,28.89278945260564
UCB1_0.1,616,28.838600000000078,28.749724592741607,28.927475407258548
UCB1_0.1,617,28.876000000000065,28.787098005387502,28.964901994612628
UCB1_0.1,618,28.91400000000004,28.824982906615514,29.003017093384567
UCB1_0.1,619,28.95480000000004,28.86540004329093,29.044199956709154
UCB1_0.1,620,28.99080000000008,28.90130199586904,29.080298004131116
UCB1_0.1,621,29.0306000000001,28.941058640366585,29.120141359633614
UCB1_0.1,622,29.066600000000108,28.977099024795738,29.156100975204478
UCB1_0.1,623,29.10560000000012,29.015732303263853,29.195467696736387
UCB1_0.1,624,29.143800000000127,29.053697332474783,29.23390266752547
UCB1_0.1,625,29.179200000000122,29.08909110393179,29.269308896068456
UCB1_0.1,626,29.217400000000133,29.127337684041237,29.30746231595903
UCB1_0.1,627,29.25580000000011,29.16573131081961,29.345868689180612
UCB1_0.1,628,29.294000000000082,29.20368472723967,29.384315272760496
UCB1_0.1,629,29.330400000000065,29.23967174619804,29.421128253802088
UCB1_0.1,630,29.36820000000007,29.277125656428755,29.459274343571384
UCB1_0.1,631,29.40980000000007,29.318553578808704,29.50104642119144
UCB1_0.1,632,29.449200000000076,29.358175940842933,29.540224059157218
UCB1_0.1,633,29.489400000000078,29.398179582434658,29.5806204175655
UCB1_0.1,634,29.52720000000008,29.4360947487193,29.61830525128086
UCB1_0.1,635,29.565800000000117,29.474495954397312,29.65710404560292
UCB1_0.1,636,29.60140000000012,29.509987767353262,29.692812232646975
UCB1_0.1,637,29.64380000000013,29.551845178199983,29.735754821800278
UCB1_0.1,638,29.68200000000013,29.59005462079751,29.77394537920275
UCB1_0.1,639,29.72180000000011,29.629898641558576,29.81370135844164
UCB1_0.1,640,29.75980000000011,29.667991707135304,29.851608292864913
UCB1_0.1,641,29.794600000000116,29.702317186338618,29.886882813661614
UCB1_0.1,642,29.829600000000077,29.737485313622816,29.92171468637734
UCB1_0.1,643,29.868200000000083,29.775976523183253,29.960423476816914
UCB1_0.1,644,29.905800000000085,29.813422318663246,29.998177681336923
UCB1_0.1,645,29.946600000000103,29.85426641180368,30.038933588196528
UCB1_0.1,646,29.985000000000106,29.89261362522282,30.077386374777394
UCB1_0.1,647,30.02420000000013,29.93181031873018,30.116589681270078
UCB1_0.1,648,30.0616000000001,29.969398368527003,30.1538016314732
UCB1_0.1,649,30.1008000000001,30.00901538249382,30.192584617506377
UCB1_0.1,650,30.140000000000114,30.047974107677813,30.232025892322415
UCB1_0.1,651,30.176000000000105,30.08362408378493,30.26837591621528
UCB1_0.1,652,30.214400000000108,30.12193875649371,30.306861243506507
UCB1_0.1,653,30.252800000000118,30.15998392447727,30.345616075522965
UCB1_0.1,654,30.28940000000012,30.196652981684377,30.382147018315866
UCB1_0.1,655,30.32860000000011,30.23544323746222,30.421756762538003
UCB1_0.1,656,30.368200000000094,30.27483328743688,30.461566712563307
UCB1_0.1,657,30.405000000000104,30.311488844813738,30.49851115518647
UCB1_0.1,658,30.445200000000128,30.351731584519513,30.538668415480743
UCB1_0.1,659,30.485200000000145,30.391630164925242,30.578769835075047
UCB1_0.1,660,30.522000000000123,30.428469046997712,30.615530953002533
UCB1_0.1,661,30.55920000000013,30.465806633384464,30.652593366615793
UCB1_0.1,662,30.59940000000012,30.505728251885557,30.693071748114683
UCB1_0.1,663,30.63860000000011,30.545042133628286,30.732157866371935
UCB1_0.1,664,30.675600000000117,30.58161215990247,30.769587840097763
UCB1_0.1,665,30.713000000000125,30.618758319455345,30.807241680544905
UCB1_0.1,666,30.750600000000112,30.656261622034606,30.84493837796562
UCB1_0.1,667,30.78780000000009,30.693236188203425,30.882363811796754
UCB1_0.1,668,30.825800000000093,30.731079876740814,30.920520123259372
UCB1_0.1,669,30.860600000000098,30.76594031432646,30.955259685673735
UCB1_0.1,670,30.896600000000106,30.8018419245874,30.991358075412812
UCB1_0.1,671,30.934600000000128,30.83970819258496,31.029491807415294
UCB1_0.1,672,30.97060000000016,30.875667117110428,31.065532882889894
UCB1_0.1,673,31.008800000000146,30.91360283417177,31.103997165828524
UCB1_0.1,674,31.045000000000158,30.949898614673852,31.140101385326464
UCB1_0.1,675,31.08120000000016,30.985908909537116,31.1764910904632
UCB1_0.1,676,31.120600000000174,31.025015724930842,31.216184275069505
UCB1_0.1,677,31.157800000000165,31.06193891775983,31.2536610822405
UCB1_0.1,678,31.19860000000017,31.102577675374167,31.29462232462617
UCB1_0.1,679,31.23680000000014,31.140863191309442,31.33273680869084
UCB1_0.1,680,31.27220000000014,31.175797231828607,31.368602768171673
UCB1_0.1,681,31.310200000000155,31.213481954235025,31.406918045765284
UCB1_0.1,682,31.349800000000165,31.253189312399932,31.446410687600398
UCB1_0.1,683,31.38540000000016,31.288549478679684,31.482250521320637
UCB1_0.1,684,31.42000000000015,31.322865594264822,31.51713440573548
UCB1_0.1,685,31.456000000000166,31.358549713301997,31.553450286698336
UCB1_0.1,686,31.491600000000158,31.394169250442705,31.58903074955761
UCB1_0.1,687,31.528400000000154,31.431023628689722,31.625776371310586
UCB1_0.1,688,31.56600000000014,31.468471534411883,31.6635284655884
UCB1_0.1,689,31.605000000000153,31.507077998976026,31.70292200102428
UCB1_0.1,690,31.643800000000166,31.545804652262895,31.741795347737437
UCB1_0.1,691,31.676600000000175,31.578824441732284,31.774375558268066
UCB1_0.1,692,31.711000000000183,31.61283207093272,31.809167929067648
UCB1_0.1,693,31.74940000000018,31.651254006653183,31.847545993347175
UCB1_0.1,694,31.78780000000018,31.68938096254105,31.886219037459306
UCB1_0.1,695,31.825600000000176,31.727160881708368,31.924039118291983
UCB1_0.1,696,31.86400000000018,31.765181553100344,31.962818446900013
UCB1_0.1,697,31.89880000000019,31.79981596294686,31.99778403705352
UCB1_0.1,698,31.934000000000196,31.835090444520805,32.032909555479584
UCB1_0.1,699,31.96860000000021,31.869633250983433,32.06756674901699
UCB1_0.1,700,32.00540000000019,31.90622667035702,32.104573329643365
UCB1_0.1,701,32.04320000000017,31.943731235540977,32.142668764459366
UCB1_0.1,702,32.082400000000185,31.982954593642425,32.181845406357944
UCB1_0.1,703,32.119000000000206,32.01923890117668,32.218761098823734
UCB1_0.1,704,32.15760000000023,32.057494419532155,32.257705580468304
UCB1_0.1,705,32.1970000000002,32.09704801006612,32.296951989934286
UCB1_0.1,706,32.234400000000186,32.13430309476669,32.33449690523368
UCB1_0.1,707,32.26860000000016,32.16848089289596,32.36871910710437
UCB1_0.1,708,32.3072000000002,32.20718882928689,32.40721117071351
UCB1_0.1,709,32.3418000000002,32.2423274044567,32.441272595543694
UCB1_0.1,710,32.38220000000022,32.282494318694276,32.48190568130616
UCB1_0.1,711,32.415200000000226,32.31541151101206,32.514988488988394
UCB1_0.1,712,32.44940000000021,32.34906330292677,32.54973669707365
UCB1_0.1,713,32.485600000000225,32.38500380037814,32.58619619962231
UCB1_0.1,714,32.52620000000022,32.42533703023663,32.62706296976381
UCB1_0.1,715,32.56480000000023,32.464023034331035,32.66557696566943
UCB1_0.1,716,32.60100000000023,32.500054422980526,32.70194557701993
UCB1_0.1,717,32.64180000000023,32.54057819752554,32.74302180247492
UCB1_0.1,718,32.679400000000236,32.57813550524989,32.78066449475058
UCB1_0.1,719,32.715000000000224,32.613945575488344,32.8160544245121
UCB1_0.1,720,32.74860000000023,32.647491384515796,32.849708615484666
UCB1_0.1,721,32.78560000000024,32.68461272845735,32.88658727154312
UCB1_0.1,722,32.82060000000024,32.71942525410155,32.92177474589893
UCB1_0.1,723,32.85780000000024,32.75666012854834,32.95893987145214
UCB1_0.1,724,32.89420000000022,32.79304234887132,32.99535765112912
UCB1_0.1,725,32.92940000000024,32.82829528305377,33.030504716946716
UCB1_0.1,726,32.96120000000025,32.85975552783316,33.062644472167335
UCB1_0.1,727,32.99940000000025,32.89802213993667,33.10077786006383
UCB1_0.1,728,33.03540000000025,32.93382385802624,33.136976141974266
UCB1_0.1,729,33.06860000000024,32.96687741335698,33.17032258664349
UCB1_0.1,730,33.104000000000234,33.002415628930216,33.20558437107025
UCB1_0.1,731,33.13840000000028,33.036922487774255,33.23987751222631
UCB1_0.1,732,33.17320000000025,33.07187143218375,33.27452856781675
UCB1_0.1,733,33.21560000000025,33.11396968920375,33.31723031079675
UCB1_0.1,734,33.25160000000025,33.15000072154921,33.35319927845129
UCB1_0.1,735,33.28700000000026,33.18548283478735,33.38851716521317
UCB1_0.1,736,33.321800000000266,33.220214084438545,33.42338591556199
UCB1_0.1,737,33.36020000000025,33.25869250578116,33.46170749421933
UCB1_0.1,738,33.39500000000025,33.29313670530775,33.49686329469275
UCB1_0.1,739,33.42800000000024,33.32582651531293,33.530173484687545
UCB1_0.1,740,33.464400000000225,33.36181156196315,33.5669884380373
UCB1_0.1,741,33.50260000000024,33.39963251949474,33.60556748050575
UCB1_0.1,742,33.54000000000023,33.4370883573723,33.64291164262815
UCB1_0.1,743,33.57440000000024,33.471181182051154,33.67761881794932
UCB1_0.1,744,33.613000000000255,33.50964007527467,33.71635992472584
UCB1_0.1,745,33.64820000000026,33.54481602887609,33.751583971124425
UCB1_0.1,746,33.68120000000029,33.57761405824925,33.78478594175132
UCB1_0.1,747,33.71780000000029,33.61429522614258,33.821304773857996
UCB1_0.1,748,33.75640000000027,33.65260422217131,33.860195777829226
UCB1_0.1,749,33.794000000000295,33.68970311276883,33.89829688723176
UCB1_0.1,750,33.8302000000003,33.72562947468939,33.934770525311215
UCB1_0.1,751,33.86600000000025,33.76171492371859,33.970285076281904
UCB1_0.1,752,33.90020000000027,33.79585824482806,34.004541755172475
UCB1_0.1,753,33.935000000000265,33.83065621435298,34.03934378564755
UCB1_0.1,754,33.974400000000266,33.87015107944508,34.07864892055545
UCB1_0.1,755,34.00800000000025,33.90396133945054,34.11203866054996
UCB1_0.1,756,34.04660000000028,33.94265637932654,34.15054362067402
UCB1_0.1,757,34.08560000000027,33.98098219559947,34.190217804401065
UCB1_0.1,758,34.119800000000296,34.01505734298478,34.22454265701581
UCB1_0.1,759,34.158600000000256,34.05381038399861,34.2633896160019
UCB1_0.1,760,34.19440000000027,34.08957429578906,34.29922570421148
UCB1_0.1,761,34.22660000000028,34.12163984382769,34.33156015617288
UCB1_0.1,762,34.263000000000304,34.157874993531,34.368125006469604
UCB1_0.1,763,34.300400000000295,34.19489089939134,34.40590910060925
UCB1_0.1,764,34.33640000000026,34.23078168175183,34.44201831824869
UCB1_0.1,765,34.369400000000255,34.26347276336221,34.4753272366383
UCB1_0.1,766,34.406600000000246,34.300733365216054,34.51246663478444
UCB1_0.1,767,34.44400000000024,34.33791660732635,34.550083392674125
UCB1_0.1,768,34.481000000000286,34.374558890232976,34.587441109767596
UCB1_0.1,769,34.51520000000027,34.408604584758464,34.621795415242076
UCB1_0.1,770,34.55120000000025,34.4444195089228,34.6579804910777
UCB1_0.1,771,34.587600000000215,34.480747879654324,34.69445212034611
UCB1_0.1,772,34.62540000000022,34.51852595736747,34.732274042632966
UCB1_0.1,773,34.66160000000024,34.5546830839463,34.76851691605418
UCB1_0.1,774,34.69580000000025,34.589004232573664,34.80259576742683
UCB1_0.1,775,34.729800000000246,34.622582289682015,34.83701771031848
UCB1_0.1,776,34.767400000000265,34.659953291792995,34.874846708207535
UCB1_0.1,777,34.800400000000295,34.6928071312892,34.90799286871139
UCB1_0.1,778,34.835200000000285,34.72756559847058,34.942834401529986
UCB1_0.1,779,34.87300000000026,34.765115191677054,34.98088480832347
UCB1_0.1,780,34.90540000000028,34.79751162947371,35.013288370526844
UCB1_0.1,781,34.94520000000029,34.8371602403634,35.05323975963718
UCB1_0.1,782,34.985200000000304,34.8769344488633,35.09346555113731
UCB1_0.1,783,35.021200000000256,34.91283886439338,35.12956113560713
UCB1_0.1,784,35.06140000000027,34.95255189284083,35.17024810715971
UCB1_0.1,785,35.09660000000027,34.98791191208297,35.20528808791757
UCB1_0.1,786,35.13460000000023,35.02554087560656,35.24365912439391
UCB1_0.1,787,35.16860000000022,35.059623809259186,35.27757619074125
UCB1_0.1,788,35.20640000000026,35.09748864511669,35.315311354883825
UCB1_0.1,789,35.24200000000025,35.13276830550931,35.3512316944912
UCB1_0.1,790,35.27400000000027,35.16443165028504,35.3835683497155
UCB1_0.1,791,35.31040000000027,35.20060676415049,35.42019323585005
UCB1_0.1,792,35.34340000000027,35.23369639184131,35.45310360815923
UCB1_0.1,793,35.38060000000025,35.27082808942404,35.49037191057646
UCB1_0.1,794,35.4154000000003,35.30543122120874,35.52536877879185
UCB1_0.1,795,35.44980000000028,35.339444163752894,35.56015583624767
UCB1_0.1,796,35.487800000000284,35.37748284635095,35.59811715364962
UCB1_0.1,797,35.52540000000028,35.41519093926195,35.63560906073862
UCB1_0.1,798,35.559200000000274,35.44886665020019,35.66953334980036
UCB1_0.1,799,35.59140000000027,35.480747167007046,35.702052832993495
UCB1_0.1,800,35.627200000000286,35.51625693147313,35.73814306852744
UCB1_0.1,801,35.6640000000003,35.552940280464334,35.775059719536266
UCB1_0.1,802,35.69700000000027,35.58541376499395,35.808586235006594
UCB1_0.1,803,35.73280000000024,35.62128991852482,35.844310081475655
UCB1_0.1,804,35.768000000000235,35.65637496354009,35.87962503646038
UCB1_0.1,805,35.805400000000304,35.69372480583494,35.91707519416567
UCB1_0.1,806,35.84280000000025,35.73104427049583,35.954555729504676
UCB1_0.1,807,35.87800000000023,35.765937870138714,35.99006212986174
UCB1_0.1,808,35.91440000000025,35.80190738040868,36.02689261959182
UCB1_0.1,809,35.95400000000027,35.84125269634398,36.06674730365656
UCB1_0.1,810,35.99300000000029,35.87986800387056,36.106131996130024
UCB1_0.1,811,36.030800000000276,35.917685685922656,36.1439143140779
UCB1_0.1,812,36.07000000000026,35.95730678856405,36.18269321143648
UCB1_0.1,813,36.10720000000024,35.99432630369527,36.220073696305214
UCB1_0.1,814,36.13900000000024,36.026160724031264,36.25183927596921
UCB1_0.1,815,36.17300000000027,36.06026338296374,36.285736617036804
UCB1_0.1,816,36.21000000000024,36.097268538851786,36.3227314611487
UCB1_0.1,817,36.24400000000023,36.13099556688095,36.357004433119506
UCB1_0.1,818,36.27820000000025,36.16517238035958,36.391227619640915
UCB1_0.1,819,36.31240000000024,36.1990261674153,36.42577383258518
UCB1_0.1,820,36.34720000000023,36.23385856522288,36.460541434777575
UCB1_0.1,821,36.382800000000245,36.26959680682973,36.49600319317076
UCB1_0.1,822,36.41520000000026,36.301797558770694,36.52860244122983
UCB1_0.1,823,36.44900000000027,36.33551171234171,36.56248828765882
UCB1_0.1,824,36.485400000000304,36.37186736165773,36.59893263834288
UCB1_0.1,825,36.520800000000285,36.40712367869985,36.634476321300724
UCB1_0.1,826,36.553600000000294,36.439865461938965,36.667334538061624
UCB1_0.1,827,36.5890000000003,36.47523392450911,36.70276607549148
UCB1_0.1,828,36.628400000000305,36.51458878241299,36.74221121758762
UCB1_0.1,829,36.664600000000284,36.55054912329149,36.77865087670908
UCB1_0.1,830,36.700800000000264,36.5864554476155,36.81514455238503
UCB1_0.1,831,36.73420000000024,36.61950684932604,36.84889315067445
UCB1_0.1,832,36.768400000000234,36.65373400128077,36.8830659987197
UCB1_0.1,833,36.80160000000022,36.68686567381045,36.91633432618999
UCB1_0.1,834,36.837000000000224,36.72224106575465,36.951758934245795
UCB1_0.1,835,36.87260000000023,36.75763937632953,36.98756062367094
UCB1_0.1,836,36.90720000000025,36.79207479086485,37.02232520913565
UCB1_0.1,837,36.93800000000026,36.82272483419729,37.05327516580323
UCB1_0.1,838,36.97180000000025,36.856541238979595,37.087058761020906
UCB1_0.1,839,37.00700000000027,36.891740362645265,37.12225963735527
UCB1_0.1,840,37.040400000000254,36.925079034454185,37.15572096554632
UCB1_0.1,841,37.0726000000003,36.95709688223634,37.18810311776426
UCB1_0.1,842,37.10940000000029,36.99385348613605,37.22494651386454
UCB1_0.1,843,37.14420000000031,37.02850650831998,37.25989349168064
UCB1_0.1,844,37.1776000000003,37.06209591577591,37.29310408422468
UCB1_0.1,845,37.209200000000294,37.09339845959831,37.325001540402276
UCB1_0.1,846,37.24100000000026,37.125212300430995,37.35678769956953
UCB1_0.1,847,37.27380000000026,37.15799519542931,37.389604804571206
UCB1_0.1,848,37.30840000000027,37.19232706728628,37.42447293271426
UCB1_0.1,849,37.34340000000026,37.227329488192865,37.45947051180765
UCB1_0.1,850,37.37820000000027,37.262238039147746,37.49416196085279
UCB1_0.1,851,37.41160000000025,37.29526021485422,37.52793978514628
UCB1_0.1,852,37.44760000000026,37.33107808944242,37.56412191055809
UCB1_0.1,853,37.48300000000026,37.366260369034265,37.599739630966255
UCB1_0.1,854,37.5186000000003,37.40197045174094,37.63522954825966
UCB1_0.1,855,37.5564000000003,37.439784149408084,37.67301585059252
UCB1_0.1,856,37.59020000000031,37.473431588152394,37.70696841184822
UCB1_0.1,857,37.6240000000003,37.50672042584594,37.74127957415466
UCB1_0.1,858,37.6608000000003,37.543663636291335,37.777936363709266
UCB1_0.1,859,37.6960000000003,37.57857741104232,37.81342258895829
UCB1_0.1,860,37.7306000000003,37.613258093261905,37.8479419067387
UCB1_0.1,861,37.76760000000029,37.650116903958015,37.88508309604257
UCB1_0.1,862,37.80280000000028,37.68500010586693,37.92059989413363
UCB1_0.1,863,37.8382000000003,37.72019740440016,37.95620259560044
UCB1_0.1,864,37.8696000000003,37.751802599770535,37.98739740023006
UCB1_0.1,865,37.90600000000027,37.788109566387206,38.02389043361333
UCB1_0.1,866,37.937600000000266,37.81977677447952,38.05542322552101
UCB1_0.1,867,37.9686000000002,37.85079743033822,38.086402569662184
UCB1_0.1,868,38.00140000000026,37.883658092326854,38.119141907673665
UCB1_0.1,869,38.03800000000027,37.92038703879067,38.15561296120986
UCB1_0.1,870,38.074600000000274,37.95683727546799,38.19236272453256
UCB1_0.1,871,38.10960000000031,37.99207505123004,38.22712494877059
UCB1_0.1,872,38.1458000000003,38.028180285126446,38.26341971487415
UCB1_0.1,873,38.182400000000285,38.06458121769927,38.3002187823013
UCB1_0.1,874,38.21960000000027,38.101833320419296,38.337366679581244
UCB1_0.1,875,38.25560000000025,38.137924457556515,38.373275542443984
UCB1_0.1,876,38.29100000000029,38.17336272401089,38.40863727598968
UCB1_0.1,877,38.32160000000027,38.20375759214815,38.43944240785238
UCB1_0.1,878,38.356400000000285,38.23853128032333,38.47426871967724
UCB1_0.1,879,38.39100000000026,38.272913330982966,38.509086669017556
UCB1_0.1,880,38.424000000000284,38.30609454765738,38.54190545234319
UCB1_0.1,881,38.45740000000028,38.33916262453091,38.57563737546965
UCB1_0.1,882,38.49520000000031,38.37699219790576,38.61340780209486
UCB1_0.1,883,38.53140000000027,38.41300682452073,38.64979317547981
UCB1_0.1,884,38.56460000000029,38.446517639111825,38.682682360888755
UCB1_0.1,885,38.598200000000325,38.479929698390336,38.716470301610315
UCB1_0.1,886,38.63240000000025,38.514230848371064,38.75056915162944
UCB1_0.1,887,38.66360000000026,38.545428086087504,38.78177191391301
UCB1_0.1,888,38.69940000000027,38.58096698348523,38.8178330165153
UCB1_0.1,889,38.73560000000025,38.61684782230627,38.854352177694224
UCB1_0.1,890,38.76960000000023,38.65047165726865,38.88872834273181
UCB1_0.1,891,38.80540000000024,38.68642184209718,38.9243781579033
UCB1_0.1,892,38.83520000000025,38.71598621826599,38.95441378173451
UCB1_0.1,893,38.86780000000028,38.74861779467144,38.98698220532912
UCB1_0.1,894,38.90140000000031,38.782021751893,39.02077824810762
UCB1_0.1,895,38.931800000000294,38.81215150274846,39.051448497252125
UCB1_0.1,896,38.965800000000314,38.845655746899894,39.085944253100735
UCB1_0.1,897,38.9990000000003,38.87906711323668,39.11893288676392
UCB1_0.1,898,39.03160000000028,38.91211399407896,39.151086005921606
UCB1_0.1,899,39.06480000000027,38.94521225195375,39.18438774804679
UCB1_0.1,900,39.097600000000305,38.97801375578979,39.21718624421082
UCB1_0.1,901,39.12960000000026,39.00941367171579,39.24978632828473
UCB1_0.1,902,39.16000000000026,39.039499053363805,39.280500946636714
UCB1_0.1,903,39.19700000000026,39.07624342004535,39.317756579955166
UCB1_0.1,904,39.22940000000029,39.10874851035696,39.35005148964362
UCB1_0.1,905,39.2650000000003,39.14458741129364,39.385412588706956
UCB1_0.1,906,39.2962000000003,39.175738492937,39.416661507063594
UCB1_0.1,907,39.3314000000003,39.211074425229114,39.45172557477149
UCB1_0.1,908,39.363600000000304,39.24290642319403,39.48429357680658
UCB1_0.1,909,39.39840000000032,39.277629827390555,39.51917017261009
UCB1_0.1,910,39.43080000000031,39.30990960136536,39.55169039863526
UCB1_0.1,911,39.463400000000306,39.342263112440556,39.584536887560056
UCB1_0.1,912,39.49780000000028,39.37661308378142,39.61898691621914
UCB1_0.1,913,39.532600000000265,39.41114332973522,39.65405667026531
UCB1_0.1,914,39.56800000000028,39.44652625613727,39.689473743863296
UCB1_0.1,915,39.59840000000027,39.47698770138304,39.7198122986175
UCB1_0.1,916,39.63260000000028,39.51109136470521,39.75410863529535
UCB1_0.1,917,39.67060000000035,39.548907814560025,39.79229218544067
UCB1_0.1,918,39.7006000000003,39.578366728148715,39.822833271851884
UCB1_0.1,919,39.73420000000029,39.61206909543617,39.856330904564416
UCB1_0.1,920,39.76860000000028,39.64625799257155,39.89094200742902
UCB1_0.1,921,39.80020000000028,39.67747392609949,39.922926073901074
UCB1_0.1,922,39.83280000000025,39.709788704650265,39.95581129535023
UCB1_0.1,923,39.86660000000026,39.743397961128444,39.98980203887208
UCB1_0.1,924,39.901000000000316,39.777507281884404,40.02449271811623
UCB1_0.1,925,39.93280000000027,39.80903623733927,40.05656376266127
UCB1_0.1,926,39.96220000000028,39.838317267226614,40.086082732773946
UCB1_0.1,927,39.9990000000003,39.87488916429334,40.12311083570726
UCB1_0.1,928,40.03260000000029,39.90837575576399,40.156824244236596
UCB1_0.1,929,40.06460000000033,39.94049946666612,40.18870053333455
UCB1_0.1,930,40.098000000000326,39.97388243421904,40.22211756578161
UCB1_0.1,931,40.13200000000034,40.00790538620285,40.25609461379783
UCB1_0.1,932,40.16620000000031,40.0418048169097,40.290595183090915
UCB1_0.1,933,40.19980000000025,40.07534472557874,40.324255274421766
UCB1_0.1,934,40.23220000000024,40.10732593165616,40.35707406834432
UCB1_0.1,935,40.26460000000022,40.13970547510106,40.38949452489938
UCB1_0.1,936,40.29800000000025,40.17306883009607,40.42293116990443
UCB1_0.1,937,40.330400000000296,40.20544418837231,40.45535581162828
UCB1_0.1,938,40.36300000000028,40.23810534688833,40.48789465311222
UCB1_0.1,939,40.39200000000026,40.26708546933572,40.5169145306648
UCB1_0.1,940,40.42740000000029,40.30233477279913,40.55246522720145
UCB1_0.1,941,40.46060000000031,40.3353859434909,40.585814056509726
UCB1_0.1,942,40.491200000000326,40.36600885064565,40.616391149355
UCB1_0.1,943,40.52780000000031,40.40252879164421,40.653071208356415
UCB1_0.1,944,40.56220000000031,40.43649860474134,40.68790139525928
UCB1_0.1,945,40.5958000000003,40.46995992429443,40.721640075706176
UCB1_0.1,946,40.62580000000032,40.4995119226862,40.75208807731443
UCB1_0.1,947,40.659800000000324,40.53336662742459,40.786233372576056
UCB1_0.1,948,40.69440000000029,40.56794821911672,40.820851780883864
UCB1_0.1,949,40.729400000000275,40.60282812614296,40.85597187385759
UCB1_0.1,950,40.76360000000028,40.637030577370574,40.89016942262999
UCB1_0.1,951,40.79660000000027,40.66990979378483,40.923290206215704
UCB1_0.1,952,40.82780000000024,40.70110254083064,40.954497459169836
UCB1_0.1,953,40.85700000000023,40.7300147314686,40.98398526853185
UCB1_0.1,954,40.88780000000025,40.760609370845415,41.01499062915508
UCB1_0.1,955,40.92100000000025,40.79357027262221,41.048429727378284
UCB1_0.1,956,40.94980000000024,40.82196249437548,41.077637505625
UCB1_0.1,957,40.979000000000255,40.85103371362099,41.10696628637952
UCB1_0.1,958,41.00780000000028,40.879902912824974,41.135697087175586
UCB1_0.1,959,41.045200000000236,40.91699395665526,41.17340604334521
UCB1_0.1,960,41.07900000000022,40.9509459084861,41.207054091514344
UCB1_0.1,961,41.11000000000025,40.98196030800807,41.23803969199243
UCB1_0.1,962,41.14420000000027,41.0159594513513,41.272440548649236
UCB1_0.1,963,41.180800000000275,41.052334976286474,41.309265023714076
UCB1_0.1,964,41.21560000000028,41.0869970586907,41.34420294130986
UCB1_0.1,965,41.247400000000276,41.11861351109317,41.37618648890738
UCB1_0.1,966,41.27920000000027,41.150270299295585,41.40812970070496
UCB1_0.1,967,41.30780000000029,41.17886218474612,41.43673781525446
UCB1_0.1,968,41.33980000000032,41.210396207060825,41.46920379293981
UCB1_0.1,969,41.37120000000029,41.24187432687213,41.50052567312846
UCB1_0.1,970,41.4030000000003,41.27335206939197,41.532647930608626
UCB1_0.1,971,41.4368000000003,41.306897138191,41.566702861809596
UCB1_0.1,972,41.47080000000027,41.34062180375409,41.600978196246444
UCB1_0.1,973,41.50420000000026,41.37391259042228,41.63448740957824
UCB1_0.1,974,41.54060000000026,41.410065556997395,41.671134443003126
UCB1_0.1,975,41.57220000000024,41.44148652023898,41.70291347976149
UCB1_0.1,976,41.60460000000025,41.47384318884758,41.73535681115291
UCB1_0.1,977,41.63720000000032,41.506214435464585,41.768185564536054
UCB1_0.1,978,41.66900000000029,41.537754826451085,41.80024517354949
UCB1_0.1,979,41.70080000000027,41.569632854407644,41.8319671455929
UCB1_0.1,980,41.73160000000025,41.60045509860438,41.86274490139612
UCB1_0.1,981,41.76240000000024,41.631141709974166,41.893658290026316
UCB1_0.1,982,41.79720000000027,41.66601428524739,41.92838571475314
UCB1_0.1,983,41.83300000000026,41.70167882751125,41.96432117248927
UCB1_0.1,984,41.86800000000031,41.73670799628462,41.99929200371599
UCB1_0.1,985,41.90100000000028,41.769544998057135,42.032455001943426
UCB1_0.1,986,41.93440000000031,41.803041148115916,42.0657588518847
UCB1_0.1,987,41.967400000000275,41.83541377161513,42.09938622838542
UCB1_0.1,988,41.995800000000266,41.86363409191929,42.127965908081244
UCB1_0.1,989,42.02580000000022,41.893634324917414,42.15796567508302
UCB1_0.1,990,42.056400000000224,41.92428953726219,42.18851046273826
UCB1_0.1,991,42.09500000000028,41.96270738312027,42.2272926168803
UCB1_0.1,992,42.130800000000285,41.99834290310401,42.26325709689656
UCB1_0.1,993,42.16280000000028,42.030371827490576,42.29522817250999
UCB1_0.1,994,42.196800000000295,42.06437375755792,42.32922624244267
UCB1_0.1,995,42.229600000000296,42.09712917320665,42.36207082679394
UCB1_0.1,996,42.26340000000034,42.13094438288419,42.39585561711649
UCB1_0.1,997,42.29600000000034,42.16329517010876,42.42870482989192
UCB1_0.1,998,42.32860000000035,42.19562458240334,42.46157541759736
UCB1_0.1,999,42.36120000000033,42.22792350739058,42.49447649261008
UCB1_0.1,1000,42.396800000000304,42.26325992471409,42.53034007528652
UCB1_0.1,1001,42.429200000000314,42.29564269997845,42.56275730002218
UCB1_0.1,1002,42.4626000000003,42.32896450524653,42.59623549475407
UCB1_0.1,1003,42.49760000000026,42.363996395591585,42.63120360440894
UCB1_0.1,1004,42.52780000000028,42.39394272439609,42.661657275604476
UCB1_0.1,1005,42.55960000000027,42.42572890232091,42.693471097679634
UCB1_0.1,1006,42.591200000000285,42.457409589009295,42.724990410991275
UCB1_0.1,1007,42.62440000000028,42.49043356576748,42.758366434233075
UCB1_0.1,1008,42.65900000000029,42.52425730422449,42.79374269577609
UCB1_0.1,1009,42.69140000000028,42.55661939898013,42.826180601020425
UCB1_0.1,1010,42.7254000000003,42.59060943771179,42.86019056228881
UCB1_0.1,1011,42.75600000000028,42.620956963154974,42.89104303684558
UCB1_0.1,1012,42.78560000000027,42.6503744131525,42.920825586848046
UCB1_0.1,1013,42.818600000000316,42.683452961601006,42.95374703839963
UCB1_0.1,1014,42.852400000000316,42.717245550709535,42.987554449291096
UCB1_0.1,1015,42.88660000000029,42.75111142326609,43.0220885767345
UCB1_0.1,1016,42.916800000000315,42.78096760036306,43.05263239963757
UCB1_0.1,1017,42.947800000000306,42.811756432309906,43.08384356769071
UCB1_0.1,1018,42.97900000000028,42.84257544589536,43.1154245541052
UCB1_0.1,1019,43.01520000000027,42.87897338186545,43.15142661813509
UCB1_0.1,1020,43.04580000000029,42.90965610269343,43.18194389730715
UCB1_0.1,1021,43.07700000000028,42.940731510915555,43.21326848908501
UCB1_0.1,1022,43.108200000000245,42.97169382118279,43.2447061788177
UCB1_0.1,1023,43.13640000000026,42.99974945581627,43.273050544184244
UCB1_0.1,1024,43.16880000000032,43.03211026381743,43.305489736183205
UCB1_0.1,1025,43.20180000000033,43.0649686824544,43.338631317546266
UCB1_0.1,1026,43.2364000000003,43.09944444509519,43.373355554905416
UCB1_0.1,1027,43.26820000000026,43.131201344854105,43.40519865514642
UCB1_0.1,1028,43.299600000000275,43.16265105583017,43.43654894417038
UCB1_0.1,1029,43.334000000000295,43.19667593585279,43.4713240641478
UCB1_0.1,1030,43.366600000000275,43.22915544409024,43.50404455591031
UCB1_0.1,1031,43.400200000000304,43.262997756651906,43.5374022433487
UCB1_0.1,1032,43.43060000000033,43.29316050770305,43.568039492297615
UCB1_0.1,1033,43.46260000000033,43.32442149064354,43.60077850935712
UCB1_0.1,1034,43.49520000000035,43.35709071364702,43.633309286353686
UCB1_0.1,1035,43.53000000000035,43.3914276252712,43.6685723747295
UCB1_0.1,1036,43.56140000000037,43.42258921405086,43.70021078594988
UCB1_0.1,1037,43.59380000000036,43.45459014839725,43.73300985160346
UCB1_0.1,1038,43.62440000000034,43.485002715292154,43.76379728470853
UCB1_0.1,1039,43.6582000000003,43.51879862518558,43.79760137481502
UCB1_0.1,1040,43.69040000000035,43.55093029739732,43.82986970260338
UCB1_0.1,1041,43.72300000000032,43.58365777828448,43.862342221716155
UCB1_0.1,1042,43.75600000000033,43.61663753078982,43.89536246921083
UCB1_0.1,1043,43.78540000000037,43.64595958357617,43.92484041642457
UCB1_0.1,1044,43.81500000000034,43.675585309699265,43.95441469030141
UCB1_0.1,1045,43.84580000000029,43.70611699137666,43.985483008623916
UCB1_0.1,1046,43.877200000000244,43.737625118806555,44.01677488119393
UCB1_0.1,1047,43.91120000000023,43.77154035648268,44.050859643517775
UCB1_0.1,1048,43.94320000000029,43.8033866671564,44.083013332844175
UCB1_0.1,1049,43.97640000000034,43.8366872138347,44.11611278616598
UCB1_0.1,1050,44.010200000000346,43.87019126806584,44.15020873193485
UCB1_0.1,1051,44.04220000000033,43.90181996335876,44.182580036641895
UCB1_0.1,1052,44.072200000000365,43.93226906265567,44.21213093734506
UCB1_0.1,1053,44.10380000000036,43.96413564346095,44.243464356539775
UCB1_0.1,1054,44.13320000000038,43.993266570402334,44.273133429598424
UCB1_0.1,1055,44.16340000000037,44.023282313920014,44.30351768608073
UCB1_0.1,1056,44.199800000000344,44.059446816135086,44.3401531838656
UCB1_0.1,1057,44.23080000000039,44.09033300680446,44.37126699319633
UCB1_0.1,1058,44.26220000000037,44.12164589590922,44.40275410409152
UCB1_0.1,1059,44.292200000000385,44.15142019247627,44.4329798075245
UCB1_0.1,1060,44.322200000000365,44.18109988180615,44.46330011819458
UCB1_0.1,1061,44.35420000000034,44.212768669160816,44.49563133083986
UCB1_0.1,1062,44.383400000000336,44.241770069845586,44.525029930155085
UCB1_0.1,1063,44.419000000000295,44.277261545006425,44.560738454994166
UCB1_0.1,1064,44.45020000000026,44.30819345383079,44.59220654616973
UCB1_0.1,1065,44.48360000000028,44.34173254895579,44.62546745104477
UCB1_0.1,1066,44.52000000000032,44.37757067875255,44.6624293212481
UCB1_0.1,1067,44.554200000000336,44.4114434354655,44.69695656453517
UCB1_0.1,1068,44.588000000000356,44.44487897862082,44.73112102137989
UCB1_0.1,1069,44.61800000000035,44.474551766569085,44.761448233431615
UCB1_0.1,1070,44.65000000000038,44.506473861611575,44.79352613838919
UCB1_0.1,1071,44.67860000000039,44.53521602062748,44.82198397937329
UCB1_0.1,1072,44.71020000000037,44.56654797354309,44.85385202645765
UCB1_0.1,1073,44.742400000000416,44.59906756900897,44.88573243099186
UCB1_0.1,1074,44.773400000000386,44.629661275012545,44.91713872498823
UCB1_0.1,1075,44.80680000000041,44.66322200851107,44.950377991489745
UCB1_0.1,1076,44.84100000000037,44.69711067558691,44.98488932441383
UCB1_0.1,1077,44.87000000000038,44.725906410062024,45.01409358993874
UCB1_0.1,1078,44.901600000000386,44.75754121069351,45.04565878930726
UCB1_0.1,1079,44.93360000000035,44.789207230297656,45.07799276970304
UCB1_0.1,1080,44.96220000000037,44.81748235853252,45.10691764146822
UCB1_0.1,1081,44.995400000000366,44.850418535800934,45.1403814641998
UCB1_0.1,1082,45.02800000000037,44.883072252722414,45.17292774727832
UCB1_0.1,1083,45.06000000000037,44.91513431045306,45.20486568954768
UCB1_0.1,1084,45.091400000000334,44.946525115943125,45.23627488405754
UCB1_0.1,1085,45.12280000000034,44.97773038062314,45.267869619377535
UCB1_0.1,1086,45.15340000000035,45.008353512814004,45.2984464871867
UCB1_0.1,1087,45.18660000000036,45.04162805173389,45.331571948266834
UCB1_0.1,1088,45.2214000000004,45.07619666026792,45.36660333973288
UCB1_0.1,1089,45.25040000000041,45.10462259265733,45.396177407343494
UCB1_0.1,1090,45.28560000000043,45.139796907828064,45.43140309217279
UCB1_0.1,1091,45.3166000000004,45.17080451669823,45.462395483302565
UCB1_0.1,1092,45.34700000000039,45.20139297589049,45.49260702411029
UCB1_0.1,1093,45.381400000000404,45.23560531932255,45.52719468067826
UCB1_0.1,1094,45.41320000000038,45.26729996724387,45.55910003275689
UCB1_0.1,1095,45.44380000000038,45.29755118239458,45.59004881760618
UCB1_0.1,1096,45.477200000000394,45.33113083336968,45.62326916663111
UCB1_0.1,1097,45.509000000000384,45.362813378679185,45.65518662132158
UCB1_0.1,1098,45.54100000000036,45.39460603428046,45.68739396572026
UCB1_0.1,1099,45.57080000000036,45.42441317698594,45.717186823014785
UCB1_0.1,1100,45.59920000000037,45.45290755526886,45.74549244473189
UCB1_0.1,1101,45.631000000000355,45.48424467336247,45.77775532663824
UCB1_0.1,1102,45.66220000000035,45.51501796076369,45.809382039237
UCB1_0.1,1103,45.692400000000404,45.54503314460032,45.83976685540049
UCB1_0.1,1104,45.7252000000004,45.57781061162972,45.872589388371075
UCB1_0.1,1105,45.755600000000406,45.60823506708299,45.902964932917826
UCB1_0.1,1106,45.78800000000038,45.640350432358446,45.935649567642315
UCB1_0.1,1107,45.8204000000004,45.67273667194501,45.968063328055784
UCB1_0.1,1108,45.85280000000041,45.70489734408454,46.00070265591627
UCB1_0.1,1109,45.880600000000406,45.73271005879998,46.02848994120083
UCB1_0.1,1110,45.91200000000043,45.764226388866724,46.05977361113414
UCB1_0.1,1111,45.94300000000044,45.79506718731394,46.09093281268694
UCB1_0.1,1112,45.97360000000043,45.82578765860274,46.12141234139812
UCB1_0.1,1113,46.00460000000044,45.8566383634751,46.152561636525775
UCB1_0.1,1114,46.03660000000041,45.88842514822723,46.1847748517736
UCB1_0.1,1115,46.06600000000044,45.9176194521015,46.21438054789939
UCB1_0.1,1116,46.097200000000434,45.94876892140198,46.24563107859889
UCB1_0.1,1117,46.13060000000047,45.98233676597404,46.2788632340269
UCB1_0.1,1118,46.16640000000043,46.017921240946116,46.31487875905474
UCB1_0.1,1119,46.19860000000041,46.049995117971406,46.347204882029416
UCB1_0.1,1120,46.22660000000041,46.07775559513167,46.37544440486915
UCB1_0.1,1121,46.261200000000414,46.112327095687135,46.410072904313694
UCB1_0.1,1122,46.29720000000038,46.14838353511779,46.44601646488297
UCB1_0.1,1123,46.32240000000038,46.17376714028375,46.471032859717006
UCB1_0.1,1124,46.35720000000043,46.20878717952499,46.505612820475875
UCB1_0.1,1125,46.38960000000045,46.24110307388,46.5380969261209
UCB1_0.1,1126,46.41820000000046,46.26960468370522,46.5667953162957
UCB1_0.1,1127,46.446800000000465,46.29820154928464,46.59539845071629
UCB1_0.1,1128,46.47640000000047,46.32791367106514,46.624886328935794
UCB1_0.1,1129,46.5094000000005,46.36081289879134,46.657987101209656
UCB1_0.1,1130,46.54800000000048,46.39926674783473,46.696733252166226
UCB1_0.1,1131,46.57620000000046,46.42753204430626,46.72486795569466
UCB1_0.1,1132,46.60560000000043,46.456818290772276,46.75438170922858
UCB1_0.1,1133,46.63540000000043,46.48659971057411,46.78420028942675
UCB1_0.1,1134,46.666800000000435,46.517913568299214,46.81568643170166
UCB1_0.1,1135,46.69900000000044,46.55001635721898,46.8479836427819
UCB1_0.1,1136,46.7314000000004,46.58203613236824,46.88076386763256
UCB1_0.1,1137,46.762000000000356,46.61279388541902,46.91120611458169
UCB1_0.1,1138,46.79200000000037,46.64294824047625,46.94105175952449
UCB1_0.1,1139,46.82100000000041,46.67193060287572,46.9700693971251
UCB1_0.1,1140,46.84900000000045,46.699612812207945,46.99838718779296
UCB1_0.1,1141,46.8792000000005,46.72953817025451,47.028861829746496
UCB1_0.1,1142,46.90900000000047,46.759515958705066,47.05848404129587
UCB1_0.1,1143,46.93920000000046,46.789566567801586,47.08883343219934
UCB1_0.1,1144,46.97000000000046,46.82049018461098,47.11950981538994
UCB1_0.1,1145,46.99960000000045,46.84998775423542,47.149212245765476
UCB1_0.1,1146,47.0346000000005,46.884816423344176,47.18438357665683
UCB1_0.1,1147,47.06440000000047,46.91471643125241,47.21408356874853
UCB1_0.1,1148,47.09640000000044,46.94650944548016,47.246290554520726
UCB1_0.1,1149,47.12560000000049,46.975761904979606,47.27543809502137
UCB1_0.1,1150,47.15780000000047,47.00779412892595,47.30780587107499
UCB1_0.1,1151,47.191200000000464,47.04121149215415,47.34118850784678
UCB1_0.1,1152,47.22320000000048,47.0732839025226,47.373116097478366
UCB1_0.1,1153,47.25360000000049,47.10347900967201,47.40372099032897
UCB1_0.1,1154,47.2864000000005,47.13640398614789,47.436396013853106
UCB1_0.1,1155,47.31460000000049,47.16434778865197,47.464852211349005
UCB1_0.1,1156,47.34360000000051,47.19310480526191,47.4940951947391
UCB1_0.1,1157,47.37380000000051,47.22334075829358,47.52425924170743
UCB1_0.1,1158,47.403800000000516,47.25323764029893,47.554362359702104
UCB1_0.1,1159,47.4336000000005,47.28275806617396,47.584441933827044
UCB1_0.1,1160,47.46560000000049,47.31458908375236,47.616610916248625
UCB1_0.1,1161,47.49700000000047,47.34562871625654,47.648371283744396
UCB1_0.1,1162,47.52840000000048,47.37686446863989,47.679935531361075
UCB1_0.1,1163,47.560600000000505,47.409187611463594,47.71201238853742
UCB1_0.1,1164,47.58820000000045,47.43655357075717,47.73984642924373
UCB1_0.1,1165,47.61820000000043,47.46658281522816,47.7698171847727
UCB1_0.1,1166,47.65100000000048,47.49946585152857,47.80253414847239
UCB1_0.1,1167,47.68520000000049,47.533582505491594,47.83681749450939
UCB1_0.1,1168,47.715800000000456,47.56417769703858,47.86742230296233
UCB1_0.1,1169,47.744200000000475,47.59253363088658,47.89586636911437
UCB1_0.1,1170,47.77060000000047,47.6189120776572,47.92228792234374
UCB1_0.1,1171,47.80040000000049,47.64856384512774,47.95223615487323
UCB1_0.1,1172,47.82780000000047,47.675916005968844,47.9796839940321
UCB1_0.1,1173,47.858200000000465,47.70584469607277,48.010555303928165
UCB1_0.1,1174,47.88720000000047,47.73449231444743,48.03990768555351
UCB1_0.1,1175,47.91860000000049,47.765319730630665,48.07188026937031
UCB1_0.1,1176,47.949800000000444,47.796202985542564,48.103397014458324
UCB1_0.1,1177,47.9818000000005,47.82799389837046,48.135606101630536
UCB1_0.1,1178,48.01220000000048,47.858498486543425,48.16590151345754
UCB1_0.1,1179,48.04000000000046,47.8862001242021,48.193799875798824
UCB1_0.1,1180,48.07140000000046,47.91725007991793,48.22554992008299
UCB1_0.1,1181,48.1006000000005,47.94629789104633,48.25490210895467
UCB1_0.1,1182,48.1274000000005,47.97301884084767,48.281781159153326
UCB1_0.1,1183,48.1582000000005,48.00400037739117,48.312399622609824
UCB1_0.1,1184,48.189800000000474,48.03558631882141,48.34401368117954
UCB1_0.1,1185,48.22040000000048,48.06588239892678,48.37491760107418
UCB1_0.1,1186,48.24680000000048,48.092361490948534,48.40123850905243
UCB1_0.1,1187,48.27660000000045,48.121984561733406,48.43121543826749
UCB1_0.1,1188,48.30580000000045,48.150922034720004,48.4606779652809
UCB1_0.1,1189,48.33420000000045,48.17930553270756,48.48909446729334
UCB1_0.1,1190,48.36460000000045,48.20974737569075,48.51945262431015
UCB1_0.1,1191,48.400000000000496,48.24519428552435,48.55480571447664
UCB1_0.1,1192,48.43160000000051,48.276582541730335,48.58661745827068
UCB1_0.1,1193,48.459600000000506,48.30460622275038,48.61459377725063
UCB1_0.1,1194,48.49120000000046,48.336217281754514,48.64618271824641
UCB1_0.1,1195,48.52520000000045,48.37002659165357,48.680373408347336
UCB1_0.1,1196,48.55780000000045,48.40291972830895,48.712680271691944
UCB1_0.1,1197,48.58860000000051,48.43336198236447,48.743838017636556
UCB1_0.1,1198,48.61780000000053,48.46239313533206,48.773206864669
UCB1_0.1,1199,48.6472000000005,48.491403534080064,48.80299646592094
UCB1_0.1,1200,48.67760000000045,48.52164138882952,48.833558611171384
UCB1_0.1,1201,48.71080000000047,48.554832870969285,48.86676712903165
UCB1_0.1,1202,48.74040000000047,48.584389329342955,48.896410670657986
UCB1_0.1,1203,48.77020000000054,48.61394367499165,48.92645632500943
UCB1_0.1,1204,48.800600000000536,48.64401176506352,48.957188234937554
UCB1_0.1,1205,48.82960000000053,48.672582061198305,48.98661793880276
UCB1_0.1,1206,48.862600000000455,48.705885914940815,49.019314085060095
UCB1_0.1,1207,48.892200000000486,48.73553755590845,49.04886244409252
UCB1_0.1,1208,48.9208000000005,48.764081343424486,49.07751865657651
UCB1_0.1,1209,48.94980000000042,48.79291999133485,49.106680008666
UCB1_0.1,1210,48.977800000000464,48.820649654503256,49.13495034549767
UCB1_0.1,1211,49.00800000000049,48.85049515933562,49.16550484066536
UCB1_0.1,1212,49.04040000000048,48.882940333439564,49.1978596665614
UCB1_0.1,1213,49.0694000000005,48.91217627474755,49.22662372525345
UCB1_0.1,1214,49.10180000000049,48.944400753674714,49.25919924632626
UCB1_0.1,1215,49.1308000000005,48.97340773346786,49.28819226653314
UCB1_0.1,1216,49.15660000000053,48.999249680375875,49.313950319625185
UCB1_0.1,1217,49.18760000000054,49.030026982745994,49.34517301725509
UCB1_0.1,1218,49.217400000000545,49.05946997137314,49.37533002862795
UCB1_0.1,1219,49.245800000000536,49.08742298271722,49.40417701728385
UCB1_0.1,1220,49.27620000000053,49.11781298895882,49.43458701104224
UCB1_0.1,1221,49.30640000000054,49.14795210967686,49.464847890324215
UCB1_0.1,1222,49.34020000000051,49.181782117283305,49.49861788271771
UCB1_0.1,1223,49.36880000000048,49.210155269616045,49.52744473038492
UCB1_0.1,1224,49.399000000000484,49.24034768886555,49.55765231113542
UCB1_0.1,1225,49.42540000000047,49.26659743357002,49.584202566430925
UCB1_0.1,1226,49.457800000000525,49.29887375544498,49.61672624455607
UCB1_0.1,1227,49.48720000000054,49.32800859087936,49.646391409121726
UCB1_0.1,1228,49.51660000000053,49.35721458275079,49.67598541725027
UCB1_0.1,1229,49.548200000000485,49.388564760865826,49.70783523913514
UCB1_0.1,1230,49.57920000000048,49.419764769195005,49.73863523080596
UCB1_0.1,1231,49.61200000000043,49.45254331590281,49.77145668409805
UCB1_0.1,1232,49.640000000000484,49.4804510309061,49.799548969094865
UCB1_0.1,1233,49.67100000000048,49.51131070268801,49.83068929731296
UCB1_0.1,1234,49.701800000000475,49.5416803405294,49.861919659471546
UCB1_0.1,1235,49.72760000000048,49.56717432602243,49.888025673978525
UCB1_0.1,1236,49.75460000000049,49.594331791384825,49.91486820861615
UCB1_0.1,1237,49.78320000000046,49.6228213732278,49.943578626773125
UCB1_0.1,1238,49.81520000000052,49.65467332462073,49.975726675380315
UCB1_0.1,1239,49.84740000000054,49.6866106250912,50.00818937490988
UCB1_0.1,1240,49.87580000000051,49.714814888169585,50.036785111831435
UCB1_0.1,1241,49.90260000000053,49.741741692650066,50.063458307351
UCB1_0.1,1242,49.93320000000051,49.77253026142033,50.09386973858069
UCB1_0.1,1243,49.96700000000055,49.80642724228542,50.12757275771568
UCB1_0.1,1244,49.99780000000052,49.83692441821464,50.15867558178639
UCB1_0.1,1245,50.03080000000051,49.869942694830975,50.19165730517005
UCB1_0.1,1246,50.06200000000054,49.90122348713445,50.22277651286662
UCB1_0.1,1247,50.09120000000051,49.93006555735647,50.25233444264455
UCB1_0.1,1248,50.1236000000005,49.96219630587337,50.28500369412763
UCB1_0.1,1249,50.15220000000047,49.990531035181355,50.313868964819584
UCB1_0.1,1250,50.18220000000046,50.02044991188635,50.343950088114575
UCB1_0.1,1251,50.21120000000045,50.0494772483661,50.3729227516348
UCB1_0.1,1252,50.24200000000045,50.08013066120869,50.40386933879221
UCB1_0.1,1253,50.270600000000464,50.108747792479505,50.43245220752142
UCB1_0.1,1254,50.29960000000047,50.13770393818192,50.46149606181901
UCB1_0.1,1255,50.32800000000044,50.16591915487705,50.490080845123835
UCB1_0.1,1256,50.35700000000046,50.19508845670937,50.51891154329155
UCB1_0.1,1257,50.38500000000045,50.22285601791708,50.547143982083824
UCB1_0.1,1258,50.41320000000048,50.25080099539569,50.575599004605266
UCB1_0.1,1259,50.44440000000045,50.282078690648326,50.60672130935257
UCB1_0.1,1260,50.47500000000048,50.312465253538015,50.63753474646294
UCB1_0.1,1261,50.50480000000049,50.34209714527155,50.667502854729435
UCB1_0.1,1262,50.53580000000054,50.37317094327409,50.698429056726994
UCB1_0.1,1263,50.566000000000514,50.40312058242377,50.72887941757726
UCB1_0.1,1264,50.59700000000052,50.434083554016865,50.759916445984175
UCB1_0.1,1265,50.62460000000052,50.461643774044454,50.787556225956585
UCB1_0.1,1266,50.65420000000049,50.49119399849931,50.817206001501674
UCB1_0.1,1267,50.685200000000535,50.522154836261436,50.848245163739634
UCB1_0.1,1268,50.716800000000525,50.55371006126159,50.87988993873946
UCB1_0.1,1269,50.7446000000005,50.58121499065005,50.90798500935096
UCB1_0.1,1270,50.7724000000005,50.608837743654576,50.93596225634643
UCB1_0.1,1271,50.80020000000046,50.6365751143287,50.96382488567222
UCB1_0.1,1272,50.83000000000049,50.66634688565288,50.9936531143481
UCB1_0.1,1273,50.85940000000049,50.69543783663809,51.02336216336289
UCB1_0.1,1274,50.8876000000005,50.72377042588803,51.05142957411298
UCB1_0.1,1275,50.91480000000046,50.75065084953336,51.078949150467565
UCB1_0.1,1276,50.94340000000052,50.77922375575624,51.107576244244804
UCB1_0.1,1277,50.97200000000052,50.80753516332043,51.13646483668061
UCB1_0.1,1278,50.999200000000535,50.83442969912427,51.1639703008768
UCB1_0.1,1279,51.03020000000052,50.86519651440464,51.1952034855964
UCB1_0.1,1280,51.06120000000055,50.89631537905657,51.226084620944526
UCB1_0.1,1281,51.091400000000554,50.926497369525464,51.256302630475645
UCB1_0.1,1282,51.11800000000053,50.952875062874355,51.2831249371267
UCB1_0.1,1283,51.1446000000006,50.97915938191025,51.31004061809095
UCB1_0.1,1284,51.172800000000585,51.00705000389884,51.33854999610233
UCB1_0.1,1285,51.20000000000057,51.034241182911146,51.36575881709
UCB1_0.1,1286,51.23000000000054,51.06397990589354,51.396020094107534
UCB1_0.1,1287,51.25860000000048,51.09252412944702,51.42467587055393
UCB1_0.1,1288,51.28500000000047,51.11857846644889,51.45142153355206
UCB1_0.1,1289,51.3150000000005,51.1484258796482,51.4815741203528
UCB1_0.1,1290,51.342600000000495,51.17615880172033,51.50904119828066
UCB1_0.1,1291,51.371400000000456,51.2046898937658,51.53811010623511
UCB1_0.1,1292,51.40120000000046,51.2342324909625,51.56816750903842
UCB1_0.1,1293,51.429400000000506,51.2624408579943,51.59635914200671
UCB1_0.1,1294,51.45900000000052,51.29224148246351,51.625758517537534
UCB1_0.1,1295,51.489400000000494,51.32229631751249,51.6565036824885
UCB1_0.1,1296,51.517000000000515,51.34983037190882,51.68416962809221
UCB1_0.1,1297,51.54660000000053,51.37944516834526,51.7137548316558
UCB1_0.1,1298,51.57460000000054,51.40738331645131,51.741816683549764
UCB1_0.1,1299,51.60060000000051,51.433032751315956,51.76816724868507
UCB1_0.1,1300,51.63000000000055,51.46220960704572,51.79779039295538
UCB1_0.1,1301,51.65780000000051,51.48987799593609,51.825722004064936
UCB1_0.1,1302,51.68620000000054,51.518195712875546,51.85420428712553
UCB1_0.1,1303,51.715400000000564,51.54699218541848,51.883807814582646
UCB1_0.1,1304,51.745000000000545,51.576487711930916,51.91351228807017
UCB1_0.1,1305,51.77420000000053,51.605547073366935,51.94285292663413
UCB1_0.1,1306,51.80600000000052,51.6372601453547,51.974739854646344
UCB1_0.1,1307,51.83320000000051,51.66433760347733,52.00206239652369
UCB1_0.1,1308,51.85920000000052,51.690171788537185,52.028228211463855
UCB1_0.1,1309,51.8880000000005,51.71896813030385,52.057031869697155
UCB1_0.1,1310,51.921000000000525,51.751958953186985,52.090041046814065
UCB1_0.1,1311,51.95120000000052,51.78237953412155,52.120020465879485
UCB1_0.1,1312,51.97880000000054,51.80960391563532,52.14799608436576
UCB1_0.1,1313,52.010400000000544,51.841514032777276,52.17928596722381
UCB1_0.1,1314,52.04380000000054,51.87487005575762,52.212729944243456
UCB1_0.1,1315,52.07520000000052,51.905925799288404,52.24447420071264
UCB1_0.1,1316,52.10180000000054,51.93258966986055,52.27101033014053
UCB1_0.1,1317,52.131400000000475,51.96199556999364,52.30080443000731
UCB1_0.1,1318,52.15660000000047,51.9872777910002,52.325922209000744
UCB1_0.1,1319,52.186800000000524,52.01723405066641,52.35636594933464
UCB1_0.1,1320,52.213800000000525,52.04431661575752,52.383283384243526
UCB1_0.1,1321,52.24100000000055,52.071014303099005,52.41098569690209
UCB1_0.1,1322,52.26920000000057,52.099304173421665,52.43909582657948
UCB1_0.1,1323,52.29860000000057,52.12864874848204,52.468551251519095
UCB1_0.1,1324,52.32380000000053,52.15376189834027,52.49383810166079
UCB1_0.1,1325,52.35460000000059,52.184519677636125,52.52468032236505
UCB1_0.1,1326,52.38380000000056,52.213590299403485,52.55400970059764
UCB1_0.1,1327,52.412600000000545,52.242353583780876,52.582846416220214
UCB1_0.1,1328,52.4394000000005,52.2690566951639,52.609743304837096
UCB1_0.1,1329,52.472800000000554,52.30270923725178,52.642890762749325
UCB1_0.1,1330,52.503600000000525,52.333670289452954,52.673529710548095
UCB1_0.1,1331,52.53480000000057,52.36480049121467,52.70479950878647
UCB1_0.1,1332,52.56260000000058,52.39256534657399,52.73263465342717
UCB1_0.1,1333,52.58820000000056,52.41838509112096,52.75801490888016
UCB1_0.1,1334,52.61560000000056,52.44562115013019,52.78557884987094
UCB1_0.1,1335,52.64520000000055,52.47503012009483,52.81536987990627
UCB1_0.1,1336,52.67200000000052,52.501720242487075,52.84227975751397
UCB1_0.1,1337,52.69840000000055,52.527825234621325,52.86897476537977
UCB1_0.1,1338,52.72640000000056,52.555721784426716,52.8970782155744
UCB1_0.1,1339,52.75800000000058,52.58729443078292,52.92870556921824
UCB1_0.1,1340,52.78660000000058,52.61590876284562,52.957291237155545
UCB1_0.1,1341,52.81640000000061,52.6454012020155,52.987398797985726
UCB1_0.1,1342,52.846800000000535,52.67569321368076,53.01790678632031
UCB1_0.1,1343,52.87580000000052,52.70459640276563,53.0470035972354
UCB1_0.1,1344,52.90760000000052,52.73611361359094,53.079086386410104
UCB1_0.1,1345,52.936800000000495,52.76514078230079,53.1084592177002
UCB1_0.1,1346,52.96220000000047,52.79055097658644,53.133849023414506
UCB1_0.1,1347,52.9900000000005,52.8181817741994,53.161818225801596
UCB1_0.1,1348,53.016000000000545,52.843963167256966,53.188036832744125
UCB1_0.1,1349,53.04840000000053,52.876482389557125,53.22031761044393
UCB1_0.1,1350,53.07640000000052,52.9043645312333,53.24843546876774
UCB1_0.1,1351,53.1052000000005,52.933096302714496,53.277303697286506
UCB1_0.1,1352,53.13640000000053,52.96396153671996,53.3088384632811
UCB1_0.1,1353,53.16480000000055,52.99224358085757,53.337356419143525
UCB1_0.1,1354,53.194600000000605,53.02179681619152,53.36740318380969
UCB1_0.1,1355,53.22400000000061,53.05103843869817,53.396961561303044
UCB1_0.1,1356,53.25260000000057,53.0795977333388,53.42560226666234
UCB1_0.1,1357,53.286000000000556,53.113046005640406,53.458953994360705
UCB1_0.1,1358,53.31440000000055,53.14114917037026,53.487650829630844
UCB1_0.1,1359,53.34240000000053,53.16880270166225,53.51599729833881
UCB1_0.1,1360,53.371200000000535,53.197902564911004,53.544497435090065
UCB1_0.1,1361,53.40020000000054,53.226926346808675,53.5734736531924
UCB1_0.1,1362,53.431600000000586,53.25817753638765,53.60502246361352
UCB1_0.1,1363,53.464600000000594,53.29119428635731,53.63800571364388
UCB1_0.1,1364,53.49500000000055,53.32151465386824,53.66848534613286
UCB1_0.1,1365,53.52240000000058,53.34860644210184,53.69619355789932
UCB1_0.1,1366,53.55060000000058,53.37672403752531,53.72447596247585
UCB1_0.1,1367,53.57960000000055,53.40570623490656,53.75349376509455
UCB1_0.1,1368,53.6072000000006,53.43281276570324,53.781587234297966
UCB1_0.1,1369,53.636200000000564,53.46149693140775,53.810903068593376
UCB1_0.1,1370,53.66680000000065,53.49204079497523,53.841559205026066
UCB1_0.1,1371,53.69340000000063,53.51854041295384,53.86825958704742
UCB1_0.1,1372,53.7252000000006,53.55046839170218,53.89993160829901
UCB1_0.1,1373,53.75420000000059,53.57960949653561,53.928790503465564
UCB1_0.1,1374,53.78160000000055,53.606993202368365,53.95620679763274
UCB1_0.1,1375,53.81060000000056,53.63611303446464,53.98508696553648
UCB1_0.1,1376,53.84220000000052,53.66766072499586,54.01673927500517
UCB1_0.1,1377,53.87100000000057,53.69634476272262,54.045655237278524
UCB1_0.1,1378,53.901800000000584,53.726993246662914,54.076606753338254
UCB1_0.1,1379,53.930400000000574,53.75562277662891,54.10517722337224
UCB1_0.1,1380,53.95900000000057,53.784002165496936,54.13399783450421
UCB1_0.1,1381,53.98220000000055,53.80734114556974,54.15705885443137
UCB1_0.1,1382,54.01180000000055,53.83705967253342,54.186540327467675
UCB1_0.1,1383,54.03960000000054,53.86450776451609,54.21469223548499
UCB1_0.1,1384,54.06960000000052,53.894713571563116,54.244486428437924
UCB1_0.1,1385,54.097200000000505,53.92210160195612,54.27229839804489
UCB1_0.1,1386,54.126000000000516,53.950526263534975,54.30147373646606
UCB1_0.1,1387,54.15460000000057,53.97922380237708,54.32997619762406
UCB1_0.1,1388,54.185800000000555,54.01058762754222,54.36101237245889
UCB1_0.1,1389,54.215000000000565,54.03987955727922,54.39012044272191
UCB1_0.1,1390,54.2438000000006,54.068665785490765,54.41893421451043
UCB1_0.1,1391,54.27140000000056,54.09608168654817,54.446718313452955
UCB1_0.1,1392,54.29960000000059,54.124320381779256,54.47487961822192
UCB1_0.1,1393,54.327600000000594,54.152520814945234,54.50267918505595
UCB1_0.1,1394,54.35580000000055,54.1807281118254,54.530871888175696
UCB1_0.1,1395,54.38680000000058,54.21152771863109,54.562072281370064
UCB1_0.1,1396,54.41500000000059,54.239685354126046,54.59031464587513
UCB1_0.1,1397,54.44780000000062,54.27230320616493,54.62329679383631
UCB1_0.1,1398,54.476600000000616,54.30074435827006,54.65245564173117
UCB1_0.1,1399,54.505000000000585,54.32886959144591,54.68113040855526
UCB1_0.1,1400,54.535600000000585,54.35911376885715,54.71208623114402
UCB1_0.1,1401,54.5626000000006,54.38598799613056,54.73921200387064
UCB1_0.1,1402,54.591000000000584,54.41411624959055,54.76788375041062
UCB1_0.1,1403,54.62040000000057,54.44342737868054,54.797372621320605
UCB1_0.1,1404,54.64800000000055,54.47072416759039,54.82527583241071
UCB1_0.1,1405,54.67720000000056,54.499879352886076,54.854520647115045
UCB1_0.1,1406,54.70320000000053,54.52579363519763,54.88060636480343
UCB1_0.1,1407,54.73000000000056,54.552367467819714,54.9076325321814
UCB1_0.1,1408,54.75520000000054,54.57747273099951,54.932927269001574
UCB1_0.1,1409,54.78160000000057,54.60383313335337,54.95936686664778
UCB1_0.1,1410,54.810000000000585,54.63186716176992,54.98813283823125
UCB1_0.1,1411,54.838800000000575,54.66059123131096,55.01700876869019
UCB1_0.1,1412,54.8636000000006,54.685259509993195,55.04194049000801
UCB1_0.1,1413,54.89520000000058,54.71704216260597,55.073357837395186
UCB1_0.1,1414,54.92560000000058,54.74709577134101,55.10410422866015
UCB1_0.1,1415,54.95400000000059,54.77528587336557,55.13271412663561
UCB1_0.1,1416,54.98360000000053,54.80442108674218,55.162778913258876
UCB1_0.1,1417,55.01080000000055,54.83178373695044,55.18981626305066
UCB1_0.1,1418,55.04220000000056,54.863084083361926,55.2213159166392
UCB1_0.1,1419,55.068800000000564,54.88931423898703,55.248285761014095
UCB1_0.1,1420,55.097800000000504,54.9181292830699,55.277470716931106
UCB1_0.1,1421,55.12260000000053,54.94273541138664,55.30246458861442
UCB1_0.1,1422,55.15140000000055,54.971593871549416,55.33120612845168
UCB1_0.1,1423,55.17740000000061,54.99793562904734,55.35686437095388
UCB1_0.1,1424,55.20700000000057,55.02741165994764,55.3865883400535
UCB1_0.1,1425,55.23720000000054,55.057342539803614,55.41705746019747
UCB1_0.1,1426,55.26780000000057,55.087821723625765,55.447778276375374
UCB1_0.1,1427,55.300400000000586,55.120399125223464,55.48040087477771
UCB1_0.1,1428,55.329200000000604,55.14927125978531,55.5091287402159
UCB1_0.1,1429,55.357200000000596,55.177184406178974,55.53721559382222
UCB1_0.1,1430,55.38280000000059,55.20277380045408,55.562826199547104
UCB1_0.1,1431,55.4064000000006,55.226147831457034,55.58665216854417
UCB1_0.1,1432,55.43280000000058,55.25232832560088,55.61327167440029
UCB1_0.1,1433,55.46060000000059,55.28007749527313,55.641122504728045
UCB1_0.1,1434,55.48860000000058,55.30765701589143,55.66954298410973
UCB1_0.1,1435,55.51280000000063,55.33196030460336,55.6936396953979
UCB1_0.1,1436,55.538800000000606,55.35810812179605,55.71949187820516
UCB1_0.1,1437,55.565800000000586,55.384782141699255,55.74681785830192
UCB1_0.1,1438,55.59240000000066,55.411434633252505,55.77336536674881
UCB1_0.1,1439,55.62180000000062,55.44046993826067,55.80313006174057
UCB1_0.1,1440,55.651800000000584,55.47036060388342,55.83323939611775
UCB1_0.1,1441,55.682600000000626,55.500744825106864,55.86445517489439
UCB1_0.1,1442,55.71420000000058,55.53214213606938,55.89625786393178
UCB1_0.1,1443,55.741800000000616,55.55975113486758,55.92384886513365
UCB1_0.1,1444,55.76820000000062,55.58603580801296,55.95036419198828
UCB1_0.1,1445,55.794000000000636,55.611660183926766,55.97633981607451
UCB1_0.1,1446,55.820400000000625,55.63791795748913,56.00288204251212
UCB1_0.1,1447,55.84980000000058,55.666900852399884,56.03269914760127
UCB1_0.1,1448,55.87940000000059,55.69626411837296,56.062535881628214
UCB1_0.1,1449,55.904600000000585,55.72148170775922,56.08771829224195
UCB1_0.1,1450,55.930400000000546,55.7471842600965,56.11361573990459
UCB1_0.1,1451,55.95560000000053,55.77205443653853,56.13914556346253
UCB1_0.1,1452,55.98520000000059,55.80148438457671,56.16891561542447
UCB1_0.1,1453,56.011600000000605,55.8280301778516,56.19516982214961
UCB1_0.1,1454,56.04020000000059,55.85654928588528,56.2238507141159
UCB1_0.1,1455,56.067400000000625,55.8837108645589,56.25108913544235
UCB1_0.1,1456,56.09540000000062,55.91167814335665,56.27912185664459
UCB1_0.1,1457,56.12500000000059,55.94092824336426,56.30907175663692
UCB1_0.1,1458,56.154000000000615,55.96999498548325,56.33800501451798
UCB1_0.1,1459,56.179600000000605,55.99557950902831,56.3636204909729
UCB1_0.1,1460,56.20560000000066,56.02145018223911,56.38974981776221
UCB1_0.1,1461,56.23100000000062,56.04659011499394,56.4154098850073
UCB1_0.1,1462,56.26240000000062,56.078190459278765,56.44660954072247
UCB1_0.1,1463,56.29180000000063,56.10740318734197,56.47619681265928
UCB1_0.1,1464,56.320400000000625,56.13593408122464,56.50486591877661
UCB1_0.1,1465,56.3484000000006,56.16395424844872,56.532845751552486
UCB1_0.1,1466,56.373800000000614,56.18907072155016,56.55852927845107
UCB1_0.1,1467,56.4004000000006,56.21548189933277,56.58531810066843
UCB1_0.1,1468,56.42560000000058,56.24075716950391,56.61044283049725
UCB1_0.1,1469,56.450000000000585,56.264934159753246,56.635065840247925
UCB1_0.1,1470,56.4772000000006,56.292105455179964,56.662294544821236
UCB1_0.1,1471,56.504200000000644,56.31905134671908,56.68934865328221
UCB1_0.1,1472,56.53080000000065,56.34568276354868,56.715917236452626
UCB1_0.1,1473,56.56020000000065,56.37500325249561,56.74539674750569
UCB1_0.1,1474,56.58720000000065,56.40219456837234,56.77220543162896
UCB1_0.1,1475,56.61780000000059,56.432755726884835,56.80284427311635
UCB1_0.1,1476,56.642600000000606,56.45738975775782,56.827810242243395
UCB1_0.1,1477,56.67320000000055,56.48767170148646,56.858728298514635
UCB1_0.1,1478,56.70180000000061,56.51595712076668,56.88764287923454
UCB1_0.1,1479,56.731200000000655,56.54573593110456,56.91666406889675
UCB1_0.1,1480,56.76240000000065,56.577077125192865,56.94772287480844
UCB1_0.1,1481,56.79300000000065,56.60746155112489,56.978538448876414
UCB1_0.1,1482,56.8204000000006,56.634864604224866,57.00593539577634
UCB1_0.1,1483,56.85040000000061,56.664772593449705,57.03602740655152
UCB1_0.1,1484,56.87900000000062,56.69320596264357,57.06479403735768
UCB1_0.1,1485,56.905200000000576,56.71940028680079,57.09099971320036
UCB1_0.1,1486,56.93100000000058,56.74467633428521,57.11732366571595
UCB1_0.1,1487,56.95560000000059,56.76935631000553,57.141843689995646
UCB1_0.1,1488,56.984000000000634,56.797813458561066,57.1701865414402
UCB1_0.1,1489,57.010200000000644,56.82363484090321,57.19676515909808
UCB1_0.1,1490,57.03480000000066,56.848193724936664,57.22140627506465
UCB1_0.1,1491,57.065200000000615,56.87845433228569,57.25194566771554
UCB1_0.1,1492,57.08920000000061,56.902520007074024,57.275879992927194
UCB1_0.1,1493,57.11360000000063,56.92669143910627,57.30050856089499
UCB1_0.1,1494,57.14160000000064,56.95451246749501,57.32868753250628
UCB1_0.1,1495,57.169800000000585,56.98250521821304,57.35709478178813
UCB1_0.1,1496,57.196000000000616,57.00838660221982,57.38361339778141
UCB1_0.1,1497,57.222400000000604,57.034888513310186,57.40991148669102
UCB1_0.1,1498,57.249000000000585,57.0616010267399,57.43639897326127
UCB1_0.1,1499,57.27540000000068,57.08807096348329,57.46272903651807
UCB1_0.1,1500,57.303800000000685,57.116310124323206,57.49128987567816
UCB1_0.1,1501,57.32800000000066,57.14050334028104,57.51549665972027
UCB1_0.1,1502,57.35460000000069,57.16730335044882,57.541896649552555
UCB1_0.1,1503,57.38480000000067,57.197577966176205,57.57202203382514
UCB1_0.1,1504,57.41100000000064,57.223849322403545,57.59815067759774
UCB1_0.1,1505,57.43680000000067,57.24928302165052,57.624316978350826
UCB1_0.1,1506,57.46000000000063,57.272360013833456,57.64763998616781
UCB1_0.1,1507,57.48320000000062,57.29534601276939,57.67105398723185
UCB1_0.1,1508,57.50820000000061,57.320095473592175,57.69630452640905
UCB1_0.1,1509,57.53400000000061,57.34562204840836,57.72237795159286
UCB1_0.1,1510,57.56180000000064,57.3736994026473,57.74990059735398
UCB1_0.1,1511,57.59120000000063,57.40308463228141,57.77931536771985
UCB1_0.1,1512,57.6210000000006,57.43232609133163,57.809673908669566
UCB1_0.1,1513,57.647200000000595,57.45833292013906,57.83606707986213
UCB1_0.1,1514,57.671000000000646,57.48210261929441,57.85989738070688
UCB1_0.1,1515,57.69800000000066,57.509013447046236,57.886986552955086
UCB1_0.1,1516,57.72500000000065,57.53604279976991,57.91395720023139
UCB1_0.1,1517,57.75040000000061,57.56173586733996,57.93906413266126
UCB1_0.1,1518,57.7828000000006,57.59423128898081,57.97136871102039
UCB1_0.1,1519,57.81020000000067,57.62175520132432,57.99864479867702
UCB1_0.1,1520,57.83900000000067,57.650448542225185,58.02755145777615
UCB1_0.1,1521,57.86560000000066,57.67676951816526,58.054430481836064
UCB1_0.1,1522,57.894200000000666,57.70515662123467,58.08324337876666
UCB1_0.1,1523,57.923000000000656,57.734119085212676,58.111880914788635
UCB1_0.1,1524,57.951200000000654,57.76229366227463,58.14010633772668
UCB1_0.1,1525,57.97980000000064,57.79060222640343,58.168997773597845
UCB1_0.1,1526,58.00700000000067,57.81797159521761,58.19602840478374
UCB1_0.1,1527,58.03520000000061,57.845937356141356,58.22446264385986
UCB1_0.1,1528,58.063000000000585,57.87341201723369,58.25258798276748
UCB1_0.1,1529,58.09040000000053,57.90078893681366,58.280011063187395
UCB1_0.1,1530,58.11840000000058,57.92869164678869,58.30810835321246
UCB1_0.1,1531,58.149800000000575,57.959747049387474,58.339852950613675
UCB1_0.1,1532,58.17480000000058,57.9843831328189,58.36521686718226
UCB1_0.1,1533,58.20040000000059,58.0101118479461,58.390688152055084
UCB1_0.1,1534,58.2244000000006,58.03416111546743,58.41463888453377
UCB1_0.1,1535,58.253400000000596,58.062808483982266,58.443991516018926
UCB1_0.1,1536,58.27800000000063,58.08733765639356,58.468662343607704
UCB1_0.1,1537,58.304200000000634,58.11377267380642,58.494627326194845
UCB1_0.1,1538,58.32800000000062,58.137647608923494,58.51835239107775
UCB1_0.1,1539,58.352200000000636,58.16185571486688,58.54254428513439
UCB1_0.1,1540,58.380000000000656,58.1895371481795,58.570462851821816
UCB1_0.1,1541,58.40880000000066,58.21812137337908,58.59947862662224
UCB1_0.1,1542,58.433000000000696,58.24221222247996,58.623787777521436
UCB1_0.1,1543,58.460600000000674,58.26976185738499,58.65143814261636
UCB1_0.1,1544,58.487400000000676,58.296726648813696,58.678073351187656
UCB1_0.1,1545,58.516000000000666,58.32544210295872,58.706557897042615
UCB1_0.1,1546,58.54500000000067,58.35426097347363,58.73573902652771
UCB1_0.1,1547,58.5740000000007,58.3834303872304,58.764569612771005
UCB1_0.1,1548,58.605400000000635,58.41469819404306,58.79610180595821
UCB1_0.1,1549,58.63260000000062,58.44175762969734,58.8234423703039
UCB1_0.1,1550,58.66360000000059,58.4725520503716,58.85464794962959
UCB1_0.1,1551,58.692000000000654,58.50073978546944,58.883260214531866
UCB1_0.1,1552,58.72380000000069,58.53250441612848,58.915095583872905
UCB1_0.1,1553,58.75340000000068,58.56205220841453,58.944747791586835
UCB1_0.1,1554,58.778800000000686,58.58756203482315,58.97003796517822
UCB1_0.1,1555,58.80180000000068,58.610448822390566,58.9931511776108
UCB1_0.1,1556,58.829600000000674,58.638294148419526,59.02090585158182
UCB1_0.1,1557,58.85660000000066,58.665081533429195,59.04811846657213
UCB1_0.1,1558,58.88140000000062,58.68970439183886,59.073095608162376
UCB1_0.1,1559,58.90860000000065,58.716557076925795,59.10064292307551
UCB1_0.1,1560,58.933800000000616,58.74164543411322,59.125954565888016
UCB1_0.1,1561,58.95740000000061,58.7651011018852,59.14969889811602
UCB1_0.1,1562,58.98560000000062,58.7932685285419,59.177931471459345
UCB1_0.1,1563,59.01100000000066,58.81845037370662,59.203549626294695
UCB1_0.1,1564,59.03880000000066,58.84603707456572,59.231562925435604
UCB1_0.1,1565,59.06520000000063,58.872606199015685,59.257793800985574
UCB1_0.1,1566,59.09160000000068,58.898802833028256,59.28439716697311
UCB1_0.1,1567,59.11880000000067,58.925905483295445,59.31169451670589
UCB1_0.1,1568,59.14960000000063,58.95697040870799,59.342229591293275
UCB1_0.1,1569,59.176000000000656,58.98375598185229,59.36824401814902
UCB1_0.1,1570,59.20140000000067,59.00903359949107,59.393766400510266
UCB1_0.1,1571,59.22840000000063,59.03598527281822,59.42081472718304
UCB1_0.1,1572,59.25920000000065,59.06626141071269,59.4521385892886
UCB1_0.1,1573,59.28520000000069,59.09205232684057,59.47834767316081
UCB1_0.1,1574,59.3134000000007,59.12014674075515,59.50665325924624
UCB1_0.1,1575,59.34160000000068,59.14846411578194,59.53473588421942
UCB1_0.1,1576,59.3684000000007,59.175510374839575,59.56128962516182
UCB1_0.1,1577,59.39320000000071,59.200228326975854,59.58617167302557
UCB1_0.1,1578,59.42080000000069,59.228003673179806,59.61359632682157
UCB1_0.1,1579,59.445000000000675,59.252263826205045,59.637736173796306
UCB1_0.1,1580,59.47480000000074,59.281644674139685,59.6679553258618
UCB1_0.1,1581,59.50380000000076,59.310249684330685,59.69735031567083
UCB1_0.1,1582,59.530400000000775,59.3366940195365,59.72410598046505
UCB1_0.1,1583,59.553400000000735,59.359495946670215,59.747304053331256
UCB1_0.1,1584,59.57980000000072,59.3856046746093,59.77399532539215
UCB1_0.1,1585,59.60640000000072,59.412113771757184,59.80068622824425
UCB1_0.1,1586,59.63720000000067,59.44282706935226,59.831572930649074
UCB1_0.1,1587,59.66300000000069,59.46842527878678,59.857574721214604
UCB1_0.1,1588,59.68980000000068,59.49522636765374,59.88437363234762
UCB1_0.1,1589,59.7160000000007,59.52147488143678,59.910525118564614
UCB1_0.1,1590,59.7416000000007,59.5468888538218,59.936311146179605
UCB1_0.1,1591,59.76840000000071,59.573310205414444,59.96348979458698
UCB1_0.1,1592,59.792200000000754,59.59695246691399,59.98744753308752
UCB1_0.1,1593,59.8186000000007,59.62291774534867,60.01428225465273
UCB1_0.1,1594,59.8466000000007,59.650807334689176,60.04239266531222
UCB1_0.1,1595,59.875400000000695,59.67972677855773,60.07107322144366
UCB1_0.1,1596,59.90200000000069,59.70638460018644,60.09761539981494
UCB1_0.1,1597,59.92840000000076,59.7325887567992,60.12421124320231
UCB1_0.1,1598,59.954000000000725,59.75804313260241,60.14995686739904
UCB1_0.1,1599,59.977200000000764,59.78104294555374,60.173357054447784
UCB1_0.1,1600,60.002200000000734,59.8059202386019,60.19847976139957
UCB1_0.1,1601,60.028000000000745,59.831526558177465,60.224473441824024
UCB1_0.1,1602,60.0546000000008,59.85807596181039,60.2511240381912
UCB1_0.1,1603,60.08200000000075,59.88580927756377,60.27819072243772
UCB1_0.1,1604,60.11020000000072,59.914325811104824,60.30607418889661
UCB1_0.1,1605,60.13760000000067,59.94150523903617,60.333694760965166
UCB1_0.1,1606,60.166200000000636,59.96995274896238,60.362447251038894
UCB1_0.1,1607,60.192000000000604,59.9953487437005,60.38865125630071
UCB1_0.1,1608,60.21800000000064,60.02123015956922,60.414769840432065
UCB1_0.1,1609,60.2444000000007,60.047433212695196,60.44136678730621
UCB1_0.1,1610,60.26940000000071,60.072552558143876,60.46624744185754
UCB1_0.1,1611,60.296800000000665,60.099860552738804,60.49373944726253
UCB1_0.1,1612,60.3260000000007,60.12913143312918,60.52286856687221
UCB1_0.1,1613,60.35400000000068,60.15685241926488,60.55114758073648
UCB1_0.1,1614,60.38120000000064,60.18383927194221,60.57856072805907
UCB1_0.1,1615,60.408000000000655,60.21055484915012,60.60544515085119
UCB1_0.1,1616,60.43260000000072,60.23531280197871,60.62988719802273
UCB1_0.1,1617,60.46180000000066,60.26413224284317,60.65946775715815
UCB1_0.1,1618,60.489800000000685,60.29170049438767,60.6878995056137
UCB1_0.1,1619,60.521000000000676,60.32296301344289,60.719036986558464
UCB1_0.1,1620,60.54780000000067,60.34978796936145,60.74581203063989
UCB1_0.1,1621,60.57740000000067,60.379393916450155,60.77540608355119
UCB1_0.1,1622,60.60340000000066,60.405256730974614,60.80154326902671
UCB1_0.1,1623,60.633400000000655,60.43521290885797,60.83158709114334
UCB1_0.1,1624,60.66080000000067,60.462909150894724,60.858690849106615
UCB1_0.1,1625,60.68440000000065,60.48644899071653,60.88235100928477
UCB1_0.1,1626,60.71100000000064,60.51298711712589,60.90901288287539
UCB1_0.1,1627,60.73920000000065,60.54120025175798,60.93719974824332
UCB1_0.1,1628,60.76420000000067,60.56630302372769,60.96209697627365
UCB1_0.1,1629,60.79120000000067,60.593059953525895,60.98934004647545
UCB1_0.1,1630,60.81640000000069,60.618210838425036,61.014589161576346
UCB1_0.1,1631,60.84320000000067,60.64508071836371,61.041319281637634
UCB1_0.1,1632,60.86980000000068,60.671762839285016,61.067837160716344
UCB1_0.1,1633,60.89680000000068,60.6986516544165,61.09494834558486
UCB1_0.1,1634,60.92260000000069,60.72421247627021,61.12098752373117
UCB1_0.1,1635,60.94720000000065,60.74880970322325,61.145590296778046
UCB1_0.1,1636,60.97260000000069,60.7740704976506,61.17112950235078
UCB1_0.1,1637,60.99940000000067,60.80097463641053,61.19782536359081
UCB1_0.1,1638,61.02800000000065,60.82928315674173,61.226716843259574
UCB1_0.1,1639,61.054400000000676,60.85580358955544,61.25299641044591
UCB1_0.1,1640,61.08000000000071,60.881221489773225,61.27877851022819
UCB1_0.1,1641,61.10700000000068,60.90814151003038,61.30585848997098
UCB1_0.1,1642,61.13460000000072,60.93543181042274,61.33376818957869
UCB1_0.1,1643,61.1596000000007,60.96014858319043,61.35905141681097
UCB1_0.1,1644,61.18260000000065,60.982977482218764,61.38222251778253
UCB1_0.1,1645,61.20780000000069,61.0083348555925,61.407265144408875
UCB1_0.1,1646,61.232200000000695,61.03294832963581,61.43145167036558
UCB1_0.1,1647,61.257200000000665,61.05790689516716,61.45649310483417
UCB1_0.1,1648,61.2864000000007,61.08689750028173,61.485902499719664
UCB1_0.1,1649,61.311800000000694,61.11240739876864,61.51119260123275
UCB1_0.1,1650,61.33680000000071,61.13755407512295,61.536045924878465
UCB1_0.1,1651,61.3636000000007,61.16443080156244,61.562769198438964
UCB1_0.1,1652,61.39120000000068,61.19226967843388,61.59013032156748
UCB1_0.1,1653,61.417800000000675,61.219212456867965,61.616387543133385
UCB1_0.1,1654,61.447400000000705,61.248718080663004,61.64608191933841
UCB1_0.1,1655,61.47680000000062,61.27825047907712,61.67534952092412
UCB1_0.1,1656,61.50460000000065,61.306175815886995,61.703024184114305
UCB1_0.1,1657,61.531000000000674,61.33265924749376,61.72934075250759
UCB1_0.1,1658,61.55780000000066,61.359659242493066,61.755940757508256
UCB1_0.1,1659,61.58980000000067,61.39160258565331,61.787997414348034
UCB1_0.1,1660,61.61520000000071,61.4170699315671,61.813330068434325
UCB1_0.1,1661,61.64100000000066,61.44269573695449,61.83930426304683
UCB1_0.1,1662,61.662800000000644,61.46462083885514,61.86097916114615
UCB1_0.1,1663,61.687200000000665,61.48892102809009,61.88547897191124
UCB1_0.1,1664,61.71200000000063,61.51354910168751,61.91045089831375
UCB1_0.1,1665,61.740400000000584,61.541861606030935,61.93893839397023
UCB1_0.1,1666,61.76860000000064,61.57000139158997,61.96719860841131
UCB1_0.1,1667,61.79640000000062,61.59757991720117,61.99522008280006
UCB1_0.1,1668,61.825400000000656,61.626520531274366,62.024279468726945
UCB1_0.1,1669,61.85500000000065,61.656134077091295,62.053865922910006
UCB1_0.1,1670,61.87760000000064,61.67845895880082,62.076741041200464
UCB1_0.1,1671,61.90360000000067,61.70424318827232,62.10295681172902
UCB1_0.1,1672,61.92860000000066,61.72912785282033,62.12807214718098
UCB1_0.1,1673,61.955800000000664,61.756284162062094,62.155315837939234
UCB1_0.1,1674,61.98400000000067,61.78435845554324,62.1836415444581
UCB1_0.1,1675,62.00980000000065,61.810246011480906,62.2093539885204
UCB1_0.1,1676,62.03300000000067,61.83354543432031,62.23245456568103
UCB1_0.1,1677,62.05800000000074,61.85840758970492,62.25759241029656
UCB1_0.1,1678,62.08800000000067,61.8884565816406,62.28754341836074
UCB1_0.1,1679,62.11780000000069,61.91805977715071,62.317540222850674
UCB1_0.1,1680,62.14360000000068,61.94381438091032,62.343385619091045
UCB1_0.1,1681,62.1676000000007,61.96771246058717,62.36748753941422
UCB1_0.1,1682,62.190400000000714,61.99048939934934,62.390310600652086
UCB1_0.1,1683,62.222600000000696,62.02242767435933,62.422772325642065
UCB1_0.1,1684,62.251000000000715,62.05083479417301,62.451165205828424
UCB1_0.1,1685,62.27380000000066,62.073488030747086,62.47411196925424
UCB1_0.1,1686,62.3036000000007,62.10315867847123,62.50404132153017
UCB1_0.1,1687,62.32920000000077,62.128687245739115,62.52971275426242
UCB1_0.1,1688,62.354800000000715,62.15404685565423,62.5555531443472
UCB1_0.1,1689,62.38060000000067,62.17990425864065,62.58129574136069
UCB1_0.1,1690,62.4042000000007,62.203508886389464,62.604891113611934
UCB1_0.1,1691,62.43220000000066,62.23137810459516,62.633021895406166
UCB1_0.1,1692,62.461400000000666,62.26025965763748,62.662540342363855
UCB1_0.1,1693,62.491400000000624,62.2900046032852,62.69279539671605
UCB1_0.1,1694,62.519000000000645,62.31756116456506,62.72043883543623
UCB1_0.1,1695,62.54800000000062,62.34664837789977,62.74935162210147
UCB1_0.1,1696,62.572600000000676,62.37116479072524,62.774035209276114
UCB1_0.1,1697,62.59700000000068,62.395320687334475,62.79867931266689
UCB1_0.1,1698,62.61880000000072,62.4168560287988,62.82074397120264
UCB1_0.1,1699,62.64220000000071,62.440477401346705,62.84392259865472
UCB1_0.1,1700,62.66980000000074,62.467847996560174,62.87175200344131
UCB1_0.1,1701,62.69920000000067,62.49728819145146,62.901111808549885
UCB1_0.1,1702,62.72880000000066,62.526820120651465,62.930779879349856
UCB1_0.1,1703,62.75440000000068,62.552171186665056,62.9566288133363
UCB1_0.1,1704,62.78120000000063,62.57881048772504,62.98358951227622
UCB1_0.1,1705,62.80740000000068,62.60501812067814,63.00978187932323
UCB1_0.1,1706,62.83380000000069,62.6311080981913,63.03649190181009
UCB1_0.1,1707,62.859000000000684,62.655818317940884,63.06218168206048
UCB1_0.1,1708,62.88340000000067,62.68036224866772,63.08643775133362
UCB1_0.1,1709,62.909800000000665,62.70671714146175,63.11288285853958
UCB1_0.1,1710,62.93380000000065,62.730781717742985,63.13681828225832
UCB1_0.1,1711,62.95760000000062,62.754526272344634,63.1606737276566
UCB1_0.1,1712,62.98320000000063,62.78015668782594,63.18624331217532
UCB1_0.1,1713,63.0054000000006,62.80194546730192,63.20885453269928
UCB1_0.1,1714,63.03320000000062,62.82972755264891,63.236672447352326
UCB1_0.1,1715,63.05800000000064,62.854761168591914,63.261238831409365
UCB1_0.1,1716,63.08240000000064,62.87906925114344,63.28573074885784
UCB1_0.1,1717,63.108600000000656,62.90538484393735,63.311815156063965
UCB1_0.1,1718,63.13340000000066,62.93023943449604,63.33656056550529
UCB1_0.1,1719,63.15700000000067,62.953925348092326,63.36007465190902
UCB1_0.1,1720,63.18440000000067,62.980874988493326,63.38792501150802
UCB1_0.1,1721,63.21120000000069,63.00778475368848,63.41461524631289
UCB1_0.1,1722,63.235800000000694,63.032279116897094,63.439320883104294
UCB1_0.1,1723,63.26040000000072,63.05697042391618,63.46382957608527
UCB1_0.1,1724,63.28580000000075,63.08231316410142,63.489286835900074
UCB1_0.1,1725,63.313600000000704,63.11029566569368,63.51690433430773
UCB1_0.1,1726,63.34040000000069,63.13705566655573,63.54374433344565
UCB1_0.1,1727,63.365200000000726,63.161725827331665,63.56867417266979
UCB1_0.1,1728,63.389200000000656,63.18559014817843,63.592809851822885
UCB1_0.1,1729,63.41540000000067,63.211953943503886,63.61884605649746
UCB1_0.1,1730,63.4440000000007,63.2405425695815,63.6474574304199
UCB1_0.1,1731,63.471400000000735,63.26767828468223,63.675121715319236
UCB1_0.1,1732,63.49780000000071,63.294147581747865,63.70145241825355
UCB1_0.1,1733,63.52400000000074,63.32025368578152,63.72774631421996
UCB1_0.1,1734,63.54640000000075,63.34268045760574,63.750119542395765
UCB1_0.1,1735,63.573200000000696,63.369286408290385,63.77711359171101
UCB1_0.1,1736,63.59780000000071,63.39375934077185,63.80184065922957
UCB1_0.1,1737,63.623000000000694,63.41915646873793,63.82684353126346
UCB1_0.1,1738,63.64820000000072,63.44425441410477,63.85214558589667
UCB1_0.1,1739,63.67280000000071,63.468693605613446,63.87690639438798
UCB1_0.1,1740,63.69740000000066,63.493162517662206,63.90163748233912
UCB1_0.1,1741,63.722800000000646,63.518116196978156,63.92748380302314
UCB1_0.1,1742,63.74760000000066,63.54267535614325,63.95252464385807
UCB1_0.1,1743,63.771000000000676,63.565949828250766,63.976050171750586
UCB1_0.1,1744,63.79660000000066,63.591519241915265,64.00168075808605
UCB1_0.1,1745,63.82340000000065,63.61814093246741,64.0286590675339
UCB1_0.1,1746,63.85160000000066,63.64638397595757,64.05681602404375
UCB1_0.1,1747,63.87980000000064,63.6744678163607,64.08513218364058
UCB1_0.1,1748,63.90500000000064,63.69972663239809,64.1102733676032
UCB1_0.1,1749,63.92820000000061,63.72315122192375,64.13324877807746
UCB1_0.1,1750,63.95260000000063,63.74784149257715,64.1573585074241
UCB1_0.1,1751,63.979000000000674,63.774375278390146,64.18362472161121
UCB1_0.1,1752,64.00480000000069,63.80027617129585,64.20932382870552
UCB1_0.1,1753,64.0268000000006,63.82251524462962,64.2310847553716
UCB1_0.1,1754,64.05240000000063,63.84812480795584,64.25667519204542
UCB1_0.1,1755,64.07940000000062,63.8753144371227,64.28348556287854
UCB1_0.1,1756,64.10600000000063,63.9016865633657,64.31031343663557
UCB1_0.1,1757,64.13520000000064,63.93070131740773,64.33969868259355
UCB1_0.1,1758,64.16540000000062,63.961083194018585,64.36971680598265
UCB1_0.1,1759,64.19360000000069,63.98930323683738,64.397896763164
UCB1_0.1,1760,64.21960000000064,64.01539187235466,64.42380812764662
UCB1_0.1,1761,64.24440000000067,64.04010946223033,64.448690537771
UCB1_0.1,1762,64.26700000000064,64.06262916544925,64.47137083455202
UCB1_0.1,1763,64.29080000000063,64.08622388631545,64.49537611368581
UCB1_0.1,1764,64.31480000000062,64.11035967733669,64.51924032266454
UCB1_0.1,1765,64.33680000000062,64.13250084923088,64.54109915077036
UCB1_0.1,1766,64.3656000000006,64.16127351433137,64.56992648566982
UCB1_0.1,1767,64.38860000000062,64.18419453030029,64.59300546970096
UCB1_0.1,1768,64.41360000000066,64.20910255823009,64.61809744177123
UCB1_0.1,1769,64.44060000000063,64.2360386333012,64.64516136670005
UCB1_0.1,1770,64.46600000000065,64.26106803503342,64.67093196496788
UCB1_0.1,1771,64.49020000000067,64.2854108386207,64.69498916138063
UCB1_0.1,1772,64.51500000000064,64.31032908255291,64.71967091744837
UCB1_0.1,1773,64.5374000000006,64.33277749364468,64.74202250635652
UCB1_0.1,1774,64.5608000000006,64.35591576219458,64.76568423780661
UCB1_0.1,1775,64.58320000000063,64.37801135744043,64.78838864256083
UCB1_0.1,1776,64.60420000000065,64.39867836723315,64.80972163276815
UCB1_0.1,1777,64.62480000000062,64.41912966083258,64.83047033916866
UCB1_0.1,1778,64.64920000000065,64.44371101518513,64.85468898481616
UCB1_0.1,1779,64.67620000000072,64.47060999379055,64.88179000621089
UCB1_0.1,1780,64.70240000000068,64.49685829253531,64.90794170746605
UCB1_0.1,1781,64.72220000000068,64.51661460723372,64.92778539276765
UCB1_0.1,1782,64.74440000000068,64.53869366064541,64.95010633935595
UCB1_0.1,1783,64.76820000000065,64.56191251771556,64.97448748228574
UCB1_0.1,1784,64.79340000000059,64.58728336961272,64.99951663038846
UCB1_0.1,1785,64.81880000000055,64.61253196595376,65.02506803404734
UCB1_0.1,1786,64.84440000000059,64.63798231511844,65.05081768488274
UCB1_0.1,1787,64.87040000000061,64.66386719144589,65.07693280855534
UCB1_0.1,1788,64.89280000000059,64.68635621837262,65.09924378162856
UCB1_0.1,1789,64.9152000000006,64.70864100488687,65.12175899511432
UCB1_0.1,1790,64.94080000000059,64.73395037865782,65.14764962134336
UCB1_0.1,1791,64.96760000000063,64.76072256206062,65.17447743794064
UCB1_0.1,1792,64.99260000000064,64.78590768814671,65.19929231185456
UCB1_0.1,1793,65.01840000000063,64.81153240149756,65.22526759850369
UCB1_0.1,1794,65.0422000000006,64.83510072361688,65.24929927638433
UCB1_0.1,1795,65.06800000000062,64.86105808588259,65.27494191411866
UCB1_0.1,1796,65.09340000000067,64.88639856349059,65.30040143651075
UCB1_0.1,1797,65.11740000000063,64.91004664867256,65.3247533513287
UCB1_0.1,1798,65.14100000000056,64.9336930310788,65.34830696892232
UCB1_0.1,1799,65.16700000000054,64.9596092686887,65.37439073131239
UCB1_0.1,1800,65.19280000000053,64.98553965787559,65.40006034212547
UCB1_0.1,1801,65.2182000000006,65.0111459017363,65.42525409826492
UCB1_0.1,1802,65.24640000000059,65.03927009717869,65.4535299028225
UCB1_0.1,1803,65.27080000000063,65.06369127805547,65.4779087219458
UCB1_0.1,1804,65.2942000000006,65.08692409116912,65.50147590883208
UCB1_0.1,1805,65.3176000000006,65.1102426945875,65.5249573054137
UCB1_0.1,1806,65.3422000000006,65.1348198826599,65.5495801173413
UCB1_0.1,1807,65.36880000000065,65.16119230544318,65.57640769455811
UCB1_0.1,1808,65.3932000000006,65.18555880046564,65.60084119953557
UCB1_0.1,1809,65.41840000000062,65.21086286897749,65.62593713102375
UCB1_0.1,1810,65.44520000000067,65.23738900045991,65.65301099954142
UCB1_0.1,1811,65.46940000000063,65.26188100553271,65.67691899446855
UCB1_0.1,1812,65.49420000000062,65.28662642778848,65.70177357221276
UCB1_0.1,1813,65.5198000000006,65.31206104918579,65.72753895081541
UCB1_0.1,1814,65.54400000000054,65.3359330388042,65.75206696119687
UCB1_0.1,1815,65.56900000000059,65.36074747117001,65.77725252883116
UCB1_0.1,1816,65.59560000000057,65.38741990996067,65.80378009004048
UCB1_0.1,1817,65.6196000000006,65.41140964443584,65.82779035556537
UCB1_0.1,1818,65.64620000000063,65.43787010199414,65.85452989800713
UCB1_0.1,1819,65.66900000000061,65.46035081684366,65.87764918315756
UCB1_0.1,1820,65.69120000000058,65.48257990208214,65.89982009791902
UCB1_0.1,1821,65.71820000000056,65.50927003704726,65.92712996295387
UCB1_0.1,1822,65.73980000000056,65.53047343065703,65.94912656934409
UCB1_0.1,1823,65.76380000000061,65.55428973931141,65.97331026068981
UCB1_0.1,1824,65.7872000000006,65.57768520861792,65.99671479138327
UCB1_0.1,1825,65.8102000000006,65.6003745808233,66.02002541917791
UCB1_0.1,1826,65.83340000000055,65.6231957544795,66.0436042455216
UCB1_0.1,1827,65.85600000000053,65.64575840900112,66.06624159099995
UCB1_0.1,1828,65.87900000000054,65.66859012573802,66.08940987426307
UCB1_0.1,1829,65.90280000000052,65.69225016318445,66.1133498368166
UCB1_0.1,1830,65.92920000000056,65.71851792987191,66.13988207012922
UCB1_0.1,1831,65.95520000000054,65.74456021971119,66.1658397802899
UCB1_0.1,1832,65.97760000000056,65.76725600938914,66.18794399061198
UCB1_0.1,1833,66.00040000000057,65.79010978903405,66.21069021096709
UCB1_0.1,1834,66.02640000000055,65.81623607078525,66.23656392921585
UCB1_0.1,1835,66.05140000000057,65.84105308506676,66.26174691493438
UCB1_0.1,1836,66.07760000000061,65.86696926057651,66.28823073942472
UCB1_0.1,1837,66.1032000000006,65.89270652355232,66.31369347644888
UCB1_0.1,1838,66.12540000000061,65.91484462962343,66.33595537037779
UCB1_0.1,1839,66.14960000000059,65.93871718574258,66.3604828142586
UCB1_0.1,1840,66.17240000000056,65.96124104140976,66.38355895859137
UCB1_0.1,1841,66.19680000000056,65.9855646463846,66.40803535361653
UCB1_0.1,1842,66.22360000000059,66.0122784103951,66.43492158960608
UCB1_0.1,1843,66.24980000000059,66.03844386014092,66.46115613986026
UCB1_0.1,1844,66.2754000000006,66.06413066214743,66.48666933785377
UCB1_0.1,1845,66.29780000000055,66.08636382823524,66.50923617176586
UCB1_0.1,1846,66.32260000000055,66.11079323295593,66.53440676704517
UCB1_0.1,1847,66.3488000000005,66.13682338993557,66.56077661006542
UCB1_0.1,1848,66.37380000000053,66.16158536733629,66.58601463266477
UCB1_0.1,1849,66.39820000000061,66.1858953604036,66.61050463959762
UCB1_0.1,1850,66.42560000000057,66.21309224732332,66.63810775267783
UCB1_0.1,1851,66.44900000000054,66.236503942565,66.66149605743608
UCB1_0.1,1852,66.47540000000056,66.26264983970898,66.68815016029214
UCB1_0.1,1853,66.50060000000056,66.28786060896297,66.71333939103815
UCB1_0.1,1854,66.52560000000051,66.31262325810783,66.73857674189318
UCB1_0.1,1855,66.55100000000056,66.33786364747868,66.76413635252243
UCB1_0.1,1856,66.57700000000054,66.3640300113088,66.78996998869228
UCB1_0.1,1857,66.59900000000054,66.38597275939674,66.81202724060435
UCB1_0.1,1858,66.62340000000054,66.4101384644906,66.83666153551049
UCB1_0.1,1859,66.6486000000005,66.43523045378683,66.86196954621417
UCB1_0.1,1860,66.6762000000005,66.46264660046518,66.88975339953583
UCB1_0.1,1861,66.7012000000005,66.48748326636304,66.91491673363795
UCB1_0.1,1862,66.72280000000053,66.50877079124221,66.93682920875885
UCB1_0.1,1863,66.7488000000005,66.53453390983461,66.9630660901664
UCB1_0.1,1864,66.77340000000054,66.55922566112244,66.98757433887863
UCB1_0.1,1865,66.79680000000056,66.5825322714294,67.01106772857172
UCB1_0.1,1866,66.82060000000055,66.6060040188371,67.03519598116401
UCB1_0.1,1867,66.84520000000055,66.63050285194815,67.05989714805294
UCB1_0.1,1868,66.86620000000055,66.65122547991605,67.08117452008504
UCB1_0.1,1869,66.88660000000053,66.6714686304401,67.10173136956095
UCB1_0.1,1870,66.91200000000045,66.69680752524918,67.12719247475171
UCB1_0.1,1871,66.93640000000048,66.72105197564336,67.15174802435759
UCB1_0.1,1872,66.96300000000046,66.7473858780363,67.17861412196463
UCB1_0.1,1873,66.99020000000046,66.77457814866109,67.20582185133982
UCB1_0.1,1874,67.01340000000044,66.79812339008159,67.2286766099193
UCB1_0.1,1875,67.03660000000055,66.82131909875409,67.251880901247
UCB1_0.1,1876,67.05920000000052,66.84382587432621,67.27457412567482
UCB1_0.1,1877,67.08260000000053,66.8674393455285,67.29776065447255
UCB1_0.1,1878,67.10860000000055,66.89352400498998,67.32367599501111
UCB1_0.1,1879,67.13200000000055,66.91690771969907,67.34709228030202
UCB1_0.1,1880,67.15460000000054,66.93945577664987,67.36974422335122
UCB1_0.1,1881,67.18040000000055,66.96533850594284,67.39546149405825
UCB1_0.1,1882,67.20360000000058,66.98832577538163,67.41887422461953
UCB1_0.1,1883,67.2280000000005,67.01272096618627,67.44327903381475
UCB1_0.1,1884,67.25280000000048,67.037391618824,67.46820838117695
UCB1_0.1,1885,67.27600000000054,67.06038421773978,67.49161578226129
UCB1_0.1,1886,67.30040000000052,67.08457979831032,67.51622020169073
UCB1_0.1,1887,67.32600000000052,67.11015903573167,67.54184096426937
UCB1_0.1,1888,67.34780000000053,67.13194528333509,67.56365471666598
UCB1_0.1,1889,67.37460000000046,67.15884018051106,67.59035981948985
UCB1_0.1,1890,67.40220000000049,67.18632103206033,67.61807896794065
UCB1_0.1,1891,67.42920000000046,67.21298514321921,67.64541485678171
UCB1_0.1,1892,67.45340000000046,67.23710716039838,67.66969283960253
UCB1_0.1,1893,67.47740000000042,67.2610057287592,67.69379427124163
UCB1_0.1,1894,67.49700000000045,67.28040407144285,67.71359592855806
UCB1_0.1,1895,67.52040000000044,67.30339973458616,67.7374002654147
UCB1_0.1,1896,67.54800000000046,67.33097362197994,67.76502637802098
UCB1_0.1,1897,67.57020000000045,67.35283837709224,67.78756162290867
UCB1_0.1,1898,67.59640000000044,67.37877404962164,67.81402595037925
UCB1_0.1,1899,67.61900000000045,67.40128860022548,67.83671139977542
UCB1_0.1,1900,67.64420000000041,67.42631314785503,67.8620868521458
UCB1_0.1,1901,67.66980000000041,67.4516842819166,67.88791571808422
UCB1_0.1,1902,67.6946000000004,67.47617737242176,67.91302262757905
UCB1_0.1,1903,67.7182000000004,67.49968614012248,67.93671385987831
UCB1_0.1,1904,67.74080000000042,67.52222543390492,67.95937456609592
UCB1_0.1,1905,67.76580000000043,67.54731923216542,67.98428076783543
UCB1_0.1,1906,67.79020000000038,67.57175387988778,68.00864612011299
UCB1_0.1,1907,67.81220000000035,67.59363220012399,68.0307677998767
UCB1_0.1,1908,67.83440000000039,67.61580709677816,68.05299290322262
UCB1_0.1,1909,67.8606000000004,67.64190338417109,68.07929661582972
UCB1_0.1,1910,67.88620000000041,67.66733725919235,68.10506274080848
UCB1_0.1,1911,67.91180000000044,67.69286320627559,68.13073679372529
UCB1_0.1,1912,67.93660000000044,67.71754860868626,68.15565139131462
UCB1_0.1,1913,67.96100000000047,67.74195460875096,68.18004539124998
UCB1_0.1,1914,67.98580000000042,67.76682000155539,68.20477999844546
UCB1_0.1,1915,68.0106000000004,67.79145396211815,68.22974603788263
UCB1_0.1,1916,68.03480000000042,67.81558860690419,68.25401139309665
UCB1_0.1,1917,68.05960000000043,67.84049787548719,68.27870212451367
UCB1_0.1,1918,68.08760000000044,67.86836020970118,68.30683979029969
UCB1_0.1,1919,68.11000000000044,67.8909292874298,68.32907071257108
UCB1_0.1,1920,68.1368000000004,67.91770212851415,68.35589787148666
UCB1_0.1,1921,68.16000000000044,67.94068448401697,68.3793155159839
UCB1_0.1,1922,68.1830000000004,67.96336018049625,68.40263981950456
UCB1_0.1,1923,68.2066000000004,67.9869180279921,68.42628197200871
UCB1_0.1,1924,68.22900000000041,68.00936915373775,68.44863084626307
UCB1_0.1,1925,68.25280000000046,68.03294015004383,68.4726598499571
UCB1_0.1,1926,68.27960000000041,68.05975185127845,68.49944814872238
UCB1_0.1,1927,68.30360000000042,68.08379732308478,68.52340267691605
UCB1_0.1,1928,68.32740000000037,68.10762600696025,68.54717399304049
UCB1_0.1,1929,68.35360000000037,68.13384321067491,68.57335678932583
UCB1_0.1,1930,68.37820000000038,68.15847022718351,68.59792977281724
UCB1_0.1,1931,68.4018000000004,68.18196808402598,68.62163191597483
UCB1_0.1,1932,68.42580000000045,68.2060329233153,68.6455670766856
UCB1_0.1,1933,68.44580000000046,68.22578000698391,68.66581999301701
UCB1_0.1,1934,68.47240000000042,68.25247177316385,68.69232822683699
UCB1_0.1,1935,68.49580000000037,68.27580520154586,68.71579479845488
UCB1_0.1,1936,68.51940000000032,68.29940867862193,68.7393913213787
UCB1_0.1,1937,68.54240000000031,68.3223163356884,68.76248366431223
UCB1_0.1,1938,68.56380000000034,68.34380822508717,68.78379177491351
UCB1_0.1,1939,68.58660000000039,68.36632965143409,68.80687034856669
UCB1_0.1,1940,68.60880000000036,68.3883144233837,68.82928557661701
UCB1_0.1,1941,68.6332000000004,68.41276025263603,68.85363974736477
UCB1_0.1,1942,68.65780000000038,68.4370053386903,68.87859466131046
UCB1_0.1,1943,68.67860000000037,68.45768816417409,68.89951183582666
UCB1_0.1,1944,68.70280000000038,68.48191552038632,68.92368447961444
UCB1_0.1,1945,68.72460000000038,68.50352072850879,68.94567927149197
UCB1_0.1,1946,68.74700000000037,68.52563473701063,68.9683652629901
UCB1_0.1,1947,68.7696000000004,68.5482906521708,68.99090934782998
UCB1_0.1,1948,68.79300000000035,68.57185464194376,69.01414535805694
UCB1_0.1,1949,68.81500000000034,68.5940004842998,69.03599951570088
UCB1_0.1,1950,68.83800000000036,68.61695379243517,69.05904620756556
UCB1_0.1,1951,68.86160000000038,68.64078291503041,69.08241708497034
UCB1_0.1,1952,68.88520000000037,68.66431920094657,69.10608079905417
UCB1_0.1,1953,68.91120000000036,68.69015521063587,69.13224478936486
UCB1_0.1,1954,68.93380000000039,68.71245166470948,69.1551483352913
UCB1_0.1,1955,68.95840000000034,68.73690647121,69.17989352879067
UCB1_0.1,1956,68.98400000000036,68.76237244172755,69.20562755827318
UCB1_0.1,1957,69.01020000000042,68.78839237134865,69.2320076286522
UCB1_0.1,1958,69.03380000000037,68.8118015292511,69.25579847074964
UCB1_0.1,1959,69.05620000000033,68.83432321514644,69.27807678485422
UCB1_0.1,1960,69.07680000000038,68.85490239407942,69.29869760592133
UCB1_0.1,1961,69.10020000000037,68.87819212461272,69.32220787538802
UCB1_0.1,1962,69.12480000000032,68.90284128489526,69.34675871510538
UCB1_0.1,1963,69.15120000000029,68.92904031493677,69.3733596850638
UCB1_0.1,1964,69.17620000000032,68.9536221815126,69.39877781848804
UCB1_0.1,1965,69.20140000000028,68.9787723024144,69.42402769758615
UCB1_0.1,1966,69.22460000000021,69.00189629342007,69.44730370658034
UCB1_0.1,1967,69.2488000000002,69.02609622912213,69.47150377087827
UCB1_0.1,1968,69.27240000000022,69.0495569660208,69.49524303397963
UCB1_0.1,1969,69.29460000000023,69.07152160640447,69.51767839359599
UCB1_0.1,1970,69.31920000000031,69.09603671719884,69.54236328280177
UCB1_0.1,1971,69.34180000000028,69.11846427168815,69.5651357283124
UCB1_0.1,1972,69.36360000000028,69.13998863479577,69.58721136520478
UCB1_0.1,1973,69.3870000000002,69.16339455725955,69.61060544274085
UCB1_0.1,1974,69.40820000000022,69.18469749450745,69.631702505493
UCB1_0.1,1975,69.42960000000018,69.20630476012305,69.65289523987731
UCB1_0.1,1976,69.45260000000017,69.22942530085567,69.67577469914468
UCB1_0.1,1977,69.4760000000002,69.25264580911504,69.69935419088536
UCB1_0.1,1978,69.50300000000024,69.2798032632459,69.72619673675459
UCB1_0.1,1979,69.52700000000023,69.30373290978238,69.75026709021807
UCB1_0.1,1980,69.55140000000027,69.32803350364885,69.77476649635169
UCB1_0.1,1981,69.57440000000025,69.35117612556412,69.79762387443638
UCB1_0.1,1982,69.59740000000029,69.37427014994536,69.82052985005522
UCB1_0.1,1983,69.62320000000028,69.40003619283594,69.84636380716462
UCB1_0.1,1984,69.65060000000032,69.42748729157842,69.87371270842223
UCB1_0.1,1985,69.67620000000036,69.45332630198573,69.899073698015
UCB1_0.1,1986,69.70100000000035,69.47790317567772,69.92409682432297
UCB1_0.1,1987,69.72620000000032,69.50271987125488,69.94968012874575
UCB1_0.1,1988,69.75160000000027,69.52779071736661,69.97540928263392
UCB1_0.1,1989,69.77580000000027,69.5520716203197,69.99952837968085
UCB1_0.1,1990,69.80040000000027,69.5767685845537,70.02403141544683
UCB1_0.1,1991,69.82360000000025,69.59963485227473,70.04756514772578
UCB1_0.1,1992,69.84560000000029,69.62147957648267,70.06972042351791
