Arm 1,Arm 2,Arm 3
0.15409598452792211,-0.1166529848273753,0.19280307883055403
0.11155065542023461,-0.007526404350920341,-0.11566201166994228
0.028790091346975955,0.011234501944650343,-0.03906500413471021
0.0452915041107381,0.016687443607001713,0.04008040894582051
0.050892141265402015,0.001262784954895883,-0.08744902272496143
0.18513349110442784,0.08153129858808725,-0.10608890183163602
-0.027665189194598122,-0.07320005380979454,-0.009770688613685853
0.04777113758918368,0.08687910745222614,-0.06913475497669384
0.026713803313394017,0.014969316845809308,-0.22376186722182037
-0.04302167189101305,0.04852183404875158,-0.01655757726113778
0.23908165778841778,0.016105555998702,0.0008982265879458501
0.22149238772078922,-0.10688080627494241,-0.26050517437411413
0.08107382178322305,0.11903588498515907,0.1085328117216573
0.06516325914392766,-0.10532042764628807,-0.026960717818891845
0.18867151488002598,0.07760014819033201,0.06740188449670613
-0.02516492406561832,0.13112600370341235,0.06298499213885614
0.13479880143058395,0.11596766681653166,-0.05859822002821491
0.02022245050411104,0.0477394519471625,-0.010509937704845151
0.07775425619344746,-0.00044928192512089016,0.036901492774390574
0.012576069176663152,0.057463069682557516,-0.01616702002162832
0.029048552324182346,0.10943189036704211,0.12432440155305524
-0.02267780251801403,0.01791430029205103,-0.13430302422002438
0.14135544362110708,0.1115972127141693,0.04352347216756892
-0.1180051288861222,-0.05877797702597919,0.1367626382742649
-0.055753720124403924,-0.19076321552673495,0.173359361215946
0.07266944403216152,-0.16052815156916117,-0.06718066773393286
0.13126919956481836,-0.08335801763417565,-0.11902807812865122
-0.1342504308905716,-0.09643893840861217,0.007143908527914625
0.22022819166878144,-0.07380756771006601,0.023369634091587023
-0.12880506248236995,0.038747455818325005,0.030742995717255202
-0.06146980560741229,-0.02973761373283759,-0.12281460945870565
0.07643404690234257,-0.13221154799069387,0.1728525636173846
-0.04626344932485624,0.12583061236667292,-0.07213396625794467
-0.13190126274715996,-0.11303127250170263,0.09980893840054735
-0.02749640928883701,0.03850635051628339,0.039513256331862
0.24062506853780624,-0.06936369211350907,0.10201520262304338
-0.04587704655874128,0.09666160925069932,-0.07842544062213958
-0.17967334335695723,-0.03746235151190272,-0.18752042328543833
0.01938235776374761,0.12299855595899319,0.03365533049993926
-0.05564279696155619,-0.09008679256732623,0.08090866859815873
-0.018913494822399624,0.057103215352453746,0.059272632639351466
-0.04081141311298331,-0.2578744779012892,-0.04969098147078615
0.039706253486543046,0.09526803689361857,-0.10054394605647532
-0.0937644410312544,-0.006557474801497761,0.050997389310007725
0.19910254681525563,0.07352891805026983,-0.027034039046527826
-0.09882001593569271,-0.13114937875575777,-0.021649900324975543
-0.03762680752961846,-0.08011359297924998,0.10304436498411909
0.1386788254509715,-0.10856068075478642,0.06754357272641129
0.06563784464382241,0.11690629126051018,-0.004395743216521896
0.057426368069704414,-0.025765503993536755,-0.06036412220585872
0.17146188963789377,-0.12624460164297543,-0.03692767164123342
-0.03981745966546228,-0.08585593543089562,-0.09784209103312884
0.0077849138636446324,0.04382890136877212,0.11781287272624119
0.17423591722035262,-0.09575469726981001,-0.2868456598061077
-0.023374193853136063,-0.20513220725068781,0.01079962076679069
0.1416021098856038,0.002575205189129921,0.060456855969309733
0.11727450661025823,-0.05804877131489529,-0.0621220999988545
-0.13883793729225596,-0.06675383660870493,0.20541808846409568
0.12478221638559281,0.029306190667405554,-0.12113277449884718
0.0384096655207367,-0.0012244286901188913,-0.10375264932659417
-0.02342478970776611,-0.07541599395917097,0.07092966541635012
0.15614582168407648,-0.12528663728030007,-0.04803318012572875
-0.043249221577766686,-0.08176874419676448,-0.08566474953797074
-0.02522158598194746,-0.14055177958320064,0.11658646356088956
-0.09132432051971924,0.1276619659415657,0.028084453435577934
-0.09162573007366893,0.14684698343133726,-0.08511368217141929
0.07512702909647681,0.02043200303737778,-0.02200778453330393
0.09522523981611074,0.045442769842623486,-0.1109104012364379
-0.02442451803575167,-0.003136324000643228,0.06631681356422163
-0.14435734623664992,-0.06747053946048776,-0.0660001821471595
0.06465042651334818,0.10381799221634934,-0.03380796273713007
0.048329661139150985,0.026031407886903453,0.06349770282305899
-0.042871462056322154,0.01632452672087972,-0.07160647368009991
-0.15246533148212593,0.0676455880433218,0.0022868502119774516
-0.0960237365304356,-0.2939965237175372,-0.013324883821936535
-0.03260042393611916,-0.07937937409540079,-0.011682441746205295
0.0654482441293897,0.019445166366680353,0.0035033115942685895
-0.008637781266574239,0.05254634913169135,-0.1792674013741304
-0.043033308763220174,0.05436698299566076,-0.18294024121341723
0.1130084139167599,0.10000607734218935,-0.014848782134832293
-0.07455050697759971,-0.02136085412954651,0.004995321619589401
-0.06247885543110168,-0.08477053187531403,-0.1328991121794487
-0.057275860304261225,-0.08935078446815092,-0.04506716736941599
0.1236986708307424,-0.09920888150476107,-0.10224117261395532
0.07165224586785239,0.058862732357300655,-0.11655819036592184
-0.04273405376706127,-0.09575731002088576,-0.0931774631795576
0.2014676103676259,-0.049693205239483604,0.004935256164796289
0.20888274116236955,-0.11315679502963116,0.05303284161665792
0.12129622242830723,0.12610482981889345,0.10182801825325767
0.2595029172519949,0.031099685016298652,0.019392978907610492
-0.025100452537572107,-0.2651409737956656,0.08767071711336459
0.17075275786680694,-0.05507384875404647,0.0283458133189229
0.10465900538936128,-0.12560777006616483,-0.14071338724198432
-0.04980607093388477,0.15219388196201655,-0.04735900259810772
0.11727116011942607,0.13554082873916348,-0.08529542182208961
-0.08560666433684357,0.07683852995519669,0.1422627423648389
-0.09098548753466422,0.10835481510808305,-0.10032975595228406
0.006059336276324732,-0.04190682517387379,0.18738204149768659
0.10719002835880903,0.07913317486509386,-0.13122355877072392
-0.004962864976579183,-0.016319876428698955,-0.04484231720105713
0.07468664483259038,0.1973219015877948,-0.09691736779453375
0.0800920041960434,0.09800180636680977,0.18215043092474442
0.028285434606610114,0.10464780847968808,0.01796967556498789
0.022586230542826942,-0.02166733615015362,0.10550557926860882
0.1688742475130112,0.02426238262161516,-0.08999062477458082
-0.2683867449424214,-0.21327294970269461,0.0075934235381635825
0.15504714902327071,0.09223245137768227,-0.03882709530035363
-0.05427356170817188,0.011085248498586648,0.07752788529026111
0.21803736741610347,0.11326125448583124,-0.1376046598288427
-0.02209920064995266,0.04338033321474216,-0.016986600952354446
-0.09053144367180214,-0.03857851616031237,0.05273141489318949
0.10071127713178075,-0.04960856746389555,0.008360603353391366
-0.1265101836443034,-0.12808108292876527,-0.09365185771426243
0.30756258442043427,-0.1893589401763225,0.010631205909497121
-0.023169470217602517,-0.21709795778726484,-0.02461690508206296
-0.12726919688996352,-0.012981016885259664,-0.1519740353155878
0.009143976626584262,0.08490506674176819,-0.0046419216203376235
0.08569440506619763,0.045054334896630605,0.09566842442564741
-0.09375690713771802,-0.042595461325310995,-0.05007858962043497
0.1435369941711363,-0.10924855504967289,-0.009342087691605798
0.03524051391729087,0.1649082252259478,0.11491231875413022
0.0445764521978586,-0.03102627033466858,-0.019059901468709766
-0.03407830130278887,0.09681389386323297,-0.06674964418520028
0.06889830017975393,0.09758215023406103,-0.028348780753080557
-0.03174386681746419,-0.2786779927187174,-0.08431763811304928
0.13546921885787735,-0.027720780722963287,0.011081265021561981
-0.0066828145508252695,-0.07785882339689452,-0.01365548567654476
0.11165123816351794,-0.03333258521188881,-0.17325859398827742
0.0885265610188401,-0.1738911527829856,-0.03869303044581443
-0.0068118259790774655,0.17149344367492378,-0.17901502200116165
0.12709303377547654,0.02102978379516483,0.0506136331500228
-0.17645416563617183,0.04240805063640754,-0.18409301443428178
-0.044697278887745814,0.0818763848141122,-0.20658244469309356
0.1078822765861219,-0.05232068880582502,-0.008328620858180334
0.11175994682893911,0.0909340270455803,0.061383684706742374
0.15831986800173495,-0.03404733596316613,-0.16456227643755608
-0.06636720472875855,0.07273523730107515,0.18388849734644008
-0.0034071531597232863,0.04698963385714311,-0.01305335112833892
0.13790679931162003,0.06679555810961099,-0.02053246054109481
0.15244082460398173,0.09069707642646396,-0.11672726816604184
-0.06903164523326288,-0.02883800220502787,0.06172603205513825
-0.06106477487931154,0.024158051259670715,0.03643414718535238
-0.016407241567896802,-0.01609900878696434,-0.13357477463253506
-0.14153329562657052,0.06223646091952743,0.23699295744020357
0.09105708756416983,-0.05134673140000821,-0.10799342328773519
0.11367531474564668,-0.09984501170768788,0.024947867343898866
-0.09954887653119203,0.021001987717762426,-0.13749150610380997
0.0730276033001091,0.013830211738825305,-0.001896096469554582
0.10978090766742488,0.22479377975463893,-0.007991519586097342
-0.03317298077533916,0.001754174129783812,0.05077111319901845
0.0024811795978616283,-0.08467384827918584,0.015737508058954176
0.014917150550133533,-0.04230738731470385,-0.10000653854372804
0.028187012350294544,-0.20086365054055277,0.003573760043540271
-0.09324073374868393,0.16892681300237328,-0.10586426963122858
0.13704778863058542,-0.1826819032617665,0.056033100694353945
0.14477545726165747,0.19014887065694003,0.2060863561640084
-0.04154317653972679,0.06404740750344708,0.09435691691792099
0.03340468080744055,0.23731613899005022,0.0029642373783338094
-0.022495329597293667,-0.08526545055737106,-0.19558251023387058
0.001116830892407758,-0.0405962496821382,-0.046331434774265795
-0.06913179657525624,0.07971228890213646,-0.054563455049508894
-0.030513468778710334,-0.0064140587883493765,-0.20350862126048017
-0.06744422118975733,0.05146647443646384,-0.09676263324317536
0.18725436042323207,-0.1777936159709143,-0.08859098160236617
0.20173719144447283,-0.02314634263487901,-0.11072520844095401
0.03166805231025087,-0.12470331924099548,-0.13629097116724512
0.24212853602686563,0.11698806969550408,-0.07944773279157719
-0.1044023051411536,-0.08971905591210172,-0.1024321683108701
0.13370944683451985,0.0006130993680781208,0.15639391850949613
-0.09183712102932433,-0.01452461290557944,-0.055404366104564506
0.06474903524034727,-0.050653843935106774,0.10592831553233624
0.11442040974562423,-0.07349108074078807,0.05217987350048595
0.20150723806018261,-0.0854895337181241,0.055821721599809374
0.19941339634478944,-0.057364865505426445,-0.13518737560495905
0.0030297710575642803,0.0008727562484455828,0.018195807478117776
-0.21174490459977707,-0.11976041092716268,0.018422067377451536
0.0872098440794909,0.10636793767434896,-0.08763652996255171
-0.10232270624331787,0.061737189048447216,0.009192335758791062
-0.01528772755706391,0.06092666826992943,-0.0899614702255099
0.07133727048598588,0.08599193721138458,0.09916271070402566
0.03308100950368729,-0.03069415717316908,-0.07659539665460036
-0.016239301070426176,0.09351483070269198,0.02422827481892591
0.24728715839319387,0.04215438483943382,0.04708582941920635
-0.07520408458966137,0.1279772316872432,0.09619526252156615
0.0039540604769293455,-0.0673414279673476,-0.10335052516011166
0.18153813162430932,-0.11864232333322813,0.02031094694887769
0.17116375528111327,-0.13214282217046233,-0.0693643982689021
-0.03772666445593911,0.029118421625847202,0.011639805957997178
0.06473182897177815,0.01871443433426714,0.0654313213538725
0.07661081183115886,0.2081775744845168,-0.06930923741758158
-0.042928471472100674,-0.19338081343801522,-0.055123174377093576
0.022218153055972124,-0.014048241849188119,-0.10636279142244263
0.03558699678943975,-0.01119681183895155,0.11625655537715243
0.049834163766774534,-0.02007351141578627,0.024540858623417445
0.07438921485130524,-0.10377914655180097,-0.05015338236760145
-0.058580684889182985,0.16181557919007328,0.04508898082161674
0.062350585075659215,-0.2248805647317027,0.03710839242690725
0.0565138601198849,0.057820500888009385,-0.06684167510754348
0.3461193689120524,-0.02998852821953732,-0.15795126020080735
0.10580713183959303,-0.05891760420520814,-0.017677811376888335
-0.09323442221702284,0.09352750550110776,0.11562725748637524
0.02319414764541032,0.08725166397005388,-0.008032289111188813
0.01116761989523292,-0.006952404314076551,0.1422822649147944
0.09081686251093259,-0.07573302520792903,0.05212742841313892
-0.040662405928553746,-0.13097501281206886,0.06269451482460876
0.08398828014021342,-0.010732762377286105,0.07531674878699758
0.13695882509667037,0.07947417691324148,-0.11141215889736794
-0.07884700919852523,-0.025068652558676616,-0.03993950938576381
0.2720382325628408,-0.14119766962998995,-0.07699897485360516
-0.017623585459679986,-0.12208775535407368,-0.0880114873521728
0.10535278012020582,0.14838708577362322,0.1700788602887537
0.2787692685193471,-0.09714877890595813,-0.002841832930860814
0.014180859800850286,0.028646855468880645,-0.0746721145914629
0.18405076959710104,-0.06467923587389232,-0.08605911865311333
0.047480845193304,-0.131864647056377,0.1697862121619363
-0.09111767594868779,-0.2810103015495863,0.048175896944310376
-0.06986656438637251,0.11486548131811243,0.07852106092135018
0.13675936268589486,0.10421206315414935,-0.18819779436148681
0.012495609159769133,0.07203423960959351,0.05492390819373858
-0.033108328698873465,0.04218899117832246,0.09426117500007232
0.10946944069491352,0.15399747972753078,0.06886007784480833
0.13895801331791102,0.16006634268885722,0.08112577754315747
0.03438736099834738,0.1227286212958523,-0.06113238376953987
0.0003315092649383497,-0.1916107284073694,0.08292569700582442
-0.0376059216212634,0.020056317015698173,0.08586516173420056
-0.040381418271375494,-0.036587616921064964,-0.13378368988835587
0.18766303783186028,0.007341057178665057,-0.0607276722829035
-0.08178160539584199,-0.13326998806366366,-0.12748509301960542
-0.041289119912827396,-0.01484740142197909,0.060653956318065555
0.1710480834619204,-0.09999554960762735,-0.03194085970031497
0.05414125208096717,0.1700554607298146,-0.0499399864379661
-0.1506328245178678,0.09282276347418726,0.17633623232716408
0.16231415676148525,-0.08818630231846099,0.12942485250013488
0.06568883796237002,-0.03823808633957277,-0.10999295592797441
0.156023776268003,-0.05564729609385382,0.019234420860580442
0.081074860949958,-0.054443619051343144,0.22847960674167336
0.2352883902173621,-0.11254220968362752,-0.23042274729542941
-0.027823137875891565,0.10372144178422534,0.08137997403885056
-0.004147022251999276,-0.0029140925534966704,-0.12506735761656784
0.0463706175394149,0.1164420847797614,0.13901216679279513
-0.05315332701801241,0.0336534981946175,-0.08659041757230819
0.14969455658338188,0.048178361810253506,-0.1004290675521941
0.17608251275525627,-0.04796815358207293,-0.08161201146063377
0.11179752474415655,-0.09005863205436523,0.12860983956794975
0.11073395371420204,-0.033294470753546766,0.20454281611818162
0.14638000438794407,-0.05998812617451252,0.1654913629927396
0.059100863787169375,0.1457704823489214,0.10640205276028217
0.016896516323388726,0.07725336809001321,0.14833274060967572
0.0604322804452073,-0.11159006858774739,0.10486179933073816
0.14952273309184916,-0.04722366550736864,0.0664467995032169
0.019941812146179745,0.03044291852323366,0.07960072220404568
0.045186703476775614,-0.15081478573309212,-0.13725460310912407
0.21326800183033,-0.018691999402675682,-0.021246957037526132
0.027975544239577523,0.17383263209818378,-0.09646503900490033
0.06034210177857593,-0.2986973323816811,-0.07191627268539846
-0.045533849697223086,0.03940125263930183,0.03441130904931556
0.18073974573282642,0.1316530009670453,0.04682226467555063
0.1933306022011017,-0.16411971052607233,-0.04042524665895609
0.22668592010415411,0.08157075813423409,0.17456341401358172
0.15391587286775532,0.05450939198571834,0.1234402234213573
0.018981177086256636,0.01913757258407679,0.008767888809862614
0.030841767222078008,-0.19984097784827026,0.04780622971956182
0.13604670881653455,0.0463977812039227,-0.21574959706776864
0.004198273035971312,0.10681378808682791,-0.03929427269557037
0.1358652626899396,-0.08514578081631101,-0.07353343121644035
-0.11401663658418097,0.08432896098987006,0.07715489151172082
-0.14699083148602549,0.15292382625971185,0.23298722676664482
0.1149781004005529,0.025845970420831206,-0.2713274921771355
0.07179995480065213,0.1889943276422042,-0.15263345867452216
0.2387576629374652,-0.09023434745278038,0.14232341227429954
0.16740398029195108,-0.031814423308767166,-0.13017678212651917
0.15970119909869365,-0.11980655160708716,-0.03171981119532762
0.09423736940354115,-0.16681758875555056,0.0767908062275745
0.13048019634796687,0.11518802400635318,-0.08022806355818761
0.2666182884176435,0.061178460644591495,-0.18822379164799116
0.05543575966797304,-0.23277965817952573,0.05884159733822639
0.10471547134876298,-0.08234188505885581,0.0044361719439986
0.1372717804513715,0.11081476625057288,0.04532419350799812
-0.0528882007799195,0.012481142013903157,-0.07730336921146114
-0.061895416617506124,-0.2361717455989299,-0.15374934301879362
0.19304047855896445,0.1436809369337605,-0.0983847462672705
-0.02961688981254519,0.024475483273453377,-0.03904977807212812
-0.05805325733701419,-0.21602984874486372,-0.09470812296529851
0.17795582656796421,-0.010487834500965748,-0.042448377002165714
0.12721019781415932,-0.2272171403471767,-0.11747599441013212
0.12273190998173764,0.08994197902296411,-0.09014749842752057
0.04823509188818228,0.04618686669174797,-0.0910536459609983
0.13236691856422567,0.14695056789943325,-0.02947036970543944
0.1534545961462141,0.03713196242335229,-0.1446353738832939
0.06571985014648982,-0.0008392707131352413,-0.11916132642290603
0.12440193488612117,-0.024261523485031702,-0.028457506843342528
0.22414261739475566,0.05686476007584295,-0.049491285862978046
-0.17140738164682412,0.08314853471708887,-0.2072744110772327
-0.2640962702620213,-0.052641154047994035,0.07211866845212063
-0.10099764630943454,-0.053548010602333745,-0.07327657592382865
0.011018235317481535,-0.006341576471832604,0.021891383423479318
0.02267471596608711,-0.16006112558870883,-0.09436553854467788
0.053264528729680294,0.14154297070108246,-0.06647314492423194
0.1676288559831483,0.04149478697452969,-0.026248245674250978
-0.07887098189080759,-0.06675102024022231,0.15658570058780036
0.0008320262378613344,-0.10625037910546237,0.059058321705715844
0.22047413283542122,0.09196308105002261,0.08211372248144007
-0.03329740753595148,0.06854102911777894,-0.040380341656420966
0.0019328727434744924,-0.17404778539612975,-0.025633595037286207
-0.09011777253592933,-0.12165549266893383,-0.04610104834318318
-0.0282620037326045,0.01696842869751652,-0.08999645430132036
0.06682183283816713,0.07270027101991192,-0.012997296787576355
0.21474637396380858,-0.09959545961331635,-0.0008537998217601526
-0.053438044968147455,0.11057498347446391,-0.004146420115321961
0.18894053677527162,-0.04896608257926735,-0.027909220172851492
0.20408776930394507,0.11014243224823617,-0.012087799699347822
-0.058873186899461305,-0.009691344065394649,0.08780061399778918
0.27443580137333323,0.02772839323284646,0.04062689302077313
0.005583363788976607,-0.08480621505457989,-0.08133644015011822
0.14316870959769018,0.00204555034415222,0.10570337733881885
0.18686806962579594,-0.17075767426722332,-0.014009014689172417
0.0635702356085171,-0.11493990416307368,0.02889219120883346
-0.01604991847255187,0.13555319504612764,0.03914145053996229
0.15097115141152306,-0.030653607542147805,0.051923442961731285
0.22485949068903993,-0.10421290462261677,-0.061673194992808836
0.0661648749561331,0.14689079171063774,-0.07113547969251467
0.12066561232251392,-0.03682974630899995,0.042405556060754135
0.007308405454878299,-0.036458670049316605,-0.03227129562361188
0.0398848682987315,0.07244436431272189,-0.0686623598035835
-0.07011117765496278,-0.0017323048251925832,-0.034138523086261856
0.07348554631115899,0.044089425568340834,0.012249905609933635
0.07120802689830977,0.26236889978998756,-0.1705550443885957
0.04542072541715261,-0.09925492145519811,-0.0066242235891662785
0.13980615182467243,0.023880524415988105,0.023983202589676247
0.0388894522215526,0.030942684075609475,-0.12243057799026127
-0.08296656804876439,0.0879400214500433,0.05552757289437944
-0.029514494861612894,0.21075561983134575,0.11975497623337238
-0.08687149627516215,-0.038356652842999134,0.016012574102460618
-0.020903748879225123,-0.20675278430411692,0.03770535372631752
0.060358830553037084,-0.03804056500349863,0.09085946960505632
0.07375340195649839,-0.05066446239431282,0.06432860369968892
0.14203190320500775,0.16345062850880537,-0.13590441606330605
0.041378401144900816,-0.007755079291531186,0.10101700890336154
-0.060659466942034196,0.17296773497865542,0.06042801453246913
0.014577438069488809,-0.13675944925431324,-0.21662975315165678
-0.09855180078091581,-0.03599801149756737,0.014668557669936808
0.06288616003360734,-0.16861971919881255,0.009874817713363473
0.14351562711810278,-0.06543640843065912,-0.07390219138916321
0.10521545135578367,0.06087662639712619,0.07917665819826031
0.1272963832361579,0.024709981222865333,0.03868036261040274
0.10983001365237494,-0.015875347369221398,-0.09455321424977582
-0.07673866363415262,-0.10127327485807701,0.10574985540803775
0.09289080562265388,0.006372475383071523,-0.03254158328731117
0.031935197594046685,0.03814700106366037,0.06274609992786005
-0.041792330492758115,0.0011421842612878111,0.000862859890282621
0.0044638125594057,0.06334018164785558,-0.009134054864894976
0.053179060386187846,-0.11471754127829181,-0.0021052113778684957
0.00695356944222305,0.08431815857552638,0.15912232321462763
0.055823591778584494,-0.12518610491584878,0.04462218455344127
0.07737310855274523,0.09529040232502896,0.021134373441038603
0.13082007097145804,0.037612839264046946,0.12122071794140908
0.21307996860652056,0.010763793904190836,-0.1834505637953663
0.1162793334817039,-0.09070227226323821,-0.11361748930720952
0.053321291288982,-0.13485434237866215,-0.01176888986518033
0.15160328734347123,0.1119980106780985,-0.1215345789380003
0.04172354071736759,0.08375055669071615,-0.05146677628242452
-0.029249423585085962,-0.03314174820936304,0.02394380873205175
0.08710517758913905,0.07867289666468431,0.16258670228257818
-0.07562684168025942,-0.006557935298768847,-0.08985696131531168
0.11668710769142454,0.001063041694208037,0.04382228154396654
0.18553092478537397,0.10750151522255219,0.03740453921047459
0.2072129345136835,-0.1753480036602184,-0.022132588625206825
-0.053895694034610656,0.24873396682376195,-0.12534041635598464
-0.007842184067023396,-0.05341311373121508,-0.10547767190746365
-0.08357184306107794,-0.08049338087927263,-0.18442990296313078
0.0924014317834839,0.04937343187317966,-0.185135281927307
0.04902519701834672,-0.1202225748244825,-0.06669079325958066
-0.028658790746897936,-0.0271980527851669,-0.06796756841584588
0.050683636438530834,-0.12676456339143916,-0.0011105013315817445
0.0020986624847745203,0.1858034102835601,0.11626243468748748
-0.08707901395430544,0.08571971837666716,0.09296880896696001
0.02939026135919255,0.08178241434172734,0.19943830703987617
0.09456899194469762,0.02058865338043534,-0.09779086854210353
0.030838721351587786,0.02945597588293162,0.07781073465124105
0.16539682453637722,-0.09781831988444536,0.19750501609820997
-0.0888402791023805,-0.2389577494333308,0.18330742733667846
0.04971082350844946,-0.025328139493497423,0.03907869461090793
-0.07333322183964118,-0.13404793782395558,0.013674912546787894
0.13412231727322083,0.10340639111649733,0.06460389932852749
0.06235106969412913,-0.19180849917980752,-0.1565751608460982
0.17758587599465475,0.17746994844677016,0.09764346452569113
0.043359276929456625,0.14683896607791252,-0.1282149767980572
-0.07346508319712013,0.07087279329827562,0.12227459201254764
-0.026259672935737416,-0.045494023406844164,0.04913931300928124
0.017406596638485844,-0.05640480271756763,-0.2556241048712249
0.03885846406333329,0.19978252672125654,0.01255262089964216
0.08798463004659385,-0.02431364712034956,-0.0462641791764498
0.1930128613607563,0.09466579748632908,-0.07953791890993366
0.004661726236612804,-0.11703013265488992,-0.13843734420002185
0.016183100546085002,-0.09940056207693017,-0.0719878080630619
0.24794691803106012,-0.12763309237261297,-0.043015317984312414
0.002509177497580818,0.06175385245828069,0.05555324126840586
0.18962202511222392,-0.048058305532956376,-0.041337457389165576
-0.1384928571078622,0.1823299727866421,-0.2657201853405539
0.05802817650313326,-0.056662421292776044,0.17581150835449522
0.046003294906570624,0.07564049303592058,-0.0953235432585829
-0.0033833507684146308,0.05736267118989577,-0.19344655454217746
0.08529508238719463,-0.08795783014499849,-0.04674433096045563
0.12152291179709518,-0.11729202300158202,-0.08492631345245585
-0.026774343246560223,-0.08272278032450037,-0.2206578358756786
-0.01643529185563812,-0.14190688304294993,-0.14146454863296778
0.04493012473512886,0.16619434773686068,0.1488635935998935
0.16038748983838252,0.03994516797116457,0.058026292450400634
0.07680249488188777,-0.056262364214861506,0.0757055838588568
0.1365893742195906,-0.006216300177424691,0.022624113739520772
0.13551592984889194,0.17566746632737554,-0.08095420737133495
-0.10392677552667222,-0.12504217654331418,0.014952975650681903
0.28481345110782513,0.022133754452259864,-0.06913254607863274
-0.03271049380453514,0.013760015417180858,0.07382249391952952
0.07280853144699853,0.03696933668587181,0.11665974359024794
0.1639585346683859,-0.21118213903987534,-0.013629849599330751
0.002059520321010609,-0.102150263890049,0.13316478638624876
0.012902735623790795,-0.12493456342368808,-0.003213258329742276
0.01757992009937586,-0.06925252647000978,0.12908153519587695
0.11818035965056833,0.1276514153003436,-0.03894567154110779
0.1762160041864274,-0.0106644395960147,0.07955945839802796
0.019221501308749035,0.09770624816308587,0.05851912307040513
0.04770140676922763,0.03161927809082087,0.005086425439806682
0.1483455204771046,-0.04190157233771208,0.10518538218067863
0.023589312885052095,-0.04504563274866169,0.04401904422946071
0.07498455779805309,0.13508131146562757,0.14455112814635226
0.06832479319427848,0.17604650198462218,-0.09008596617261323
0.25802541860270495,0.04175351491971184,0.08413473360736684
0.09049207332407332,0.06920595917701756,0.0038946076423835526
-0.0008473672999689055,-0.0529454061459279,-0.15132889408704875
0.061722878489174064,-0.04967323587101361,-0.09463616912401819
-0.047757624343083185,-0.007021499762440289,-0.09838775136342456
-0.09811028949136703,0.11464851510653098,-0.004069028096509458
-0.07000592575245482,-0.18244768904826766,0.03359842109757579
0.04901982215652381,0.006768067552688058,-0.05297937040895576
0.14468521442708843,0.15204480429943523,-0.06928708570602564
-0.003312610152882957,0.14991820544301848,0.13383016203219258
0.2584223777466234,0.015556773995827645,-0.025258370704942384
0.02624486516276268,0.0968791514048981,-0.08081388109524015
0.1272589146469974,-0.014886317299779015,0.14413387234920835
0.10510346728357592,-0.20278884160180946,0.11239072068832573
0.07789190335877605,-0.012398024785150993,0.0250312705073937
0.060689364539254165,0.12250544396538049,0.04484878262106254
0.09178817146170462,0.054050124809178396,-0.0728956571359906
0.05955376704796611,-0.11672631742715721,-0.07794453459578891
-0.06901025658787112,0.13366401248418716,-0.0859675279530941
0.04430958364127752,0.0006696765563377204,0.10990561167137823
0.22230138512021747,0.15549363605103947,-0.021773481123335783
-0.05185599920225033,-0.027657249886770333,0.13869152953554273
0.18715771331672842,0.13401692866094975,0.15176147311735655
-0.09213303897901358,-0.002431805663892069,0.029724508942012715
0.20164256350004717,0.15121676866039588,-0.053365372182591866
0.1691725377731031,0.1452402910460124,0.07214240144761978
0.008148152683627577,0.05116196857943411,0.12760137295396598
0.09505141442584097,0.08574802741267049,-0.0067890858965875675
-0.05613909490037261,0.07913817476111333,-0.08170893486341244
-0.07415191851433978,-0.10569705030079249,-0.17361695498182161
0.0885624513725107,-0.14189647251914517,-0.04820106332847046
0.04291818957023493,0.05720430906694757,-0.043945573890335626
0.004351251775390856,-0.0652933554236833,0.16095763629920468
0.02145971532210075,-0.08185251037555166,0.07064721547775768
-0.03319969713394584,0.18938813344330316,0.06767333185533618
-0.10302504874987299,-0.09161021326614617,0.04795928864821286
0.27515656775797176,-0.07527679095868584,-0.09393346623942271
-0.062323499098468224,0.004407819363087613,0.11476467556044233
0.1406349516737267,-0.15702527008767997,-0.1389801405152849
-0.11288960723080414,-0.015678977169079414,-0.03369987659720933
-0.001346016874471799,0.14286161297635436,-0.04738959903599638
0.08431931228498088,-0.03650080219103044,0.023018682134671398
0.284418287925604,0.12454888221736891,0.045213207513886446
-0.05566727611735241,0.049979044027927744,-0.11398244451641551
0.05679788926762462,0.15605735741101892,0.039837629058462234
-0.019708778775413396,-0.04627393169467716,0.06264292860828101
-0.09790419970831564,0.03288023907157603,-0.025532671934036594
0.16993675201045336,-0.01931721001923844,-0.025915560849082843
0.17733569420845835,-0.08569413597251836,0.05285435254691661
-9.276742635518087e-05,-0.02091833501258865,0.09034823342435462
0.1118403317551231,-0.02058312944081085,0.03807211273842462
-0.03629576157946436,-0.12258564064097602,0.0005500624751393773
0.0008811711252050616,-0.013896895948354072,0.00779504362145308
-0.06358549694664271,-0.07762807702454107,-0.11874544785955415
0.028318401444126423,-0.08042828218984803,-0.16108916117554797
0.15939082957854434,-0.11765399907728501,0.024485869979683328
-0.10825899780841221,0.039696199649855136,0.005114908038590601
-0.13953658294132193,-0.251507644993631,0.057708294404251105
-0.048451323371840535,0.06412106843135044,0.03229158336307742
0.11384390228132209,-0.07702696741276154,-0.03181383261980499
0.1782699987948982,0.04855418753112344,-0.016740072304497585
-0.014395964361052505,0.07523667259362399,0.05082213660733246
0.058145513300243465,-0.015722460719018005,0.1720888930704273
0.08556583159023223,-0.24490160587730547,-0.1420616071115928
0.0313911579795933,-0.09035585328969283,-0.12303189908984827
0.010895053731882862,0.041800835630171014,0.01832388149910886
0.19536634232660954,-0.08833031474625469,0.08555812610145713
0.05959042750057978,-0.12360887193083181,0.12212888067746289
0.08152159451299165,-0.07820257423576249,-0.0014207599595782428
0.07699654592149795,-0.07277581202739918,0.018679738306947063
0.03663439707638322,-0.036565353807064264,0.02351596873355156
0.04498484275675774,0.1244708156090782,-0.11791007434782011
0.06474155532885635,0.049791785420992274,0.11200948062068104
-0.056934872532871314,0.22278886732260014,0.1402519566323936
0.10320762681036927,-0.192940899221507,0.0901520839241731
-0.04946986755665726,0.008414822135272495,-0.11032559013938566
0.18692727165122042,0.006057494435662882,-0.2700141110359089
-0.01598200724978241,0.06025523406599718,0.04107828882301818
0.15173822508997137,-0.0625429401097216,-0.003712021652910905
0.1647198429238484,0.04339770213772659,0.12821583628698405
-0.07446375885419731,-0.10714133938649342,0.001856341894630351
0.10519170309411831,-0.2739665971853158,0.12904322641229576
0.07908545608399936,-0.08876805560089049,0.005192680560330418
0.20869983950380994,-0.03423860413389244,-0.006995633791515157
0.009470664120408243,-0.04672086728969635,-0.21629468297836962
0.008913960711649675,-0.03189622554196234,0.08834989407964275
-0.0436966925442409,0.21460278978917013,0.19881870846555275
0.06860110708127132,-0.06990089174658524,0.0034772405467957987
0.037133243398899396,0.10830139096812252,-0.09434285382242208
0.07567123291688041,0.07089300794526934,-0.20134488985022397
0.19852152833461084,0.059333923124762426,-0.030556624312750955
0.07761365040935193,0.06262982780131153,0.0980118907169727
0.09880850293435503,-0.013638129648586593,0.12655919033995897
0.026157098603308022,-0.061270680633685876,0.14726368829059347
0.08842297288679712,-0.16062995234513533,-0.009051599918424745
-0.062032221066456186,-0.0952092227273034,0.15407352265912583
0.06323728503692418,-0.04326778073710297,0.06756346705738799
0.05442069783090424,-0.08347620162862784,-0.002170643678061793
0.22272840852552828,0.013592913202513577,0.07648729867793767
-0.05315577619250189,0.13874879938656356,-0.07932855031373923
0.05386615063378636,0.15082458004751062,0.011217226659701924
0.0552811191231082,0.017544313908259716,-0.17222043161813164
-0.023969775169428414,-0.05877023081388322,0.03261887613331231
0.06263277806648763,-0.03250094019306307,0.21040148659364266
0.13596401130035957,0.00858131900475211,-0.034256541630358524
0.24204463515757074,0.002987435684710767,-0.09810464679725522
0.129111913746675,-0.034642109001031686,-0.04642803436538845
0.16547286326166236,0.08028880190553594,-0.029932926830284246
0.005546404508283219,0.006837283808418067,-0.07602556321590191
-0.17783030278674689,-0.13443192519784944,0.059751855068642695
-0.055869699063039846,0.056348756511177094,0.1293905880797186
-0.01902564565588416,-0.028801814964901386,-0.0275710578144877
0.07804366956143902,0.11177798112438593,0.17414268530359547
0.14186618057760197,-0.16827071213225067,0.03890161015441393
0.05590996038619258,0.0023250040986959246,0.10483127083889701
-0.08965133705646565,0.04550367056811392,0.11840627315273433
0.04851711630889097,-0.1297690371472588,-0.10771720477478038
0.07090536484118737,0.14540068105795298,-0.2126195604666591
0.005196782412967484,0.09114955750108147,-0.05847219459549816
0.038310249373415414,0.12722813952648046,0.04042652628768579
0.061983417808019935,-0.0028234859883879636,-0.17008770909285142
0.12874815705921228,0.10267882240025974,0.15928765509157533
0.19932699487727057,-0.11681925511746905,-0.036342443978273124
-0.06568452432596468,-0.0405852467504134,0.10756315079126318
-0.013643673525740335,-0.07723728459062107,0.16244724465765886
-0.1449346405451814,0.08712720955054575,0.015687441800586167
0.05948679396299601,-0.07073848847637172,-0.0004868267391491528
0.07177686954359998,-0.021618192015949552,0.029159527245503133
0.05019048811687404,0.10110713809746326,0.08290700644653926
0.09857680762583085,-0.10604880243907609,-0.002184670950006393
0.07199630863586512,-0.023410740201634278,-0.0944122189211191
-0.07144085817418504,0.05964558859014483,0.007284416818278078
0.09052299583315176,-0.18853195398006206,0.001852140605886102
0.024989386388719798,-0.17483504513434692,0.0717698627747493
0.006161199860584013,0.09479991559509626,-0.19529184979268702
-0.07037649097759642,-0.07543895915394483,0.03441490742616397
-0.01625529879047631,-0.010614699500469171,0.03155700172634059
-0.014324210428510536,0.12179584341864498,0.10178250506654551
0.263340304225998,-0.013049542601390032,-0.09686892214308616
0.04410584902274221,0.11487833139480388,-0.054976911499742875
0.0061866354116577454,0.07233734518063219,0.04339571821813761
0.2250841025044824,-0.09663405006238696,-0.04099174268826519
-0.04512720728748024,0.17609137490921487,0.05018168968242587
-0.03656799392402947,0.025864172513817063,0.13165699813566253
-0.02347742322160043,-0.08038835072091134,0.0651678139305095
0.14352454984276425,-0.03376510157096444,0.009537126465872434
0.10186060642424746,-0.023757469556050098,0.012458095432539316
0.062301681727088006,0.08445939990209933,0.00259838806678609
0.07382955571560693,-0.1142055261326034,0.03880917542374787
0.05731724054976047,-0.1216624777846008,0.05292248593288921
0.07206143962640567,0.04741900984197872,0.03808477591437654
0.0697496105249164,-0.009511663250969546,0.07849314395710763
0.06093225603661014,-0.16368614167672327,0.0478738164501722
-0.11768676554629649,-0.10824864388343187,0.13958955268729573
0.02851165094873613,0.10589855191381425,0.016915990657647133
-0.0587250525475846,-0.08830349614062302,-0.05705427275372274
0.03205431136339344,-0.15117628242049255,-0.14370261659624142
-0.1172380836223005,0.006893068325433068,-0.044707485158804246
0.1364554198002747,0.05115905502386623,-0.05710111353657774
0.15793584225606988,0.10771305107288394,0.15896723891434952
0.03356725406059006,0.009711411579219587,0.06588589442881874
0.032456467289204635,-0.12567495133865966,-0.07556649339882723
-0.08477469288374374,-0.000443797887968149,-0.06452493230289112
0.047008302493616,0.23817328471976143,-0.019252308583214514
-0.08368659743275965,-0.04741819359917162,-0.03814144189475316
0.08919632232694644,0.050341601221059,-0.06200697836178637
-0.019064586119682952,-0.060767651747630096,0.05084236563148014
-0.056705215941730766,0.026983480797501416,0.07301654591035035
-0.10622546071850637,0.10702164747273474,0.14979520874114072
0.033367570495694596,-0.021696923350319836,0.1207061569751054
0.24054559636318068,-0.042190062455320004,-0.16671627440066347
0.13724826425620687,0.1519856660277001,-0.08813938303911444
0.06897654480716257,-0.10706776599170403,0.015192650008296003
0.10679988887424541,-0.02956179674503718,-0.07076389366592992
0.13655805299745638,-0.09616684673058785,0.12592829626502017
0.0770858778897709,0.1459282102043383,0.05349984580142391
0.013480370172953136,0.03277564756715241,0.06800686662972873
0.078151255263615,-0.13612095498868454,0.09428288083332809
0.1377302339339712,0.25228418862736773,0.021254261889428597
0.04282481240728449,-0.026592563936003618,-0.0316725854027447
0.044406823561662034,0.01364823361511067,-0.01373530330595528
0.17084597248455613,-0.16748703843222626,0.003898378569566879
0.10814224632105385,-0.02387902674338024,-0.18776988359530933
0.05576434786069709,-0.07560648461956185,0.1282292746176816
0.04872774203229485,-0.11086307029992504,-0.04281798246934705
-0.09275404291550655,0.015412596404856134,-0.0156299523422545
0.04629172540240153,0.01685652437129923,-0.0621287222667531
0.1826197000509498,-0.10100053730574783,-0.01728916128596078
-0.10708402672924407,-0.06947883379902757,0.04036601808075879
0.21179072240365815,-0.12015887404744226,-0.00877318734517236
0.08070951588079031,-0.16008190666059988,-0.2185104629242085
0.11052635288248219,0.005998804429278269,-0.14675099587957618
-0.039306019147600055,0.14626321172853102,-0.04161844247733358
-0.03014680643851149,0.16761621381787623,-0.035457239555832784
0.15798782542471015,0.06594354480676387,0.0027729223128448452
0.13688124255068446,-0.02276316286595185,0.044983843535441805
0.10435047595258555,7.841873870157123e-05,-0.02146675641844966
0.04837910672706617,-0.1880810540523361,-0.08341058241599592
-0.02729935685723109,-0.030571342088628557,0.09916156717159107
0.007532568109501203,-0.11897379123489041,0.1134488117607687
0.04339916407371534,0.157996803402488,0.04062255459572234
0.010200826956914308,0.04472495778820634,0.06455143089522637
0.1770042678440789,-0.018433922411193956,0.018512408134043614
0.06342283898966626,-0.03951039360991876,-0.035531406250320106
0.10705995182453969,0.10294139320235783,-0.07600485005973878
0.03167777840192387,0.062379802733774053,0.21830610181058488
-0.118514131852278,-0.04364792430395296,0.08986321876580075
0.0036945024286475225,0.09015290671752968,0.1241480791239298
-0.03346447534397402,-0.3044612390181554,0.08766522695772472
-0.1665917239598117,-0.11939796003434922,-0.12148728416437732
0.0799710330549565,0.08623115917116997,0.07072609816672465
0.1606910710174544,0.10126560420483054,-0.06331024501208124
0.03904412221422094,0.21989443125245375,-0.10724269863565804
0.12542872218233825,0.04096216080242606,-0.03885878633359433
-0.03999366089136305,-0.12484728466450319,-0.06114126132275585
-0.06752824372068951,0.18487002928281288,0.1867512771976498
-0.009592477267731783,-0.0831501946932267,-0.1381719139603041
0.008290462764074732,-0.19171891604491528,-0.08425726685548302
0.09514041244413997,0.07513335897906857,-0.08047160905911632
-0.07042075052231378,-0.29989067729336866,0.1800983470222609
0.15832638734655002,0.10877960537876759,-0.09032832562852322
0.1026081941099541,-0.2522637727877623,0.07729886790823426
-0.04172758252848076,0.18125916843116302,-0.09228561108678748
0.15405245847800877,-0.02363731022264617,-0.0500892088869945
-0.07308387227512717,-0.014160243955459237,-0.09916279879264062
-0.07914493617023712,0.01206682497715602,0.14433747237305364
0.08171161520248037,0.04450842235200843,0.0738103481138928
-0.0796857623588035,0.08460297476798329,-0.017349321456357113
0.007705185922820157,-0.17188828315497443,0.19543784158641128
-0.051365242710026876,-0.0066484732592494745,0.011816967064162527
0.14987674439023937,-0.025504943112210323,-0.13576987172699773
0.01033772992555966,0.018998017635103396,-0.09121725939136216
0.05911213664369895,0.010983905680146889,-0.00935253203528787
-0.0035595287844915474,0.03403225475841841,-0.21757188520002424
0.08717471900030922,0.11372456996019581,-0.16546500594243563
0.06006738328889339,0.13542642051642814,-0.002970383788499894
-0.08022823598198299,-0.05568340041456657,-0.07888604899705036
0.1276513748877501,0.03385153781469295,0.08128715360573602
0.10481613271354626,-0.03846338827027077,0.21983708355027531
-0.0014940045501756552,0.14876991925071292,0.10087983156258623
-0.030786665116370224,-0.06454268472472806,0.16022103396255588
-0.057818936065215584,0.004492810218227132,0.10909760168283676
0.08165943866319841,-0.05207551839017587,0.10282487755539105
0.10960809737569532,-0.04755564730113953,-0.040983598756286925
0.09785682295527977,0.013168571143342512,0.026131146442037324
0.08900990573286066,-0.1800345965048024,0.005062007104706903
-0.0006791471018112519,-0.1360803721217642,0.1128420344586991
-0.04721072195383444,-0.011697829233958013,0.1035545852567492
0.11793785920177587,-0.0037777714248063304,0.12399129956793482
0.0716879953476745,-0.0594698131008397,-0.15556877210333397
0.15361436358107805,0.07866546035000314,-0.030456254827021606
0.08703527787335508,0.010331580005067868,0.0027579055776858707
0.10282532842796298,-0.0752546263133792,-0.12723826673988506
0.04075365627770988,0.10525678804631367,-0.13990394635270392
0.11269023206868478,-0.2510275611784473,0.04445222852132641
-0.03110463524291436,-0.02560235812419123,0.03783824315719958
0.05321257255629411,0.05559306244095246,-0.05831347180384522
0.11330937927422717,-0.10901479865220759,0.10044833323452347
-0.06362299687325523,0.018095134316975653,0.11439082892755326
-0.048411212899279216,-0.22970017486027558,-0.02184457781625225
0.12230704107010393,-0.08169249450400194,0.1706269067793315
-0.06122967059564231,0.004421124743056151,-0.00821781816533306
-0.0628457351406818,0.14881432527484087,0.03247721488728204
-0.0745719397427171,0.09173923942351264,0.022709090984629705
0.18383277434989131,-0.12583830515069214,-0.016785220446610568
0.06555096891508287,-0.03278511504672895,0.06838221027104795
-0.03007536475075928,0.16226557480261905,0.050251409664311936
0.04282857456889437,0.19023756994390903,-0.053314820799675394
0.1214301666752731,0.05738472153562625,0.034037883501557634
-0.029448996177659156,-0.06422451166242842,-0.11912144578010414
-0.06324207386529637,0.0729023303023468,0.09718753441438188
0.09339381129434986,-0.19899391496549826,0.01011437002393383
0.06827896688584341,0.1151405337536471,-0.18923975522390046
0.055269921301408925,0.05956113816678944,0.1986563122149218
0.09438158574122266,-0.04270025426369808,-0.08300397960715167
-0.17250317114675545,-0.03788253449201695,0.019364514806319094
-0.030195902556498608,-0.04820792068550078,-0.13925870323516723
-0.011102740651595076,-0.2658240843087382,0.026968831148291794
0.05771267313419317,0.15938285365007276,0.021331480720547982
0.1279141003930962,0.1062732327394431,-0.11936432577191024
0.05881310199563603,0.03157287244612403,0.06707677246901898
0.08735724604192577,-0.047421931383044805,0.1251611335787608
-0.13458756900750407,-0.016995361712184114,-0.01397259892676426
0.01505291370518648,-0.113360274891467,0.054422142324858216
-0.050064663290626935,0.09266081039603719,-0.09146854583059248
-0.1710752055208658,0.06589647566918179,0.03914242108169144
0.010252012861920609,0.0139867127811861,0.02140821303738136
0.013158564652920916,0.037057674779359596,-0.007360846457813562
0.007880464188255533,0.12917134248077497,-0.044601422031772885
-0.11194651868765503,-0.00424056293808137,-0.06935551251045366
0.21662939496742867,-0.025941123729612436,-0.049461008281465234
0.1135795058941568,-0.007394444733198755,0.12839058819860824
0.20298586844560207,-0.11361820824910879,0.02812081847209006
-0.0648311154862529,0.026580250139924877,-0.11617410565222792
0.21784979955633604,0.16323484171816613,0.08060484782845406
0.010299984698852321,0.0010087600050780459,-0.10694420851456395
0.03372498226147769,0.16388658459797914,0.09356824433390286
0.0970232013736238,-0.18315271317393622,-0.09117734030705782
-0.034682485030468016,-0.05694813049971179,-0.001650419117671175
0.11064172145304473,0.030428318806628014,0.06565827007920925
-0.01872932017628702,-0.13521028435381574,0.04520883220844127
0.1333625776160497,0.07810270741499228,0.14228497266803672
0.11316141954732192,0.22364378025669024,-0.19056847956345624
-0.08213371833110762,0.21323350173480304,-0.06616820615270078
-0.009794668279363393,0.16867290972341611,0.049921887719642316
0.1762680097583615,0.011259607277413295,-0.13767521685699938
0.15866408979449464,-0.1283245122153061,0.0892556250188678
0.034952470002832976,0.1496751949607991,-0.133601094259474
0.07789759711528291,-0.12063980310659295,0.021504872802702732
-0.03719014747355934,-0.1707164780459317,-0.06529941694616918
-0.14065395190881053,0.03130453250951514,-0.1263177328914761
0.016857471079753675,0.03072812619530357,0.014233957864426584
-0.03891457969611023,0.10448725416443777,0.03470959704047188
0.0022176770954151423,-0.05210245073809924,-0.02944743103390887
0.14140635307629051,0.04447521325508385,0.10044866928746062
0.0016009698453840898,0.010813378813336579,0.12212108774636957
0.15431491162553493,-0.06965511896139179,0.04476093878458754
0.014654400247107499,-0.13206782456977664,0.020876689977237455
-0.06346276719458133,-0.1259006056003748,-0.021158384156046622
-0.011856222685463103,-0.03301502625413374,0.07446204507809594
-0.21712326082999378,-0.057908980582884545,0.07572152403425968
0.17302491053669034,-0.13267018279013743,-0.046707027302101085
-0.13780667643257877,-0.002499356528389706,0.10649599270137877
0.1536416411200671,0.003694078255542268,-0.09258991926049302
-0.015004963762047699,-0.05939453034049979,0.14422452925886411
0.09001524168568885,0.18244842693670557,-0.1247075208766523
-0.07192460098030658,0.003507933850385862,0.01898807282639639
-0.02629026024748604,-0.2451487277954989,0.07134133585153517
-0.14177614787658493,-0.010620362458437303,0.07562756624719835
0.17355787482299215,-0.012093731087239391,-0.07242792830951306
-0.11601231934324831,-0.055733580826101886,-0.044412456178664884
0.0452963229532087,-0.14751004119865513,0.04431582354897884
-0.028869998155239524,0.21346385249358893,0.14842165069275068
0.26946649078149915,-0.034214207540763444,-0.1503119748523676
0.11801113427307729,0.08325534159514214,-0.06306664457995828
0.16965080283721168,0.07308987024006612,0.06659492163613402
0.22138403769409282,-0.021770043352683455,-0.042808410931938136
0.10070971442664159,-0.13478519342369208,-0.026953407422371047
-0.07017121637068012,0.06946797897706328,0.009178954941488085
-0.0928881065851518,-0.07233170138713062,0.15978607164022615
0.02468465613442744,0.006903626084870412,-0.08196354987736798
0.12215541751577924,0.06175609546086566,-0.03658813445068135
0.022769933900170937,-0.114873846622857,-0.029207723322544555
0.18835192896215275,-0.31702918034755534,0.06108969683163206
-0.1685684362669544,-0.10170732755196965,0.17541849360432302
0.10648958930491438,-0.11476578335714356,0.13938993047140788
-0.0788346870854731,-0.13263355433340296,-0.013111809118758509
-0.09954035452187841,0.10275947447444785,-0.01762346494309307
0.04780193495202898,-0.122124943814712,-0.038721230938031426
0.274420027211567,0.04021242661910637,-0.0072956341795627645
0.12147434897964281,0.02606737658023501,-0.058692202913586594
-0.007807126635198371,0.15963352630484332,-0.04921153461500475
0.18628925000430924,-0.032322750641785726,-0.044711078598067173
0.02392341271969687,-0.09834882798769379,0.15338255453709618
0.1268979111408562,-0.04550070964527721,-0.12113771579968538
0.15297441906222345,-0.10144016772641239,0.028225532942468295
0.10277040337620995,-0.06772532729028576,0.08370814857144553
0.06667895678876277,-0.04256282391147444,0.02243531360395548
0.08105735474061687,-0.07025310825070417,0.03826619296404727
-0.011540441860587114,-0.28394909530012913,-0.08749991519353777
-0.14327956579901352,-0.1672281340049406,0.04633085691830161
0.017103970378650434,0.004671022807602689,0.04076940444885565
0.1013179636753444,0.03813372330404259,-0.027391738228562834
0.12526358178634325,-0.0029141921748348895,-0.1366607367463068
0.01810005912016132,-0.059858995420355325,0.19092610732805387
0.28027011177024364,0.23495575628032866,-0.08263890318468452
0.11029369339732985,0.10243703078669247,0.15116596496825685
-0.06581488026059708,0.0836452254696483,-0.02774162697870355
0.11880779153615545,0.025969274352736008,-0.10980462111607746
0.01960742889588185,0.20620889376502094,-0.2266187083425035
0.08117454519472497,-0.06417050868937872,0.08472797257648589
-0.03288809809564659,0.006456910783845228,-0.03846917365128311
0.011507883004050111,-0.04771333179206434,0.08657885721724856
-0.10896608245136692,-0.03464280314202427,-0.12039103891338226
0.007041750181896983,-0.14440388602642285,-0.11489028478499207
0.02810844624773101,-0.0160905332418642,-0.2158615137909748
-0.12500297430331558,0.02283831303120901,0.004821456706301804
0.12852748440575307,-0.05841500265098724,0.06530986926441773
0.03407218377828139,0.1348458322493334,-0.07293978925486592
0.21669620254742317,-0.05640997131917448,0.20664829773037377
-0.14669789633929559,0.0007963082775894889,-0.007897305632257117
0.04693044397117091,-0.10844442998871662,-0.11322958231527519
-0.009106284782636663,0.00964517178810464,-0.07387117388371542
0.08885452570491525,0.1004263776391346,0.17495882254352138
-0.07648667618970133,-0.1451709315659135,0.13201241702383684
-0.0386997414067648,-0.15769784942222845,0.18088920441282538
0.1743681252216988,-0.026067380482113968,-0.07524273610140743
0.06328622238346318,-0.08526465715631712,0.03842516952729177
0.006306637160966036,0.06223200099677709,-0.06642909991942093
0.04571292206943388,0.019888443093866826,-0.04363498624680729
0.024499093441340422,-0.0816496185984724,-0.05089322858349306
0.20729960851998336,0.11441243212038664,0.12065930727359933
-0.03381998805502702,0.010396288655579898,0.12425344605560669
0.0004358860615863089,-0.0561184398070435,0.06619151809162215
-0.0032006010919447686,0.09335151994366997,-0.011219385798735807
0.11930148668370566,-0.11104481624816663,0.10195704867607423
0.044642919896869304,-0.006083278675507481,-0.0625271747020492
0.07862687016873372,-0.11116285602138265,-0.022527660506279138
0.07449550529645263,-0.18316047438704028,0.11452074181729709
0.018795474166797128,0.16219376220866955,-0.15704181029310382
0.24577267712956263,0.11771081705021168,-0.16499942797770423
0.11231159161715908,0.014087446433103579,-0.10739698365794706
0.1039927405199098,-0.12255586353155463,0.15055758828293095
0.08830837986275612,-0.03804298412635329,0.036231902517848975
0.16224176829236803,0.0379318638837616,0.0421961947065674
0.07255897235445175,0.0007721520710497569,0.008552063457612431
0.09930815797405579,-0.11627678214826337,0.09942411219186202
0.09604630759041989,-0.1231606171899691,0.0907998634218497
0.1005301147290619,-0.045504414336822445,-0.06322054615619287
-0.05362796667176804,0.010843760428869009,0.10895612166991675
-0.018585608982723267,-0.08787837865390363,-0.05778152838618822
0.019492730853257225,0.22791538679505347,-0.1976221804003584
0.031812466518351706,-0.05529154663862951,0.056202568348263905
0.12221278046518813,0.07723076455619923,-0.04975354184020469
0.23884185448133094,0.16561735213225817,0.06711782734490518
-0.09792272226319094,0.04453419767368774,-0.043965560722388046
0.018326890468140622,-0.04581537259520549,-0.09537269176415891
0.07574569605493517,0.07650890129315369,-0.042948592399154446
0.1262004858517105,-0.04105653651274262,-0.10706302365962402
0.05439528349864757,-0.11661764996293465,0.10520362558955171
-0.022695674748444486,-0.14353845574420804,0.14905294392845356
-0.023529238175867023,0.02231896544958858,-0.09288711418245318
0.20323903651404562,0.018964162013832192,0.3061028662892902
0.05518563538495433,0.11309166433019756,-0.029790861916916156
0.0030952691457702547,-0.15036975079547893,0.09908863828756821
-0.03362077418924718,0.030653765333537343,-0.11743005532167101
0.09955578623956055,0.084546773402984,0.033486301783097756
-0.017217973386884286,0.07023689806537285,-0.06833474095085917
0.05753926956096736,-0.13809379454191104,0.07710933590392599
0.16213817709792672,-0.022670432925598928,0.04902615714017669
0.02768550103360652,-0.08717152545859547,-0.020208290949469444
0.11304094548680815,-0.15094677319381994,0.019910838895703498
0.06428629027421856,0.10658834177207127,0.09725137623645685
0.17686991123812462,0.05040687431883384,0.026737216782781577
0.1375001744281345,-0.12351470648535204,-0.03173885157640537
0.09739485781956443,0.06393067460799885,0.10501736713957477
-0.16823082778774884,0.01522100997579572,-0.02003120589707108
-0.014369598778966014,0.15159496459351585,-0.04531904369940858
-0.05889614168396465,0.10948884060490793,0.011911812623435186
-0.05185456178939528,0.09703035093402415,-0.011672976164133963
0.10601179210144188,0.11655395687200208,-0.10799772300104656
0.10437171540998728,-0.02542573738701125,0.12482151133402156
-0.054091650548456466,-0.07895147148050044,0.008861946299076011
0.1667013987941625,-0.07139500005425313,0.046184648019758356
0.12154126405970306,-0.21004948010556987,0.05214684064519803
0.15618918216889188,-0.018330215879136857,0.05747004009517346
0.1161598520675749,-0.10957662302201968,0.058394955873684665
0.06360250200544182,-0.18417365891612164,-0.060006338238899004
0.044534804570560166,0.09148123285944598,0.08534418095337047
0.019579393284575065,-0.11817370367024789,0.13011254855156032
-0.11390640538317594,0.03935062204670359,-0.07241181443621779
0.09825785735734369,-0.06763219987236008,0.13802196145342635
0.032006960359873424,-0.035689856209870564,0.0005734937748226035
0.08664381832088877,-0.07183525348441883,0.029231831248000613
0.18786978746898114,0.18014329981721222,-0.09751708761316642
0.08159686540386057,-0.001978905455388237,0.022552355819577104
0.17883010272749889,0.13507730582247263,-0.04168755117470515
-0.015204349438241754,-0.010358782441852857,-0.08724531789287183
0.1601637173549804,0.0745207201386685,0.1490641945071207
0.10638632022294728,-0.03558817281629034,0.01450369030807747
0.06986107791614721,0.22318394728162125,0.07725739343842315
-0.09845532571599401,-0.112579003790308,0.05056986530678678
0.08941403340143513,-0.15418193342056585,-0.06848156736590343
0.07879902237209241,0.08430917484099361,0.02981353893229099
-0.0017451586261490043,-0.22933757958674664,0.07573612141969038
0.045278186047725606,-0.04998627324463185,-0.09752648705698969
-0.13759411116549447,-0.11096473612903,0.0361643265445566
0.12690060755221305,-0.00020251308102311232,0.039354184157169854
0.13034080020607008,0.09736419225413331,0.04425907221209032
-0.00806126472166091,0.06995574454218817,0.05324121048606922
0.1213227462446353,-0.22335418299146448,0.04845478488339211
0.11427757952586821,0.09412510684988722,-0.2226832500620126
-0.08621193958135608,0.20921202903711278,0.049243272919380285
0.21288439136113785,0.014540357866085383,0.11861703941183846
0.07019577284579118,0.10845958941477335,0.034414060326703
-0.02363305990071643,0.09406187723252658,-0.0593499043748964
-0.12238940852495957,-0.0903285610004952,-0.034248783137996196
0.012348045547735581,-0.04302037704220125,0.13886982643963683
0.13832406782926762,0.052014601418625864,-0.05394927649398726
0.02244280241718996,0.06857644099043476,-0.029459403972971088
0.15077244691925096,-0.08381493204105159,-0.034083657373637416
0.08879090061162018,-0.0064366296841723404,-0.15306854758839927
0.05000631281780115,0.03610769504732527,0.027173803249436163
-0.15190912262506973,-0.013218257909107642,0.05211106856628511
-0.0042519563985832926,0.12485174735683438,-0.20348135319383528
0.21125782876393034,-0.09828083276377242,0.08662635524920527
0.06684274564672095,-0.03823590856021146,0.09893156490100599
0.14357439065043803,-0.09135736939714847,-0.09805738584274865
0.038500342440730057,-0.027299045793762,-0.032009251401255
0.13752334969408225,-0.00958342611916068,0.030078344299611582
0.09818590225902561,0.13167277392798787,0.07068493369633701
0.03968910399241504,0.0446339456966659,-0.0068327642827180615
-0.027020752023574512,0.00020576589173318776,0.06662221808408071
0.15755822368069466,0.1852059496001312,0.034432491746178406
0.031732542279924225,0.04572247734851538,0.1482984633463032
0.12465556378220537,0.0012600741497648864,0.08867178736958606
0.19008285671228148,-0.08490049838183,-0.20050101757552852
0.01665760439544793,-0.037035178132864936,-0.2106962640915404
-0.16208210524637,-0.07328714559939095,0.13574021685562762
0.03236179203514278,0.018850246438062428,0.02283400215888019
0.1160457044170978,-0.145142909904759,-0.05831145042030953
0.07014993359164973,0.19795764060693344,0.003565579204213792
0.09307460138488732,0.03844970172275723,-0.066485127648861
0.1860572674711805,-0.048367030808195044,-0.1522430965016708
0.19010197873893925,-0.0831310390672762,0.0658597280184217
0.016048785048434724,-0.10250660910286202,0.045313284537653785
-0.005468352789034757,0.05362969534084369,0.06849445724519478
0.1016259503143083,0.07623994199351941,-0.07704025908044379
0.10798100689502298,0.10514735615067516,0.003796871383620507
0.07422540571827185,0.053600450793303514,-0.13602999131193363
-0.04121033890443736,0.15830881473609865,0.07406006187788237
-0.21307023207096853,-0.09092145847880208,0.026959160027903484
0.06278716148498593,-0.037441666227705644,-0.07806065284290052
0.042525173480108994,-0.006976320370111349,0.08684700454270733
-0.049245211929440785,-0.2021515685106727,0.02231083863547871
0.0769035353194347,0.18644751088454786,0.04559266205381006
0.02580100665194631,0.08084413710990165,0.1112505243972085
0.07667006588695705,0.1673093226858827,-0.05735157339568362
-0.02209311605170984,-0.02025009825758782,-0.08240131928364446
0.06550475381241616,0.02075763129249651,-0.012232061986088776
0.14877720273810774,-0.015445592747509297,-0.05202005598849457
-0.05718898809162028,-0.07501724061763809,0.015970544081610447
0.06689884302328294,-0.089934719069177,-0.09645857217802306
0.21579756034189623,0.14885905281092618,-0.1681549129450781
0.1129847861653634,0.021235790363710462,-0.0875571100309793
0.04117977789824656,-0.04436882894326305,-0.11168341570093526
0.15900382844831468,-0.02400941855788372,0.010074544650975922
-0.03480984849505471,0.03907453187420207,0.1498337452246906
-0.26944136824864556,-0.10381788854763713,-0.05009880686585871
0.057783939115198135,-0.07636654609022053,0.022429231331799082
-0.12335489382566443,-0.21590565865105937,0.02306927119232438
0.07354253718345045,0.09625425373719541,-0.11045181222265849
-0.07308008882100692,-0.019916544191327448,0.016636681953151638
-0.21457616664817825,-0.19005568215630148,-0.14376472521994227
0.14313243708282286,0.017134565773248192,-0.01951937351312999
0.1335953143907853,-0.1390040032455265,-0.01764142691608593
0.018356339784850774,0.01035228105473087,-0.06085580002413904
-0.026800218665811032,-0.003079176527013958,0.07552493449481512
0.04940469973377077,-0.014256115693343514,0.009061491040437443
0.1935854835187517,0.09685510920444629,-0.07414214743390536
0.09624700470940223,0.11683633774758664,7.161900311835962e-05
0.11209082168324888,-0.03425010203298637,-0.04083868533955984
0.10525051199401593,-0.10749617272210288,0.1036040717680905
0.06118745267698271,-0.005374703888911878,0.043140693754050274
-0.06085641748400335,0.15002146821868656,0.09223255062079425
-0.015163513658106476,0.036919894754902725,-0.02857904424576302
0.06347182434985751,-0.1672334161823137,-0.09197952199138693
-0.026315826060675104,0.08853676529635952,0.01429861195988584
0.154772345759712,-0.0683830949067651,-0.09051758649238703
-0.09916435923681978,0.09671949475513314,-0.10085093654858529
0.08350244758307668,-0.031408667702593575,-0.11281554431080641
0.14912517081335813,0.034764275117248424,-0.031048836882853415
0.030388553631678906,-0.03866019261824997,0.2311795612603513
-0.03017557799001966,-0.13379153328067492,0.09616428521630331
0.24278502458294454,0.08655901055423293,0.10774829454581702
-0.20322908624709107,0.00358325376608322,0.1251227630028194
0.0890766960027552,-0.015587904766150726,-0.10669971901120745
-0.013590106754305664,-0.05363590571380662,0.04524613035762218
0.06677089400066574,-0.052157706909754645,-0.006586804633476557
0.10041710962460319,-0.03244249931887013,0.14433417464531362
0.07217633837837517,0.02195308093823682,-0.0422705813073479
-0.0971721381922138,0.06331779198694916,-0.01138867789956105
0.22475342317951713,-0.09713072442508776,-0.1908968930221424
0.11912441736205434,0.10982096845873607,-0.0022583946541391074
0.09047426448866816,-0.1190597931235351,0.10857091465026135
0.0895818608214305,0.24775553699147956,-0.12694680218639706
-0.03747221153117215,-0.09563339534490121,0.1923860859247489
0.03976780994779869,0.05304144887230399,0.14204946255917447
0.188339203105304,-0.017497584398267728,-0.033833924569063915
0.07093621368231016,0.09501762433936983,0.07836514151508878
-0.043210485829932074,-0.20556415327966848,-0.0225799190068049
0.005144546399408902,0.002420041393271281,-0.253398349206482
0.07942268795366902,-0.08331377365927106,-0.021642653111790408
0.14826520442592694,0.29161532146667196,-0.1077681667944235
0.24883471841966337,-0.06869362424099472,-0.1204534950259693
-0.0936851245359107,-0.08401903400481792,-0.032952657944640806
0.060112608942011904,-0.09617648964119772,0.05760656382363627
0.13000875081698715,-0.055347710702030734,-0.02953449141794757
-0.12720247050227557,-0.013092474610612803,0.13080525453573466
0.14469310564094734,-0.06926346439022996,-0.04177993633137772
-0.006872937556701007,-0.034430595089118075,-0.05507357787111538
0.21155172860977223,-0.003818269823647618,0.04030686558556909
-0.024293776468689313,-0.014205626342212686,0.026973034058565683
0.0979170583768754,0.023504308351385245,-0.005323947978854257
0.005856411700815536,-0.05429282043784635,-0.06592704083347016
0.05864298701148155,-0.11864798970162282,-0.02476255211271085
0.3037957027315394,-0.05121666345720724,0.07060660584150331
0.17184405032993988,-0.0950216314232904,-0.1010679463041815
0.0781650544585865,0.08895856174827324,-0.08164267646537415
0.06135905946764075,-0.15838775212287748,0.03464937010341227
-0.0686975811545562,0.09923789870887205,0.09195863433356692
-0.05052358760451252,-0.2565815920529936,-0.15554943146726366
0.11471722743980672,0.06990874646616672,0.09602787037363987
0.06558806987276039,0.04766337920497657,-0.009551282162767736
-0.011104774954387567,0.03829391307629795,0.03005631696685697
-0.026160675024878385,0.027107249116925605,0.02459515092336658
0.133318815652329,-0.04643588879855174,0.09695835313042893
-0.03891796392873653,0.17195336729668342,0.0009362296790149544
-0.08904483267491627,-0.10420369173299382,-0.18199736386764853
0.08709198085714177,-0.026137619345687042,0.04188452889304894
-0.07057774708374256,0.08097493420686866,0.020404103763824392
0.05206190529828446,-0.0634173602628441,0.03051855669788786
0.13865863961073194,0.21835008725666266,0.0648539382303767
-0.020613363967756607,-0.005555394857888537,-0.07914090483124095
0.2637617848478635,-0.2436645950817501,0.15237479106269025
0.11947898158354044,0.07000676542949796,-0.10825825393647202
0.1475045714359678,0.09505381682472192,0.04294856221134488
0.05821228800004358,0.12582580159559628,0.10466403605018965
0.003132018780483359,-0.024125256698494867,-0.020651238129833834
0.02154520824526574,-0.05110609162130158,0.02413814710880086
0.14380885646825914,0.12489818271490119,-0.00523113490731478
0.06197219420014956,-0.07339408025612554,0.01800382875696494
0.10387464315385038,0.11629578433760007,-0.10611164230520048
0.03201343477682789,-0.026163238515665627,0.06824957314545001
0.12319348603800497,0.20869270248226363,-0.11844818178268753
0.036419422680340076,0.017707843654720345,-0.05234846669905194
0.06810553315724309,0.07373897296988995,-0.060233952972044605
0.052789715123318176,-0.1345246765267108,-0.05776363232042678
0.06159244004815951,0.05858484748639447,0.2796843001255804
0.09881806031958573,-0.06936661119939738,0.07904628281007176
0.08823091023694522,0.05308213873025015,0.08237262683269143
0.009240981649646283,-0.04321911310529902,-0.17114616848995975
0.13293972420437128,-0.05669391203678447,-0.08476882409967149
0.12699342717027545,-0.1325524119977591,-0.039968293626141925
0.0444739378658025,-0.14303216795831883,0.03489632746135234
0.05690352765307043,-0.06708315767784931,-0.046871549439530584
0.08526036265460418,-0.08877964842761887,0.028601944220162143
0.004935928551756605,0.03728366999981226,0.005159387940255636
0.03509062377462097,-0.08501915369565101,-0.015158865298806458
0.035607860772448346,-0.06864885750513743,-0.2346803169327951
0.08687488010893345,0.02073634038123786,-0.1653723206895555
0.07588517841231812,-0.02663003599449451,-0.13679210943618625
0.10853263299299255,0.025391226034009534,0.0722074897210648
0.3158795331598906,-0.12705465829028717,0.017369642070629656
0.1580060793607056,0.0682815834201118,0.0709314170948201
0.0808419857061149,-0.06482430588967525,-0.052759018391292246
-0.1092207246430316,0.04332938882735008,-0.061106714510105076
0.04684912802491652,0.015750971374988997,-0.039474408234523174
0.05384488450282356,0.1386222471127699,0.07450372402848963
-0.09844844658599676,0.001012990905443536,0.07524375242020571
0.10494841808589848,0.0457039038021925,0.09673273119094755
0.06689473336514476,-0.03383151716278821,0.01062551037204483
0.002510990803245919,0.05918523436815895,-0.0999288111698528
0.13343690777313572,0.05021518808119266,-0.0972980821108446
0.1413325464201397,-0.07985248155245302,0.12635289338338485
0.09743578557071798,-0.017670823079355996,0.012825111022592362
0.050334907066406746,-0.07000873003995664,-0.17933772746920495
0.048819327492509716,-0.015105454280000761,0.10239183432368243
0.35237201616138697,-0.08013936672794493,-0.17429582450556627
-0.06053124722270907,0.11809723970670667,0.13194058837962275
0.06051408335055979,-0.062489080403388034,0.04165303908236098
0.14952569597979917,0.06413052157632895,0.0022935261220324017
0.13084697798001804,0.032028729243701495,-0.12187915080673398
0.019326676832199685,-0.0819053168866504,0.05766687631488272
-0.10861390191836094,-0.020383782020939017,0.08898260297640936
-0.0336930572600905,0.10192821868929068,-0.12454678156244103
0.051966949264728154,-0.04900590898537924,0.0958783921814311
0.26385072860133607,-0.09311403657201428,0.0237763826093262
0.22474732721747165,-0.09708292896350738,-0.06703627105821584
0.02861322351483063,-0.00621271459194027,0.004567151464815634
0.06625396207562426,0.058056067911392645,0.07925116022760889
-0.1715893829718909,0.0928916150278471,-0.08535920959829724
-0.1342010934735966,0.02775079275878274,0.0047876979148034895
0.03502972056799832,-0.06434511347608815,-0.17060374352162122
0.1750327528018038,0.10282845310301868,0.003075938892320911
-0.035164816625482404,-0.06027471879419562,-0.09877403772001743
0.00047879044527573966,0.001741797354322775,-0.10134656591199283
-0.03298677462322967,0.017247827174044824,0.2014553546356302
0.02331810534188975,-0.03631620225619491,0.04215791180124856
0.09553987382072432,0.049089619548995,0.06840810112346299
0.1758675056807255,-0.00537476252434508,0.03947215536862725
0.03711501364632752,0.03644341523262053,-0.02303064500539204
-0.09787533377689754,-0.05060553526285688,0.09650074763182391
0.009029915488024357,-0.02048089602823784,0.05877133466094802
0.1792822221245065,0.145642537104081,0.009430392546325089
0.1601135289244554,0.12775328819255566,-0.204171609007616
0.005293061124911028,-0.06811415406155903,-0.07662311931503624
0.0956546188409847,-0.14330556106246706,-0.0764283901000399
-0.02194546999562874,-0.10271642558052614,0.057466693958634144
-0.019987353468264316,-0.009686974955374569,-0.1548399846401326
0.15539491596256155,0.04118248119553196,0.0790279308409021
-0.01944567417833383,-0.08060766270178057,0.0026939457188239063
0.10425277370626379,-0.10660722963459723,-0.12078637732460532
-0.14064165120888372,-0.02348311324785532,-0.007941842514236637
0.10778967955732573,-0.048070544995343654,-0.006752631220498975
0.03679768128472506,0.031121902299036216,0.08203885341482534
0.11380990406247947,0.11252422372709595,0.003955455720636435
0.037789600348031305,0.07493934446676478,0.03464813759659801
-0.005162352831994718,0.008033363096873384,-0.19501882795739006
0.018143812116517194,-0.13207773826826377,-0.04007976722381815
0.24018367445350036,0.24924102092390205,-0.026906681405520917
-0.04210315117358504,-0.04114681317120506,0.09971208429094293
0.09522696764399789,-0.08840249418237123,-0.04017841791300391
0.10770970363384265,-0.0011065469436715837,-0.031772423388123264
-0.019693734137308808,0.03234520743985949,0.07520584958206485
0.20242279510411382,0.03307818785329018,0.06633796932601997
0.03200431782844125,-0.04598881871927973,0.08718516840239739
0.025177568285573854,-0.0613348628291254,0.07466923078589625
0.09111910421444208,0.049136696166411344,-0.16079172540870287
0.23664748551354992,-0.02716934576226701,-0.1455518516916605
0.10980803715363559,0.007417796208951607,0.2209239288452166
0.11333176179996864,0.14589229177890722,-0.14094720812185918
0.05675284123258608,-0.06374705364396119,0.06057378955523335
0.09597748605225138,0.04735637312260951,0.08122613591494066
0.13882815572262708,0.13391672258339862,-0.07979293659705035
0.0777179160019691,0.12487883539907758,-0.028265884973098027
0.12391663671141022,-0.09395329259205316,-0.0852485184003579
-0.03535043078506726,0.08909247207083684,-0.08281536935954245
0.14428975741971378,0.1603358483870318,0.04744251972814665
0.1733265448210443,-0.02739085210075249,0.03434877610656031
0.0858937115718309,-0.04405160806415245,0.002022333111145442
0.07670604021155596,0.15178584455483643,0.1117782999366928
0.004836642681921868,0.00611295484655686,-0.13426019538921452
0.001959317690183718,0.06386429065902961,0.05776978188672171
0.07985572939066965,0.08349658176261125,0.16166300770637548
0.2745757737477913,-0.0010002363157282053,-0.11569492067528304
0.07961261640260262,-0.13272048458923388,0.18016956628318384
0.11007098570230789,0.1079825237280414,-0.06378656866012641
0.09898354783531502,0.03603073022792309,-0.1573456009146038
0.045437024786981424,-0.026057882365065906,-0.14055527349733196
0.030457409586709887,0.01201264122175593,-0.044574469293279455
0.004986040793339544,0.04161866275771919,0.08360535674907389
0.022751416967634802,0.043742251259829786,-0.07806201296061595
0.05260099074749572,-0.023726061815897582,0.0622790631691776
-0.06681519509678731,0.03605414001107353,0.3144388953333329
-0.044960876592072485,-0.0336621562580901,0.0391327770314038
-0.15374583140457587,0.005403699106501704,0.06724514120842226
0.12251934212199256,-0.0024881602750495115,-0.15718456122055172
0.13185358634551275,-0.23446475079749787,0.023459635411114302
0.0037722233993773835,0.08410945016316845,0.004232238945962985
0.025912440410018854,-0.1485040709412486,-0.10552200035234637
0.07997424568486579,-0.1690301982498159,0.0773036977997788
0.05631207503366312,-0.0786586086353166,0.07293432779044574
0.10210275146662172,-0.09016384481362802,0.035263613825270566
-0.05387049287157113,0.0294134598080417,0.08983962406848638
0.08051496439030204,0.06743841666591668,0.040408230533904584
0.11126649070766118,0.05018231685386141,-0.058517185736800814
-0.02593756421644179,-0.14018918111346027,0.01882862638903608
0.1275080023476914,0.15878172154581854,-0.06180247872287186
0.17019383312647787,0.12034039275888711,-0.03659927967290882
0.3373074937582906,0.001310955975792093,0.03121910532619256
-0.03851619839252224,0.015456890496703147,-0.006513074428114232
0.0593857013537495,-0.0010001587742806334,-0.1112690880009924
0.029401199832387308,0.09391913583219419,0.019831116629998976
-0.032374715321225225,0.20322911026910215,0.1324264943629247
0.0169820500154231,0.14973430453823436,-0.07175372386672631
-0.17469918689795422,0.08714452749550247,0.04867971925390936
-0.02708420887844272,0.021604342795665185,0.03917103945864376
0.19470914406466394,0.05598205255637864,0.00045503731832579003
-0.02252692626407546,-0.015333841430493367,-0.006357910992132905
0.1229155189887334,0.0994051069901093,-0.006753011858219821
-0.13584526227402144,-0.0632508464035822,-0.0566868054294046
0.0659774279774342,-0.04936074239548602,-0.2999798504949164
-0.021858796811304565,0.08961508655047269,-0.08296458766607158
-0.01940122983224908,-0.024541868350625724,0.10087498729054555
0.18983854765073416,-0.18079165626102767,-0.12966821634197784
0.15880525987511745,0.05099547499714249,-0.08404088086399615
0.18088200346116806,0.07854176993432511,-0.10087845453909583
-0.08654999858377198,0.14263343689680547,0.059112744336233515
0.1598707755262591,-0.0028992547659488985,0.06046827819375488
0.05625283327365397,-0.07615408231874188,-0.1649654771472354
0.2868010136607841,-0.0934559811478283,-0.04585064326627189
0.09526491140937374,0.013438350204118649,0.19290206421284786
-0.2981593091652352,0.04500818608590438,-0.09022762005507615
0.12899435812464236,-0.1677202288015201,-0.28720779534865903
0.22377460635797553,-0.12692160187584384,0.01644007584132919
-0.037539905861674744,-0.040641778200520895,0.03520222630641117
0.12396810767780156,-0.021069023458315198,0.06815121266594315
-0.014275412697191861,0.08017213023003045,-0.06072295259207022
-0.1937199781496785,0.1282782938005109,-0.028221745298548064
0.1196385204087047,0.04194481256912828,0.2013324001992896
-0.1439408688021816,0.015036765813649617,-0.12141533065957069
0.014733913851107838,-0.07611095722858977,-0.17201889680848353
0.049449991314261525,-0.03167812927447043,0.20891647071518937
-0.06925706974466476,-0.03147753131741004,-0.0579866611765332
-0.0005169771620458369,0.06995925326792753,0.022252391148033672
-0.2122755119009725,0.12143970217557715,0.1520192620540257
0.03138707552324832,-0.004945925021193131,-0.07058037939237449
0.010547161831726617,-0.06157097539505009,0.03616502320641542
0.07561487570376801,0.09391907427258583,-0.06186379482766799
0.06673425292629805,0.053160246168933056,-0.09958640564002796
0.046054079257796934,0.046681573619929084,0.12404068679069638
0.23767121591716872,0.05725919707121172,0.05175194169762144
0.09642776187311576,-0.13488759311623813,0.06652014016986842
0.05699429683314697,0.0704437189588528,-0.10281077819496201
0.2147639508909237,-0.10138525677503339,-0.03989302146572854
0.16153314366022342,0.02797385696657172,0.08250012654923927
0.014281258333575603,-0.11949669350617216,0.07948795536510128
0.09485055289548117,0.12522718984517675,-0.10042360030117575
0.12021391472643457,0.026011291321881,0.04111555574591186
-0.019602916993332845,-0.01558381086109511,0.12972286773073635
0.1138172660835343,0.06737275769291316,-0.09371084861266836
-0.14715781709399955,0.05240540294128559,-0.13184706890083997
-0.04648382930576894,0.06765254534266672,0.04095461739291589
-0.007059540524659624,-0.040218330645580495,-0.12143313691382321
0.10496997036418998,0.06477479855165354,0.04418221371050565
0.14176752225700523,-0.16215864970040833,-0.06133156240729636
0.043980161190945846,-0.09836851014216547,-0.10533590381481422
0.08580259162951384,0.0021206873608914023,-0.03120497152413067
-0.08492192427489399,0.10249337409649538,-0.11636584088116274
-0.0015916645741589353,-0.1557797988032119,0.03155858301430824
0.05700297466139515,-0.004179656236714718,0.026893224634609292
0.1454767717860847,0.04508312561966339,-0.03846954550327672
0.018078121968347544,-0.072149254645413,0.028077034053207717
-0.056913907914593345,-0.11004559405497041,-0.13809759448639042
0.09866238040441588,0.034175912758228524,-0.0981490230668219
0.1673694419221451,0.0872627103861451,-0.06593581183860378
-0.1700422359777271,0.11545869115121071,0.07991947719314131
-0.0397252629001827,0.0320622358419633,-0.028766104741174123
0.1575704223040632,-0.0005814244172381893,0.20282461623758238
0.023184495868277144,-0.05374577518535874,0.08212950724665218
0.08987707447774401,-0.03968686911293511,0.1035580054613243
-0.07355926658321109,0.08081640664493275,-0.027835792341212074
-0.072773452891714,0.2168295945393026,-0.052213324750379854
0.03031578845311907,0.05433587866516781,0.011394934829686657
-0.06965551048552068,0.10746647002815529,0.13226351082460483
0.10647590295128487,-0.037556652766217974,0.13248432820696932
0.21583516447619328,-0.039850948676399864,-0.05710777844061782
-0.1409376604286699,0.019008883643359606,-0.077647364310722
-0.013268372481161333,0.09408141202668074,-0.18711635494466208
0.10330772577803542,0.12462525772727917,0.017263401890516793
-0.013270211514870747,-0.12133198979657348,0.17176196251355655
-0.001644294848194429,-0.08844087877198331,-0.1278479365892242
0.11670890242027664,0.0720835199728177,0.1734533736998509
0.012521336390584357,0.08769675514086002,0.02381811880213668
0.0158371854555414,0.0014340703930896886,0.1391905865369402
0.1636784599835121,-0.06731870781838883,0.012632443935469684
0.02280406546079816,0.006347485790253154,-0.09907607546159045
-0.007642064015132864,0.1510176010722442,0.005484744178881359
0.05169856633344438,0.08234737185157037,-0.20416544817807059
0.20058056482413583,0.03483330496121769,-0.15358877461340403
0.11365507397641657,0.07857617230519709,0.012842547307305795
0.15047746029129366,-0.1268363946707092,0.15500856822090361
-0.01806376279902175,0.025480402117732826,0.024357416028466767
0.0006184746497889734,-0.03140899853094026,0.030063388418237375
-0.01379296057237657,0.07969947726304566,0.11487962651802126
0.06317125222187406,0.07509647433068933,-0.03908062143049364
0.059181916420808535,-0.044551257485137406,-0.09920167019328421
0.03689856306773785,-0.06288425588310989,-0.021552868502369416
0.06786054253268657,0.04621403564183484,-0.17335180480402895
0.013756260183014568,-0.050109040833737885,0.03462868062357041
0.10492010600906258,-0.11001778539006653,-0.044883242347272256
-0.10231754390511306,0.038862083645440026,0.00046297871263086226
0.1250970379886509,0.03696476752984049,0.19502705598894118
-0.07995939527604846,-0.07286767298437562,-0.05588241785782788
-0.010977451815079975,0.00957496332304787,0.06656947314637329
-0.18987177073459488,5.838494473923619e-05,0.02804605302855619
-0.07162871511075933,-0.18016287793325647,0.14670373185753252
0.12014700958256673,-0.0020402153247209114,-0.1065126069184539
-0.08218372059814426,-0.01632061319976964,0.024978367673848374
-0.043979449596117146,-0.06920338140588965,-0.09199900534665753
-0.05853563619576241,0.0033123678188456424,0.08629336992650935
-0.05235376745141378,-0.04777099670276795,-0.14312969511201834
0.07989999296685614,0.046383140347042856,-0.14672567515847654
0.03087102918135098,0.11950147721684026,0.05765548234650041
-0.1649616530405294,0.025143261560461,-0.047579465380118965
0.20528545440930285,0.0785466781646159,-0.14172736262252875
0.09050742066733328,-0.03711389573935954,0.08412163387650984
0.14003800584494672,0.07922033934038109,0.1413719052343753
0.0926803518110704,0.09780141902698816,0.17168834715710535
0.056043404885262126,-0.004651260607157453,-0.008668478823042185
-0.14649082009747894,0.0011867785937161631,0.02001612663517767
0.20703051281861862,0.007567651869455289,0.19302077852512756
-0.037566520071416684,-0.002741295792830483,-0.05339677702320317
0.10803212247540143,-0.14413335365506694,0.038722307498271324
0.12464819994486494,0.03665220522793191,-0.0024791701716726077
0.16747562260650978,0.05770410695790682,-0.061097930435695405
-0.006759888341875096,0.05239692673613133,-0.06760043836316898
-0.03033349357184688,0.04938798124356586,0.07462184136238165
0.11001984117446655,0.039063226928953476,0.05936825886371323
0.18674612740302104,-0.04568972922759004,0.1256609072220623
0.02045549398959894,0.1498177796887121,0.12408083754736612
0.04144289885465655,-0.03241318788125601,-0.036346214845270404
0.12774066576113102,0.023100056232252402,-0.0732925604626571
0.15674794861126784,0.14916097066960773,0.10615382877520024
0.2974644736829703,-0.013652732634080546,-0.05718266307130178
-0.047504394303136036,0.1337017110643433,0.09356570516327059
0.09094183992563903,-0.06190097931464458,-0.06995852025523067
0.022878021932995898,0.02586875757714607,0.02775847752733189
-0.004635264634020274,0.07195387401405345,-0.02881109997865096
0.17888783369868333,-0.14549039448744722,0.09565100290396243
-0.02872970064162529,-0.0029277481213772594,0.04743426093578693
0.0530901922223173,0.022129933159274893,-0.05753677627871905
-0.11890547388037816,-0.07100617971005883,0.0197824689099452
0.16506040074688383,0.017749573750009365,0.10954061905244301
0.04669264544412168,-0.03290812907431883,-0.2355363399396121
0.04181468894514524,-0.042538131707773846,-0.17303688165655362
-0.08620370765055109,-0.08443247910434712,-0.13031818465670905
0.02180373766461364,0.01228574153542357,0.06362022324506256
0.07601544068784391,0.10719789230005031,0.08503322023900539
0.2537686359071549,-0.011213347003457627,-0.07861997274309694
-0.11151775654740127,-0.06507738341555856,0.0376055855237417
-0.007030755297086064,-0.15291282757468438,-0.0928246437463782
-0.03754464317050478,-0.11152184777061375,-0.092210614779558
0.19866170437940367,-0.17120657977110765,-0.06638660120196226
-0.03710309627292746,-0.013551556233241793,0.06923496149757627
0.16448210216465586,-0.06210220184467888,0.0382528903799049
0.029677119075014323,0.06341037145825863,0.13980379829311126
0.24787963786812994,0.07347280398175667,0.030983204886516864
0.2365760484838837,-0.10292821208013832,0.021798636359781007
0.1792325066735701,-0.2549036155425045,0.15427660724415987
-0.06899112966831951,0.04714168749398278,0.09297891017746282
0.08654180553255136,0.057569516704783996,-0.05023236975306681
0.16587338867422768,-0.0634198911228544,0.0709558048791828
-0.061174216172082324,-0.031590570341748295,0.014659200923813107
0.03105814893239615,-0.11264219283266091,-0.07403452671820197
-0.02516950010486768,-0.015944724435351987,-0.03042282156929005
0.006687195237590468,0.08393706984871852,-0.1172640925793878
0.06699993557335278,0.011612241111502095,-0.1490128738376086
0.015224181456531642,0.04032151826760632,-0.07941780604218773
0.039684281370001004,-0.05940697859392448,0.02237852941238268
0.09888915212683087,0.1300462902517574,0.049822220671784184
0.12889816327815812,0.005280126506231414,-0.14525395920706846
0.017142693541027314,0.05823622863268366,-0.029055005551195875
0.22154653617596332,0.027393713229692175,-0.06644227580191754
-0.06675154062904275,0.04796021682133532,0.007066694303854419
-0.06101348734270444,0.09796865594412102,-0.0732762531639799
-0.17626388705625262,-0.13270360055836444,0.06239869837255716
0.2248760552381247,0.018729561157233936,-0.047184847977332016
-0.19578200277716834,0.19313219415089808,0.05434467257677701
0.031090936703351085,0.043730801541296806,0.015148741740463734
0.04677934929445499,0.06395736169900736,0.058282976988287584
0.17023166166954357,-0.03714855990144097,-0.05551672249707301
0.0021462247128746156,-0.07329000450328416,0.03520284082578241
0.02939722042036446,-0.11519633770611648,0.1569124843788564
-0.038778042651702815,0.07104882142266639,0.11927179275035818
-0.19735962074566693,-0.006464637202802978,-0.10666573246991136
-0.10543677141425471,0.07250663908665309,-0.09189796826662189
0.22563709150663053,0.03264608863204405,-0.11589745919336225
0.02501113213713367,-0.022943504203798912,0.011622591141764886
0.08496004244503523,-0.09435525456610788,-0.12640132671991455
0.12882096533483967,-0.004975729688055489,0.07709530371261164
-0.1639017330540678,0.013772910956992327,-0.09117319512229255
0.11222949129989852,0.0051598337234038515,0.11136202004471085
0.08431381914757355,0.18933464294956773,-0.02946004502238142
-0.13230455643473876,0.029497236651744987,0.1254988553385744
-0.02856064834297828,-0.2252000006429118,0.181950424724866
0.15952201517668874,0.013076890275710974,-0.02859841207758241
-0.004300871721173591,0.10329671396437493,0.036190528151031263
0.16182399818098142,-0.03141093969910664,0.016733436077099616
0.1345401925892819,0.1418566034794709,0.06689889455216053
-0.009471911653691246,-0.002567273868678337,-0.033321996123604064
-0.0014866034050752125,-0.07141282756221516,0.131544823850889
0.15309237389322974,0.029769653207844693,0.039126443839610774
0.21684159946980563,-0.003327723480102334,0.026033255145841934
0.03502832387728149,0.1279773333445099,-0.12275148848840833
-0.04993082780575074,-0.1016164792558133,0.01643741531944425
0.18096937537388175,0.016681206320620305,-0.087791409156904
0.08978880722804924,-0.030612631826116416,0.22446345936591974
-0.0648195191017048,-0.18047751232697673,0.16112895996751295
-0.05907467445389705,-0.2001937278009996,0.08050684187431861
-0.20279847012701308,-0.2623709908126062,0.017523407144408493
-0.08638915691526967,0.027300362909297937,0.17599350648538092
-0.1952922641496861,0.014396609596597054,-0.12257920402549974
0.19318143415684552,0.05922271514539297,0.19285732490961055
0.1286234907870334,-0.12497598130087731,0.170701048424368
0.12727556678676555,0.2766222312965403,-0.06537559116737472
-0.055343660477556386,-0.0310779550038364,0.07615534596686446
-0.016446968187642436,-0.040382514035480134,-0.14293147144760285
-0.003579384726297541,0.030897965728211227,0.034388975939827794
-0.05693772584803773,-0.038731740179219556,-0.0018450717962474605
0.08359680399215307,-0.11295741635716357,0.0919009674460677
0.2198140043224564,-0.05101643847437343,0.21005269721818995
0.0597137448765437,0.046909063366985804,-0.12529296200683876
0.05092812011247942,0.05170969590023533,0.049533495536409754
0.10696074499162712,0.08130137623479901,-0.018918837533775795
0.04996750658362792,-0.1202723983142061,0.06965466758487651
0.22427771419057113,-0.0286215152562352,-0.0004754540739044838
0.048024670135384695,-0.31056362038483404,0.037133559456064905
0.0723436950384792,-0.03690090998822821,0.09618205749088253
0.018144809620489942,0.013145879602095668,-0.07765710761181606
0.15296194471894944,-0.25408333456380583,0.0328609742148324
-0.11959417661671908,0.16186098603124882,-0.15430540488550595
-0.04389319108646221,0.05048037614573064,0.004911888111703266
0.011674691294993288,0.04633464479452675,-0.07261282828999614
-0.13115862597681605,-0.13489994902568347,-0.05165419873728543
0.12394163141215817,0.15172858212601276,-0.03299652592233409
0.14156012462251777,0.042975248952050814,-0.008376237788723833
0.004063120058554616,0.0753037952603063,0.011372836445433408
0.1203083426801181,-0.07349821820415836,-0.14393779071517138
0.057557535012509625,-0.01243618167768075,-0.08570446149164901
0.12000222986958173,0.06772062998373848,0.03693326919431563
0.19160300755282678,0.03641013288847041,0.02858248257679067
-0.020067612856815978,-0.07230119902074165,-0.1150539706126869
0.01983950022676282,0.02989663873697513,-0.13300665347902738
0.05286120811987161,-0.12292904246171084,0.10935210499756819
-0.14472587678444354,0.04493465137679514,-0.14388987179724003
0.25339811398246553,0.0941247065366385,-0.021560140755502832
0.036175387069230444,0.09924555534114343,0.02439149444005075
-0.02196889080053452,0.014178928857505081,-0.02382602417126877
0.2719405534477893,0.10512697932707732,-0.0737817308366425
-0.11593187799547038,-0.08373615707518273,-0.05792661938916735
0.13772431769103416,0.18437120081898917,-0.05690352138682209
0.10405893175173214,0.06695677818106771,0.07999644336875102
0.0545964983792056,-0.052500141845646844,-0.09198455944906102
0.19371153267445612,-0.056175585950901136,-0.26152684206197474
0.07804763753850871,0.09548663232646239,0.1402289852858766
-0.0320853847346442,-0.14316251850383446,0.16391973781643854
-0.10680376344137817,-0.13478934626937855,0.008310010995170878
-0.08307629497109802,0.09061679954286257,-0.19353624633552077
-0.13273032896493686,0.1087116671576911,0.011038230351485039
-0.011802359677429833,0.0011965713325070523,-0.0007194208803886355
0.17302598961786414,-0.11779104833986337,0.26313515003549576
-0.033688778806880204,-0.03362697886984492,-0.15003307364053997
-0.03370121339614783,0.15908599198978066,-0.15618873018517196
-0.08224025166500275,0.215370321641135,-0.06596768506160722
0.16952590677466228,-0.044988043540774285,-0.08642847358447284
-0.1352449791770301,-0.03140140690613074,0.008872216733935321
-0.057831479884525555,-0.032707937600119884,-0.060016753253219174
0.2302493742723834,-0.07523235865987622,-0.2620897267887134
0.08119564640039358,0.03169279246742484,0.045403179545471635
-0.013172516255489042,0.05239604826292136,0.06627944280639027
-0.1528920123560899,-0.14146371925595022,0.09951849661950514
0.05573217197016234,0.012329090136407268,-0.1538609720671872
0.13997110526624643,-0.3024110399502873,0.1298156867871879
-0.029916534592220587,-0.11684131788800656,-0.013089752792661844
0.3142973380631597,-0.08886637650133344,-0.21211239745644478
-0.012750001531644448,0.011140983727418513,-0.028182640633490574
-0.028641046322571237,0.21990287450595694,-0.16888556766259252
-0.009695547202817102,-0.07100686233741568,0.048569371982189226
0.1018035639647512,-0.07371750676259921,0.016173975753241046
0.10393490837056119,0.0359114421598555,0.019914470865598582
0.05735205030501381,-0.05426392622898468,-0.018941404172136186
0.027884430230582388,-0.027690583461722026,-0.052033861431784914
0.17385020876438775,0.037682660151072335,-0.11543748619301127
0.0042434521879244486,0.24759487374325537,-0.08958407731304946
0.09649452143862725,0.025993746555521377,-0.12732265358177733
0.09689448886663349,0.13764147003461097,0.004572033229272654
0.17238076593125734,-0.05322025363177051,-0.00709599370268672
-0.022489652413736377,-0.1595974686084005,0.10221737393971603
-0.11379851935899894,0.13595527722657547,-0.2904899471746545
0.013686546252163936,0.14840719910046363,-0.023920059098115214
0.1875064322240808,0.19622160883748144,-0.1171318191188161
0.08639885724933061,0.01404463420636374,-0.059423078892773734
-0.02475712911829843,0.011114141864872695,-0.05121400810702016
0.09247312732360773,-0.04878945611780966,-0.046235470862536966
0.09542150716067078,-0.07359684154753707,0.05325179850904652
-0.05359116871228718,0.09078454576562896,-0.013671244587286403
0.0715435791916656,-0.05384842668876855,0.1421398605214844
0.17786512021673312,-0.05634887412929976,0.045509019543491985
-0.007036862000693103,-0.19770377325541566,0.12632678924945995
-0.13190567202437997,-0.05470431831793471,-0.16190109677644737
0.006843847150945867,-0.09481247617627597,0.07102740086091029
0.024703496927309134,-0.1829379840097386,0.031879856361229246
0.1069463143119922,-0.025533417013546136,-0.06339432614523456
-0.005907081629030364,0.05559039532285294,-0.05937490531497928
-0.07535723531288809,-0.04487501920721545,0.03145449892004359
0.1777407502018064,-0.07160120815365885,-0.02206589937607221
0.12960479578225517,-0.1081532423982756,-0.02495487069570445
-0.05909099411320938,-0.018578545953949973,-0.0034997118263292515
-0.17517696224114776,-0.04452540896110291,-0.10310637376717191
-0.029351179630414823,0.022958551616373595,0.06144428566740785
0.10869463718010454,-0.014550824634304913,-0.009242881939410806
-0.1341934577989567,-0.1927749105904796,0.06174796045036465
0.09650666316984753,-0.03854329701695867,0.08949619693124798
0.040596019096459,0.05212770925505761,-0.05870086735697399
0.2534376325739022,-0.07696112490638897,0.12459699885773055
-0.07928550128940524,-0.14891204042576375,-0.0242266432429685
-0.04982894628463061,0.0789159947030256,-0.023988826910313184
-0.021902734795342868,0.10511422024042194,-0.019952298305862717
0.25824236914887944,0.005666422151570542,-0.03465338835591005
-0.006472560511057712,-0.18778657207073554,0.03516030494829487
0.020257494550306128,-0.03952957691256608,0.05323852392927654
0.06987807263546257,0.0378419571685416,0.08028428126884468
0.029361680066996673,0.22102365611919295,0.1233135739371678
0.13519369978167328,-0.016543563612373628,0.06663284828031828
0.0559620621365548,0.13973135185063673,0.0682146637693323
0.16701436639945472,0.00683192308160592,-0.10764809779554735
-0.060315128226227574,-0.013293369965733584,0.26111804465260474
-0.13263990489777028,0.034030391813259085,-0.03606535728234741
-0.062037457156832246,0.026146952755051685,0.027812440512858333
-0.17451995790051628,-0.01057154887584264,0.13871316315253154
0.2199851534215242,-0.0939933055622988,0.06272306095424994
0.04204844647453386,-0.022865848991930546,-0.023681535915480265
0.033797348325327756,-0.10758633987211859,0.019359165003126705
0.09120784835248932,0.046449121872754545,0.05101366621421514
0.06386357413379647,0.10663040916879202,-0.01193948690105653
0.1601745773905573,-0.1547422937743643,-0.04594600761798265
0.13086476123616306,0.11888741807825223,-0.129389890290336
0.02535153495216171,0.014870168533541703,-0.11653241146404517
0.03350751232021179,0.015190579292167036,-0.047267928111875884
0.1402233877503568,0.05935282007416426,-0.1222880469772169
0.14249230528830947,-0.014578878104044075,-0.06562237677314822
-0.0005374202584848761,0.07829058907944293,0.025697650284429732
0.06293792357750473,-0.018790919400381564,-0.0390540374386503
0.03850049949230966,0.1613074660325151,-0.058677040619468046
0.04415407186720786,0.003293972978676014,0.022326494015117854
0.21298027436676653,0.1527058168269328,0.06615216557396733
-0.025289678353992956,-0.16903970247678102,-0.055658235068735476
0.07719862976473768,0.149873215816333,0.10644116882246622
0.05044760153031763,0.18103620537431686,0.21978723162497582
-0.011775194822003343,0.06543482456022646,0.020399044253943878
-0.0874577914264253,0.02089297984550921,0.08428506205039818
0.2299697182829299,-0.09361908370255219,-0.06055651472179205
0.04319874938393585,-0.11077986702840135,0.029057909418896213
-0.004251900674267083,-0.009027877630633523,0.03584744222992869
0.03455116069017186,0.03387949852905324,-0.12144324838246201
0.18765568385157144,-0.057336271801416316,0.06606055527074421
0.02410896777458868,0.180244646427124,-0.07186433460807384
0.07295527808532586,-0.02690920520538914,0.0022203947555450906
0.1619062297727734,-0.013371533752567229,-0.09302039425094066
0.14519420748373635,-0.009622479120967309,0.19508647465556356
0.0977060216439075,0.010657852869320679,-0.1491927224420619
0.1144006019337537,-0.10409872729622519,0.05809577955221471
0.04664170548091378,-0.12798687693354427,-0.09977030533852416
0.11442807715856784,0.03210087346627216,-0.028949018868323254
0.05771342124555369,-0.03566967361898027,0.04040677702656327
0.008751163842954948,-0.09298421826592339,-0.14320122132349739
0.14935673562580187,-0.1535363836074237,-0.008693400409302778
0.2062210724289681,-0.05095117428094209,-0.05464342272335293
0.10543298270780962,0.13571789601672088,0.19239292079101053
0.11990255408522567,-0.09870029731639202,-0.10991804725179609
-4.071240873191467e-05,0.03595507176606856,0.0302707757441468
0.06799064575556839,0.13950295854980108,0.08028608348376659
-0.06535393086275032,0.17130621701255244,-0.14660905399873733
-0.15862829216754976,0.022547211114677945,-0.06373770590122695
-0.02184105034391577,0.1418858459458433,0.10390881352590804
0.04792861947438162,0.10964392158896848,0.018549104462733855
-0.11133197523324896,0.11694153075588598,0.19166032052278098
-0.01335864139581941,-0.06096339415967006,0.19135232544045866
0.1719183524085442,-0.07215262958710737,0.02145845615109353
0.006992314654574318,-0.11232482058607061,0.0019520679851942275
0.017061280394382948,0.10251452550343683,0.11013763935043933
-0.019908287932402277,0.03700885817060947,0.030553129479269525
0.08247940435610197,-0.020710552414619894,-0.02841537287685622
-0.0423064679172865,0.005977293127501311,0.1947359077680988
0.09664857240022824,-0.02589605332136908,-0.011622926706029456
-0.022439625539928176,0.0031197105489899684,-0.0009921359596549348
0.08414990953411394,0.20124765040315823,-0.12459385150994012
0.04416791060095178,0.028807865575560844,0.03512902595692451
0.11243718812535654,-0.17821233174310314,-0.022805785713837137
0.18222853426802454,-0.07698005946893376,-0.06295746147371323
-0.0638941024271457,0.021385010502164736,-0.054453575378051615
0.18602088245871257,-0.156120252110535,-0.050346412276330445
0.18309445430767818,-0.13176491863451897,-0.055201908274124425
0.19265709367842881,0.03760952158852872,0.15070302405001607
0.04432072135089349,0.1195147810784784,-0.0719027888646212
0.05214681943735676,0.09053186609900067,-0.029837177373496483
0.17960314596504806,0.04098143714024629,-0.1818794310322781
0.10476979703403805,0.07696371695880366,-0.0637849822645173
0.16703034635979513,0.05875899990603143,-0.0493834912950555
-0.007623638838087234,-0.054084206450846495,0.17828984894811223
0.11313825448391555,-0.1511393073023991,0.028530894469195142
0.1444427855940829,-0.07244183560393379,0.2278110550627017
0.03808364375291719,-0.11841118841252202,-0.11374226800314646
-0.01200639092623236,0.009753625916430917,-0.07078868219582206
-0.0013146097804482143,-0.11538264681460518,0.03168322558765019
0.011759311033006481,-0.0848518393630529,0.0074165397055712375
0.017002562151680445,-0.023675841371431944,0.10395248534936219
0.05868532090425677,0.07105120160063358,0.13497655836778863
-0.04632416718835759,-0.021991839115483743,-0.006826056261861666
0.16498480689378425,0.12665171132597283,-0.06679039550127956
0.08017138742145731,0.030557107013927432,-0.10593194904998454
-0.0996652904534965,-0.05828908831168209,-0.13539469914219054
0.030159032503807016,-0.21269710819955137,0.030174279514403247
0.015738409854762367,0.044040410626666165,-0.027422003625570724
-0.06294123810689621,-0.1686772232820131,0.10316180771918321
-0.0786929252736591,-0.07490186032366272,0.0950328024151439
0.08405322339420979,0.1609769896961001,-0.17519193663792348
-0.08553207452992752,-0.10307664515482245,0.054514173862329866
-0.017119928198820716,0.020056890558912854,0.03019043088801835
-0.12531585023654696,-0.20577460670006356,0.08477900769543929
0.11611630488162977,0.023184848454196674,-0.02462864583063501
0.007661996167444715,-0.13700079084203667,0.013209464146837236
0.04544251498177661,0.08449090314569885,-0.10821290320299626
0.12326775578088002,0.10500229133468514,0.03443446906204395
0.10244186531727878,-0.17380684852892114,-0.07102344359321507
0.14583754604035432,-0.03851140061999262,-0.029593134641420743
-0.04130719615086137,-0.09068043686965331,-0.013694026471441295
-0.03294780364816258,0.09631731701337987,0.09166596894714425
-0.055441397588512256,0.007586487647375856,-0.1417024010539687
0.012216625273420129,-0.10401473018098378,0.020756255593562246
-0.005009460555059089,0.015884550713825527,-0.11656910429505701
0.10450041049123168,0.15979592392147235,-0.03486311005521066
0.07442378749599349,-0.041572986704711004,-0.15089021910491918
-0.18437674304365032,-0.05690134114521256,-0.0001611453403129468
-0.01888834588148726,0.041321017100299534,-0.14204999323663695
0.24504180745871434,-0.07171981827984501,0.07539556519308888
-0.09174379720480715,-0.005172632754237674,-0.011155741374499546
0.03423768780627583,-0.17149683360381068,-0.007312263812048392
0.003371110375921374,-0.014040119347479386,-0.012486239504454117
0.10795883693587366,0.09258718922703625,-0.20768736681326527
0.009435888043201626,0.006860787682433553,0.18536751186993836
0.0898902006166132,-0.08262062442215627,-0.024091615027547555
0.08343735767950997,0.04590476623797621,-0.1374566397785796
-0.08218072741331363,-0.09164354870626332,-0.031907331843347146
-0.0028034512734340516,0.10800556656257394,-0.053003450138630365
0.06867756923131194,0.1108616125236037,-0.17774585273620228
0.15780042231385288,0.13284292719121416,0.04797873947804575
-0.0496671164035271,0.08432883170217945,0.0827280105502342
-0.025931615298289287,0.01824537530032166,-0.07171116109248948
-0.11697827612553492,0.09278526968161195,-0.20056400045953526
0.13041196619992507,0.015520373649345227,-0.10565752819292006
0.0054291082187324854,-0.026058691343901402,-0.06154620214953051
-0.07867221759091773,0.062023535703183114,0.1102283956432383
0.06740583157293058,-0.04460939269044475,0.002696459053094176
0.027751954713513837,-0.15869609369509557,-0.16462252070561212
0.05827166238212881,0.14733789597643643,-0.036487248463366304
0.16539795574941457,-0.058297447962383876,-0.03021414777334626
0.04786466960193709,0.058902468530230984,0.05722295844113037
-0.030573499974645924,0.04918734283788975,-0.011849877489392414
0.003942860877192672,-0.054030245831009106,0.016264780191326347
0.18835953181220805,0.11224323203573539,-0.22741266754672315
0.08880662999691791,-0.0932585132931046,-0.0073617580378100185
0.09477204440880808,-0.05170683156037567,-0.060942512324670496
0.3359053052627752,0.008324606416899317,0.06181161869113571
0.09590789821458906,-0.0453671724901896,0.016397937809644447
0.20352623834016836,0.22311325582224606,0.14865791391973285
0.24466044918703467,0.11402020883194866,-0.0901000597897497
-0.03839427656123154,0.00913137422990058,-0.18509820456211015
0.188815285039244,-0.08866449034743144,0.00895483677065065
-0.11772371432935465,0.04059388383296878,-0.08753752198556189
0.02492211685728901,-0.015055608818337658,-0.024301660475480512
0.033568976834142464,-0.1655662773026518,0.03002049227275356
0.12213274578177996,-0.04739074344105563,0.18375413282159142
0.03249625763880716,0.15805428593813567,-0.07641691365722056
0.10540472057305289,0.009472188035092354,0.09987217198213151
0.01759056085212094,0.0034337305559261344,0.0655814557706755
-0.22315564113929087,0.028351992300052083,0.09893439153011185
0.14351635432207005,-0.04154094255031261,-0.20349390058357622
0.12303505451983716,-0.1099857947526405,0.10087006131341938
-0.13149735519658495,0.10295582881487436,0.063117458312079
0.05581029901050917,0.08280773236181685,0.0742202983756658
0.14005870019508881,0.11641158924727238,-0.08713034892649163
0.047271338504839104,-0.05906305451047622,0.025617117045721994
0.03514755382002607,-0.13242310203169172,0.12644881567371832
0.14914843329984379,0.08825604782400526,-0.025028361871033446
-0.012954029894309785,-0.09308079532984226,-0.21673617312527133
-0.19630236625672537,0.008421131597097483,0.007675986510093225
0.15539733134689143,0.019062369468021274,0.03263437269736643
-0.01535031063470009,-0.21270703855179401,-0.005676290293779741
0.09192821117656477,-0.0657361752812441,0.06843871869007905
0.02788740789580678,-0.043493794240210736,-0.1390919890106099
0.1583089489508937,-0.18715643987296182,-0.042750045989148965
0.07877380506851292,0.01664690430313807,0.04783839356855514
0.1193409354429566,0.06266558792930745,0.026884121432661
0.09998699104233397,-0.1004356391690861,0.162575473540863
0.13406172279825074,-0.015602858690056063,-0.04927309666058342
-0.12382214925475767,-0.08283162745463968,-0.047609281684828496
0.1631156613601722,-0.11486248193685616,0.02110237642895504
0.08311275745213337,-0.001131078127771727,0.06675138877669033
0.12723832390763962,-0.009160434805412182,0.11561938088856508
0.05043542310762284,-0.033308712602008725,0.06520575629096594
-0.019593633846058375,0.12570336840546603,0.07385109676291511
0.14362476906606095,-0.005385254890635645,0.046186005397917104
0.09109874214164995,0.06421624139786924,-0.01904640791223086
0.04170038683599943,0.13851077019425853,-0.06982783593107353
-0.010103600018312543,-0.10098028020136328,0.15864755734295
0.09011436220241875,0.08094062120996524,0.010494791407436187
0.012260225754655872,-0.07367206040990176,0.01971474657875315
0.2895190298000876,0.02073085419060214,0.12050304240235926
0.14407436229067558,-0.11738279512770133,0.11242751488876167
0.12492490044247169,-0.026601777269613366,0.15137961165378877
-0.09936221786258741,0.0017760629929043142,0.021895991458806496
0.11987123744655546,0.012663589645600139,-0.13574031258956532
0.09758578796278607,0.16661059958907282,0.09343701942662223
-0.07712788794686372,0.06916259702708434,-0.02762336595771363
-0.12465216822196827,-0.35309115221192866,0.2396914875966156
0.09284762047285988,-0.05761749850376585,-0.041248595325819065
0.08442883277357743,-0.0750647582251725,0.11359281324932113
-0.0699646244989751,0.0025442947473042175,0.08508060277648039
0.04383656499683104,0.08406220087460768,-0.0670744035598829
0.06364666419008232,-0.04415780707999545,-0.15786524352940462
0.15059875328223382,0.010815924852649171,0.02707266789083502
0.07352470181373852,0.12781947682342112,-0.03223966970817193
0.08725183602220357,0.01415662524198744,-0.0570478939666784
-0.03900722491549728,0.14761248645472674,0.013059649404896276
0.029168702587225988,-0.007550181454200388,0.06102087328168829
0.09716689308137114,0.14898375022677068,0.12355467281803995
-0.058164434740535495,0.1749625639187377,-0.0014639730649177415
0.1702930538964882,-0.05045266236096704,0.11232861913119925
-0.011231109391451957,0.04785790419446914,-0.05033933113689004
-0.03608879577975725,-0.187187099317754,0.20907539702878056
-0.1996635204251716,-0.08683547963933388,0.03229669186212038
0.006843534305421138,0.11796296605168306,-0.08606493182027908
0.029015411194204203,0.11694711799966331,-0.17286858027380703
0.11912880854174471,-0.04488711931801095,-0.05417790186989374
0.12345010103829888,-0.09093973330010255,-0.11929636152926258
0.03988512912378947,0.014514164526410146,-0.004535729959490772
0.008154945278010438,0.11617588720508523,-0.09246756000397002
0.06356235560421195,0.049567179328535896,0.23623952702568982
0.10861018929309017,0.13689194821073547,0.058493941622211214
0.10150807319060975,0.0825545725090866,-0.09084790077078247
-0.04441778519040811,-0.07884555150451146,-0.18913673379359275
-0.025286307963965277,-0.18410737525385773,0.043580859827143464
0.015339495129770592,0.06715026225326244,-0.06998719408722263
-0.06500083079696,0.09960358181269928,0.012076626241496396
0.14143312269800734,0.033794881295315375,0.0559232974483453
0.03309446776283799,-0.009460539062203571,-0.1217827187117915
-0.018183661300168227,-0.06225699484817673,-0.1548183553635346
0.1042584414160261,0.026960148930993813,0.009766083609300891
0.1763198476888272,-0.03506748686254046,-0.05840882591522021
0.08054103819567643,-0.08015863293734415,-0.07897281360447987
-0.11190417450792815,0.11266744897484107,0.10659546081485521
0.0704508218325678,-0.0687435209782891,-0.06444029759324602
0.039514680952911684,0.02133903452877383,-0.15542479185519104
0.019510142022103456,-0.08334739279159131,0.05537850170896128
0.03581458262649043,0.11518965043139157,-0.07640465235757009
-0.06140680569850032,0.13822300049558908,-0.05981144545439931
-0.03486590960409673,-0.23607296830003663,0.17398013403073587
0.004601547927520419,-0.000741534747426022,-0.07212294765229493
0.034900556140601696,0.033896952451262896,-0.05864217364752921
0.009314249846055209,-0.24122646611837847,0.04592164583742626
0.08030443388695946,0.25084373104989094,0.14840357358542253
0.09207725852145218,-0.0466048685599523,-0.13890823221246082
0.21402998782287724,-0.012065677375628359,0.01747600771947364
0.11178060772926274,0.19911424799563943,0.024336003028703805
-0.09205375393526453,0.059357153262122014,-0.07564881637578678
-0.017248592805408344,-0.013405271659893157,-0.057112768097284286
-0.06568575175554292,0.13607960295705673,0.20670474960617413
-0.11141889106816831,-0.17356390149881806,-0.1528187652177127
-0.14706336244907503,0.2027308010988636,0.15681564023316452
0.06744844638475453,0.0881520630576442,0.11583396176255303
0.07791427121898453,0.020954139702784588,0.030336884711717933
-0.035594478605476196,-0.0015838380852964723,0.17830902439407537
-0.018689114069348145,0.0699405277745536,0.04319817265096726
-0.10211053569276209,-0.042207181872442656,-0.16404242295478483
0.054046002813818224,0.11857386273481872,0.005244348840352091
-0.05650880892866399,0.011014711732977907,-0.06917355824277299
0.213648337906309,0.23222162830593307,0.01330692418361256
0.1005542158862554,0.0019419357737115379,0.14741846681016754
0.20956532114265447,0.07887719871327345,0.00022171110686618689
-0.036809187635039736,-0.08333912281669564,0.060659587118775775
-0.01923880171832959,-0.018223030694475683,-0.18892235079708794
0.15521239246290286,-0.10423963014535138,0.005663669455932462
0.09849621373119247,0.008017783957511458,0.029343082206544475
0.11460248860543254,0.11153105943680318,-0.01939224928190132
-0.22422235045922367,-0.07723458792425215,-0.06706598761186992
-0.0021736586843591685,-0.15536564555364277,-0.04053640373416614
-0.12102874321095901,0.08726704707116396,-0.16571466046416933
-0.021282340093254762,-0.0814042640875347,-0.1753559726829268
0.0762850117577182,-0.1082978877022173,0.02344013430733864
0.21035439936853512,-0.13843139658006096,0.0024411869626296805
-0.10202246790187412,-0.09174270549435927,0.12327956315314206
-0.015213199237950725,-0.059271679660241175,-0.09962851597415424
0.0887397332061381,0.21199898002700612,0.05717123717118503
-0.08331540911068512,-0.18355763280813606,-0.07333536446264793
0.07006622104287612,-0.10208975038334266,-0.14818328903584685
-0.015908461138629412,0.12837139500650815,0.0855602503187287
-0.12217294036600872,0.11034855062720844,-0.01781053627293296
0.03358160141754568,0.0845143370220587,-0.03141919397938813
0.1721777547795187,-0.0482879420727568,-0.1185019191131598
-0.06802516037444982,-0.027632564880543015,0.0007197403671404555
0.08349266742525606,-0.04552452408573082,-0.07385833372641179
0.1089338250892102,-0.044193570362802276,-0.005795089547327922
0.08298454961931653,0.07743632860422665,0.001134886230040103
0.10795648368175208,0.09622995821479075,0.06452834794555345
0.10839630913120957,-0.07021099933351423,-0.11045796220597147
0.01440774400659433,-0.09979290799611834,0.06759947458810067
0.12219096538686375,0.12724558158927354,0.007459332836759787
0.09568096403904389,0.08241580436078746,-0.026979294276801055
0.08199608056215857,-0.0781750192642565,0.05179693212071249
-0.012834953518277195,0.015274055306080295,0.17376257122388072
0.12844249320232987,-0.09547988052440344,0.09340627244751826
0.02608025316719505,0.0788660266154444,0.01763271433898748
0.11843369467546924,-0.10862070764352237,0.01859755823490226
-0.039192881158698,0.11944394192013928,0.1434440924719939
0.16805355051149554,0.03836922722718539,0.08719505997444293
0.20027326459398614,0.008528503147902537,-0.000509018050393596
0.06891475256366206,-0.020815716785790427,-0.07365177606381623
0.02153351756321147,-0.043946351020923875,0.0323593167306411
0.01339350206173539,-0.08483881750956376,-0.11159064469225535
-0.014600500944890168,0.0011980708421994992,-0.13270375324472378
0.2412073081379425,-0.022141182524810968,0.037271837764005236
0.04257125608564888,0.058062886265306195,0.06481131296421518
0.04012094110796022,0.10072236003232843,-0.16979014600853837
0.12339549909235772,-0.08450001445402645,0.040765050024132554
0.1400057542018542,-0.13716718486217144,-0.20896240475818983
0.09967028154043371,-0.041929474073843245,-0.04880224303166193
0.18696184007263328,-0.12076312610871526,-0.2135971241357007
-0.013582296735608235,0.0878651855305389,-0.11233401768458935
-0.2047731716852123,-0.12828929918644905,-0.038083388319077226
0.14871309016738446,-0.1730474385378206,0.07419585486998036
-0.1527755513309948,0.04977084268229287,0.04431022223827131
0.21126867762059176,-0.027717668736555345,-0.029343007792892447
0.04415761381874685,-0.0007097685604262605,0.010858868258818514
0.13732702986315165,-0.03584647334781043,-0.06252636787279925
0.11849841560035503,-0.11353564288123662,-0.12458386724706394
0.11681575985191638,0.03908040013070708,0.08916338064790809
0.09857866550431915,0.028384196850941637,0.03165126736458689
0.06263852358880985,0.0383250953104147,-0.012179262061317794
0.07975658508638771,-0.040884089439400355,-0.06780916170056436
0.14868192497504562,0.11677721127302106,-0.07464682904877705
-0.10976383054504162,-0.049900272967769936,-0.049183254696906965
0.0786036009173869,0.09534676639040703,0.11744755881319346
0.029918948041080348,0.13443998951421035,-0.028213272094434656
0.07358957942609333,-0.13384004961699358,0.09811003543345675
0.18152680382565772,0.013878580739267688,0.04984439467491712
0.11497357936802216,0.03359778744480405,-0.21335765109177413
0.11005532257048285,0.0868093833305172,-0.14571604114973946
-0.11380537640513293,-0.025292814571835673,0.035986965070722264
-0.04297220994694981,0.04338584474641674,0.11371334164318991
0.056295712979160126,-0.10448517015463694,0.1963112011231133
0.02973523913404015,-0.054046143330084145,-0.06857203043307653
-0.012455112397532442,-0.1645755974896114,-0.1141744464039199
0.0645298025972067,-0.03057346869270136,0.05077905830108048
0.016534145327196624,0.050491822813806334,0.0743316112934031
0.07127163387650053,-0.1630527676212591,0.1556181334238546
0.11326064087774669,0.007353291887400009,0.08936269684843551
0.07309369410124647,0.0692013882256604,-0.11187604606999185
-0.00383140553694504,-0.06877546024837108,-0.15315933656151318
0.20456867046889488,-0.048194407922700216,-0.06485272609680243
0.11219085326346148,-0.16502383916314567,0.03991228451314682
0.13615842750005322,-0.07764536409672303,0.07712507414853015
-0.029593495077976872,-0.05626321134911,-0.1419240050483573
-0.022975062359451334,0.023849839966055175,0.18211523692136403
0.07158497146079554,-0.20447808028718195,0.004779260258284268
0.07049686822352447,0.02656097619101999,0.00965426187298732
-0.0716477565967794,0.07207097004917097,-0.02387830028971316
0.09999161617857874,-0.22154763768806374,0.002698757466375439
0.09657772919568919,-0.08918827950840577,0.0013279974098796895
0.006909022129793788,0.07136307385907961,-0.020647320904218114
-0.029536218931329766,0.046113588992266565,-0.00213009628227345
0.12833608387991213,-0.05830173589790412,0.02295873911961549
0.10805056557104284,-0.00606949399806143,0.01748199599901698
0.005769256364176023,-0.03489749843863013,0.05215886738600165
-0.02658379228720026,0.02731000668307153,0.1770715349682011
0.02818580819303326,0.06915117119824374,0.1446535100374168
-0.06178493186467808,-0.04487025893686036,-0.07141431243307379
0.0004690019386835928,0.06327647750286695,0.08181313136874784
-0.08848601187818773,-0.11958697032184414,0.06424958502249621
0.10932679930304465,0.09057953613087237,-0.03413815294378549
-0.0726256764143705,0.0490274619830686,0.11174370977054171
0.20140808719201736,0.028493907285513105,0.1450545614584792
0.23418016542475956,0.14899030375508057,0.15008858394364957
-0.10071917853344757,-0.11918350788905914,0.1888612747710274
0.11764669308389278,0.0030787654001780246,0.13717186085564811
0.11476721010636909,-0.06608231440823775,-0.0016467365539241455
-0.13615412636958518,0.15861893757130274,0.059974756658120604
0.1388240395402856,0.1058164630355068,0.1844691661824512
-0.05927655270537868,-0.054437675495294637,-0.001130229485123761
0.10806918982569452,-0.013938387122774813,-0.14917808155613071
-0.13499991104081455,-0.05573395450119887,0.03294123697878281
-0.04194266129038242,0.02188346172178894,-0.11764162413352196
-0.011902712677786677,0.05270230041800531,-0.051196647950648724
0.003672405825726824,-0.07534323840465958,-0.033339630308730564
0.0428679563909954,-0.07879056043134124,-0.1625204706720519
0.06642933204013884,0.08130770003898455,0.08295969838707083
0.35820674832636507,-0.02172029067790577,0.09047113602821898
-0.001698219298849335,0.05871429944690452,0.013851181907005843
0.07519092277326941,-0.0768556832408177,-0.04104619672510096
0.04706462803811875,-0.044212909945423214,0.15683379875117157
-0.019568973962547823,-0.0784718166842586,0.22678710020443504
-0.06147751041372451,0.05368997594521718,0.06876714273957078
0.0867019555640344,-0.01496985148600421,-0.03448883325047105
0.13917696178973848,-0.08507972633951197,0.12733370200453137
0.18599781422511197,0.1789039103304285,0.027763925604339868
0.10019551002356532,0.15109042035688056,-0.05098668183781575
0.20505848730579296,-0.047296807497911056,0.03236259028203487
-0.04913755873730109,0.07413367056246649,-0.020546985459954866
-0.003470790799659361,-0.056670933064293494,0.16560707469180241
0.15234878741754604,-0.1750297277870327,0.16383097136131394
0.07906393394325203,-0.013523761544703111,0.0451612787717537
0.052019088346412126,0.05840986572347139,-0.002383209976373111
0.16231081123783053,-0.07705923121252864,-0.010039508918454338
0.049088058487216896,0.09018441221036028,-0.019028362606041502
0.04026358419396986,0.08287808804513588,-0.11712147161145287
0.12889677291271473,0.0316840382784249,0.027414949503271547
0.16398787148313423,0.04661406205528318,-0.06223618099228395
0.11379062442292848,-0.09131376675081955,0.13567949078431116
0.06241404414553651,-0.04078043643214966,0.12582077365390865
0.06921269799405601,-0.17918785133857623,-0.003526997646829042
0.11947061900612867,0.11575016627703748,-0.12544191080486808
-0.00010858609450503653,0.03960617938407176,-0.07410760272109024
0.01757310092593515,0.003740242708541978,0.08805135913222027
0.02737957291290668,-0.010852997315212113,-0.03780962037801208
0.11004542459734401,0.05338107253032292,-0.07015169214165275
0.09962623197402129,-0.05620889949234986,0.056484349633267955
0.039855906217825615,0.03278945621838971,-0.1299673261338394
-0.11810730265265655,0.0907214793955512,-0.04183835817187709
0.007231569959560313,-0.03938376231619254,-0.1856138849135457
-0.004913838569168841,-0.05384092561838441,0.041411707464307265
-0.062140257339802926,0.0798855143604972,0.1757773501976141
-0.053880054291074925,-0.13524481909954905,-0.036043230521392015
0.13653079104941565,0.22143505351816067,-0.06366503963899166
-0.045895118007642594,-0.020520696241404575,-0.20825449311376773
-0.0544886019869185,-0.05655809174238316,-0.048853597810969755
0.24323895270100626,-0.005210420048972411,-0.10000217202649142
-0.010666984032112733,-0.08841098942941171,-0.11220941134920144
-0.0035402440102680136,0.003954320004250579,-0.03957602142107366
0.011622153485861875,-0.0438160529501658,0.033650620428286454
0.08209465213994946,-0.0970586400471842,-0.0659897827060597
0.06562478951715726,-0.024906684687596936,-0.08380806670888888
0.131357491868133,0.09910272221933886,0.18795103796513093
-0.03262759627124813,-0.012279161736239934,0.00023465586514074432
0.15197139600530252,0.0016021170881911349,0.016269255934354878
0.1823719647162862,-0.0028393908648389893,-0.18363190714058178
0.09292650127268796,-0.16636316174859184,-0.04308146256416168
0.17766869644885835,0.023288259272981265,0.1052070895368838
0.06803193414523286,0.021125032023747145,-0.05762387655875877
0.1648183730610609,0.10695798713952075,-0.029499693019059005
0.11084459536727659,0.02098339353192087,-0.008392177814153084
0.02652821804251837,0.01999409845525249,0.015456436108027492
0.16349443260073032,0.18297168512342396,0.010534238979892559
0.1137966915911812,0.2405585231151846,-0.021013728006341343
-0.01168567130080541,0.06697794421079428,-0.11870293867224316
-0.07883520274813764,-0.14970031383239538,0.06261930023068096
-0.11724966466690244,0.04483169734239437,0.2840305696566348
0.0016873586985990813,0.20410576452105011,-0.053487498874435546
-0.11458716236884835,0.08273454149530596,-0.03485274873061192
-0.0664803635360417,-0.05461239334942837,0.0251945163081775
0.00930490759467037,0.05282739988099471,-0.22861870138650842
0.18659447782939492,0.19112323312872612,0.04005444008428647
0.15449824550331714,-0.04596711267974809,-0.06972761333149828
0.01940979346151449,0.06319128538190918,0.11512653997286229
0.10233826124295942,-0.14020196763233275,-0.10330758126219819
0.0009378431377900301,-0.047584891001763815,-0.02245313037913302
-0.03344158128894591,-0.02971072017224448,0.022979304052536
0.0718682233042405,-0.015448913213398936,-0.06967787074165471
-0.014787152715821553,-0.06134412368618685,0.008917939338386801
0.051679830483587604,-0.0008543574403418879,-0.2036301707427334
0.007143246971379781,0.015332849442956703,-0.07444304294994172
0.054859853891994645,-0.0011793908703095163,0.09111671561400268
0.08915766278284375,-0.10952150400278034,0.06758982798252407
-0.15722872435421675,0.032964803309299594,0.09373669449039225
0.11894841292358588,0.2241749399342513,-0.11972210278413675
0.07860960362552757,-0.16777334765357443,0.09042566173494712
-0.10227944144328725,0.045656741188501215,0.0021844740573070845
0.04727533637791807,0.010412090974336635,0.09939702281433321
-0.13253769485187689,-0.10467382825348677,-0.18428973249242114
-0.06492985910788898,0.08406283202144504,-0.01641175731191188
0.06114810567221534,-0.12468300097613368,0.0310561161433939
-0.06392971524526785,-0.0028451190388191264,0.07413312382726296
0.04249970051472025,-0.04532290535328773,-0.020842216979637822
-0.009569578228283616,-0.08094690824437323,0.01982767127055378
-0.0031136102745134217,-0.19340321318489884,-0.07822230696036987
0.02855475060747339,-0.0027232334353031735,0.05684518903721939
0.24825339078894898,-0.14164677376618548,0.011848366022190457
-0.0035423619956293367,-0.11498195377256526,-0.002428488877008911
0.16414073749372374,-0.06470967237248826,0.093849038789448
0.0083232903548731,-0.1456488978227248,-0.042833883418414875
-0.08355761276079011,0.02590248470850602,-0.029484161826410945
0.07689641746879791,-0.10294676479587242,-0.2668266196147266
-0.09351142545894607,-0.1305787264975643,0.07465785637931444
0.0036528676133332633,-0.11173231483552704,-0.2066349285713831
0.030151248699448893,0.0237191333456028,-0.08452681674745309
0.04155395027826692,-0.1847522199940741,-0.09145576407214562
0.020408944961557776,0.14192578262444772,0.14054834786792622
-0.06224094954522741,0.1720970424070466,-0.049520878710770766
-0.03448469599238811,0.12188752645795009,-0.042100011757776175
-0.04250797844391542,0.08929412672843995,0.029853880216099832
0.3050368592344306,-0.12022852702996861,-0.057809434539835905
-0.1852706189035268,-0.05144252275019846,0.285339898877592
0.09737628805032093,0.0001482199873967998,-0.11944002556702174
0.005086316941186504,0.049918355028933444,0.13529870319167017
0.09319272268146937,0.0332969158327675,-0.0017187623865165373
-0.07416273705000996,-0.017447397780210715,-0.04269986750394675
0.09123657327926771,0.06624777666826194,0.004516186175052888
0.11175987212406122,-0.011207347416695062,0.06232080070758396
-0.0343848607482731,0.12157036649397904,-0.0832122991978623
0.36899404645465317,-0.0042717937303572975,-0.06257292374657697
0.05709775640500976,-0.07256777781572171,0.058600650595217685
0.10169815586135955,0.10319838220311867,0.011361418216521021
-0.030517130057324135,0.0582328755940249,-0.15306084015086652
0.14763428497722758,-0.07225825820059345,0.0058991259761278616
0.1359475329178914,0.1730428142610095,-0.03371197776140189
0.07035156049107379,0.03221629306185453,0.11293936061438291
0.0435580149163772,-0.0022597263553244874,-0.015121352644711893
0.09879402597475626,0.19946932406474333,-0.08981212062306648
0.18531460456775067,-0.011927843762617662,-0.14675951408797158
0.07911521363994148,0.15944317146989867,-0.10869637214965394
0.04485259824631881,0.060949289186071724,-0.010401735554954671
0.1853152601369651,0.10116088547841312,0.144221415916159
0.15660382065020895,0.15805498257392991,-0.17136166640430442
0.17603502468282445,0.09543552152319407,0.09365432743146115
0.035592825275927276,-0.20677556570887187,0.1932427241618605
-0.05741310622809466,0.03496477042487353,0.05302578846019314
0.025486247477211836,-0.2107240643645108,-0.02172126441682614
0.19743571002113197,-0.08628534548222187,0.09889510849462349
-0.024170498907120225,0.2152294085787089,0.019374595953498833
0.0037603076708764144,-0.0006705556077771688,-0.1744482552452382
0.008022414293636752,-0.12147230949662449,0.07618037915608238
0.10922100657319829,0.06549886591834755,-0.15442005839355047
